[2026-04-28T00:13:54.202+0000] {processor.py:161} INFO - Started process (PID=212) to work on /opt/airflow/dags/pipeline_dag.py
[2026-04-28T00:13:54.208+0000] {processor.py:830} INFO - Processing file /opt/airflow/dags/pipeline_dag.py for tasks to queue
[2026-04-28T00:13:54.214+0000] {logging_mixin.py:188} INFO - [2026-04-28T00:13:54.210+0000] {dagbag.py:538} INFO - Filling up the DagBag from /opt/airflow/dags/pipeline_dag.py
[2026-04-28T00:13:54.299+0000] {processor.py:840} INFO - DAG(s) 'energy_pipeline' retrieved from /opt/airflow/dags/pipeline_dag.py
[2026-04-28T00:14:06.963+0000] {logging_mixin.py:188} INFO - [2026-04-28T00:14:06.940+0000] {dag.py:3036} INFO - Sync 1 DAGs
[2026-04-28T00:14:07.434+0000] {logging_mixin.py:188} INFO - [2026-04-28T00:14:07.432+0000] {dag.py:3823} INFO - Setting next_dagrun for energy_pipeline to 2026-04-27 00:00:00+00:00, run_after=2026-04-28 00:00:00+00:00
[2026-04-28T00:14:07.793+0000] {processor.py:183} INFO - Processing /opt/airflow/dags/pipeline_dag.py took 13.619 seconds
[2026-04-28T02:16:12.067+0000] {processor.py:161} INFO - Started process (PID=261) to work on /opt/airflow/dags/pipeline_dag.py
[2026-04-28T02:16:12.069+0000] {processor.py:830} INFO - Processing file /opt/airflow/dags/pipeline_dag.py for tasks to queue
[2026-04-28T02:16:12.073+0000] {logging_mixin.py:188} INFO - [2026-04-28T02:16:12.072+0000] {dagbag.py:538} INFO - Filling up the DagBag from /opt/airflow/dags/pipeline_dag.py
[2026-04-28T02:16:12.146+0000] {processor.py:840} INFO - DAG(s) 'energy_pipeline' retrieved from /opt/airflow/dags/pipeline_dag.py
[2026-04-28T02:16:12.234+0000] {logging_mixin.py:188} INFO - [2026-04-28T02:16:12.233+0000] {dag.py:3036} INFO - Sync 1 DAGs
[2026-04-28T02:16:12.292+0000] {logging_mixin.py:188} INFO - [2026-04-28T02:16:12.291+0000] {dag.py:3823} INFO - Setting next_dagrun for energy_pipeline to 2026-04-28 00:00:00+00:00, run_after=2026-04-29 00:00:00+00:00
[2026-04-28T02:16:12.347+0000] {processor.py:183} INFO - Processing /opt/airflow/dags/pipeline_dag.py took 0.295 seconds
[2026-04-28T02:20:26.984+0000] {processor.py:161} INFO - Started process (PID=262) to work on /opt/airflow/dags/pipeline_dag.py
[2026-04-28T02:20:27.014+0000] {processor.py:830} INFO - Processing file /opt/airflow/dags/pipeline_dag.py for tasks to queue
[2026-04-28T02:20:27.034+0000] {logging_mixin.py:188} INFO - [2026-04-28T02:20:27.027+0000] {dagbag.py:538} INFO - Filling up the DagBag from /opt/airflow/dags/pipeline_dag.py
[2026-04-28T02:20:27.293+0000] {processor.py:840} INFO - DAG(s) 'energy_pipeline' retrieved from /opt/airflow/dags/pipeline_dag.py
[2026-04-28T02:20:27.562+0000] {logging_mixin.py:188} INFO - [2026-04-28T02:20:27.561+0000] {dag.py:3036} INFO - Sync 1 DAGs
[2026-04-28T02:20:27.746+0000] {logging_mixin.py:188} INFO - [2026-04-28T02:20:27.745+0000] {dag.py:3823} INFO - Setting next_dagrun for energy_pipeline to 2026-04-28 00:00:00+00:00, run_after=2026-04-29 00:00:00+00:00
[2026-04-28T02:20:27.869+0000] {processor.py:183} INFO - Processing /opt/airflow/dags/pipeline_dag.py took 0.922 seconds
[2026-04-28T02:20:58.314+0000] {processor.py:161} INFO - Started process (PID=268) to work on /opt/airflow/dags/pipeline_dag.py
[2026-04-28T02:20:58.315+0000] {processor.py:830} INFO - Processing file /opt/airflow/dags/pipeline_dag.py for tasks to queue
[2026-04-28T02:20:58.316+0000] {logging_mixin.py:188} INFO - [2026-04-28T02:20:58.316+0000] {dagbag.py:538} INFO - Filling up the DagBag from /opt/airflow/dags/pipeline_dag.py
[2026-04-28T02:20:58.332+0000] {processor.py:840} INFO - DAG(s) 'energy_pipeline' retrieved from /opt/airflow/dags/pipeline_dag.py
[2026-04-28T02:20:58.364+0000] {logging_mixin.py:188} INFO - [2026-04-28T02:20:58.364+0000] {dag.py:3036} INFO - Sync 1 DAGs
[2026-04-28T02:20:58.392+0000] {logging_mixin.py:188} INFO - [2026-04-28T02:20:58.392+0000] {dag.py:3823} INFO - Setting next_dagrun for energy_pipeline to 2026-04-28 00:00:00+00:00, run_after=2026-04-29 00:00:00+00:00
[2026-04-28T02:20:58.416+0000] {processor.py:183} INFO - Processing /opt/airflow/dags/pipeline_dag.py took 0.106 seconds
[2026-04-28T02:45:55.607+0000] {processor.py:161} INFO - Started process (PID=272) to work on /opt/airflow/dags/pipeline_dag.py
[2026-04-28T02:45:55.609+0000] {processor.py:830} INFO - Processing file /opt/airflow/dags/pipeline_dag.py for tasks to queue
[2026-04-28T02:45:55.611+0000] {logging_mixin.py:188} INFO - [2026-04-28T02:45:55.610+0000] {dagbag.py:538} INFO - Filling up the DagBag from /opt/airflow/dags/pipeline_dag.py
[2026-04-28T02:45:55.674+0000] {processor.py:840} INFO - DAG(s) 'energy_pipeline' retrieved from /opt/airflow/dags/pipeline_dag.py
[2026-04-28T02:45:55.759+0000] {logging_mixin.py:188} INFO - [2026-04-28T02:45:55.758+0000] {dag.py:3036} INFO - Sync 1 DAGs
[2026-04-28T02:45:55.815+0000] {logging_mixin.py:188} INFO - [2026-04-28T02:45:55.815+0000] {dag.py:3823} INFO - Setting next_dagrun for energy_pipeline to 2026-04-28 00:00:00+00:00, run_after=2026-04-29 00:00:00+00:00
[2026-04-28T02:45:55.866+0000] {processor.py:183} INFO - Processing /opt/airflow/dags/pipeline_dag.py took 0.267 seconds
[2026-04-28T02:46:26.030+0000] {processor.py:161} INFO - Started process (PID=275) to work on /opt/airflow/dags/pipeline_dag.py
[2026-04-28T02:46:26.032+0000] {processor.py:830} INFO - Processing file /opt/airflow/dags/pipeline_dag.py for tasks to queue
[2026-04-28T02:46:26.033+0000] {logging_mixin.py:188} INFO - [2026-04-28T02:46:26.032+0000] {dagbag.py:538} INFO - Filling up the DagBag from /opt/airflow/dags/pipeline_dag.py
[2026-04-28T02:46:26.053+0000] {processor.py:840} INFO - DAG(s) 'energy_pipeline' retrieved from /opt/airflow/dags/pipeline_dag.py
[2026-04-28T02:46:26.080+0000] {logging_mixin.py:188} INFO - [2026-04-28T02:46:26.080+0000] {dag.py:3036} INFO - Sync 1 DAGs
[2026-04-28T02:46:26.106+0000] {logging_mixin.py:188} INFO - [2026-04-28T02:46:26.106+0000] {dag.py:3823} INFO - Setting next_dagrun for energy_pipeline to 2026-04-28 00:00:00+00:00, run_after=2026-04-29 00:00:00+00:00
[2026-04-28T02:46:26.130+0000] {processor.py:183} INFO - Processing /opt/airflow/dags/pipeline_dag.py took 0.103 seconds
[2026-04-28T02:46:56.309+0000] {processor.py:161} INFO - Started process (PID=276) to work on /opt/airflow/dags/pipeline_dag.py
[2026-04-28T02:46:56.310+0000] {processor.py:830} INFO - Processing file /opt/airflow/dags/pipeline_dag.py for tasks to queue
[2026-04-28T02:46:56.312+0000] {logging_mixin.py:188} INFO - [2026-04-28T02:46:56.311+0000] {dagbag.py:538} INFO - Filling up the DagBag from /opt/airflow/dags/pipeline_dag.py
[2026-04-28T02:46:56.343+0000] {processor.py:840} INFO - DAG(s) 'energy_pipeline' retrieved from /opt/airflow/dags/pipeline_dag.py
[2026-04-28T02:46:56.401+0000] {logging_mixin.py:188} INFO - [2026-04-28T02:46:56.400+0000] {dag.py:3036} INFO - Sync 1 DAGs
[2026-04-28T02:46:56.441+0000] {logging_mixin.py:188} INFO - [2026-04-28T02:46:56.441+0000] {dag.py:3823} INFO - Setting next_dagrun for energy_pipeline to 2026-04-28 00:00:00+00:00, run_after=2026-04-29 00:00:00+00:00
[2026-04-28T02:46:56.479+0000] {processor.py:183} INFO - Processing /opt/airflow/dags/pipeline_dag.py took 0.176 seconds
[2026-04-28T02:47:26.516+0000] {processor.py:161} INFO - Started process (PID=277) to work on /opt/airflow/dags/pipeline_dag.py
[2026-04-28T02:47:26.517+0000] {processor.py:830} INFO - Processing file /opt/airflow/dags/pipeline_dag.py for tasks to queue
[2026-04-28T02:47:26.518+0000] {logging_mixin.py:188} INFO - [2026-04-28T02:47:26.518+0000] {dagbag.py:538} INFO - Filling up the DagBag from /opt/airflow/dags/pipeline_dag.py
[2026-04-28T02:47:26.535+0000] {processor.py:840} INFO - DAG(s) 'energy_pipeline' retrieved from /opt/airflow/dags/pipeline_dag.py
[2026-04-28T02:47:26.564+0000] {logging_mixin.py:188} INFO - [2026-04-28T02:47:26.563+0000] {dag.py:3036} INFO - Sync 1 DAGs
[2026-04-28T02:47:26.585+0000] {logging_mixin.py:188} INFO - [2026-04-28T02:47:26.585+0000] {dag.py:3823} INFO - Setting next_dagrun for energy_pipeline to 2026-04-28 00:00:00+00:00, run_after=2026-04-29 00:00:00+00:00
[2026-04-28T02:47:26.607+0000] {processor.py:183} INFO - Processing /opt/airflow/dags/pipeline_dag.py took 0.094 seconds
[2026-04-28T02:47:56.681+0000] {processor.py:161} INFO - Started process (PID=313) to work on /opt/airflow/dags/pipeline_dag.py
[2026-04-28T02:47:56.683+0000] {processor.py:830} INFO - Processing file /opt/airflow/dags/pipeline_dag.py for tasks to queue
[2026-04-28T02:47:56.685+0000] {logging_mixin.py:188} INFO - [2026-04-28T02:47:56.684+0000] {dagbag.py:538} INFO - Filling up the DagBag from /opt/airflow/dags/pipeline_dag.py
[2026-04-28T02:47:56.717+0000] {processor.py:840} INFO - DAG(s) 'energy_pipeline' retrieved from /opt/airflow/dags/pipeline_dag.py
[2026-04-28T02:47:56.759+0000] {logging_mixin.py:188} INFO - [2026-04-28T02:47:56.758+0000] {dag.py:3036} INFO - Sync 1 DAGs
[2026-04-28T02:47:56.799+0000] {logging_mixin.py:188} INFO - [2026-04-28T02:47:56.798+0000] {dag.py:3823} INFO - Setting next_dagrun for energy_pipeline to 2026-04-28 00:00:00+00:00, run_after=2026-04-29 00:00:00+00:00
[2026-04-28T02:47:56.833+0000] {processor.py:183} INFO - Processing /opt/airflow/dags/pipeline_dag.py took 0.158 seconds
[2026-04-28T02:48:27.000+0000] {processor.py:161} INFO - Started process (PID=314) to work on /opt/airflow/dags/pipeline_dag.py
[2026-04-28T02:48:27.001+0000] {processor.py:830} INFO - Processing file /opt/airflow/dags/pipeline_dag.py for tasks to queue
[2026-04-28T02:48:27.002+0000] {logging_mixin.py:188} INFO - [2026-04-28T02:48:27.002+0000] {dagbag.py:538} INFO - Filling up the DagBag from /opt/airflow/dags/pipeline_dag.py
[2026-04-28T02:48:27.018+0000] {processor.py:840} INFO - DAG(s) 'energy_pipeline' retrieved from /opt/airflow/dags/pipeline_dag.py
[2026-04-28T02:48:27.041+0000] {logging_mixin.py:188} INFO - [2026-04-28T02:48:27.041+0000] {dag.py:3036} INFO - Sync 1 DAGs
[2026-04-28T02:48:27.062+0000] {logging_mixin.py:188} INFO - [2026-04-28T02:48:27.062+0000] {dag.py:3823} INFO - Setting next_dagrun for energy_pipeline to 2026-04-28 00:00:00+00:00, run_after=2026-04-29 00:00:00+00:00
[2026-04-28T02:48:27.080+0000] {processor.py:183} INFO - Processing /opt/airflow/dags/pipeline_dag.py took 0.084 seconds
[2026-04-28T02:48:57.221+0000] {processor.py:161} INFO - Started process (PID=315) to work on /opt/airflow/dags/pipeline_dag.py
[2026-04-28T02:48:57.223+0000] {processor.py:830} INFO - Processing file /opt/airflow/dags/pipeline_dag.py for tasks to queue
[2026-04-28T02:48:57.225+0000] {logging_mixin.py:188} INFO - [2026-04-28T02:48:57.224+0000] {dagbag.py:538} INFO - Filling up the DagBag from /opt/airflow/dags/pipeline_dag.py
[2026-04-28T02:48:57.253+0000] {processor.py:840} INFO - DAG(s) 'energy_pipeline' retrieved from /opt/airflow/dags/pipeline_dag.py
[2026-04-28T02:48:57.295+0000] {logging_mixin.py:188} INFO - [2026-04-28T02:48:57.295+0000] {dag.py:3036} INFO - Sync 1 DAGs
[2026-04-28T02:48:57.328+0000] {logging_mixin.py:188} INFO - [2026-04-28T02:48:57.328+0000] {dag.py:3823} INFO - Setting next_dagrun for energy_pipeline to 2026-04-28 00:00:00+00:00, run_after=2026-04-29 00:00:00+00:00
[2026-04-28T02:48:57.356+0000] {processor.py:183} INFO - Processing /opt/airflow/dags/pipeline_dag.py took 0.142 seconds
[2026-04-28T02:49:27.533+0000] {processor.py:161} INFO - Started process (PID=316) to work on /opt/airflow/dags/pipeline_dag.py
[2026-04-28T02:49:27.534+0000] {processor.py:830} INFO - Processing file /opt/airflow/dags/pipeline_dag.py for tasks to queue
[2026-04-28T02:49:27.536+0000] {logging_mixin.py:188} INFO - [2026-04-28T02:49:27.535+0000] {dagbag.py:538} INFO - Filling up the DagBag from /opt/airflow/dags/pipeline_dag.py
[2026-04-28T02:49:27.551+0000] {processor.py:840} INFO - DAG(s) 'energy_pipeline' retrieved from /opt/airflow/dags/pipeline_dag.py
[2026-04-28T02:49:27.574+0000] {logging_mixin.py:188} INFO - [2026-04-28T02:49:27.574+0000] {dag.py:3036} INFO - Sync 1 DAGs
[2026-04-28T02:49:27.597+0000] {logging_mixin.py:188} INFO - [2026-04-28T02:49:27.596+0000] {dag.py:3823} INFO - Setting next_dagrun for energy_pipeline to 2026-04-28 00:00:00+00:00, run_after=2026-04-29 00:00:00+00:00
[2026-04-28T02:49:27.615+0000] {processor.py:183} INFO - Processing /opt/airflow/dags/pipeline_dag.py took 0.085 seconds
[2026-04-28T02:49:58.662+0000] {processor.py:161} INFO - Started process (PID=387) to work on /opt/airflow/dags/pipeline_dag.py
[2026-04-28T02:49:58.663+0000] {processor.py:830} INFO - Processing file /opt/airflow/dags/pipeline_dag.py for tasks to queue
[2026-04-28T02:49:58.664+0000] {logging_mixin.py:188} INFO - [2026-04-28T02:49:58.664+0000] {dagbag.py:538} INFO - Filling up the DagBag from /opt/airflow/dags/pipeline_dag.py
[2026-04-28T02:49:58.682+0000] {processor.py:840} INFO - DAG(s) 'energy_pipeline' retrieved from /opt/airflow/dags/pipeline_dag.py
[2026-04-28T02:49:58.709+0000] {logging_mixin.py:188} INFO - [2026-04-28T02:49:58.709+0000] {dag.py:3036} INFO - Sync 1 DAGs
[2026-04-28T02:49:58.736+0000] {logging_mixin.py:188} INFO - [2026-04-28T02:49:58.735+0000] {dag.py:3823} INFO - Setting next_dagrun for energy_pipeline to 2026-04-28 00:00:00+00:00, run_after=2026-04-29 00:00:00+00:00
[2026-04-28T02:49:58.759+0000] {processor.py:183} INFO - Processing /opt/airflow/dags/pipeline_dag.py took 0.101 seconds
[2026-04-28T02:50:28.884+0000] {processor.py:161} INFO - Started process (PID=388) to work on /opt/airflow/dags/pipeline_dag.py
[2026-04-28T02:50:28.886+0000] {processor.py:830} INFO - Processing file /opt/airflow/dags/pipeline_dag.py for tasks to queue
[2026-04-28T02:50:28.888+0000] {logging_mixin.py:188} INFO - [2026-04-28T02:50:28.887+0000] {dagbag.py:538} INFO - Filling up the DagBag from /opt/airflow/dags/pipeline_dag.py
[2026-04-28T02:50:28.904+0000] {processor.py:840} INFO - DAG(s) 'energy_pipeline' retrieved from /opt/airflow/dags/pipeline_dag.py
[2026-04-28T02:50:28.927+0000] {logging_mixin.py:188} INFO - [2026-04-28T02:50:28.927+0000] {dag.py:3036} INFO - Sync 1 DAGs
[2026-04-28T02:50:28.948+0000] {logging_mixin.py:188} INFO - [2026-04-28T02:50:28.948+0000] {dag.py:3823} INFO - Setting next_dagrun for energy_pipeline to 2026-04-28 00:00:00+00:00, run_after=2026-04-29 00:00:00+00:00
[2026-04-28T02:50:28.966+0000] {processor.py:183} INFO - Processing /opt/airflow/dags/pipeline_dag.py took 0.085 seconds
[2026-04-28T02:51:31.983+0000] {processor.py:161} INFO - Started process (PID=459) to work on /opt/airflow/dags/pipeline_dag.py
[2026-04-28T02:51:31.985+0000] {processor.py:830} INFO - Processing file /opt/airflow/dags/pipeline_dag.py for tasks to queue
[2026-04-28T02:51:31.988+0000] {logging_mixin.py:188} INFO - [2026-04-28T02:51:31.987+0000] {dagbag.py:538} INFO - Filling up the DagBag from /opt/airflow/dags/pipeline_dag.py
[2026-04-28T02:51:32.012+0000] {processor.py:840} INFO - DAG(s) 'energy_pipeline' retrieved from /opt/airflow/dags/pipeline_dag.py
[2026-04-28T02:51:32.048+0000] {logging_mixin.py:188} INFO - [2026-04-28T02:51:32.048+0000] {dag.py:3036} INFO - Sync 1 DAGs
[2026-04-28T02:51:32.072+0000] {logging_mixin.py:188} INFO - [2026-04-28T02:51:32.072+0000] {dag.py:3823} INFO - Setting next_dagrun for energy_pipeline to 2026-04-28 00:00:00+00:00, run_after=2026-04-29 00:00:00+00:00
[2026-04-28T02:51:32.098+0000] {processor.py:183} INFO - Processing /opt/airflow/dags/pipeline_dag.py took 0.119 seconds
[2026-04-28T02:52:03.212+0000] {processor.py:161} INFO - Started process (PID=495) to work on /opt/airflow/dags/pipeline_dag.py
[2026-04-28T02:52:03.213+0000] {processor.py:830} INFO - Processing file /opt/airflow/dags/pipeline_dag.py for tasks to queue
[2026-04-28T02:52:03.214+0000] {logging_mixin.py:188} INFO - [2026-04-28T02:52:03.214+0000] {dagbag.py:538} INFO - Filling up the DagBag from /opt/airflow/dags/pipeline_dag.py
[2026-04-28T02:52:03.233+0000] {processor.py:840} INFO - DAG(s) 'energy_pipeline' retrieved from /opt/airflow/dags/pipeline_dag.py
[2026-04-28T02:52:03.261+0000] {logging_mixin.py:188} INFO - [2026-04-28T02:52:03.260+0000] {dag.py:3036} INFO - Sync 1 DAGs
[2026-04-28T02:52:03.282+0000] {logging_mixin.py:188} INFO - [2026-04-28T02:52:03.281+0000] {dag.py:3823} INFO - Setting next_dagrun for energy_pipeline to 2026-04-28 00:00:00+00:00, run_after=2026-04-29 00:00:00+00:00
[2026-04-28T02:52:03.299+0000] {processor.py:183} INFO - Processing /opt/airflow/dags/pipeline_dag.py took 0.092 seconds
[2026-04-28T02:52:33.451+0000] {processor.py:161} INFO - Started process (PID=496) to work on /opt/airflow/dags/pipeline_dag.py
[2026-04-28T02:52:33.453+0000] {processor.py:830} INFO - Processing file /opt/airflow/dags/pipeline_dag.py for tasks to queue
[2026-04-28T02:52:33.455+0000] {logging_mixin.py:188} INFO - [2026-04-28T02:52:33.454+0000] {dagbag.py:538} INFO - Filling up the DagBag from /opt/airflow/dags/pipeline_dag.py
[2026-04-28T02:52:33.474+0000] {processor.py:840} INFO - DAG(s) 'energy_pipeline' retrieved from /opt/airflow/dags/pipeline_dag.py
[2026-04-28T02:52:33.503+0000] {logging_mixin.py:188} INFO - [2026-04-28T02:52:33.503+0000] {dag.py:3036} INFO - Sync 1 DAGs
[2026-04-28T02:52:33.525+0000] {logging_mixin.py:188} INFO - [2026-04-28T02:52:33.525+0000] {dag.py:3823} INFO - Setting next_dagrun for energy_pipeline to 2026-04-28 00:00:00+00:00, run_after=2026-04-29 00:00:00+00:00
[2026-04-28T02:52:33.544+0000] {processor.py:183} INFO - Processing /opt/airflow/dags/pipeline_dag.py took 0.098 seconds
[2026-04-28T02:53:17.650+0000] {processor.py:161} INFO - Started process (PID=532) to work on /opt/airflow/dags/pipeline_dag.py
[2026-04-28T02:53:17.651+0000] {processor.py:830} INFO - Processing file /opt/airflow/dags/pipeline_dag.py for tasks to queue
[2026-04-28T02:53:17.653+0000] {logging_mixin.py:188} INFO - [2026-04-28T02:53:17.652+0000] {dagbag.py:538} INFO - Filling up the DagBag from /opt/airflow/dags/pipeline_dag.py
[2026-04-28T02:53:17.667+0000] {processor.py:840} INFO - DAG(s) 'energy_pipeline' retrieved from /opt/airflow/dags/pipeline_dag.py
[2026-04-28T02:53:17.691+0000] {logging_mixin.py:188} INFO - [2026-04-28T02:53:17.691+0000] {dag.py:3036} INFO - Sync 1 DAGs
[2026-04-28T02:53:17.711+0000] {logging_mixin.py:188} INFO - [2026-04-28T02:53:17.710+0000] {dag.py:3823} INFO - Setting next_dagrun for energy_pipeline to 2026-04-28 00:00:00+00:00, run_after=2026-04-29 00:00:00+00:00
[2026-04-28T02:53:17.730+0000] {processor.py:183} INFO - Processing /opt/airflow/dags/pipeline_dag.py took 0.083 seconds
[2026-04-28T02:53:48.834+0000] {processor.py:161} INFO - Started process (PID=568) to work on /opt/airflow/dags/pipeline_dag.py
[2026-04-28T02:53:48.835+0000] {processor.py:830} INFO - Processing file /opt/airflow/dags/pipeline_dag.py for tasks to queue
[2026-04-28T02:53:48.836+0000] {logging_mixin.py:188} INFO - [2026-04-28T02:53:48.836+0000] {dagbag.py:538} INFO - Filling up the DagBag from /opt/airflow/dags/pipeline_dag.py
[2026-04-28T02:53:48.853+0000] {processor.py:840} INFO - DAG(s) 'energy_pipeline' retrieved from /opt/airflow/dags/pipeline_dag.py
[2026-04-28T02:53:48.875+0000] {logging_mixin.py:188} INFO - [2026-04-28T02:53:48.875+0000] {dag.py:3036} INFO - Sync 1 DAGs
[2026-04-28T02:53:48.895+0000] {logging_mixin.py:188} INFO - [2026-04-28T02:53:48.894+0000] {dag.py:3823} INFO - Setting next_dagrun for energy_pipeline to 2026-04-28 00:00:00+00:00, run_after=2026-04-29 00:00:00+00:00
[2026-04-28T02:53:48.914+0000] {processor.py:183} INFO - Processing /opt/airflow/dags/pipeline_dag.py took 0.083 seconds
[2026-04-28T02:54:19.897+0000] {processor.py:161} INFO - Started process (PID=655) to work on /opt/airflow/dags/pipeline_dag.py
[2026-04-28T02:54:19.898+0000] {processor.py:830} INFO - Processing file /opt/airflow/dags/pipeline_dag.py for tasks to queue
[2026-04-28T02:54:19.899+0000] {logging_mixin.py:188} INFO - [2026-04-28T02:54:19.899+0000] {dagbag.py:538} INFO - Filling up the DagBag from /opt/airflow/dags/pipeline_dag.py
[2026-04-28T02:54:19.915+0000] {processor.py:840} INFO - DAG(s) 'energy_pipeline' retrieved from /opt/airflow/dags/pipeline_dag.py
[2026-04-28T02:54:19.940+0000] {logging_mixin.py:188} INFO - [2026-04-28T02:54:19.940+0000] {dag.py:3036} INFO - Sync 1 DAGs
[2026-04-28T02:54:19.961+0000] {logging_mixin.py:188} INFO - [2026-04-28T02:54:19.961+0000] {dag.py:3823} INFO - Setting next_dagrun for energy_pipeline to 2026-04-28 00:00:00+00:00, run_after=2026-04-29 00:00:00+00:00
[2026-04-28T02:54:19.981+0000] {processor.py:183} INFO - Processing /opt/airflow/dags/pipeline_dag.py took 0.088 seconds
[2026-04-28T02:54:50.994+0000] {processor.py:161} INFO - Started process (PID=656) to work on /opt/airflow/dags/pipeline_dag.py
[2026-04-28T02:54:50.995+0000] {processor.py:830} INFO - Processing file /opt/airflow/dags/pipeline_dag.py for tasks to queue
[2026-04-28T02:54:50.997+0000] {logging_mixin.py:188} INFO - [2026-04-28T02:54:50.996+0000] {dagbag.py:538} INFO - Filling up the DagBag from /opt/airflow/dags/pipeline_dag.py
[2026-04-28T02:54:51.014+0000] {processor.py:840} INFO - DAG(s) 'energy_pipeline' retrieved from /opt/airflow/dags/pipeline_dag.py
[2026-04-28T02:54:51.037+0000] {logging_mixin.py:188} INFO - [2026-04-28T02:54:51.036+0000] {dag.py:3036} INFO - Sync 1 DAGs
[2026-04-28T02:54:51.057+0000] {logging_mixin.py:188} INFO - [2026-04-28T02:54:51.057+0000] {dag.py:3823} INFO - Setting next_dagrun for energy_pipeline to 2026-04-28 00:00:00+00:00, run_after=2026-04-29 00:00:00+00:00
[2026-04-28T02:54:51.075+0000] {processor.py:183} INFO - Processing /opt/airflow/dags/pipeline_dag.py took 0.084 seconds
[2026-04-28T02:55:21.835+0000] {processor.py:161} INFO - Started process (PID=657) to work on /opt/airflow/dags/pipeline_dag.py
[2026-04-28T02:55:21.837+0000] {processor.py:830} INFO - Processing file /opt/airflow/dags/pipeline_dag.py for tasks to queue
[2026-04-28T02:55:21.842+0000] {logging_mixin.py:188} INFO - [2026-04-28T02:55:21.839+0000] {dagbag.py:538} INFO - Filling up the DagBag from /opt/airflow/dags/pipeline_dag.py
[2026-04-28T02:55:21.864+0000] {processor.py:840} INFO - DAG(s) 'energy_pipeline' retrieved from /opt/airflow/dags/pipeline_dag.py
[2026-04-28T02:55:21.888+0000] {logging_mixin.py:188} INFO - [2026-04-28T02:55:21.888+0000] {dag.py:3036} INFO - Sync 1 DAGs
[2026-04-28T02:55:21.910+0000] {logging_mixin.py:188} INFO - [2026-04-28T02:55:21.910+0000] {dag.py:3823} INFO - Setting next_dagrun for energy_pipeline to 2026-04-28 00:00:00+00:00, run_after=2026-04-29 00:00:00+00:00
[2026-04-28T02:55:21.949+0000] {processor.py:183} INFO - Processing /opt/airflow/dags/pipeline_dag.py took 0.118 seconds
[2026-04-28T02:59:16.406+0000] {processor.py:161} INFO - Started process (PID=80) to work on /opt/airflow/dags/pipeline_dag.py
[2026-04-28T02:59:16.408+0000] {processor.py:830} INFO - Processing file /opt/airflow/dags/pipeline_dag.py for tasks to queue
[2026-04-28T02:59:16.409+0000] {logging_mixin.py:188} INFO - [2026-04-28T02:59:16.409+0000] {dagbag.py:538} INFO - Filling up the DagBag from /opt/airflow/dags/pipeline_dag.py
[2026-04-28T02:59:16.656+0000] {processor.py:840} INFO - DAG(s) 'energy_pipeline' retrieved from /opt/airflow/dags/pipeline_dag.py
[2026-04-28T02:59:16.851+0000] {logging_mixin.py:188} INFO - [2026-04-28T02:59:16.851+0000] {override.py:1769} INFO - Created Permission View: can read on DAG:energy_pipeline
[2026-04-28T02:59:16.868+0000] {logging_mixin.py:188} INFO - [2026-04-28T02:59:16.867+0000] {override.py:1769} INFO - Created Permission View: can delete on DAG:energy_pipeline
[2026-04-28T02:59:16.882+0000] {logging_mixin.py:188} INFO - [2026-04-28T02:59:16.882+0000] {override.py:1769} INFO - Created Permission View: can edit on DAG:energy_pipeline
[2026-04-28T02:59:16.883+0000] {logging_mixin.py:188} INFO - [2026-04-28T02:59:16.883+0000] {dag.py:3036} INFO - Sync 1 DAGs
[2026-04-28T02:59:16.900+0000] {logging_mixin.py:188} INFO - [2026-04-28T02:59:16.899+0000] {dag.py:3058} INFO - Creating ORM DAG for energy_pipeline
[2026-04-28T02:59:16.919+0000] {logging_mixin.py:188} INFO - [2026-04-28T02:59:16.918+0000] {dag.py:3823} INFO - Setting next_dagrun for energy_pipeline to 2026-04-27 00:00:00+00:00, run_after=2026-04-28 00:00:00+00:00
[2026-04-28T02:59:16.951+0000] {processor.py:183} INFO - Processing /opt/airflow/dags/pipeline_dag.py took 0.550 seconds
[2026-04-28T03:00:23.715+0000] {processor.py:161} INFO - Started process (PID=174) to work on /opt/airflow/dags/pipeline_dag.py
[2026-04-28T03:00:23.716+0000] {processor.py:830} INFO - Processing file /opt/airflow/dags/pipeline_dag.py for tasks to queue
[2026-04-28T03:00:23.719+0000] {logging_mixin.py:188} INFO - [2026-04-28T03:00:23.718+0000] {dagbag.py:538} INFO - Filling up the DagBag from /opt/airflow/dags/pipeline_dag.py
[2026-04-28T03:00:23.898+0000] {processor.py:840} INFO - DAG(s) 'energy_pipeline' retrieved from /opt/airflow/dags/pipeline_dag.py
[2026-04-28T03:00:23.919+0000] {logging_mixin.py:188} INFO - [2026-04-28T03:00:23.919+0000] {dag.py:3036} INFO - Sync 1 DAGs
[2026-04-28T03:00:23.939+0000] {logging_mixin.py:188} INFO - [2026-04-28T03:00:23.939+0000] {dag.py:3823} INFO - Setting next_dagrun for energy_pipeline to 2026-04-28 00:00:00+00:00, run_after=2026-04-29 00:00:00+00:00
[2026-04-28T03:00:23.964+0000] {processor.py:183} INFO - Processing /opt/airflow/dags/pipeline_dag.py took 0.253 seconds
[2026-04-28T03:00:55.041+0000] {processor.py:161} INFO - Started process (PID=262) to work on /opt/airflow/dags/pipeline_dag.py
[2026-04-28T03:00:55.042+0000] {processor.py:830} INFO - Processing file /opt/airflow/dags/pipeline_dag.py for tasks to queue
[2026-04-28T03:00:55.044+0000] {logging_mixin.py:188} INFO - [2026-04-28T03:00:55.043+0000] {dagbag.py:538} INFO - Filling up the DagBag from /opt/airflow/dags/pipeline_dag.py
[2026-04-28T03:00:55.067+0000] {processor.py:840} INFO - DAG(s) 'energy_pipeline' retrieved from /opt/airflow/dags/pipeline_dag.py
[2026-04-28T03:00:55.104+0000] {logging_mixin.py:188} INFO - [2026-04-28T03:00:55.104+0000] {dag.py:3036} INFO - Sync 1 DAGs
[2026-04-28T03:00:55.135+0000] {logging_mixin.py:188} INFO - [2026-04-28T03:00:55.135+0000] {dag.py:3823} INFO - Setting next_dagrun for energy_pipeline to 2026-04-28 00:00:00+00:00, run_after=2026-04-29 00:00:00+00:00
[2026-04-28T03:00:55.155+0000] {processor.py:183} INFO - Processing /opt/airflow/dags/pipeline_dag.py took 0.118 seconds
[2026-04-28T03:01:16.068+0000] {processor.py:161} INFO - Started process (PID=80) to work on /opt/airflow/dags/pipeline_dag.py
[2026-04-28T03:01:16.069+0000] {processor.py:830} INFO - Processing file /opt/airflow/dags/pipeline_dag.py for tasks to queue
[2026-04-28T03:01:16.070+0000] {logging_mixin.py:188} INFO - [2026-04-28T03:01:16.070+0000] {dagbag.py:538} INFO - Filling up the DagBag from /opt/airflow/dags/pipeline_dag.py
[2026-04-28T03:01:16.091+0000] {processor.py:840} INFO - DAG(s) 'energy_pipeline' retrieved from /opt/airflow/dags/pipeline_dag.py
[2026-04-28T03:01:16.100+0000] {logging_mixin.py:188} INFO - [2026-04-28T03:01:16.099+0000] {dag.py:3036} INFO - Sync 1 DAGs
[2026-04-28T03:01:16.300+0000] {logging_mixin.py:188} INFO - [2026-04-28T03:01:16.300+0000] {dag.py:3823} INFO - Setting next_dagrun for energy_pipeline to 2026-04-28 00:00:00+00:00, run_after=2026-04-29 00:00:00+00:00
[2026-04-28T03:01:16.323+0000] {processor.py:183} INFO - Processing /opt/airflow/dags/pipeline_dag.py took 0.259 seconds
[2026-04-28T03:01:47.448+0000] {processor.py:161} INFO - Started process (PID=104) to work on /opt/airflow/dags/pipeline_dag.py
[2026-04-28T03:01:47.451+0000] {processor.py:830} INFO - Processing file /opt/airflow/dags/pipeline_dag.py for tasks to queue
[2026-04-28T03:01:47.456+0000] {logging_mixin.py:188} INFO - [2026-04-28T03:01:47.454+0000] {dagbag.py:538} INFO - Filling up the DagBag from /opt/airflow/dags/pipeline_dag.py
[2026-04-28T03:01:47.497+0000] {processor.py:840} INFO - DAG(s) 'energy_pipeline' retrieved from /opt/airflow/dags/pipeline_dag.py
[2026-04-28T03:01:47.716+0000] {logging_mixin.py:188} INFO - [2026-04-28T03:01:47.716+0000] {dag.py:3036} INFO - Sync 1 DAGs
[2026-04-28T03:01:47.759+0000] {logging_mixin.py:188} INFO - [2026-04-28T03:01:47.758+0000] {dag.py:3823} INFO - Setting next_dagrun for energy_pipeline to 2026-04-28 00:00:00+00:00, run_after=2026-04-29 00:00:00+00:00
[2026-04-28T03:01:47.799+0000] {processor.py:183} INFO - Processing /opt/airflow/dags/pipeline_dag.py took 0.358 seconds
[2026-04-28T03:02:40.579+0000] {processor.py:161} INFO - Started process (PID=141) to work on /opt/airflow/dags/pipeline_dag.py
[2026-04-28T03:02:40.581+0000] {processor.py:830} INFO - Processing file /opt/airflow/dags/pipeline_dag.py for tasks to queue
[2026-04-28T03:02:40.582+0000] {logging_mixin.py:188} INFO - [2026-04-28T03:02:40.582+0000] {dagbag.py:538} INFO - Filling up the DagBag from /opt/airflow/dags/pipeline_dag.py
[2026-04-28T03:02:40.612+0000] {processor.py:840} INFO - DAG(s) 'energy_pipeline' retrieved from /opt/airflow/dags/pipeline_dag.py
[2026-04-28T03:02:40.656+0000] {logging_mixin.py:188} INFO - [2026-04-28T03:02:40.656+0000] {dag.py:3036} INFO - Sync 1 DAGs
[2026-04-28T03:02:40.691+0000] {logging_mixin.py:188} INFO - [2026-04-28T03:02:40.691+0000] {dag.py:3823} INFO - Setting next_dagrun for energy_pipeline to 2026-04-28 00:00:00+00:00, run_after=2026-04-29 00:00:00+00:00
[2026-04-28T03:02:40.723+0000] {processor.py:183} INFO - Processing /opt/airflow/dags/pipeline_dag.py took 0.148 seconds
[2026-04-28T03:03:23.532+0000] {processor.py:161} INFO - Started process (PID=177) to work on /opt/airflow/dags/pipeline_dag.py
[2026-04-28T03:03:23.534+0000] {processor.py:830} INFO - Processing file /opt/airflow/dags/pipeline_dag.py for tasks to queue
[2026-04-28T03:03:23.540+0000] {logging_mixin.py:188} INFO - [2026-04-28T03:03:23.537+0000] {dagbag.py:538} INFO - Filling up the DagBag from /opt/airflow/dags/pipeline_dag.py
[2026-04-28T03:03:23.577+0000] {processor.py:840} INFO - DAG(s) 'energy_pipeline' retrieved from /opt/airflow/dags/pipeline_dag.py
[2026-04-28T03:03:23.639+0000] {logging_mixin.py:188} INFO - [2026-04-28T03:03:23.638+0000] {dag.py:3036} INFO - Sync 1 DAGs
[2026-04-28T03:03:23.684+0000] {logging_mixin.py:188} INFO - [2026-04-28T03:03:23.683+0000] {dag.py:3823} INFO - Setting next_dagrun for energy_pipeline to 2026-04-28 00:00:00+00:00, run_after=2026-04-29 00:00:00+00:00
[2026-04-28T03:03:23.723+0000] {processor.py:183} INFO - Processing /opt/airflow/dags/pipeline_dag.py took 0.196 seconds
[2026-04-28T03:03:54.011+0000] {processor.py:161} INFO - Started process (PID=265) to work on /opt/airflow/dags/pipeline_dag.py
[2026-04-28T03:03:54.013+0000] {processor.py:830} INFO - Processing file /opt/airflow/dags/pipeline_dag.py for tasks to queue
[2026-04-28T03:03:54.014+0000] {logging_mixin.py:188} INFO - [2026-04-28T03:03:54.014+0000] {dagbag.py:538} INFO - Filling up the DagBag from /opt/airflow/dags/pipeline_dag.py
[2026-04-28T03:03:54.034+0000] {processor.py:840} INFO - DAG(s) 'energy_pipeline' retrieved from /opt/airflow/dags/pipeline_dag.py
[2026-04-28T03:03:54.065+0000] {logging_mixin.py:188} INFO - [2026-04-28T03:03:54.065+0000] {dag.py:3036} INFO - Sync 1 DAGs
[2026-04-28T03:03:54.093+0000] {logging_mixin.py:188} INFO - [2026-04-28T03:03:54.093+0000] {dag.py:3823} INFO - Setting next_dagrun for energy_pipeline to 2026-04-28 00:00:00+00:00, run_after=2026-04-29 00:00:00+00:00
[2026-04-28T03:03:54.119+0000] {processor.py:183} INFO - Processing /opt/airflow/dags/pipeline_dag.py took 0.111 seconds
[2026-04-28T03:04:24.238+0000] {processor.py:161} INFO - Started process (PID=266) to work on /opt/airflow/dags/pipeline_dag.py
[2026-04-28T03:04:24.240+0000] {processor.py:830} INFO - Processing file /opt/airflow/dags/pipeline_dag.py for tasks to queue
[2026-04-28T03:04:24.241+0000] {logging_mixin.py:188} INFO - [2026-04-28T03:04:24.240+0000] {dagbag.py:538} INFO - Filling up the DagBag from /opt/airflow/dags/pipeline_dag.py
[2026-04-28T03:04:24.259+0000] {processor.py:840} INFO - DAG(s) 'energy_pipeline' retrieved from /opt/airflow/dags/pipeline_dag.py
[2026-04-28T03:04:24.293+0000] {logging_mixin.py:188} INFO - [2026-04-28T03:04:24.293+0000] {dag.py:3036} INFO - Sync 1 DAGs
[2026-04-28T03:04:24.327+0000] {logging_mixin.py:188} INFO - [2026-04-28T03:04:24.327+0000] {dag.py:3823} INFO - Setting next_dagrun for energy_pipeline to 2026-04-28 00:00:00+00:00, run_after=2026-04-29 00:00:00+00:00
[2026-04-28T03:04:24.353+0000] {processor.py:183} INFO - Processing /opt/airflow/dags/pipeline_dag.py took 0.118 seconds
[2026-04-28T03:04:54.479+0000] {processor.py:161} INFO - Started process (PID=267) to work on /opt/airflow/dags/pipeline_dag.py
[2026-04-28T03:04:54.480+0000] {processor.py:830} INFO - Processing file /opt/airflow/dags/pipeline_dag.py for tasks to queue
[2026-04-28T03:04:54.482+0000] {logging_mixin.py:188} INFO - [2026-04-28T03:04:54.481+0000] {dagbag.py:538} INFO - Filling up the DagBag from /opt/airflow/dags/pipeline_dag.py
[2026-04-28T03:04:54.504+0000] {processor.py:840} INFO - DAG(s) 'energy_pipeline' retrieved from /opt/airflow/dags/pipeline_dag.py
[2026-04-28T03:04:54.548+0000] {logging_mixin.py:188} INFO - [2026-04-28T03:04:54.547+0000] {dag.py:3036} INFO - Sync 1 DAGs
[2026-04-28T03:04:54.587+0000] {logging_mixin.py:188} INFO - [2026-04-28T03:04:54.587+0000] {dag.py:3823} INFO - Setting next_dagrun for energy_pipeline to 2026-04-28 00:00:00+00:00, run_after=2026-04-29 00:00:00+00:00
[2026-04-28T03:10:17.469+0000] {processor.py:161} INFO - Started process (PID=80) to work on /opt/airflow/dags/pipeline_dag.py
[2026-04-28T03:10:17.471+0000] {processor.py:830} INFO - Processing file /opt/airflow/dags/pipeline_dag.py for tasks to queue
[2026-04-28T03:10:17.473+0000] {logging_mixin.py:188} INFO - [2026-04-28T03:10:17.472+0000] {dagbag.py:538} INFO - Filling up the DagBag from /opt/airflow/dags/pipeline_dag.py
[2026-04-28T03:10:17.702+0000] {processor.py:840} INFO - DAG(s) 'energy_pipeline' retrieved from /opt/airflow/dags/pipeline_dag.py
[2026-04-28T03:10:17.882+0000] {logging_mixin.py:188} INFO - [2026-04-28T03:10:17.881+0000] {override.py:1769} INFO - Created Permission View: can read on DAG:energy_pipeline
[2026-04-28T03:10:17.899+0000] {logging_mixin.py:188} INFO - [2026-04-28T03:10:17.899+0000] {override.py:1769} INFO - Created Permission View: can delete on DAG:energy_pipeline
[2026-04-28T03:10:17.911+0000] {logging_mixin.py:188} INFO - [2026-04-28T03:10:17.910+0000] {override.py:1769} INFO - Created Permission View: can edit on DAG:energy_pipeline
[2026-04-28T03:10:17.911+0000] {logging_mixin.py:188} INFO - [2026-04-28T03:10:17.911+0000] {dag.py:3036} INFO - Sync 1 DAGs
[2026-04-28T03:10:17.925+0000] {logging_mixin.py:188} INFO - [2026-04-28T03:10:17.925+0000] {dag.py:3058} INFO - Creating ORM DAG for energy_pipeline
[2026-04-28T03:10:17.939+0000] {logging_mixin.py:188} INFO - [2026-04-28T03:10:17.938+0000] {dag.py:3823} INFO - Setting next_dagrun for energy_pipeline to 2026-04-27 00:00:00+00:00, run_after=2026-04-28 00:00:00+00:00
[2026-04-28T03:10:17.964+0000] {processor.py:183} INFO - Processing /opt/airflow/dags/pipeline_dag.py took 0.500 seconds
[2026-04-28T03:11:28.951+0000] {processor.py:161} INFO - Started process (PID=174) to work on /opt/airflow/dags/pipeline_dag.py
[2026-04-28T03:11:28.953+0000] {processor.py:830} INFO - Processing file /opt/airflow/dags/pipeline_dag.py for tasks to queue
[2026-04-28T03:11:28.955+0000] {logging_mixin.py:188} INFO - [2026-04-28T03:11:28.954+0000] {dagbag.py:538} INFO - Filling up the DagBag from /opt/airflow/dags/pipeline_dag.py
[2026-04-28T03:11:29.174+0000] {processor.py:840} INFO - DAG(s) 'energy_pipeline' retrieved from /opt/airflow/dags/pipeline_dag.py
[2026-04-28T03:11:29.198+0000] {logging_mixin.py:188} INFO - [2026-04-28T03:11:29.198+0000] {dag.py:3036} INFO - Sync 1 DAGs
[2026-04-28T03:11:29.226+0000] {logging_mixin.py:188} INFO - [2026-04-28T03:11:29.225+0000] {dag.py:3823} INFO - Setting next_dagrun for energy_pipeline to 2026-04-28 00:00:00+00:00, run_after=2026-04-29 00:00:00+00:00
[2026-04-28T03:11:29.252+0000] {processor.py:183} INFO - Processing /opt/airflow/dags/pipeline_dag.py took 0.305 seconds
[2026-04-28T03:11:59.423+0000] {processor.py:161} INFO - Started process (PID=431) to work on /opt/airflow/dags/pipeline_dag.py
[2026-04-28T03:11:59.424+0000] {processor.py:830} INFO - Processing file /opt/airflow/dags/pipeline_dag.py for tasks to queue
[2026-04-28T03:11:59.426+0000] {logging_mixin.py:188} INFO - [2026-04-28T03:11:59.425+0000] {dagbag.py:538} INFO - Filling up the DagBag from /opt/airflow/dags/pipeline_dag.py
[2026-04-28T03:11:59.445+0000] {processor.py:840} INFO - DAG(s) 'energy_pipeline' retrieved from /opt/airflow/dags/pipeline_dag.py
[2026-04-28T03:11:59.476+0000] {logging_mixin.py:188} INFO - [2026-04-28T03:11:59.476+0000] {dag.py:3036} INFO - Sync 1 DAGs
[2026-04-28T03:11:59.504+0000] {logging_mixin.py:188} INFO - [2026-04-28T03:11:59.504+0000] {dag.py:3823} INFO - Setting next_dagrun for energy_pipeline to 2026-04-28 00:00:00+00:00, run_after=2026-04-29 00:00:00+00:00
[2026-04-28T03:11:59.534+0000] {processor.py:183} INFO - Processing /opt/airflow/dags/pipeline_dag.py took 0.115 seconds
[2026-04-28T03:12:29.966+0000] {processor.py:161} INFO - Started process (PID=432) to work on /opt/airflow/dags/pipeline_dag.py
[2026-04-28T03:12:29.967+0000] {processor.py:830} INFO - Processing file /opt/airflow/dags/pipeline_dag.py for tasks to queue
[2026-04-28T03:12:29.968+0000] {logging_mixin.py:188} INFO - [2026-04-28T03:12:29.967+0000] {dagbag.py:538} INFO - Filling up the DagBag from /opt/airflow/dags/pipeline_dag.py
[2026-04-28T03:12:29.983+0000] {processor.py:840} INFO - DAG(s) 'energy_pipeline' retrieved from /opt/airflow/dags/pipeline_dag.py
[2026-04-28T03:12:30.008+0000] {logging_mixin.py:188} INFO - [2026-04-28T03:12:30.008+0000] {dag.py:3036} INFO - Sync 1 DAGs
[2026-04-28T03:12:30.030+0000] {logging_mixin.py:188} INFO - [2026-04-28T03:12:30.030+0000] {dag.py:3823} INFO - Setting next_dagrun for energy_pipeline to 2026-04-28 00:00:00+00:00, run_after=2026-04-29 00:00:00+00:00
[2026-04-28T03:12:30.052+0000] {processor.py:183} INFO - Processing /opt/airflow/dags/pipeline_dag.py took 0.089 seconds
[2026-04-28T03:13:00.753+0000] {processor.py:161} INFO - Started process (PID=433) to work on /opt/airflow/dags/pipeline_dag.py
[2026-04-28T03:13:00.754+0000] {processor.py:830} INFO - Processing file /opt/airflow/dags/pipeline_dag.py for tasks to queue
[2026-04-28T03:13:00.755+0000] {logging_mixin.py:188} INFO - [2026-04-28T03:13:00.754+0000] {dagbag.py:538} INFO - Filling up the DagBag from /opt/airflow/dags/pipeline_dag.py
[2026-04-28T03:13:00.770+0000] {processor.py:840} INFO - DAG(s) 'energy_pipeline' retrieved from /opt/airflow/dags/pipeline_dag.py
[2026-04-28T03:13:00.794+0000] {logging_mixin.py:188} INFO - [2026-04-28T03:13:00.794+0000] {dag.py:3036} INFO - Sync 1 DAGs
[2026-04-28T03:13:00.815+0000] {logging_mixin.py:188} INFO - [2026-04-28T03:13:00.815+0000] {dag.py:3823} INFO - Setting next_dagrun for energy_pipeline to 2026-04-28 00:00:00+00:00, run_after=2026-04-29 00:00:00+00:00
[2026-04-28T03:13:00.834+0000] {processor.py:183} INFO - Processing /opt/airflow/dags/pipeline_dag.py took 0.085 seconds
[2026-04-28T03:13:31.030+0000] {processor.py:161} INFO - Started process (PID=434) to work on /opt/airflow/dags/pipeline_dag.py
[2026-04-28T03:13:31.031+0000] {processor.py:830} INFO - Processing file /opt/airflow/dags/pipeline_dag.py for tasks to queue
[2026-04-28T03:13:31.032+0000] {logging_mixin.py:188} INFO - [2026-04-28T03:13:31.032+0000] {dagbag.py:538} INFO - Filling up the DagBag from /opt/airflow/dags/pipeline_dag.py
[2026-04-28T03:13:31.052+0000] {processor.py:840} INFO - DAG(s) 'energy_pipeline' retrieved from /opt/airflow/dags/pipeline_dag.py
[2026-04-28T03:13:31.079+0000] {logging_mixin.py:188} INFO - [2026-04-28T03:13:31.079+0000] {dag.py:3036} INFO - Sync 1 DAGs
[2026-04-28T03:13:31.102+0000] {logging_mixin.py:188} INFO - [2026-04-28T03:13:31.102+0000] {dag.py:3823} INFO - Setting next_dagrun for energy_pipeline to 2026-04-28 00:00:00+00:00, run_after=2026-04-29 00:00:00+00:00
[2026-04-28T03:13:31.121+0000] {processor.py:183} INFO - Processing /opt/airflow/dags/pipeline_dag.py took 0.095 seconds
[2026-04-28T03:14:01.472+0000] {processor.py:161} INFO - Started process (PID=435) to work on /opt/airflow/dags/pipeline_dag.py
[2026-04-28T03:14:01.473+0000] {processor.py:830} INFO - Processing file /opt/airflow/dags/pipeline_dag.py for tasks to queue
[2026-04-28T03:14:01.475+0000] {logging_mixin.py:188} INFO - [2026-04-28T03:14:01.474+0000] {dagbag.py:538} INFO - Filling up the DagBag from /opt/airflow/dags/pipeline_dag.py
[2026-04-28T03:14:01.496+0000] {processor.py:840} INFO - DAG(s) 'energy_pipeline' retrieved from /opt/airflow/dags/pipeline_dag.py
[2026-04-28T03:14:01.528+0000] {logging_mixin.py:188} INFO - [2026-04-28T03:14:01.527+0000] {dag.py:3036} INFO - Sync 1 DAGs
[2026-04-28T03:14:01.551+0000] {logging_mixin.py:188} INFO - [2026-04-28T03:14:01.551+0000] {dag.py:3823} INFO - Setting next_dagrun for energy_pipeline to 2026-04-28 00:00:00+00:00, run_after=2026-04-29 00:00:00+00:00
[2026-04-28T03:14:01.570+0000] {processor.py:183} INFO - Processing /opt/airflow/dags/pipeline_dag.py took 0.103 seconds
[2026-04-28T03:14:32.583+0000] {processor.py:161} INFO - Started process (PID=436) to work on /opt/airflow/dags/pipeline_dag.py
[2026-04-28T03:14:32.584+0000] {processor.py:830} INFO - Processing file /opt/airflow/dags/pipeline_dag.py for tasks to queue
[2026-04-28T03:14:32.585+0000] {logging_mixin.py:188} INFO - [2026-04-28T03:14:32.585+0000] {dagbag.py:538} INFO - Filling up the DagBag from /opt/airflow/dags/pipeline_dag.py
[2026-04-28T03:14:32.603+0000] {processor.py:840} INFO - DAG(s) 'energy_pipeline' retrieved from /opt/airflow/dags/pipeline_dag.py
[2026-04-28T03:14:32.626+0000] {logging_mixin.py:188} INFO - [2026-04-28T03:14:32.626+0000] {dag.py:3036} INFO - Sync 1 DAGs
[2026-04-28T03:14:32.648+0000] {logging_mixin.py:188} INFO - [2026-04-28T03:14:32.647+0000] {dag.py:3823} INFO - Setting next_dagrun for energy_pipeline to 2026-04-28 00:00:00+00:00, run_after=2026-04-29 00:00:00+00:00
[2026-04-28T03:14:32.666+0000] {processor.py:183} INFO - Processing /opt/airflow/dags/pipeline_dag.py took 0.087 seconds
[2026-04-28T03:15:02.819+0000] {processor.py:161} INFO - Started process (PID=437) to work on /opt/airflow/dags/pipeline_dag.py
[2026-04-28T03:15:02.820+0000] {processor.py:830} INFO - Processing file /opt/airflow/dags/pipeline_dag.py for tasks to queue
[2026-04-28T03:15:02.821+0000] {logging_mixin.py:188} INFO - [2026-04-28T03:15:02.821+0000] {dagbag.py:538} INFO - Filling up the DagBag from /opt/airflow/dags/pipeline_dag.py
[2026-04-28T03:15:02.839+0000] {processor.py:840} INFO - DAG(s) 'energy_pipeline' retrieved from /opt/airflow/dags/pipeline_dag.py
[2026-04-28T03:15:02.865+0000] {logging_mixin.py:188} INFO - [2026-04-28T03:15:02.864+0000] {dag.py:3036} INFO - Sync 1 DAGs
[2026-04-28T03:15:02.886+0000] {logging_mixin.py:188} INFO - [2026-04-28T03:15:02.885+0000] {dag.py:3823} INFO - Setting next_dagrun for energy_pipeline to 2026-04-28 00:00:00+00:00, run_after=2026-04-29 00:00:00+00:00
[2026-04-28T03:15:02.905+0000] {processor.py:183} INFO - Processing /opt/airflow/dags/pipeline_dag.py took 0.090 seconds
[2026-04-28T03:15:33.049+0000] {processor.py:161} INFO - Started process (PID=438) to work on /opt/airflow/dags/pipeline_dag.py
[2026-04-28T03:15:33.051+0000] {processor.py:830} INFO - Processing file /opt/airflow/dags/pipeline_dag.py for tasks to queue
[2026-04-28T03:15:33.052+0000] {logging_mixin.py:188} INFO - [2026-04-28T03:15:33.051+0000] {dagbag.py:538} INFO - Filling up the DagBag from /opt/airflow/dags/pipeline_dag.py
[2026-04-28T03:15:33.070+0000] {processor.py:840} INFO - DAG(s) 'energy_pipeline' retrieved from /opt/airflow/dags/pipeline_dag.py
[2026-04-28T03:15:33.095+0000] {logging_mixin.py:188} INFO - [2026-04-28T03:15:33.094+0000] {dag.py:3036} INFO - Sync 1 DAGs
[2026-04-28T03:15:33.116+0000] {logging_mixin.py:188} INFO - [2026-04-28T03:15:33.116+0000] {dag.py:3823} INFO - Setting next_dagrun for energy_pipeline to 2026-04-28 00:00:00+00:00, run_after=2026-04-29 00:00:00+00:00
[2026-04-28T03:15:33.135+0000] {processor.py:183} INFO - Processing /opt/airflow/dags/pipeline_dag.py took 0.089 seconds
[2026-04-28T03:16:03.280+0000] {processor.py:161} INFO - Started process (PID=439) to work on /opt/airflow/dags/pipeline_dag.py
[2026-04-28T03:16:03.281+0000] {processor.py:830} INFO - Processing file /opt/airflow/dags/pipeline_dag.py for tasks to queue
[2026-04-28T03:16:03.282+0000] {logging_mixin.py:188} INFO - [2026-04-28T03:16:03.282+0000] {dagbag.py:538} INFO - Filling up the DagBag from /opt/airflow/dags/pipeline_dag.py
[2026-04-28T03:16:03.299+0000] {processor.py:840} INFO - DAG(s) 'energy_pipeline' retrieved from /opt/airflow/dags/pipeline_dag.py
[2026-04-28T03:16:03.324+0000] {logging_mixin.py:188} INFO - [2026-04-28T03:16:03.324+0000] {dag.py:3036} INFO - Sync 1 DAGs
[2026-04-28T03:16:03.345+0000] {logging_mixin.py:188} INFO - [2026-04-28T03:16:03.345+0000] {dag.py:3823} INFO - Setting next_dagrun for energy_pipeline to 2026-04-28 00:00:00+00:00, run_after=2026-04-29 00:00:00+00:00
[2026-04-28T03:16:03.364+0000] {processor.py:183} INFO - Processing /opt/airflow/dags/pipeline_dag.py took 0.088 seconds
[2026-04-28T03:16:33.480+0000] {processor.py:161} INFO - Started process (PID=440) to work on /opt/airflow/dags/pipeline_dag.py
[2026-04-28T03:16:33.482+0000] {processor.py:830} INFO - Processing file /opt/airflow/dags/pipeline_dag.py for tasks to queue
[2026-04-28T03:16:33.483+0000] {logging_mixin.py:188} INFO - [2026-04-28T03:16:33.483+0000] {dagbag.py:538} INFO - Filling up the DagBag from /opt/airflow/dags/pipeline_dag.py
[2026-04-28T03:16:33.514+0000] {processor.py:840} INFO - DAG(s) 'energy_pipeline' retrieved from /opt/airflow/dags/pipeline_dag.py
[2026-04-28T03:16:33.547+0000] {logging_mixin.py:188} INFO - [2026-04-28T03:16:33.547+0000] {dag.py:3036} INFO - Sync 1 DAGs
[2026-04-28T03:16:33.583+0000] {logging_mixin.py:188} INFO - [2026-04-28T03:16:33.583+0000] {dag.py:3823} INFO - Setting next_dagrun for energy_pipeline to 2026-04-28 00:00:00+00:00, run_after=2026-04-29 00:00:00+00:00
[2026-04-28T03:16:33.606+0000] {processor.py:183} INFO - Processing /opt/airflow/dags/pipeline_dag.py took 0.130 seconds
[2026-04-28T03:17:03.743+0000] {processor.py:161} INFO - Started process (PID=441) to work on /opt/airflow/dags/pipeline_dag.py
[2026-04-28T03:17:03.744+0000] {processor.py:830} INFO - Processing file /opt/airflow/dags/pipeline_dag.py for tasks to queue
[2026-04-28T03:17:03.745+0000] {logging_mixin.py:188} INFO - [2026-04-28T03:17:03.745+0000] {dagbag.py:538} INFO - Filling up the DagBag from /opt/airflow/dags/pipeline_dag.py
[2026-04-28T03:17:03.767+0000] {processor.py:840} INFO - DAG(s) 'energy_pipeline' retrieved from /opt/airflow/dags/pipeline_dag.py
[2026-04-28T03:17:03.796+0000] {logging_mixin.py:188} INFO - [2026-04-28T03:17:03.796+0000] {dag.py:3036} INFO - Sync 1 DAGs
[2026-04-28T03:17:03.834+0000] {logging_mixin.py:188} INFO - [2026-04-28T03:17:03.833+0000] {dag.py:3823} INFO - Setting next_dagrun for energy_pipeline to 2026-04-28 00:00:00+00:00, run_after=2026-04-29 00:00:00+00:00
[2026-04-28T03:17:03.857+0000] {processor.py:183} INFO - Processing /opt/airflow/dags/pipeline_dag.py took 0.117 seconds
[2026-04-28T03:17:33.995+0000] {processor.py:161} INFO - Started process (PID=442) to work on /opt/airflow/dags/pipeline_dag.py
[2026-04-28T03:17:33.996+0000] {processor.py:830} INFO - Processing file /opt/airflow/dags/pipeline_dag.py for tasks to queue
[2026-04-28T03:17:33.998+0000] {logging_mixin.py:188} INFO - [2026-04-28T03:17:33.997+0000] {dagbag.py:538} INFO - Filling up the DagBag from /opt/airflow/dags/pipeline_dag.py
[2026-04-28T03:17:34.016+0000] {processor.py:840} INFO - DAG(s) 'energy_pipeline' retrieved from /opt/airflow/dags/pipeline_dag.py
[2026-04-28T03:17:34.053+0000] {logging_mixin.py:188} INFO - [2026-04-28T03:17:34.053+0000] {dag.py:3036} INFO - Sync 1 DAGs
[2026-04-28T03:17:34.083+0000] {logging_mixin.py:188} INFO - [2026-04-28T03:17:34.083+0000] {dag.py:3823} INFO - Setting next_dagrun for energy_pipeline to 2026-04-28 00:00:00+00:00, run_after=2026-04-29 00:00:00+00:00
[2026-04-28T03:17:34.112+0000] {processor.py:183} INFO - Processing /opt/airflow/dags/pipeline_dag.py took 0.122 seconds
[2026-04-28T03:18:04.219+0000] {processor.py:161} INFO - Started process (PID=443) to work on /opt/airflow/dags/pipeline_dag.py
[2026-04-28T03:18:04.220+0000] {processor.py:830} INFO - Processing file /opt/airflow/dags/pipeline_dag.py for tasks to queue
[2026-04-28T03:18:04.222+0000] {logging_mixin.py:188} INFO - [2026-04-28T03:18:04.221+0000] {dagbag.py:538} INFO - Filling up the DagBag from /opt/airflow/dags/pipeline_dag.py
[2026-04-28T03:18:04.238+0000] {processor.py:840} INFO - DAG(s) 'energy_pipeline' retrieved from /opt/airflow/dags/pipeline_dag.py
[2026-04-28T03:18:04.262+0000] {logging_mixin.py:188} INFO - [2026-04-28T03:18:04.262+0000] {dag.py:3036} INFO - Sync 1 DAGs
[2026-04-28T03:18:04.284+0000] {logging_mixin.py:188} INFO - [2026-04-28T03:18:04.284+0000] {dag.py:3823} INFO - Setting next_dagrun for energy_pipeline to 2026-04-28 00:00:00+00:00, run_after=2026-04-29 00:00:00+00:00
[2026-04-28T03:18:04.309+0000] {processor.py:183} INFO - Processing /opt/airflow/dags/pipeline_dag.py took 0.094 seconds
[2026-04-28T03:18:34.490+0000] {processor.py:161} INFO - Started process (PID=444) to work on /opt/airflow/dags/pipeline_dag.py
[2026-04-28T03:18:34.492+0000] {processor.py:830} INFO - Processing file /opt/airflow/dags/pipeline_dag.py for tasks to queue
[2026-04-28T03:18:34.494+0000] {logging_mixin.py:188} INFO - [2026-04-28T03:18:34.493+0000] {dagbag.py:538} INFO - Filling up the DagBag from /opt/airflow/dags/pipeline_dag.py
[2026-04-28T03:18:34.517+0000] {processor.py:840} INFO - DAG(s) 'energy_pipeline' retrieved from /opt/airflow/dags/pipeline_dag.py
[2026-04-28T03:18:34.548+0000] {logging_mixin.py:188} INFO - [2026-04-28T03:18:34.547+0000] {dag.py:3036} INFO - Sync 1 DAGs
[2026-04-28T03:18:34.577+0000] {logging_mixin.py:188} INFO - [2026-04-28T03:18:34.577+0000] {dag.py:3823} INFO - Setting next_dagrun for energy_pipeline to 2026-04-28 00:00:00+00:00, run_after=2026-04-29 00:00:00+00:00
[2026-04-28T03:18:34.605+0000] {processor.py:183} INFO - Processing /opt/airflow/dags/pipeline_dag.py took 0.119 seconds
[2026-04-28T03:19:04.686+0000] {processor.py:161} INFO - Started process (PID=445) to work on /opt/airflow/dags/pipeline_dag.py
[2026-04-28T03:19:04.687+0000] {processor.py:830} INFO - Processing file /opt/airflow/dags/pipeline_dag.py for tasks to queue
[2026-04-28T03:19:04.688+0000] {logging_mixin.py:188} INFO - [2026-04-28T03:19:04.688+0000] {dagbag.py:538} INFO - Filling up the DagBag from /opt/airflow/dags/pipeline_dag.py
[2026-04-28T03:19:04.705+0000] {processor.py:840} INFO - DAG(s) 'energy_pipeline' retrieved from /opt/airflow/dags/pipeline_dag.py
[2026-04-28T03:19:04.731+0000] {logging_mixin.py:188} INFO - [2026-04-28T03:19:04.731+0000] {dag.py:3036} INFO - Sync 1 DAGs
[2026-04-28T03:19:04.752+0000] {logging_mixin.py:188} INFO - [2026-04-28T03:19:04.752+0000] {dag.py:3823} INFO - Setting next_dagrun for energy_pipeline to 2026-04-28 00:00:00+00:00, run_after=2026-04-29 00:00:00+00:00
[2026-04-28T03:19:04.771+0000] {processor.py:183} INFO - Processing /opt/airflow/dags/pipeline_dag.py took 0.089 seconds
[2026-04-28T03:19:34.886+0000] {processor.py:161} INFO - Started process (PID=446) to work on /opt/airflow/dags/pipeline_dag.py
[2026-04-28T03:19:34.887+0000] {processor.py:830} INFO - Processing file /opt/airflow/dags/pipeline_dag.py for tasks to queue
[2026-04-28T03:19:34.888+0000] {logging_mixin.py:188} INFO - [2026-04-28T03:19:34.887+0000] {dagbag.py:538} INFO - Filling up the DagBag from /opt/airflow/dags/pipeline_dag.py
[2026-04-28T03:19:34.903+0000] {processor.py:840} INFO - DAG(s) 'energy_pipeline' retrieved from /opt/airflow/dags/pipeline_dag.py
[2026-04-28T03:19:34.928+0000] {logging_mixin.py:188} INFO - [2026-04-28T03:19:34.927+0000] {dag.py:3036} INFO - Sync 1 DAGs
[2026-04-28T03:19:34.949+0000] {logging_mixin.py:188} INFO - [2026-04-28T03:19:34.949+0000] {dag.py:3823} INFO - Setting next_dagrun for energy_pipeline to 2026-04-28 00:00:00+00:00, run_after=2026-04-29 00:00:00+00:00
[2026-04-28T03:19:34.968+0000] {processor.py:183} INFO - Processing /opt/airflow/dags/pipeline_dag.py took 0.085 seconds
[2026-04-28T03:20:05.090+0000] {processor.py:161} INFO - Started process (PID=447) to work on /opt/airflow/dags/pipeline_dag.py
[2026-04-28T03:20:05.092+0000] {processor.py:830} INFO - Processing file /opt/airflow/dags/pipeline_dag.py for tasks to queue
[2026-04-28T03:20:05.093+0000] {logging_mixin.py:188} INFO - [2026-04-28T03:20:05.092+0000] {dagbag.py:538} INFO - Filling up the DagBag from /opt/airflow/dags/pipeline_dag.py
[2026-04-28T03:20:05.110+0000] {processor.py:840} INFO - DAG(s) 'energy_pipeline' retrieved from /opt/airflow/dags/pipeline_dag.py
[2026-04-28T03:20:05.135+0000] {logging_mixin.py:188} INFO - [2026-04-28T03:20:05.134+0000] {dag.py:3036} INFO - Sync 1 DAGs
[2026-04-28T03:20:05.156+0000] {logging_mixin.py:188} INFO - [2026-04-28T03:20:05.156+0000] {dag.py:3823} INFO - Setting next_dagrun for energy_pipeline to 2026-04-28 00:00:00+00:00, run_after=2026-04-29 00:00:00+00:00
[2026-04-28T03:20:05.175+0000] {processor.py:183} INFO - Processing /opt/airflow/dags/pipeline_dag.py took 0.088 seconds
[2026-04-28T03:20:35.304+0000] {processor.py:161} INFO - Started process (PID=448) to work on /opt/airflow/dags/pipeline_dag.py
[2026-04-28T03:20:35.307+0000] {processor.py:830} INFO - Processing file /opt/airflow/dags/pipeline_dag.py for tasks to queue
[2026-04-28T03:20:35.309+0000] {logging_mixin.py:188} INFO - [2026-04-28T03:20:35.308+0000] {dagbag.py:538} INFO - Filling up the DagBag from /opt/airflow/dags/pipeline_dag.py
[2026-04-28T03:20:35.325+0000] {processor.py:840} INFO - DAG(s) 'energy_pipeline' retrieved from /opt/airflow/dags/pipeline_dag.py
[2026-04-28T03:20:35.351+0000] {logging_mixin.py:188} INFO - [2026-04-28T03:20:35.350+0000] {dag.py:3036} INFO - Sync 1 DAGs
[2026-04-28T03:20:35.375+0000] {logging_mixin.py:188} INFO - [2026-04-28T03:20:35.375+0000] {dag.py:3823} INFO - Setting next_dagrun for energy_pipeline to 2026-04-28 00:00:00+00:00, run_after=2026-04-29 00:00:00+00:00
[2026-04-28T03:20:35.404+0000] {processor.py:183} INFO - Processing /opt/airflow/dags/pipeline_dag.py took 0.103 seconds
[2026-04-28T03:21:05.610+0000] {processor.py:161} INFO - Started process (PID=449) to work on /opt/airflow/dags/pipeline_dag.py
[2026-04-28T03:21:05.611+0000] {processor.py:830} INFO - Processing file /opt/airflow/dags/pipeline_dag.py for tasks to queue
[2026-04-28T03:21:05.612+0000] {logging_mixin.py:188} INFO - [2026-04-28T03:21:05.612+0000] {dagbag.py:538} INFO - Filling up the DagBag from /opt/airflow/dags/pipeline_dag.py
[2026-04-28T03:21:05.628+0000] {processor.py:840} INFO - DAG(s) 'energy_pipeline' retrieved from /opt/airflow/dags/pipeline_dag.py
[2026-04-28T03:21:05.653+0000] {logging_mixin.py:188} INFO - [2026-04-28T03:21:05.653+0000] {dag.py:3036} INFO - Sync 1 DAGs
[2026-04-28T03:21:05.676+0000] {logging_mixin.py:188} INFO - [2026-04-28T03:21:05.675+0000] {dag.py:3823} INFO - Setting next_dagrun for energy_pipeline to 2026-04-28 00:00:00+00:00, run_after=2026-04-29 00:00:00+00:00
[2026-04-28T03:21:05.700+0000] {processor.py:183} INFO - Processing /opt/airflow/dags/pipeline_dag.py took 0.094 seconds
[2026-04-28T03:21:35.812+0000] {processor.py:161} INFO - Started process (PID=450) to work on /opt/airflow/dags/pipeline_dag.py
[2026-04-28T03:21:35.813+0000] {processor.py:830} INFO - Processing file /opt/airflow/dags/pipeline_dag.py for tasks to queue
[2026-04-28T03:21:35.814+0000] {logging_mixin.py:188} INFO - [2026-04-28T03:21:35.814+0000] {dagbag.py:538} INFO - Filling up the DagBag from /opt/airflow/dags/pipeline_dag.py
[2026-04-28T03:21:35.831+0000] {processor.py:840} INFO - DAG(s) 'energy_pipeline' retrieved from /opt/airflow/dags/pipeline_dag.py
[2026-04-28T03:21:35.856+0000] {logging_mixin.py:188} INFO - [2026-04-28T03:21:35.855+0000] {dag.py:3036} INFO - Sync 1 DAGs
[2026-04-28T03:21:35.879+0000] {logging_mixin.py:188} INFO - [2026-04-28T03:21:35.878+0000] {dag.py:3823} INFO - Setting next_dagrun for energy_pipeline to 2026-04-28 00:00:00+00:00, run_after=2026-04-29 00:00:00+00:00
[2026-04-28T03:21:35.901+0000] {processor.py:183} INFO - Processing /opt/airflow/dags/pipeline_dag.py took 0.093 seconds
[2026-04-28T03:22:05.987+0000] {processor.py:161} INFO - Started process (PID=451) to work on /opt/airflow/dags/pipeline_dag.py
[2026-04-28T03:22:05.988+0000] {processor.py:830} INFO - Processing file /opt/airflow/dags/pipeline_dag.py for tasks to queue
[2026-04-28T03:22:05.990+0000] {logging_mixin.py:188} INFO - [2026-04-28T03:22:05.989+0000] {dagbag.py:538} INFO - Filling up the DagBag from /opt/airflow/dags/pipeline_dag.py
[2026-04-28T03:22:06.005+0000] {processor.py:840} INFO - DAG(s) 'energy_pipeline' retrieved from /opt/airflow/dags/pipeline_dag.py
[2026-04-28T03:22:06.028+0000] {logging_mixin.py:188} INFO - [2026-04-28T03:22:06.028+0000] {dag.py:3036} INFO - Sync 1 DAGs
[2026-04-28T03:22:06.051+0000] {logging_mixin.py:188} INFO - [2026-04-28T03:22:06.050+0000] {dag.py:3823} INFO - Setting next_dagrun for energy_pipeline to 2026-04-28 00:00:00+00:00, run_after=2026-04-29 00:00:00+00:00
[2026-04-28T03:22:06.071+0000] {processor.py:183} INFO - Processing /opt/airflow/dags/pipeline_dag.py took 0.086 seconds
[2026-04-28T03:22:36.188+0000] {processor.py:161} INFO - Started process (PID=452) to work on /opt/airflow/dags/pipeline_dag.py
[2026-04-28T03:22:36.189+0000] {processor.py:830} INFO - Processing file /opt/airflow/dags/pipeline_dag.py for tasks to queue
[2026-04-28T03:22:36.190+0000] {logging_mixin.py:188} INFO - [2026-04-28T03:22:36.190+0000] {dagbag.py:538} INFO - Filling up the DagBag from /opt/airflow/dags/pipeline_dag.py
[2026-04-28T03:22:36.207+0000] {processor.py:840} INFO - DAG(s) 'energy_pipeline' retrieved from /opt/airflow/dags/pipeline_dag.py
[2026-04-28T03:22:36.236+0000] {logging_mixin.py:188} INFO - [2026-04-28T03:22:36.236+0000] {dag.py:3036} INFO - Sync 1 DAGs
[2026-04-28T03:22:36.258+0000] {logging_mixin.py:188} INFO - [2026-04-28T03:22:36.258+0000] {dag.py:3823} INFO - Setting next_dagrun for energy_pipeline to 2026-04-28 00:00:00+00:00, run_after=2026-04-29 00:00:00+00:00
[2026-04-28T03:22:36.277+0000] {processor.py:183} INFO - Processing /opt/airflow/dags/pipeline_dag.py took 0.092 seconds
[2026-04-28T03:23:06.400+0000] {processor.py:161} INFO - Started process (PID=453) to work on /opt/airflow/dags/pipeline_dag.py
[2026-04-28T03:23:06.401+0000] {processor.py:830} INFO - Processing file /opt/airflow/dags/pipeline_dag.py for tasks to queue
[2026-04-28T03:23:06.402+0000] {logging_mixin.py:188} INFO - [2026-04-28T03:23:06.402+0000] {dagbag.py:538} INFO - Filling up the DagBag from /opt/airflow/dags/pipeline_dag.py
[2026-04-28T03:23:06.418+0000] {processor.py:840} INFO - DAG(s) 'energy_pipeline' retrieved from /opt/airflow/dags/pipeline_dag.py
[2026-04-28T03:23:06.445+0000] {logging_mixin.py:188} INFO - [2026-04-28T03:23:06.445+0000] {dag.py:3036} INFO - Sync 1 DAGs
[2026-04-28T03:23:06.475+0000] {logging_mixin.py:188} INFO - [2026-04-28T03:23:06.475+0000] {dag.py:3823} INFO - Setting next_dagrun for energy_pipeline to 2026-04-28 00:00:00+00:00, run_after=2026-04-29 00:00:00+00:00
[2026-04-28T03:23:06.500+0000] {processor.py:183} INFO - Processing /opt/airflow/dags/pipeline_dag.py took 0.102 seconds
[2026-04-28T03:23:36.717+0000] {processor.py:161} INFO - Started process (PID=454) to work on /opt/airflow/dags/pipeline_dag.py
[2026-04-28T03:23:36.718+0000] {processor.py:830} INFO - Processing file /opt/airflow/dags/pipeline_dag.py for tasks to queue
[2026-04-28T03:23:36.719+0000] {logging_mixin.py:188} INFO - [2026-04-28T03:23:36.719+0000] {dagbag.py:538} INFO - Filling up the DagBag from /opt/airflow/dags/pipeline_dag.py
[2026-04-28T03:23:36.737+0000] {processor.py:840} INFO - DAG(s) 'energy_pipeline' retrieved from /opt/airflow/dags/pipeline_dag.py
[2026-04-28T03:23:36.762+0000] {logging_mixin.py:188} INFO - [2026-04-28T03:23:36.762+0000] {dag.py:3036} INFO - Sync 1 DAGs
[2026-04-28T03:23:36.785+0000] {logging_mixin.py:188} INFO - [2026-04-28T03:23:36.784+0000] {dag.py:3823} INFO - Setting next_dagrun for energy_pipeline to 2026-04-28 00:00:00+00:00, run_after=2026-04-29 00:00:00+00:00
[2026-04-28T03:23:36.804+0000] {processor.py:183} INFO - Processing /opt/airflow/dags/pipeline_dag.py took 0.091 seconds
[2026-04-28T03:24:06.919+0000] {processor.py:161} INFO - Started process (PID=455) to work on /opt/airflow/dags/pipeline_dag.py
[2026-04-28T03:24:06.920+0000] {processor.py:830} INFO - Processing file /opt/airflow/dags/pipeline_dag.py for tasks to queue
[2026-04-28T03:24:06.922+0000] {logging_mixin.py:188} INFO - [2026-04-28T03:24:06.921+0000] {dagbag.py:538} INFO - Filling up the DagBag from /opt/airflow/dags/pipeline_dag.py
[2026-04-28T03:24:06.939+0000] {processor.py:840} INFO - DAG(s) 'energy_pipeline' retrieved from /opt/airflow/dags/pipeline_dag.py
[2026-04-28T03:24:06.965+0000] {logging_mixin.py:188} INFO - [2026-04-28T03:24:06.965+0000] {dag.py:3036} INFO - Sync 1 DAGs
[2026-04-28T03:24:06.988+0000] {logging_mixin.py:188} INFO - [2026-04-28T03:24:06.987+0000] {dag.py:3823} INFO - Setting next_dagrun for energy_pipeline to 2026-04-28 00:00:00+00:00, run_after=2026-04-29 00:00:00+00:00
[2026-04-28T03:24:07.006+0000] {processor.py:183} INFO - Processing /opt/airflow/dags/pipeline_dag.py took 0.091 seconds
[2026-04-28T03:24:37.120+0000] {processor.py:161} INFO - Started process (PID=456) to work on /opt/airflow/dags/pipeline_dag.py
[2026-04-28T03:24:37.121+0000] {processor.py:830} INFO - Processing file /opt/airflow/dags/pipeline_dag.py for tasks to queue
[2026-04-28T03:24:37.123+0000] {logging_mixin.py:188} INFO - [2026-04-28T03:24:37.122+0000] {dagbag.py:538} INFO - Filling up the DagBag from /opt/airflow/dags/pipeline_dag.py
[2026-04-28T03:24:37.140+0000] {processor.py:840} INFO - DAG(s) 'energy_pipeline' retrieved from /opt/airflow/dags/pipeline_dag.py
[2026-04-28T03:24:37.163+0000] {logging_mixin.py:188} INFO - [2026-04-28T03:24:37.163+0000] {dag.py:3036} INFO - Sync 1 DAGs
[2026-04-28T03:24:37.184+0000] {logging_mixin.py:188} INFO - [2026-04-28T03:24:37.184+0000] {dag.py:3823} INFO - Setting next_dagrun for energy_pipeline to 2026-04-28 00:00:00+00:00, run_after=2026-04-29 00:00:00+00:00
[2026-04-28T03:24:37.203+0000] {processor.py:183} INFO - Processing /opt/airflow/dags/pipeline_dag.py took 0.087 seconds
[2026-04-28T03:25:07.328+0000] {processor.py:161} INFO - Started process (PID=457) to work on /opt/airflow/dags/pipeline_dag.py
[2026-04-28T03:25:07.329+0000] {processor.py:830} INFO - Processing file /opt/airflow/dags/pipeline_dag.py for tasks to queue
[2026-04-28T03:25:07.331+0000] {logging_mixin.py:188} INFO - [2026-04-28T03:25:07.330+0000] {dagbag.py:538} INFO - Filling up the DagBag from /opt/airflow/dags/pipeline_dag.py
[2026-04-28T03:25:07.346+0000] {processor.py:840} INFO - DAG(s) 'energy_pipeline' retrieved from /opt/airflow/dags/pipeline_dag.py
[2026-04-28T03:25:07.373+0000] {logging_mixin.py:188} INFO - [2026-04-28T03:25:07.373+0000] {dag.py:3036} INFO - Sync 1 DAGs
[2026-04-28T03:25:07.395+0000] {logging_mixin.py:188} INFO - [2026-04-28T03:25:07.395+0000] {dag.py:3823} INFO - Setting next_dagrun for energy_pipeline to 2026-04-28 00:00:00+00:00, run_after=2026-04-29 00:00:00+00:00
[2026-04-28T03:25:07.413+0000] {processor.py:183} INFO - Processing /opt/airflow/dags/pipeline_dag.py took 0.088 seconds
[2026-04-28T03:25:37.531+0000] {processor.py:161} INFO - Started process (PID=458) to work on /opt/airflow/dags/pipeline_dag.py
[2026-04-28T03:25:37.532+0000] {processor.py:830} INFO - Processing file /opt/airflow/dags/pipeline_dag.py for tasks to queue
[2026-04-28T03:25:37.533+0000] {logging_mixin.py:188} INFO - [2026-04-28T03:25:37.533+0000] {dagbag.py:538} INFO - Filling up the DagBag from /opt/airflow/dags/pipeline_dag.py
[2026-04-28T03:25:37.547+0000] {processor.py:840} INFO - DAG(s) 'energy_pipeline' retrieved from /opt/airflow/dags/pipeline_dag.py
[2026-04-28T03:25:37.571+0000] {logging_mixin.py:188} INFO - [2026-04-28T03:25:37.571+0000] {dag.py:3036} INFO - Sync 1 DAGs
[2026-04-28T03:25:37.593+0000] {logging_mixin.py:188} INFO - [2026-04-28T03:25:37.593+0000] {dag.py:3823} INFO - Setting next_dagrun for energy_pipeline to 2026-04-28 00:00:00+00:00, run_after=2026-04-29 00:00:00+00:00
[2026-04-28T03:25:37.613+0000] {processor.py:183} INFO - Processing /opt/airflow/dags/pipeline_dag.py took 0.085 seconds
[2026-04-28T03:26:07.731+0000] {processor.py:161} INFO - Started process (PID=459) to work on /opt/airflow/dags/pipeline_dag.py
[2026-04-28T03:26:07.732+0000] {processor.py:830} INFO - Processing file /opt/airflow/dags/pipeline_dag.py for tasks to queue
[2026-04-28T03:26:07.733+0000] {logging_mixin.py:188} INFO - [2026-04-28T03:26:07.733+0000] {dagbag.py:538} INFO - Filling up the DagBag from /opt/airflow/dags/pipeline_dag.py
[2026-04-28T03:26:07.748+0000] {processor.py:840} INFO - DAG(s) 'energy_pipeline' retrieved from /opt/airflow/dags/pipeline_dag.py
[2026-04-28T03:26:07.774+0000] {logging_mixin.py:188} INFO - [2026-04-28T03:26:07.773+0000] {dag.py:3036} INFO - Sync 1 DAGs
[2026-04-28T03:26:07.796+0000] {logging_mixin.py:188} INFO - [2026-04-28T03:26:07.795+0000] {dag.py:3823} INFO - Setting next_dagrun for energy_pipeline to 2026-04-28 00:00:00+00:00, run_after=2026-04-29 00:00:00+00:00
[2026-04-28T03:26:07.817+0000] {processor.py:183} INFO - Processing /opt/airflow/dags/pipeline_dag.py took 0.089 seconds
[2026-04-28T03:26:38.515+0000] {processor.py:161} INFO - Started process (PID=460) to work on /opt/airflow/dags/pipeline_dag.py
[2026-04-28T03:26:38.518+0000] {processor.py:830} INFO - Processing file /opt/airflow/dags/pipeline_dag.py for tasks to queue
[2026-04-28T03:26:38.524+0000] {logging_mixin.py:188} INFO - [2026-04-28T03:26:38.520+0000] {dagbag.py:538} INFO - Filling up the DagBag from /opt/airflow/dags/pipeline_dag.py
[2026-04-28T03:26:38.564+0000] {processor.py:840} INFO - DAG(s) 'energy_pipeline' retrieved from /opt/airflow/dags/pipeline_dag.py
[2026-04-28T03:26:38.618+0000] {logging_mixin.py:188} INFO - [2026-04-28T03:26:38.618+0000] {dag.py:3036} INFO - Sync 1 DAGs
[2026-04-28T03:26:38.656+0000] {logging_mixin.py:188} INFO - [2026-04-28T03:26:38.656+0000] {dag.py:3823} INFO - Setting next_dagrun for energy_pipeline to 2026-04-28 00:00:00+00:00, run_after=2026-04-29 00:00:00+00:00
[2026-04-28T03:26:38.687+0000] {processor.py:183} INFO - Processing /opt/airflow/dags/pipeline_dag.py took 0.181 seconds
[2026-04-28T03:27:08.745+0000] {processor.py:161} INFO - Started process (PID=461) to work on /opt/airflow/dags/pipeline_dag.py
[2026-04-28T03:27:08.746+0000] {processor.py:830} INFO - Processing file /opt/airflow/dags/pipeline_dag.py for tasks to queue
[2026-04-28T03:27:08.747+0000] {logging_mixin.py:188} INFO - [2026-04-28T03:27:08.747+0000] {dagbag.py:538} INFO - Filling up the DagBag from /opt/airflow/dags/pipeline_dag.py
[2026-04-28T03:27:08.765+0000] {processor.py:840} INFO - DAG(s) 'energy_pipeline' retrieved from /opt/airflow/dags/pipeline_dag.py
[2026-04-28T03:27:08.796+0000] {logging_mixin.py:188} INFO - [2026-04-28T03:27:08.796+0000] {dag.py:3036} INFO - Sync 1 DAGs
[2026-04-28T03:27:08.825+0000] {logging_mixin.py:188} INFO - [2026-04-28T03:27:08.824+0000] {dag.py:3823} INFO - Setting next_dagrun for energy_pipeline to 2026-04-28 00:00:00+00:00, run_after=2026-04-29 00:00:00+00:00
[2026-04-28T03:27:08.849+0000] {processor.py:183} INFO - Processing /opt/airflow/dags/pipeline_dag.py took 0.108 seconds
[2026-04-28T03:27:38.992+0000] {processor.py:161} INFO - Started process (PID=462) to work on /opt/airflow/dags/pipeline_dag.py
[2026-04-28T03:27:38.994+0000] {processor.py:830} INFO - Processing file /opt/airflow/dags/pipeline_dag.py for tasks to queue
[2026-04-28T03:27:38.995+0000] {logging_mixin.py:188} INFO - [2026-04-28T03:27:38.994+0000] {dagbag.py:538} INFO - Filling up the DagBag from /opt/airflow/dags/pipeline_dag.py
[2026-04-28T03:27:39.014+0000] {processor.py:840} INFO - DAG(s) 'energy_pipeline' retrieved from /opt/airflow/dags/pipeline_dag.py
[2026-04-28T03:27:39.042+0000] {logging_mixin.py:188} INFO - [2026-04-28T03:27:39.042+0000] {dag.py:3036} INFO - Sync 1 DAGs
[2026-04-28T03:27:39.067+0000] {logging_mixin.py:188} INFO - [2026-04-28T03:27:39.067+0000] {dag.py:3823} INFO - Setting next_dagrun for energy_pipeline to 2026-04-28 00:00:00+00:00, run_after=2026-04-29 00:00:00+00:00
[2026-04-28T03:27:39.089+0000] {processor.py:183} INFO - Processing /opt/airflow/dags/pipeline_dag.py took 0.101 seconds
[2026-04-28T03:28:09.226+0000] {processor.py:161} INFO - Started process (PID=463) to work on /opt/airflow/dags/pipeline_dag.py
[2026-04-28T03:28:09.227+0000] {processor.py:830} INFO - Processing file /opt/airflow/dags/pipeline_dag.py for tasks to queue
[2026-04-28T03:28:09.229+0000] {logging_mixin.py:188} INFO - [2026-04-28T03:28:09.228+0000] {dagbag.py:538} INFO - Filling up the DagBag from /opt/airflow/dags/pipeline_dag.py
[2026-04-28T03:28:09.246+0000] {processor.py:840} INFO - DAG(s) 'energy_pipeline' retrieved from /opt/airflow/dags/pipeline_dag.py
[2026-04-28T03:28:09.273+0000] {logging_mixin.py:188} INFO - [2026-04-28T03:28:09.273+0000] {dag.py:3036} INFO - Sync 1 DAGs
[2026-04-28T03:28:09.297+0000] {logging_mixin.py:188} INFO - [2026-04-28T03:28:09.297+0000] {dag.py:3823} INFO - Setting next_dagrun for energy_pipeline to 2026-04-28 00:00:00+00:00, run_after=2026-04-29 00:00:00+00:00
[2026-04-28T03:28:09.318+0000] {processor.py:183} INFO - Processing /opt/airflow/dags/pipeline_dag.py took 0.096 seconds
[2026-04-28T03:28:39.468+0000] {processor.py:161} INFO - Started process (PID=464) to work on /opt/airflow/dags/pipeline_dag.py
[2026-04-28T03:28:39.469+0000] {processor.py:830} INFO - Processing file /opt/airflow/dags/pipeline_dag.py for tasks to queue
[2026-04-28T03:28:39.470+0000] {logging_mixin.py:188} INFO - [2026-04-28T03:28:39.469+0000] {dagbag.py:538} INFO - Filling up the DagBag from /opt/airflow/dags/pipeline_dag.py
[2026-04-28T03:28:39.487+0000] {processor.py:840} INFO - DAG(s) 'energy_pipeline' retrieved from /opt/airflow/dags/pipeline_dag.py
[2026-04-28T03:28:39.516+0000] {logging_mixin.py:188} INFO - [2026-04-28T03:28:39.515+0000] {dag.py:3036} INFO - Sync 1 DAGs
[2026-04-28T03:28:39.539+0000] {logging_mixin.py:188} INFO - [2026-04-28T03:28:39.539+0000] {dag.py:3823} INFO - Setting next_dagrun for energy_pipeline to 2026-04-28 00:00:00+00:00, run_after=2026-04-29 00:00:00+00:00
[2026-04-28T03:28:39.561+0000] {processor.py:183} INFO - Processing /opt/airflow/dags/pipeline_dag.py took 0.097 seconds
[2026-04-28T03:29:09.719+0000] {processor.py:161} INFO - Started process (PID=465) to work on /opt/airflow/dags/pipeline_dag.py
[2026-04-28T03:29:09.720+0000] {processor.py:830} INFO - Processing file /opt/airflow/dags/pipeline_dag.py for tasks to queue
[2026-04-28T03:29:09.722+0000] {logging_mixin.py:188} INFO - [2026-04-28T03:29:09.721+0000] {dagbag.py:538} INFO - Filling up the DagBag from /opt/airflow/dags/pipeline_dag.py
[2026-04-28T03:29:09.740+0000] {processor.py:840} INFO - DAG(s) 'energy_pipeline' retrieved from /opt/airflow/dags/pipeline_dag.py
[2026-04-28T03:29:09.768+0000] {logging_mixin.py:188} INFO - [2026-04-28T03:29:09.768+0000] {dag.py:3036} INFO - Sync 1 DAGs
[2026-04-28T03:29:09.795+0000] {logging_mixin.py:188} INFO - [2026-04-28T03:29:09.794+0000] {dag.py:3823} INFO - Setting next_dagrun for energy_pipeline to 2026-04-28 00:00:00+00:00, run_after=2026-04-29 00:00:00+00:00
[2026-04-28T03:29:09.818+0000] {processor.py:183} INFO - Processing /opt/airflow/dags/pipeline_dag.py took 0.103 seconds
[2026-04-28T03:29:39.952+0000] {processor.py:161} INFO - Started process (PID=466) to work on /opt/airflow/dags/pipeline_dag.py
[2026-04-28T03:29:39.953+0000] {processor.py:830} INFO - Processing file /opt/airflow/dags/pipeline_dag.py for tasks to queue
[2026-04-28T03:29:39.955+0000] {logging_mixin.py:188} INFO - [2026-04-28T03:29:39.954+0000] {dagbag.py:538} INFO - Filling up the DagBag from /opt/airflow/dags/pipeline_dag.py
[2026-04-28T03:29:39.975+0000] {processor.py:840} INFO - DAG(s) 'energy_pipeline' retrieved from /opt/airflow/dags/pipeline_dag.py
[2026-04-28T03:29:40.008+0000] {logging_mixin.py:188} INFO - [2026-04-28T03:29:40.008+0000] {dag.py:3036} INFO - Sync 1 DAGs
[2026-04-28T03:29:40.036+0000] {logging_mixin.py:188} INFO - [2026-04-28T03:29:40.035+0000] {dag.py:3823} INFO - Setting next_dagrun for energy_pipeline to 2026-04-28 00:00:00+00:00, run_after=2026-04-29 00:00:00+00:00
[2026-04-28T03:29:40.068+0000] {processor.py:183} INFO - Processing /opt/airflow/dags/pipeline_dag.py took 0.120 seconds
[2026-04-28T03:30:10.198+0000] {processor.py:161} INFO - Started process (PID=467) to work on /opt/airflow/dags/pipeline_dag.py
[2026-04-28T03:30:10.199+0000] {processor.py:830} INFO - Processing file /opt/airflow/dags/pipeline_dag.py for tasks to queue
[2026-04-28T03:30:10.201+0000] {logging_mixin.py:188} INFO - [2026-04-28T03:30:10.201+0000] {dagbag.py:538} INFO - Filling up the DagBag from /opt/airflow/dags/pipeline_dag.py
[2026-04-28T03:30:10.223+0000] {processor.py:840} INFO - DAG(s) 'energy_pipeline' retrieved from /opt/airflow/dags/pipeline_dag.py
[2026-04-28T03:30:10.251+0000] {logging_mixin.py:188} INFO - [2026-04-28T03:30:10.251+0000] {dag.py:3036} INFO - Sync 1 DAGs
[2026-04-28T03:30:10.288+0000] {logging_mixin.py:188} INFO - [2026-04-28T03:30:10.288+0000] {dag.py:3823} INFO - Setting next_dagrun for energy_pipeline to 2026-04-28 00:00:00+00:00, run_after=2026-04-29 00:00:00+00:00
[2026-04-28T03:30:10.322+0000] {processor.py:183} INFO - Processing /opt/airflow/dags/pipeline_dag.py took 0.128 seconds
[2026-04-28T03:30:40.434+0000] {processor.py:161} INFO - Started process (PID=468) to work on /opt/airflow/dags/pipeline_dag.py
[2026-04-28T03:30:40.435+0000] {processor.py:830} INFO - Processing file /opt/airflow/dags/pipeline_dag.py for tasks to queue
[2026-04-28T03:30:40.436+0000] {logging_mixin.py:188} INFO - [2026-04-28T03:30:40.436+0000] {dagbag.py:538} INFO - Filling up the DagBag from /opt/airflow/dags/pipeline_dag.py
[2026-04-28T03:30:40.456+0000] {processor.py:840} INFO - DAG(s) 'energy_pipeline' retrieved from /opt/airflow/dags/pipeline_dag.py
[2026-04-28T03:30:40.487+0000] {logging_mixin.py:188} INFO - [2026-04-28T03:30:40.486+0000] {dag.py:3036} INFO - Sync 1 DAGs
[2026-04-28T03:30:40.511+0000] {logging_mixin.py:188} INFO - [2026-04-28T03:30:40.511+0000] {dag.py:3823} INFO - Setting next_dagrun for energy_pipeline to 2026-04-28 00:00:00+00:00, run_after=2026-04-29 00:00:00+00:00
[2026-04-28T03:30:40.534+0000] {processor.py:183} INFO - Processing /opt/airflow/dags/pipeline_dag.py took 0.103 seconds
[2026-04-28T03:31:10.687+0000] {processor.py:161} INFO - Started process (PID=469) to work on /opt/airflow/dags/pipeline_dag.py
[2026-04-28T03:31:10.688+0000] {processor.py:830} INFO - Processing file /opt/airflow/dags/pipeline_dag.py for tasks to queue
[2026-04-28T03:31:10.690+0000] {logging_mixin.py:188} INFO - [2026-04-28T03:31:10.689+0000] {dagbag.py:538} INFO - Filling up the DagBag from /opt/airflow/dags/pipeline_dag.py
[2026-04-28T03:31:10.706+0000] {processor.py:840} INFO - DAG(s) 'energy_pipeline' retrieved from /opt/airflow/dags/pipeline_dag.py
[2026-04-28T03:31:10.734+0000] {logging_mixin.py:188} INFO - [2026-04-28T03:31:10.734+0000] {dag.py:3036} INFO - Sync 1 DAGs
[2026-04-28T03:31:10.761+0000] {logging_mixin.py:188} INFO - [2026-04-28T03:31:10.760+0000] {dag.py:3823} INFO - Setting next_dagrun for energy_pipeline to 2026-04-28 00:00:00+00:00, run_after=2026-04-29 00:00:00+00:00
[2026-04-28T03:31:10.784+0000] {processor.py:183} INFO - Processing /opt/airflow/dags/pipeline_dag.py took 0.100 seconds
[2026-04-28T03:31:40.949+0000] {processor.py:161} INFO - Started process (PID=470) to work on /opt/airflow/dags/pipeline_dag.py
[2026-04-28T03:31:40.951+0000] {processor.py:830} INFO - Processing file /opt/airflow/dags/pipeline_dag.py for tasks to queue
[2026-04-28T03:31:40.952+0000] {logging_mixin.py:188} INFO - [2026-04-28T03:31:40.951+0000] {dagbag.py:538} INFO - Filling up the DagBag from /opt/airflow/dags/pipeline_dag.py
[2026-04-28T03:31:40.968+0000] {processor.py:840} INFO - DAG(s) 'energy_pipeline' retrieved from /opt/airflow/dags/pipeline_dag.py
[2026-04-28T03:31:40.996+0000] {logging_mixin.py:188} INFO - [2026-04-28T03:31:40.996+0000] {dag.py:3036} INFO - Sync 1 DAGs
[2026-04-28T03:31:41.022+0000] {logging_mixin.py:188} INFO - [2026-04-28T03:31:41.022+0000] {dag.py:3823} INFO - Setting next_dagrun for energy_pipeline to 2026-04-28 00:00:00+00:00, run_after=2026-04-29 00:00:00+00:00
[2026-04-28T03:31:41.045+0000] {processor.py:183} INFO - Processing /opt/airflow/dags/pipeline_dag.py took 0.099 seconds
[2026-04-28T03:32:11.192+0000] {processor.py:161} INFO - Started process (PID=471) to work on /opt/airflow/dags/pipeline_dag.py
[2026-04-28T03:32:11.194+0000] {processor.py:830} INFO - Processing file /opt/airflow/dags/pipeline_dag.py for tasks to queue
[2026-04-28T03:32:11.196+0000] {logging_mixin.py:188} INFO - [2026-04-28T03:32:11.196+0000] {dagbag.py:538} INFO - Filling up the DagBag from /opt/airflow/dags/pipeline_dag.py
[2026-04-28T03:32:11.221+0000] {processor.py:840} INFO - DAG(s) 'energy_pipeline' retrieved from /opt/airflow/dags/pipeline_dag.py
[2026-04-28T03:32:11.258+0000] {logging_mixin.py:188} INFO - [2026-04-28T03:32:11.258+0000] {dag.py:3036} INFO - Sync 1 DAGs
[2026-04-28T03:32:11.287+0000] {logging_mixin.py:188} INFO - [2026-04-28T03:32:11.287+0000] {dag.py:3823} INFO - Setting next_dagrun for energy_pipeline to 2026-04-28 00:00:00+00:00, run_after=2026-04-29 00:00:00+00:00
[2026-04-28T03:32:11.320+0000] {processor.py:183} INFO - Processing /opt/airflow/dags/pipeline_dag.py took 0.133 seconds
[2026-04-28T03:32:41.447+0000] {processor.py:161} INFO - Started process (PID=472) to work on /opt/airflow/dags/pipeline_dag.py
[2026-04-28T03:32:41.449+0000] {processor.py:830} INFO - Processing file /opt/airflow/dags/pipeline_dag.py for tasks to queue
[2026-04-28T03:32:41.450+0000] {logging_mixin.py:188} INFO - [2026-04-28T03:32:41.450+0000] {dagbag.py:538} INFO - Filling up the DagBag from /opt/airflow/dags/pipeline_dag.py
[2026-04-28T03:32:41.468+0000] {processor.py:840} INFO - DAG(s) 'energy_pipeline' retrieved from /opt/airflow/dags/pipeline_dag.py
[2026-04-28T03:32:41.497+0000] {logging_mixin.py:188} INFO - [2026-04-28T03:32:41.497+0000] {dag.py:3036} INFO - Sync 1 DAGs
[2026-04-28T03:32:41.525+0000] {logging_mixin.py:188} INFO - [2026-04-28T03:32:41.524+0000] {dag.py:3823} INFO - Setting next_dagrun for energy_pipeline to 2026-04-28 00:00:00+00:00, run_after=2026-04-29 00:00:00+00:00
[2026-04-28T03:32:41.548+0000] {processor.py:183} INFO - Processing /opt/airflow/dags/pipeline_dag.py took 0.105 seconds
[2026-04-28T03:33:11.690+0000] {processor.py:161} INFO - Started process (PID=473) to work on /opt/airflow/dags/pipeline_dag.py
[2026-04-28T03:33:11.691+0000] {processor.py:830} INFO - Processing file /opt/airflow/dags/pipeline_dag.py for tasks to queue
[2026-04-28T03:33:11.693+0000] {logging_mixin.py:188} INFO - [2026-04-28T03:33:11.692+0000] {dagbag.py:538} INFO - Filling up the DagBag from /opt/airflow/dags/pipeline_dag.py
[2026-04-28T03:33:11.710+0000] {processor.py:840} INFO - DAG(s) 'energy_pipeline' retrieved from /opt/airflow/dags/pipeline_dag.py
[2026-04-28T03:33:11.740+0000] {logging_mixin.py:188} INFO - [2026-04-28T03:33:11.739+0000] {dag.py:3036} INFO - Sync 1 DAGs
[2026-04-28T03:33:11.766+0000] {logging_mixin.py:188} INFO - [2026-04-28T03:33:11.766+0000] {dag.py:3823} INFO - Setting next_dagrun for energy_pipeline to 2026-04-28 00:00:00+00:00, run_after=2026-04-29 00:00:00+00:00
[2026-04-28T03:33:11.792+0000] {processor.py:183} INFO - Processing /opt/airflow/dags/pipeline_dag.py took 0.106 seconds
[2026-04-28T03:33:41.945+0000] {processor.py:161} INFO - Started process (PID=474) to work on /opt/airflow/dags/pipeline_dag.py
[2026-04-28T03:33:41.946+0000] {processor.py:830} INFO - Processing file /opt/airflow/dags/pipeline_dag.py for tasks to queue
[2026-04-28T03:33:41.947+0000] {logging_mixin.py:188} INFO - [2026-04-28T03:33:41.947+0000] {dagbag.py:538} INFO - Filling up the DagBag from /opt/airflow/dags/pipeline_dag.py
[2026-04-28T03:33:41.967+0000] {processor.py:840} INFO - DAG(s) 'energy_pipeline' retrieved from /opt/airflow/dags/pipeline_dag.py
[2026-04-28T03:33:41.997+0000] {logging_mixin.py:188} INFO - [2026-04-28T03:33:41.996+0000] {dag.py:3036} INFO - Sync 1 DAGs
[2026-04-28T03:33:42.023+0000] {logging_mixin.py:188} INFO - [2026-04-28T03:33:42.022+0000] {dag.py:3823} INFO - Setting next_dagrun for energy_pipeline to 2026-04-28 00:00:00+00:00, run_after=2026-04-29 00:00:00+00:00
[2026-04-28T03:33:42.045+0000] {processor.py:183} INFO - Processing /opt/airflow/dags/pipeline_dag.py took 0.104 seconds
[2026-04-28T03:34:12.174+0000] {processor.py:161} INFO - Started process (PID=475) to work on /opt/airflow/dags/pipeline_dag.py
[2026-04-28T03:34:12.175+0000] {processor.py:830} INFO - Processing file /opt/airflow/dags/pipeline_dag.py for tasks to queue
[2026-04-28T03:34:12.177+0000] {logging_mixin.py:188} INFO - [2026-04-28T03:34:12.176+0000] {dagbag.py:538} INFO - Filling up the DagBag from /opt/airflow/dags/pipeline_dag.py
[2026-04-28T03:34:12.195+0000] {processor.py:840} INFO - DAG(s) 'energy_pipeline' retrieved from /opt/airflow/dags/pipeline_dag.py
[2026-04-28T03:34:12.223+0000] {logging_mixin.py:188} INFO - [2026-04-28T03:34:12.223+0000] {dag.py:3036} INFO - Sync 1 DAGs
[2026-04-28T03:34:12.247+0000] {logging_mixin.py:188} INFO - [2026-04-28T03:34:12.247+0000] {dag.py:3823} INFO - Setting next_dagrun for energy_pipeline to 2026-04-28 00:00:00+00:00, run_after=2026-04-29 00:00:00+00:00
[2026-04-28T03:34:12.270+0000] {processor.py:183} INFO - Processing /opt/airflow/dags/pipeline_dag.py took 0.100 seconds
[2026-04-28T03:34:42.431+0000] {processor.py:161} INFO - Started process (PID=476) to work on /opt/airflow/dags/pipeline_dag.py
[2026-04-28T03:34:42.432+0000] {processor.py:830} INFO - Processing file /opt/airflow/dags/pipeline_dag.py for tasks to queue
[2026-04-28T03:34:42.437+0000] {logging_mixin.py:188} INFO - [2026-04-28T03:34:42.436+0000] {dagbag.py:538} INFO - Filling up the DagBag from /opt/airflow/dags/pipeline_dag.py
[2026-04-28T03:34:42.464+0000] {processor.py:840} INFO - DAG(s) 'energy_pipeline' retrieved from /opt/airflow/dags/pipeline_dag.py
[2026-04-28T03:34:42.497+0000] {logging_mixin.py:188} INFO - [2026-04-28T03:34:42.497+0000] {dag.py:3036} INFO - Sync 1 DAGs
[2026-04-28T03:34:42.527+0000] {logging_mixin.py:188} INFO - [2026-04-28T03:34:42.527+0000] {dag.py:3823} INFO - Setting next_dagrun for energy_pipeline to 2026-04-28 00:00:00+00:00, run_after=2026-04-29 00:00:00+00:00
[2026-04-28T03:34:42.556+0000] {processor.py:183} INFO - Processing /opt/airflow/dags/pipeline_dag.py took 0.130 seconds
[2026-04-28T03:35:12.673+0000] {processor.py:161} INFO - Started process (PID=477) to work on /opt/airflow/dags/pipeline_dag.py
[2026-04-28T03:35:12.675+0000] {processor.py:830} INFO - Processing file /opt/airflow/dags/pipeline_dag.py for tasks to queue
[2026-04-28T03:35:12.676+0000] {logging_mixin.py:188} INFO - [2026-04-28T03:35:12.675+0000] {dagbag.py:538} INFO - Filling up the DagBag from /opt/airflow/dags/pipeline_dag.py
[2026-04-28T03:35:12.694+0000] {processor.py:840} INFO - DAG(s) 'energy_pipeline' retrieved from /opt/airflow/dags/pipeline_dag.py
[2026-04-28T03:35:12.725+0000] {logging_mixin.py:188} INFO - [2026-04-28T03:35:12.725+0000] {dag.py:3036} INFO - Sync 1 DAGs
[2026-04-28T03:35:12.752+0000] {logging_mixin.py:188} INFO - [2026-04-28T03:35:12.752+0000] {dag.py:3823} INFO - Setting next_dagrun for energy_pipeline to 2026-04-28 00:00:00+00:00, run_after=2026-04-29 00:00:00+00:00
[2026-04-28T03:35:12.775+0000] {processor.py:183} INFO - Processing /opt/airflow/dags/pipeline_dag.py took 0.106 seconds
[2026-04-28T03:35:42.927+0000] {processor.py:161} INFO - Started process (PID=478) to work on /opt/airflow/dags/pipeline_dag.py
[2026-04-28T03:35:42.929+0000] {processor.py:830} INFO - Processing file /opt/airflow/dags/pipeline_dag.py for tasks to queue
[2026-04-28T03:35:42.930+0000] {logging_mixin.py:188} INFO - [2026-04-28T03:35:42.930+0000] {dagbag.py:538} INFO - Filling up the DagBag from /opt/airflow/dags/pipeline_dag.py
[2026-04-28T03:35:42.949+0000] {processor.py:840} INFO - DAG(s) 'energy_pipeline' retrieved from /opt/airflow/dags/pipeline_dag.py
[2026-04-28T03:35:42.981+0000] {logging_mixin.py:188} INFO - [2026-04-28T03:35:42.980+0000] {dag.py:3036} INFO - Sync 1 DAGs
[2026-04-28T03:35:43.010+0000] {logging_mixin.py:188} INFO - [2026-04-28T03:35:43.009+0000] {dag.py:3823} INFO - Setting next_dagrun for energy_pipeline to 2026-04-28 00:00:00+00:00, run_after=2026-04-29 00:00:00+00:00
[2026-04-28T03:35:43.035+0000] {processor.py:183} INFO - Processing /opt/airflow/dags/pipeline_dag.py took 0.112 seconds
[2026-04-28T03:36:13.170+0000] {processor.py:161} INFO - Started process (PID=479) to work on /opt/airflow/dags/pipeline_dag.py
[2026-04-28T03:36:13.171+0000] {processor.py:830} INFO - Processing file /opt/airflow/dags/pipeline_dag.py for tasks to queue
[2026-04-28T03:36:13.172+0000] {logging_mixin.py:188} INFO - [2026-04-28T03:36:13.172+0000] {dagbag.py:538} INFO - Filling up the DagBag from /opt/airflow/dags/pipeline_dag.py
[2026-04-28T03:36:13.195+0000] {processor.py:840} INFO - DAG(s) 'energy_pipeline' retrieved from /opt/airflow/dags/pipeline_dag.py
[2026-04-28T03:36:13.227+0000] {logging_mixin.py:188} INFO - [2026-04-28T03:36:13.226+0000] {dag.py:3036} INFO - Sync 1 DAGs
[2026-04-28T03:36:13.254+0000] {logging_mixin.py:188} INFO - [2026-04-28T03:36:13.254+0000] {dag.py:3823} INFO - Setting next_dagrun for energy_pipeline to 2026-04-28 00:00:00+00:00, run_after=2026-04-29 00:00:00+00:00
[2026-04-28T03:36:13.278+0000] {processor.py:183} INFO - Processing /opt/airflow/dags/pipeline_dag.py took 0.112 seconds
[2026-04-28T03:36:43.426+0000] {processor.py:161} INFO - Started process (PID=480) to work on /opt/airflow/dags/pipeline_dag.py
[2026-04-28T03:36:43.427+0000] {processor.py:830} INFO - Processing file /opt/airflow/dags/pipeline_dag.py for tasks to queue
[2026-04-28T03:36:43.428+0000] {logging_mixin.py:188} INFO - [2026-04-28T03:36:43.428+0000] {dagbag.py:538} INFO - Filling up the DagBag from /opt/airflow/dags/pipeline_dag.py
[2026-04-28T03:36:43.446+0000] {processor.py:840} INFO - DAG(s) 'energy_pipeline' retrieved from /opt/airflow/dags/pipeline_dag.py
[2026-04-28T03:36:43.477+0000] {logging_mixin.py:188} INFO - [2026-04-28T03:36:43.476+0000] {dag.py:3036} INFO - Sync 1 DAGs
[2026-04-28T03:36:43.503+0000] {logging_mixin.py:188} INFO - [2026-04-28T03:36:43.503+0000] {dag.py:3823} INFO - Setting next_dagrun for energy_pipeline to 2026-04-28 00:00:00+00:00, run_after=2026-04-29 00:00:00+00:00
[2026-04-28T03:36:43.528+0000] {processor.py:183} INFO - Processing /opt/airflow/dags/pipeline_dag.py took 0.107 seconds
[2026-04-28T03:37:13.659+0000] {processor.py:161} INFO - Started process (PID=481) to work on /opt/airflow/dags/pipeline_dag.py
[2026-04-28T03:37:13.661+0000] {processor.py:830} INFO - Processing file /opt/airflow/dags/pipeline_dag.py for tasks to queue
[2026-04-28T03:37:13.662+0000] {logging_mixin.py:188} INFO - [2026-04-28T03:37:13.661+0000] {dagbag.py:538} INFO - Filling up the DagBag from /opt/airflow/dags/pipeline_dag.py
[2026-04-28T03:37:13.681+0000] {processor.py:840} INFO - DAG(s) 'energy_pipeline' retrieved from /opt/airflow/dags/pipeline_dag.py
[2026-04-28T03:37:13.709+0000] {logging_mixin.py:188} INFO - [2026-04-28T03:37:13.709+0000] {dag.py:3036} INFO - Sync 1 DAGs
[2026-04-28T03:37:13.736+0000] {logging_mixin.py:188} INFO - [2026-04-28T03:37:13.736+0000] {dag.py:3823} INFO - Setting next_dagrun for energy_pipeline to 2026-04-28 00:00:00+00:00, run_after=2026-04-29 00:00:00+00:00
[2026-04-28T03:37:13.760+0000] {processor.py:183} INFO - Processing /opt/airflow/dags/pipeline_dag.py took 0.105 seconds
[2026-04-28T03:37:43.945+0000] {processor.py:161} INFO - Started process (PID=482) to work on /opt/airflow/dags/pipeline_dag.py
[2026-04-28T03:37:43.947+0000] {processor.py:830} INFO - Processing file /opt/airflow/dags/pipeline_dag.py for tasks to queue
[2026-04-28T03:37:43.950+0000] {logging_mixin.py:188} INFO - [2026-04-28T03:37:43.949+0000] {dagbag.py:538} INFO - Filling up the DagBag from /opt/airflow/dags/pipeline_dag.py
[2026-04-28T03:37:43.975+0000] {processor.py:840} INFO - DAG(s) 'energy_pipeline' retrieved from /opt/airflow/dags/pipeline_dag.py
[2026-04-28T03:37:44.007+0000] {logging_mixin.py:188} INFO - [2026-04-28T03:37:44.007+0000] {dag.py:3036} INFO - Sync 1 DAGs
[2026-04-28T03:37:44.034+0000] {logging_mixin.py:188} INFO - [2026-04-28T03:37:44.034+0000] {dag.py:3823} INFO - Setting next_dagrun for energy_pipeline to 2026-04-28 00:00:00+00:00, run_after=2026-04-29 00:00:00+00:00
[2026-04-28T03:37:44.059+0000] {processor.py:183} INFO - Processing /opt/airflow/dags/pipeline_dag.py took 0.118 seconds
[2026-04-28T03:38:14.249+0000] {processor.py:161} INFO - Started process (PID=483) to work on /opt/airflow/dags/pipeline_dag.py
[2026-04-28T03:38:14.252+0000] {processor.py:830} INFO - Processing file /opt/airflow/dags/pipeline_dag.py for tasks to queue
[2026-04-28T03:38:14.255+0000] {logging_mixin.py:188} INFO - [2026-04-28T03:38:14.254+0000] {dagbag.py:538} INFO - Filling up the DagBag from /opt/airflow/dags/pipeline_dag.py
[2026-04-28T03:38:14.291+0000] {processor.py:840} INFO - DAG(s) 'energy_pipeline' retrieved from /opt/airflow/dags/pipeline_dag.py
[2026-04-28T03:38:14.330+0000] {logging_mixin.py:188} INFO - [2026-04-28T03:38:14.330+0000] {dag.py:3036} INFO - Sync 1 DAGs
[2026-04-28T03:38:14.366+0000] {logging_mixin.py:188} INFO - [2026-04-28T03:38:14.366+0000] {dag.py:3823} INFO - Setting next_dagrun for energy_pipeline to 2026-04-28 00:00:00+00:00, run_after=2026-04-29 00:00:00+00:00
[2026-04-28T03:38:14.397+0000] {processor.py:183} INFO - Processing /opt/airflow/dags/pipeline_dag.py took 0.153 seconds
[2026-04-28T03:38:44.518+0000] {processor.py:161} INFO - Started process (PID=484) to work on /opt/airflow/dags/pipeline_dag.py
[2026-04-28T03:38:44.520+0000] {processor.py:830} INFO - Processing file /opt/airflow/dags/pipeline_dag.py for tasks to queue
[2026-04-28T03:38:44.523+0000] {logging_mixin.py:188} INFO - [2026-04-28T03:38:44.522+0000] {dagbag.py:538} INFO - Filling up the DagBag from /opt/airflow/dags/pipeline_dag.py
[2026-04-28T03:38:44.552+0000] {processor.py:840} INFO - DAG(s) 'energy_pipeline' retrieved from /opt/airflow/dags/pipeline_dag.py
[2026-04-28T03:38:44.591+0000] {logging_mixin.py:188} INFO - [2026-04-28T03:38:44.590+0000] {dag.py:3036} INFO - Sync 1 DAGs
[2026-04-28T03:38:44.628+0000] {logging_mixin.py:188} INFO - [2026-04-28T03:38:44.628+0000] {dag.py:3823} INFO - Setting next_dagrun for energy_pipeline to 2026-04-28 00:00:00+00:00, run_after=2026-04-29 00:00:00+00:00
[2026-04-28T03:38:44.660+0000] {processor.py:183} INFO - Processing /opt/airflow/dags/pipeline_dag.py took 0.146 seconds
[2026-04-28T03:39:14.767+0000] {processor.py:161} INFO - Started process (PID=485) to work on /opt/airflow/dags/pipeline_dag.py
[2026-04-28T03:39:14.770+0000] {processor.py:830} INFO - Processing file /opt/airflow/dags/pipeline_dag.py for tasks to queue
[2026-04-28T03:39:14.772+0000] {logging_mixin.py:188} INFO - [2026-04-28T03:39:14.771+0000] {dagbag.py:538} INFO - Filling up the DagBag from /opt/airflow/dags/pipeline_dag.py
[2026-04-28T03:39:14.792+0000] {processor.py:840} INFO - DAG(s) 'energy_pipeline' retrieved from /opt/airflow/dags/pipeline_dag.py
[2026-04-28T03:39:14.824+0000] {logging_mixin.py:188} INFO - [2026-04-28T03:39:14.823+0000] {dag.py:3036} INFO - Sync 1 DAGs
[2026-04-28T03:39:14.852+0000] {logging_mixin.py:188} INFO - [2026-04-28T03:39:14.852+0000] {dag.py:3823} INFO - Setting next_dagrun for energy_pipeline to 2026-04-28 00:00:00+00:00, run_after=2026-04-29 00:00:00+00:00
[2026-04-28T03:39:14.878+0000] {processor.py:183} INFO - Processing /opt/airflow/dags/pipeline_dag.py took 0.115 seconds
[2026-04-28T03:39:45.016+0000] {processor.py:161} INFO - Started process (PID=486) to work on /opt/airflow/dags/pipeline_dag.py
[2026-04-28T03:39:45.017+0000] {processor.py:830} INFO - Processing file /opt/airflow/dags/pipeline_dag.py for tasks to queue
[2026-04-28T03:39:45.018+0000] {logging_mixin.py:188} INFO - [2026-04-28T03:39:45.018+0000] {dagbag.py:538} INFO - Filling up the DagBag from /opt/airflow/dags/pipeline_dag.py
[2026-04-28T03:39:45.037+0000] {processor.py:840} INFO - DAG(s) 'energy_pipeline' retrieved from /opt/airflow/dags/pipeline_dag.py
[2026-04-28T03:39:45.067+0000] {logging_mixin.py:188} INFO - [2026-04-28T03:39:45.066+0000] {dag.py:3036} INFO - Sync 1 DAGs
[2026-04-28T03:39:45.092+0000] {logging_mixin.py:188} INFO - [2026-04-28T03:39:45.092+0000] {dag.py:3823} INFO - Setting next_dagrun for energy_pipeline to 2026-04-28 00:00:00+00:00, run_after=2026-04-29 00:00:00+00:00
[2026-04-28T03:39:45.114+0000] {processor.py:183} INFO - Processing /opt/airflow/dags/pipeline_dag.py took 0.102 seconds
[2026-04-28T03:40:15.278+0000] {processor.py:161} INFO - Started process (PID=487) to work on /opt/airflow/dags/pipeline_dag.py
[2026-04-28T03:40:15.280+0000] {processor.py:830} INFO - Processing file /opt/airflow/dags/pipeline_dag.py for tasks to queue
[2026-04-28T03:40:15.282+0000] {logging_mixin.py:188} INFO - [2026-04-28T03:40:15.281+0000] {dagbag.py:538} INFO - Filling up the DagBag from /opt/airflow/dags/pipeline_dag.py
[2026-04-28T03:40:15.303+0000] {processor.py:840} INFO - DAG(s) 'energy_pipeline' retrieved from /opt/airflow/dags/pipeline_dag.py
[2026-04-28T03:40:15.335+0000] {logging_mixin.py:188} INFO - [2026-04-28T03:40:15.335+0000] {dag.py:3036} INFO - Sync 1 DAGs
[2026-04-28T03:40:15.363+0000] {logging_mixin.py:188} INFO - [2026-04-28T03:40:15.362+0000] {dag.py:3823} INFO - Setting next_dagrun for energy_pipeline to 2026-04-28 00:00:00+00:00, run_after=2026-04-29 00:00:00+00:00
[2026-04-28T03:40:15.385+0000] {processor.py:183} INFO - Processing /opt/airflow/dags/pipeline_dag.py took 0.111 seconds
[2026-04-28T03:40:45.527+0000] {processor.py:161} INFO - Started process (PID=488) to work on /opt/airflow/dags/pipeline_dag.py
[2026-04-28T03:40:45.529+0000] {processor.py:830} INFO - Processing file /opt/airflow/dags/pipeline_dag.py for tasks to queue
[2026-04-28T03:40:45.530+0000] {logging_mixin.py:188} INFO - [2026-04-28T03:40:45.530+0000] {dagbag.py:538} INFO - Filling up the DagBag from /opt/airflow/dags/pipeline_dag.py
[2026-04-28T03:40:45.548+0000] {processor.py:840} INFO - DAG(s) 'energy_pipeline' retrieved from /opt/airflow/dags/pipeline_dag.py
[2026-04-28T03:40:45.576+0000] {logging_mixin.py:188} INFO - [2026-04-28T03:40:45.576+0000] {dag.py:3036} INFO - Sync 1 DAGs
[2026-04-28T03:40:45.601+0000] {logging_mixin.py:188} INFO - [2026-04-28T03:40:45.600+0000] {dag.py:3823} INFO - Setting next_dagrun for energy_pipeline to 2026-04-28 00:00:00+00:00, run_after=2026-04-29 00:00:00+00:00
[2026-04-28T03:40:45.623+0000] {processor.py:183} INFO - Processing /opt/airflow/dags/pipeline_dag.py took 0.100 seconds
[2026-04-28T03:41:15.768+0000] {processor.py:161} INFO - Started process (PID=489) to work on /opt/airflow/dags/pipeline_dag.py
[2026-04-28T03:41:15.769+0000] {processor.py:830} INFO - Processing file /opt/airflow/dags/pipeline_dag.py for tasks to queue
[2026-04-28T03:41:15.771+0000] {logging_mixin.py:188} INFO - [2026-04-28T03:41:15.770+0000] {dagbag.py:538} INFO - Filling up the DagBag from /opt/airflow/dags/pipeline_dag.py
[2026-04-28T03:41:15.788+0000] {processor.py:840} INFO - DAG(s) 'energy_pipeline' retrieved from /opt/airflow/dags/pipeline_dag.py
[2026-04-28T03:41:15.817+0000] {logging_mixin.py:188} INFO - [2026-04-28T03:41:15.817+0000] {dag.py:3036} INFO - Sync 1 DAGs
[2026-04-28T03:41:15.841+0000] {logging_mixin.py:188} INFO - [2026-04-28T03:41:15.841+0000] {dag.py:3823} INFO - Setting next_dagrun for energy_pipeline to 2026-04-28 00:00:00+00:00, run_after=2026-04-29 00:00:00+00:00
[2026-04-28T03:41:15.864+0000] {processor.py:183} INFO - Processing /opt/airflow/dags/pipeline_dag.py took 0.100 seconds
[2026-04-28T03:41:46.011+0000] {processor.py:161} INFO - Started process (PID=490) to work on /opt/airflow/dags/pipeline_dag.py
[2026-04-28T03:41:46.013+0000] {processor.py:830} INFO - Processing file /opt/airflow/dags/pipeline_dag.py for tasks to queue
[2026-04-28T03:41:46.014+0000] {logging_mixin.py:188} INFO - [2026-04-28T03:41:46.013+0000] {dagbag.py:538} INFO - Filling up the DagBag from /opt/airflow/dags/pipeline_dag.py
[2026-04-28T03:41:46.033+0000] {processor.py:840} INFO - DAG(s) 'energy_pipeline' retrieved from /opt/airflow/dags/pipeline_dag.py
[2026-04-28T03:41:46.062+0000] {logging_mixin.py:188} INFO - [2026-04-28T03:41:46.061+0000] {dag.py:3036} INFO - Sync 1 DAGs
[2026-04-28T03:41:46.087+0000] {logging_mixin.py:188} INFO - [2026-04-28T03:41:46.087+0000] {dag.py:3823} INFO - Setting next_dagrun for energy_pipeline to 2026-04-28 00:00:00+00:00, run_after=2026-04-29 00:00:00+00:00
[2026-04-28T03:41:46.111+0000] {processor.py:183} INFO - Processing /opt/airflow/dags/pipeline_dag.py took 0.103 seconds
[2026-04-28T03:42:16.256+0000] {processor.py:161} INFO - Started process (PID=491) to work on /opt/airflow/dags/pipeline_dag.py
[2026-04-28T03:42:16.257+0000] {processor.py:830} INFO - Processing file /opt/airflow/dags/pipeline_dag.py for tasks to queue
[2026-04-28T03:42:16.259+0000] {logging_mixin.py:188} INFO - [2026-04-28T03:42:16.259+0000] {dagbag.py:538} INFO - Filling up the DagBag from /opt/airflow/dags/pipeline_dag.py
[2026-04-28T03:42:16.282+0000] {processor.py:840} INFO - DAG(s) 'energy_pipeline' retrieved from /opt/airflow/dags/pipeline_dag.py
[2026-04-28T03:42:16.317+0000] {logging_mixin.py:188} INFO - [2026-04-28T03:42:16.316+0000] {dag.py:3036} INFO - Sync 1 DAGs
[2026-04-28T03:42:16.346+0000] {logging_mixin.py:188} INFO - [2026-04-28T03:42:16.346+0000] {dag.py:3823} INFO - Setting next_dagrun for energy_pipeline to 2026-04-28 00:00:00+00:00, run_after=2026-04-29 00:00:00+00:00
[2026-04-28T03:42:16.372+0000] {processor.py:183} INFO - Processing /opt/airflow/dags/pipeline_dag.py took 0.121 seconds
[2026-04-28T03:42:46.499+0000] {processor.py:161} INFO - Started process (PID=492) to work on /opt/airflow/dags/pipeline_dag.py
[2026-04-28T03:42:46.500+0000] {processor.py:830} INFO - Processing file /opt/airflow/dags/pipeline_dag.py for tasks to queue
[2026-04-28T03:42:46.501+0000] {logging_mixin.py:188} INFO - [2026-04-28T03:42:46.500+0000] {dagbag.py:538} INFO - Filling up the DagBag from /opt/airflow/dags/pipeline_dag.py
[2026-04-28T03:42:46.516+0000] {processor.py:840} INFO - DAG(s) 'energy_pipeline' retrieved from /opt/airflow/dags/pipeline_dag.py
[2026-04-28T03:42:46.542+0000] {logging_mixin.py:188} INFO - [2026-04-28T03:42:46.542+0000] {dag.py:3036} INFO - Sync 1 DAGs
[2026-04-28T03:42:46.566+0000] {logging_mixin.py:188} INFO - [2026-04-28T03:42:46.566+0000] {dag.py:3823} INFO - Setting next_dagrun for energy_pipeline to 2026-04-28 00:00:00+00:00, run_after=2026-04-29 00:00:00+00:00
[2026-04-28T03:42:46.600+0000] {processor.py:183} INFO - Processing /opt/airflow/dags/pipeline_dag.py took 0.105 seconds
[2026-04-28T03:43:16.739+0000] {processor.py:161} INFO - Started process (PID=493) to work on /opt/airflow/dags/pipeline_dag.py
[2026-04-28T03:43:16.741+0000] {processor.py:830} INFO - Processing file /opt/airflow/dags/pipeline_dag.py for tasks to queue
[2026-04-28T03:43:16.742+0000] {logging_mixin.py:188} INFO - [2026-04-28T03:43:16.742+0000] {dagbag.py:538} INFO - Filling up the DagBag from /opt/airflow/dags/pipeline_dag.py
[2026-04-28T03:43:16.761+0000] {processor.py:840} INFO - DAG(s) 'energy_pipeline' retrieved from /opt/airflow/dags/pipeline_dag.py
[2026-04-28T03:43:16.791+0000] {logging_mixin.py:188} INFO - [2026-04-28T03:43:16.790+0000] {dag.py:3036} INFO - Sync 1 DAGs
[2026-04-28T03:43:16.815+0000] {logging_mixin.py:188} INFO - [2026-04-28T03:43:16.815+0000] {dag.py:3823} INFO - Setting next_dagrun for energy_pipeline to 2026-04-28 00:00:00+00:00, run_after=2026-04-29 00:00:00+00:00
[2026-04-28T03:43:16.838+0000] {processor.py:183} INFO - Processing /opt/airflow/dags/pipeline_dag.py took 0.102 seconds
[2026-04-28T03:43:46.981+0000] {processor.py:161} INFO - Started process (PID=494) to work on /opt/airflow/dags/pipeline_dag.py
[2026-04-28T03:43:46.982+0000] {processor.py:830} INFO - Processing file /opt/airflow/dags/pipeline_dag.py for tasks to queue
[2026-04-28T03:43:46.984+0000] {logging_mixin.py:188} INFO - [2026-04-28T03:43:46.983+0000] {dagbag.py:538} INFO - Filling up the DagBag from /opt/airflow/dags/pipeline_dag.py
[2026-04-28T03:43:47.007+0000] {processor.py:840} INFO - DAG(s) 'energy_pipeline' retrieved from /opt/airflow/dags/pipeline_dag.py
[2026-04-28T03:43:47.036+0000] {logging_mixin.py:188} INFO - [2026-04-28T03:43:47.035+0000] {dag.py:3036} INFO - Sync 1 DAGs
[2026-04-28T03:43:47.060+0000] {logging_mixin.py:188} INFO - [2026-04-28T03:43:47.060+0000] {dag.py:3823} INFO - Setting next_dagrun for energy_pipeline to 2026-04-28 00:00:00+00:00, run_after=2026-04-29 00:00:00+00:00
[2026-04-28T03:43:47.081+0000] {processor.py:183} INFO - Processing /opt/airflow/dags/pipeline_dag.py took 0.104 seconds
[2026-04-28T03:44:17.235+0000] {processor.py:161} INFO - Started process (PID=495) to work on /opt/airflow/dags/pipeline_dag.py
[2026-04-28T03:44:17.236+0000] {processor.py:830} INFO - Processing file /opt/airflow/dags/pipeline_dag.py for tasks to queue
[2026-04-28T03:44:17.238+0000] {logging_mixin.py:188} INFO - [2026-04-28T03:44:17.237+0000] {dagbag.py:538} INFO - Filling up the DagBag from /opt/airflow/dags/pipeline_dag.py
[2026-04-28T03:44:17.255+0000] {processor.py:840} INFO - DAG(s) 'energy_pipeline' retrieved from /opt/airflow/dags/pipeline_dag.py
[2026-04-28T03:44:17.282+0000] {logging_mixin.py:188} INFO - [2026-04-28T03:44:17.282+0000] {dag.py:3036} INFO - Sync 1 DAGs
[2026-04-28T03:44:17.307+0000] {logging_mixin.py:188} INFO - [2026-04-28T03:44:17.307+0000] {dag.py:3823} INFO - Setting next_dagrun for energy_pipeline to 2026-04-28 00:00:00+00:00, run_after=2026-04-29 00:00:00+00:00
[2026-04-28T03:44:17.328+0000] {processor.py:183} INFO - Processing /opt/airflow/dags/pipeline_dag.py took 0.097 seconds
[2026-04-28T03:44:47.475+0000] {processor.py:161} INFO - Started process (PID=496) to work on /opt/airflow/dags/pipeline_dag.py
[2026-04-28T03:44:47.477+0000] {processor.py:830} INFO - Processing file /opt/airflow/dags/pipeline_dag.py for tasks to queue
[2026-04-28T03:44:47.478+0000] {logging_mixin.py:188} INFO - [2026-04-28T03:44:47.477+0000] {dagbag.py:538} INFO - Filling up the DagBag from /opt/airflow/dags/pipeline_dag.py
[2026-04-28T03:44:47.496+0000] {processor.py:840} INFO - DAG(s) 'energy_pipeline' retrieved from /opt/airflow/dags/pipeline_dag.py
[2026-04-28T03:44:47.527+0000] {logging_mixin.py:188} INFO - [2026-04-28T03:44:47.526+0000] {dag.py:3036} INFO - Sync 1 DAGs
[2026-04-28T03:44:47.550+0000] {logging_mixin.py:188} INFO - [2026-04-28T03:44:47.549+0000] {dag.py:3823} INFO - Setting next_dagrun for energy_pipeline to 2026-04-28 00:00:00+00:00, run_after=2026-04-29 00:00:00+00:00
[2026-04-28T03:44:47.571+0000] {processor.py:183} INFO - Processing /opt/airflow/dags/pipeline_dag.py took 0.100 seconds
[2026-04-28T03:45:17.740+0000] {processor.py:161} INFO - Started process (PID=497) to work on /opt/airflow/dags/pipeline_dag.py
[2026-04-28T03:45:17.742+0000] {processor.py:830} INFO - Processing file /opt/airflow/dags/pipeline_dag.py for tasks to queue
[2026-04-28T03:45:17.744+0000] {logging_mixin.py:188} INFO - [2026-04-28T03:45:17.744+0000] {dagbag.py:538} INFO - Filling up the DagBag from /opt/airflow/dags/pipeline_dag.py
[2026-04-28T03:45:17.773+0000] {processor.py:840} INFO - DAG(s) 'energy_pipeline' retrieved from /opt/airflow/dags/pipeline_dag.py
[2026-04-28T03:45:17.804+0000] {logging_mixin.py:188} INFO - [2026-04-28T03:45:17.804+0000] {dag.py:3036} INFO - Sync 1 DAGs
[2026-04-28T03:45:17.845+0000] {logging_mixin.py:188} INFO - [2026-04-28T03:45:17.844+0000] {dag.py:3823} INFO - Setting next_dagrun for energy_pipeline to 2026-04-28 00:00:00+00:00, run_after=2026-04-29 00:00:00+00:00
[2026-04-28T03:45:17.876+0000] {processor.py:183} INFO - Processing /opt/airflow/dags/pipeline_dag.py took 0.139 seconds
[2026-04-28T03:45:47.958+0000] {processor.py:161} INFO - Started process (PID=498) to work on /opt/airflow/dags/pipeline_dag.py
[2026-04-28T03:45:47.960+0000] {processor.py:830} INFO - Processing file /opt/airflow/dags/pipeline_dag.py for tasks to queue
[2026-04-28T03:45:47.963+0000] {logging_mixin.py:188} INFO - [2026-04-28T03:45:47.962+0000] {dagbag.py:538} INFO - Filling up the DagBag from /opt/airflow/dags/pipeline_dag.py
[2026-04-28T03:45:47.992+0000] {processor.py:840} INFO - DAG(s) 'energy_pipeline' retrieved from /opt/airflow/dags/pipeline_dag.py
[2026-04-28T03:45:48.023+0000] {logging_mixin.py:188} INFO - [2026-04-28T03:45:48.023+0000] {dag.py:3036} INFO - Sync 1 DAGs
[2026-04-28T03:45:48.048+0000] {logging_mixin.py:188} INFO - [2026-04-28T03:45:48.048+0000] {dag.py:3823} INFO - Setting next_dagrun for energy_pipeline to 2026-04-28 00:00:00+00:00, run_after=2026-04-29 00:00:00+00:00
[2026-04-28T03:45:48.072+0000] {processor.py:183} INFO - Processing /opt/airflow/dags/pipeline_dag.py took 0.118 seconds
[2026-04-28T03:46:18.196+0000] {processor.py:161} INFO - Started process (PID=499) to work on /opt/airflow/dags/pipeline_dag.py
[2026-04-28T03:46:18.199+0000] {processor.py:830} INFO - Processing file /opt/airflow/dags/pipeline_dag.py for tasks to queue
[2026-04-28T03:46:18.200+0000] {logging_mixin.py:188} INFO - [2026-04-28T03:46:18.200+0000] {dagbag.py:538} INFO - Filling up the DagBag from /opt/airflow/dags/pipeline_dag.py
[2026-04-28T03:46:18.219+0000] {processor.py:840} INFO - DAG(s) 'energy_pipeline' retrieved from /opt/airflow/dags/pipeline_dag.py
[2026-04-28T03:46:18.245+0000] {logging_mixin.py:188} INFO - [2026-04-28T03:46:18.245+0000] {dag.py:3036} INFO - Sync 1 DAGs
[2026-04-28T03:46:18.267+0000] {logging_mixin.py:188} INFO - [2026-04-28T03:46:18.267+0000] {dag.py:3823} INFO - Setting next_dagrun for energy_pipeline to 2026-04-28 00:00:00+00:00, run_after=2026-04-29 00:00:00+00:00
[2026-04-28T03:46:18.288+0000] {processor.py:183} INFO - Processing /opt/airflow/dags/pipeline_dag.py took 0.096 seconds
[2026-04-28T03:46:48.371+0000] {processor.py:161} INFO - Started process (PID=500) to work on /opt/airflow/dags/pipeline_dag.py
[2026-04-28T03:46:48.372+0000] {processor.py:830} INFO - Processing file /opt/airflow/dags/pipeline_dag.py for tasks to queue
[2026-04-28T03:46:48.373+0000] {logging_mixin.py:188} INFO - [2026-04-28T03:46:48.373+0000] {dagbag.py:538} INFO - Filling up the DagBag from /opt/airflow/dags/pipeline_dag.py
[2026-04-28T03:46:48.389+0000] {processor.py:840} INFO - DAG(s) 'energy_pipeline' retrieved from /opt/airflow/dags/pipeline_dag.py
[2026-04-28T03:46:48.421+0000] {logging_mixin.py:188} INFO - [2026-04-28T03:46:48.421+0000] {dag.py:3036} INFO - Sync 1 DAGs
[2026-04-28T03:46:48.448+0000] {logging_mixin.py:188} INFO - [2026-04-28T03:46:48.448+0000] {dag.py:3823} INFO - Setting next_dagrun for energy_pipeline to 2026-04-28 00:00:00+00:00, run_after=2026-04-29 00:00:00+00:00
[2026-04-28T03:46:48.474+0000] {processor.py:183} INFO - Processing /opt/airflow/dags/pipeline_dag.py took 0.106 seconds
[2026-04-28T03:47:18.640+0000] {processor.py:161} INFO - Started process (PID=501) to work on /opt/airflow/dags/pipeline_dag.py
[2026-04-28T03:47:18.642+0000] {processor.py:830} INFO - Processing file /opt/airflow/dags/pipeline_dag.py for tasks to queue
[2026-04-28T03:47:18.643+0000] {logging_mixin.py:188} INFO - [2026-04-28T03:47:18.642+0000] {dagbag.py:538} INFO - Filling up the DagBag from /opt/airflow/dags/pipeline_dag.py
[2026-04-28T03:47:18.660+0000] {processor.py:840} INFO - DAG(s) 'energy_pipeline' retrieved from /opt/airflow/dags/pipeline_dag.py
[2026-04-28T03:47:18.688+0000] {logging_mixin.py:188} INFO - [2026-04-28T03:47:18.688+0000] {dag.py:3036} INFO - Sync 1 DAGs
[2026-04-28T03:47:18.712+0000] {logging_mixin.py:188} INFO - [2026-04-28T03:47:18.711+0000] {dag.py:3823} INFO - Setting next_dagrun for energy_pipeline to 2026-04-28 00:00:00+00:00, run_after=2026-04-29 00:00:00+00:00
[2026-04-28T03:47:18.735+0000] {processor.py:183} INFO - Processing /opt/airflow/dags/pipeline_dag.py took 0.098 seconds
[2026-04-28T03:47:48.922+0000] {processor.py:161} INFO - Started process (PID=502) to work on /opt/airflow/dags/pipeline_dag.py
[2026-04-28T03:47:48.923+0000] {processor.py:830} INFO - Processing file /opt/airflow/dags/pipeline_dag.py for tasks to queue
[2026-04-28T03:47:48.925+0000] {logging_mixin.py:188} INFO - [2026-04-28T03:47:48.924+0000] {dagbag.py:538} INFO - Filling up the DagBag from /opt/airflow/dags/pipeline_dag.py
[2026-04-28T03:47:48.942+0000] {processor.py:840} INFO - DAG(s) 'energy_pipeline' retrieved from /opt/airflow/dags/pipeline_dag.py
[2026-04-28T03:47:48.972+0000] {logging_mixin.py:188} INFO - [2026-04-28T03:47:48.972+0000] {dag.py:3036} INFO - Sync 1 DAGs
[2026-04-28T03:47:48.997+0000] {logging_mixin.py:188} INFO - [2026-04-28T03:47:48.997+0000] {dag.py:3823} INFO - Setting next_dagrun for energy_pipeline to 2026-04-28 00:00:00+00:00, run_after=2026-04-29 00:00:00+00:00
[2026-04-28T03:47:49.017+0000] {processor.py:183} INFO - Processing /opt/airflow/dags/pipeline_dag.py took 0.100 seconds
[2026-04-28T03:48:19.204+0000] {processor.py:161} INFO - Started process (PID=503) to work on /opt/airflow/dags/pipeline_dag.py
[2026-04-28T03:48:19.205+0000] {processor.py:830} INFO - Processing file /opt/airflow/dags/pipeline_dag.py for tasks to queue
[2026-04-28T03:48:19.207+0000] {logging_mixin.py:188} INFO - [2026-04-28T03:48:19.206+0000] {dagbag.py:538} INFO - Filling up the DagBag from /opt/airflow/dags/pipeline_dag.py
[2026-04-28T03:48:19.224+0000] {processor.py:840} INFO - DAG(s) 'energy_pipeline' retrieved from /opt/airflow/dags/pipeline_dag.py
[2026-04-28T03:48:19.253+0000] {logging_mixin.py:188} INFO - [2026-04-28T03:48:19.252+0000] {dag.py:3036} INFO - Sync 1 DAGs
[2026-04-28T03:48:19.281+0000] {logging_mixin.py:188} INFO - [2026-04-28T03:48:19.281+0000] {dag.py:3823} INFO - Setting next_dagrun for energy_pipeline to 2026-04-28 00:00:00+00:00, run_after=2026-04-29 00:00:00+00:00
[2026-04-28T03:48:19.303+0000] {processor.py:183} INFO - Processing /opt/airflow/dags/pipeline_dag.py took 0.103 seconds
[2026-04-28T03:48:49.452+0000] {processor.py:161} INFO - Started process (PID=504) to work on /opt/airflow/dags/pipeline_dag.py
[2026-04-28T03:48:49.454+0000] {processor.py:830} INFO - Processing file /opt/airflow/dags/pipeline_dag.py for tasks to queue
[2026-04-28T03:48:49.455+0000] {logging_mixin.py:188} INFO - [2026-04-28T03:48:49.455+0000] {dagbag.py:538} INFO - Filling up the DagBag from /opt/airflow/dags/pipeline_dag.py
[2026-04-28T03:48:49.474+0000] {processor.py:840} INFO - DAG(s) 'energy_pipeline' retrieved from /opt/airflow/dags/pipeline_dag.py
[2026-04-28T03:48:49.502+0000] {logging_mixin.py:188} INFO - [2026-04-28T03:48:49.502+0000] {dag.py:3036} INFO - Sync 1 DAGs
[2026-04-28T03:48:49.526+0000] {logging_mixin.py:188} INFO - [2026-04-28T03:48:49.525+0000] {dag.py:3823} INFO - Setting next_dagrun for energy_pipeline to 2026-04-28 00:00:00+00:00, run_after=2026-04-29 00:00:00+00:00
[2026-04-28T03:48:49.547+0000] {processor.py:183} INFO - Processing /opt/airflow/dags/pipeline_dag.py took 0.098 seconds
[2026-04-28T03:49:19.713+0000] {processor.py:161} INFO - Started process (PID=505) to work on /opt/airflow/dags/pipeline_dag.py
[2026-04-28T03:49:19.715+0000] {processor.py:830} INFO - Processing file /opt/airflow/dags/pipeline_dag.py for tasks to queue
[2026-04-28T03:49:19.716+0000] {logging_mixin.py:188} INFO - [2026-04-28T03:49:19.716+0000] {dagbag.py:538} INFO - Filling up the DagBag from /opt/airflow/dags/pipeline_dag.py
[2026-04-28T03:49:19.735+0000] {processor.py:840} INFO - DAG(s) 'energy_pipeline' retrieved from /opt/airflow/dags/pipeline_dag.py
[2026-04-28T03:49:19.766+0000] {logging_mixin.py:188} INFO - [2026-04-28T03:49:19.765+0000] {dag.py:3036} INFO - Sync 1 DAGs
[2026-04-28T03:49:19.789+0000] {logging_mixin.py:188} INFO - [2026-04-28T03:49:19.789+0000] {dag.py:3823} INFO - Setting next_dagrun for energy_pipeline to 2026-04-28 00:00:00+00:00, run_after=2026-04-29 00:00:00+00:00
[2026-04-28T03:49:19.811+0000] {processor.py:183} INFO - Processing /opt/airflow/dags/pipeline_dag.py took 0.101 seconds
[2026-04-28T03:49:49.991+0000] {processor.py:161} INFO - Started process (PID=506) to work on /opt/airflow/dags/pipeline_dag.py
[2026-04-28T03:49:49.992+0000] {processor.py:830} INFO - Processing file /opt/airflow/dags/pipeline_dag.py for tasks to queue
[2026-04-28T03:49:49.995+0000] {logging_mixin.py:188} INFO - [2026-04-28T03:49:49.995+0000] {dagbag.py:538} INFO - Filling up the DagBag from /opt/airflow/dags/pipeline_dag.py
[2026-04-28T03:49:50.021+0000] {processor.py:840} INFO - DAG(s) 'energy_pipeline' retrieved from /opt/airflow/dags/pipeline_dag.py
[2026-04-28T03:49:50.057+0000] {logging_mixin.py:188} INFO - [2026-04-28T03:49:50.057+0000] {dag.py:3036} INFO - Sync 1 DAGs
[2026-04-28T03:49:50.084+0000] {logging_mixin.py:188} INFO - [2026-04-28T03:49:50.084+0000] {dag.py:3823} INFO - Setting next_dagrun for energy_pipeline to 2026-04-28 00:00:00+00:00, run_after=2026-04-29 00:00:00+00:00
[2026-04-28T03:49:50.110+0000] {processor.py:183} INFO - Processing /opt/airflow/dags/pipeline_dag.py took 0.123 seconds
[2026-04-28T03:50:20.282+0000] {processor.py:161} INFO - Started process (PID=507) to work on /opt/airflow/dags/pipeline_dag.py
[2026-04-28T03:50:20.283+0000] {processor.py:830} INFO - Processing file /opt/airflow/dags/pipeline_dag.py for tasks to queue
[2026-04-28T03:50:20.285+0000] {logging_mixin.py:188} INFO - [2026-04-28T03:50:20.284+0000] {dagbag.py:538} INFO - Filling up the DagBag from /opt/airflow/dags/pipeline_dag.py
[2026-04-28T03:50:20.303+0000] {processor.py:840} INFO - DAG(s) 'energy_pipeline' retrieved from /opt/airflow/dags/pipeline_dag.py
[2026-04-28T03:50:20.334+0000] {logging_mixin.py:188} INFO - [2026-04-28T03:50:20.333+0000] {dag.py:3036} INFO - Sync 1 DAGs
[2026-04-28T03:50:20.362+0000] {logging_mixin.py:188} INFO - [2026-04-28T03:50:20.362+0000] {dag.py:3823} INFO - Setting next_dagrun for energy_pipeline to 2026-04-28 00:00:00+00:00, run_after=2026-04-29 00:00:00+00:00
[2026-04-28T03:50:20.388+0000] {processor.py:183} INFO - Processing /opt/airflow/dags/pipeline_dag.py took 0.111 seconds
[2026-04-28T03:50:50.545+0000] {processor.py:161} INFO - Started process (PID=508) to work on /opt/airflow/dags/pipeline_dag.py
[2026-04-28T03:50:50.546+0000] {processor.py:830} INFO - Processing file /opt/airflow/dags/pipeline_dag.py for tasks to queue
[2026-04-28T03:50:50.547+0000] {logging_mixin.py:188} INFO - [2026-04-28T03:50:50.547+0000] {dagbag.py:538} INFO - Filling up the DagBag from /opt/airflow/dags/pipeline_dag.py
[2026-04-28T03:50:50.565+0000] {processor.py:840} INFO - DAG(s) 'energy_pipeline' retrieved from /opt/airflow/dags/pipeline_dag.py
[2026-04-28T03:50:50.594+0000] {logging_mixin.py:188} INFO - [2026-04-28T03:50:50.594+0000] {dag.py:3036} INFO - Sync 1 DAGs
[2026-04-28T03:50:50.620+0000] {logging_mixin.py:188} INFO - [2026-04-28T03:50:50.620+0000] {dag.py:3823} INFO - Setting next_dagrun for energy_pipeline to 2026-04-28 00:00:00+00:00, run_after=2026-04-29 00:00:00+00:00
[2026-04-28T03:50:50.644+0000] {processor.py:183} INFO - Processing /opt/airflow/dags/pipeline_dag.py took 0.104 seconds
[2026-04-28T03:51:20.790+0000] {processor.py:161} INFO - Started process (PID=509) to work on /opt/airflow/dags/pipeline_dag.py
[2026-04-28T03:51:20.791+0000] {processor.py:830} INFO - Processing file /opt/airflow/dags/pipeline_dag.py for tasks to queue
[2026-04-28T03:51:20.793+0000] {logging_mixin.py:188} INFO - [2026-04-28T03:51:20.792+0000] {dagbag.py:538} INFO - Filling up the DagBag from /opt/airflow/dags/pipeline_dag.py
[2026-04-28T03:51:20.812+0000] {processor.py:840} INFO - DAG(s) 'energy_pipeline' retrieved from /opt/airflow/dags/pipeline_dag.py
[2026-04-28T03:51:20.843+0000] {logging_mixin.py:188} INFO - [2026-04-28T03:51:20.843+0000] {dag.py:3036} INFO - Sync 1 DAGs
[2026-04-28T03:51:20.869+0000] {logging_mixin.py:188} INFO - [2026-04-28T03:51:20.868+0000] {dag.py:3823} INFO - Setting next_dagrun for energy_pipeline to 2026-04-28 00:00:00+00:00, run_after=2026-04-29 00:00:00+00:00
[2026-04-28T03:51:20.893+0000] {processor.py:183} INFO - Processing /opt/airflow/dags/pipeline_dag.py took 0.107 seconds
[2026-04-28T03:51:51.043+0000] {processor.py:161} INFO - Started process (PID=510) to work on /opt/airflow/dags/pipeline_dag.py
[2026-04-28T03:51:51.044+0000] {processor.py:830} INFO - Processing file /opt/airflow/dags/pipeline_dag.py for tasks to queue
[2026-04-28T03:51:51.045+0000] {logging_mixin.py:188} INFO - [2026-04-28T03:51:51.045+0000] {dagbag.py:538} INFO - Filling up the DagBag from /opt/airflow/dags/pipeline_dag.py
[2026-04-28T03:51:51.062+0000] {processor.py:840} INFO - DAG(s) 'energy_pipeline' retrieved from /opt/airflow/dags/pipeline_dag.py
[2026-04-28T03:51:51.090+0000] {logging_mixin.py:188} INFO - [2026-04-28T03:51:51.090+0000] {dag.py:3036} INFO - Sync 1 DAGs
[2026-04-28T03:51:51.115+0000] {logging_mixin.py:188} INFO - [2026-04-28T03:51:51.115+0000] {dag.py:3823} INFO - Setting next_dagrun for energy_pipeline to 2026-04-28 00:00:00+00:00, run_after=2026-04-29 00:00:00+00:00
[2026-04-28T03:51:51.140+0000] {processor.py:183} INFO - Processing /opt/airflow/dags/pipeline_dag.py took 0.101 seconds
[2026-04-28T03:52:21.322+0000] {processor.py:161} INFO - Started process (PID=511) to work on /opt/airflow/dags/pipeline_dag.py
[2026-04-28T03:52:21.323+0000] {processor.py:830} INFO - Processing file /opt/airflow/dags/pipeline_dag.py for tasks to queue
[2026-04-28T03:52:21.324+0000] {logging_mixin.py:188} INFO - [2026-04-28T03:52:21.324+0000] {dagbag.py:538} INFO - Filling up the DagBag from /opt/airflow/dags/pipeline_dag.py
[2026-04-28T03:52:21.343+0000] {processor.py:840} INFO - DAG(s) 'energy_pipeline' retrieved from /opt/airflow/dags/pipeline_dag.py
[2026-04-28T03:52:21.372+0000] {logging_mixin.py:188} INFO - [2026-04-28T03:52:21.372+0000] {dag.py:3036} INFO - Sync 1 DAGs
[2026-04-28T03:52:21.396+0000] {logging_mixin.py:188} INFO - [2026-04-28T03:52:21.396+0000] {dag.py:3823} INFO - Setting next_dagrun for energy_pipeline to 2026-04-28 00:00:00+00:00, run_after=2026-04-29 00:00:00+00:00
[2026-04-28T03:52:21.419+0000] {processor.py:183} INFO - Processing /opt/airflow/dags/pipeline_dag.py took 0.101 seconds
[2026-04-28T03:52:51.605+0000] {processor.py:161} INFO - Started process (PID=512) to work on /opt/airflow/dags/pipeline_dag.py
[2026-04-28T03:52:51.607+0000] {processor.py:830} INFO - Processing file /opt/airflow/dags/pipeline_dag.py for tasks to queue
[2026-04-28T03:52:51.608+0000] {logging_mixin.py:188} INFO - [2026-04-28T03:52:51.608+0000] {dagbag.py:538} INFO - Filling up the DagBag from /opt/airflow/dags/pipeline_dag.py
[2026-04-28T03:52:51.626+0000] {processor.py:840} INFO - DAG(s) 'energy_pipeline' retrieved from /opt/airflow/dags/pipeline_dag.py
[2026-04-28T03:52:51.655+0000] {logging_mixin.py:188} INFO - [2026-04-28T03:52:51.655+0000] {dag.py:3036} INFO - Sync 1 DAGs
[2026-04-28T03:52:51.679+0000] {logging_mixin.py:188} INFO - [2026-04-28T03:52:51.679+0000] {dag.py:3823} INFO - Setting next_dagrun for energy_pipeline to 2026-04-28 00:00:00+00:00, run_after=2026-04-29 00:00:00+00:00
[2026-04-28T03:52:51.698+0000] {processor.py:183} INFO - Processing /opt/airflow/dags/pipeline_dag.py took 0.097 seconds
[2026-04-28T03:53:21.881+0000] {processor.py:161} INFO - Started process (PID=513) to work on /opt/airflow/dags/pipeline_dag.py
[2026-04-28T03:53:21.882+0000] {processor.py:830} INFO - Processing file /opt/airflow/dags/pipeline_dag.py for tasks to queue
[2026-04-28T03:53:21.883+0000] {logging_mixin.py:188} INFO - [2026-04-28T03:53:21.883+0000] {dagbag.py:538} INFO - Filling up the DagBag from /opt/airflow/dags/pipeline_dag.py
[2026-04-28T03:53:21.901+0000] {processor.py:840} INFO - DAG(s) 'energy_pipeline' retrieved from /opt/airflow/dags/pipeline_dag.py
[2026-04-28T03:53:21.930+0000] {logging_mixin.py:188} INFO - [2026-04-28T03:53:21.930+0000] {dag.py:3036} INFO - Sync 1 DAGs
[2026-04-28T03:53:21.953+0000] {logging_mixin.py:188} INFO - [2026-04-28T03:53:21.953+0000] {dag.py:3823} INFO - Setting next_dagrun for energy_pipeline to 2026-04-28 00:00:00+00:00, run_after=2026-04-29 00:00:00+00:00
[2026-04-28T03:53:21.975+0000] {processor.py:183} INFO - Processing /opt/airflow/dags/pipeline_dag.py took 0.098 seconds
[2026-04-28T03:53:52.157+0000] {processor.py:161} INFO - Started process (PID=514) to work on /opt/airflow/dags/pipeline_dag.py
[2026-04-28T03:53:52.159+0000] {processor.py:830} INFO - Processing file /opt/airflow/dags/pipeline_dag.py for tasks to queue
[2026-04-28T03:53:52.160+0000] {logging_mixin.py:188} INFO - [2026-04-28T03:53:52.159+0000] {dagbag.py:538} INFO - Filling up the DagBag from /opt/airflow/dags/pipeline_dag.py
[2026-04-28T03:53:52.175+0000] {processor.py:840} INFO - DAG(s) 'energy_pipeline' retrieved from /opt/airflow/dags/pipeline_dag.py
[2026-04-28T03:53:52.199+0000] {logging_mixin.py:188} INFO - [2026-04-28T03:53:52.199+0000] {dag.py:3036} INFO - Sync 1 DAGs
[2026-04-28T03:53:52.222+0000] {logging_mixin.py:188} INFO - [2026-04-28T03:53:52.222+0000] {dag.py:3823} INFO - Setting next_dagrun for energy_pipeline to 2026-04-28 00:00:00+00:00, run_after=2026-04-29 00:00:00+00:00
[2026-04-28T03:53:52.243+0000] {processor.py:183} INFO - Processing /opt/airflow/dags/pipeline_dag.py took 0.089 seconds
[2026-04-28T03:54:22.330+0000] {processor.py:161} INFO - Started process (PID=515) to work on /opt/airflow/dags/pipeline_dag.py
[2026-04-28T03:54:22.331+0000] {processor.py:830} INFO - Processing file /opt/airflow/dags/pipeline_dag.py for tasks to queue
[2026-04-28T03:54:22.332+0000] {logging_mixin.py:188} INFO - [2026-04-28T03:54:22.332+0000] {dagbag.py:538} INFO - Filling up the DagBag from /opt/airflow/dags/pipeline_dag.py
[2026-04-28T03:54:22.350+0000] {processor.py:840} INFO - DAG(s) 'energy_pipeline' retrieved from /opt/airflow/dags/pipeline_dag.py
[2026-04-28T03:54:22.377+0000] {logging_mixin.py:188} INFO - [2026-04-28T03:54:22.376+0000] {dag.py:3036} INFO - Sync 1 DAGs
[2026-04-28T03:54:22.399+0000] {logging_mixin.py:188} INFO - [2026-04-28T03:54:22.398+0000] {dag.py:3823} INFO - Setting next_dagrun for energy_pipeline to 2026-04-28 00:00:00+00:00, run_after=2026-04-29 00:00:00+00:00
[2026-04-28T03:54:22.419+0000] {processor.py:183} INFO - Processing /opt/airflow/dags/pipeline_dag.py took 0.092 seconds
[2026-04-28T03:54:52.499+0000] {processor.py:161} INFO - Started process (PID=516) to work on /opt/airflow/dags/pipeline_dag.py
[2026-04-28T03:54:52.501+0000] {processor.py:830} INFO - Processing file /opt/airflow/dags/pipeline_dag.py for tasks to queue
[2026-04-28T03:54:52.502+0000] {logging_mixin.py:188} INFO - [2026-04-28T03:54:52.501+0000] {dagbag.py:538} INFO - Filling up the DagBag from /opt/airflow/dags/pipeline_dag.py
[2026-04-28T03:54:52.518+0000] {processor.py:840} INFO - DAG(s) 'energy_pipeline' retrieved from /opt/airflow/dags/pipeline_dag.py
[2026-04-28T03:54:52.544+0000] {logging_mixin.py:188} INFO - [2026-04-28T03:54:52.544+0000] {dag.py:3036} INFO - Sync 1 DAGs
[2026-04-28T03:54:52.567+0000] {logging_mixin.py:188} INFO - [2026-04-28T03:54:52.567+0000] {dag.py:3823} INFO - Setting next_dagrun for energy_pipeline to 2026-04-28 00:00:00+00:00, run_after=2026-04-29 00:00:00+00:00
[2026-04-28T03:54:52.588+0000] {processor.py:183} INFO - Processing /opt/airflow/dags/pipeline_dag.py took 0.092 seconds
[2026-04-28T03:55:22.654+0000] {processor.py:161} INFO - Started process (PID=517) to work on /opt/airflow/dags/pipeline_dag.py
[2026-04-28T03:55:22.655+0000] {processor.py:830} INFO - Processing file /opt/airflow/dags/pipeline_dag.py for tasks to queue
[2026-04-28T03:55:22.656+0000] {logging_mixin.py:188} INFO - [2026-04-28T03:55:22.655+0000] {dagbag.py:538} INFO - Filling up the DagBag from /opt/airflow/dags/pipeline_dag.py
[2026-04-28T03:55:22.670+0000] {processor.py:840} INFO - DAG(s) 'energy_pipeline' retrieved from /opt/airflow/dags/pipeline_dag.py
[2026-04-28T03:55:22.696+0000] {logging_mixin.py:188} INFO - [2026-04-28T03:55:22.696+0000] {dag.py:3036} INFO - Sync 1 DAGs
[2026-04-28T03:55:22.718+0000] {logging_mixin.py:188} INFO - [2026-04-28T03:55:22.718+0000] {dag.py:3823} INFO - Setting next_dagrun for energy_pipeline to 2026-04-28 00:00:00+00:00, run_after=2026-04-29 00:00:00+00:00
[2026-04-28T03:55:22.737+0000] {processor.py:183} INFO - Processing /opt/airflow/dags/pipeline_dag.py took 0.087 seconds
[2026-04-28T03:55:52.830+0000] {processor.py:161} INFO - Started process (PID=518) to work on /opt/airflow/dags/pipeline_dag.py
[2026-04-28T03:55:52.832+0000] {processor.py:830} INFO - Processing file /opt/airflow/dags/pipeline_dag.py for tasks to queue
[2026-04-28T03:55:52.833+0000] {logging_mixin.py:188} INFO - [2026-04-28T03:55:52.832+0000] {dagbag.py:538} INFO - Filling up the DagBag from /opt/airflow/dags/pipeline_dag.py
[2026-04-28T03:55:52.852+0000] {processor.py:840} INFO - DAG(s) 'energy_pipeline' retrieved from /opt/airflow/dags/pipeline_dag.py
[2026-04-28T03:55:52.882+0000] {logging_mixin.py:188} INFO - [2026-04-28T03:55:52.882+0000] {dag.py:3036} INFO - Sync 1 DAGs
[2026-04-28T03:55:52.908+0000] {logging_mixin.py:188} INFO - [2026-04-28T03:55:52.907+0000] {dag.py:3823} INFO - Setting next_dagrun for energy_pipeline to 2026-04-28 00:00:00+00:00, run_after=2026-04-29 00:00:00+00:00
[2026-04-28T03:55:52.931+0000] {processor.py:183} INFO - Processing /opt/airflow/dags/pipeline_dag.py took 0.105 seconds
[2026-04-28T03:56:23.118+0000] {processor.py:161} INFO - Started process (PID=519) to work on /opt/airflow/dags/pipeline_dag.py
[2026-04-28T03:56:23.136+0000] {processor.py:830} INFO - Processing file /opt/airflow/dags/pipeline_dag.py for tasks to queue
[2026-04-28T03:56:23.138+0000] {logging_mixin.py:188} INFO - [2026-04-28T03:56:23.137+0000] {dagbag.py:538} INFO - Filling up the DagBag from /opt/airflow/dags/pipeline_dag.py
[2026-04-28T03:56:23.159+0000] {processor.py:840} INFO - DAG(s) 'energy_pipeline' retrieved from /opt/airflow/dags/pipeline_dag.py
[2026-04-28T03:56:23.189+0000] {logging_mixin.py:188} INFO - [2026-04-28T03:56:23.189+0000] {dag.py:3036} INFO - Sync 1 DAGs
[2026-04-28T03:56:23.216+0000] {logging_mixin.py:188} INFO - [2026-04-28T03:56:23.216+0000] {dag.py:3823} INFO - Setting next_dagrun for energy_pipeline to 2026-04-28 00:00:00+00:00, run_after=2026-04-29 00:00:00+00:00
[2026-04-28T03:56:23.240+0000] {processor.py:183} INFO - Processing /opt/airflow/dags/pipeline_dag.py took 0.125 seconds
[2026-04-28T03:56:53.378+0000] {processor.py:161} INFO - Started process (PID=520) to work on /opt/airflow/dags/pipeline_dag.py
[2026-04-28T03:56:53.379+0000] {processor.py:830} INFO - Processing file /opt/airflow/dags/pipeline_dag.py for tasks to queue
[2026-04-28T03:56:53.381+0000] {logging_mixin.py:188} INFO - [2026-04-28T03:56:53.381+0000] {dagbag.py:538} INFO - Filling up the DagBag from /opt/airflow/dags/pipeline_dag.py
[2026-04-28T03:56:53.415+0000] {processor.py:840} INFO - DAG(s) 'energy_pipeline' retrieved from /opt/airflow/dags/pipeline_dag.py
[2026-04-28T03:56:53.454+0000] {logging_mixin.py:188} INFO - [2026-04-28T03:56:53.454+0000] {dag.py:3036} INFO - Sync 1 DAGs
[2026-04-28T03:56:53.483+0000] {logging_mixin.py:188} INFO - [2026-04-28T03:56:53.483+0000] {dag.py:3823} INFO - Setting next_dagrun for energy_pipeline to 2026-04-28 00:00:00+00:00, run_after=2026-04-29 00:00:00+00:00
[2026-04-28T03:56:53.515+0000] {processor.py:183} INFO - Processing /opt/airflow/dags/pipeline_dag.py took 0.141 seconds
[2026-04-28T03:57:23.658+0000] {processor.py:161} INFO - Started process (PID=521) to work on /opt/airflow/dags/pipeline_dag.py
[2026-04-28T03:57:23.661+0000] {processor.py:830} INFO - Processing file /opt/airflow/dags/pipeline_dag.py for tasks to queue
[2026-04-28T03:57:23.662+0000] {logging_mixin.py:188} INFO - [2026-04-28T03:57:23.661+0000] {dagbag.py:538} INFO - Filling up the DagBag from /opt/airflow/dags/pipeline_dag.py
[2026-04-28T03:57:23.679+0000] {processor.py:840} INFO - DAG(s) 'energy_pipeline' retrieved from /opt/airflow/dags/pipeline_dag.py
[2026-04-28T03:57:23.707+0000] {logging_mixin.py:188} INFO - [2026-04-28T03:57:23.707+0000] {dag.py:3036} INFO - Sync 1 DAGs
[2026-04-28T03:57:23.731+0000] {logging_mixin.py:188} INFO - [2026-04-28T03:57:23.730+0000] {dag.py:3823} INFO - Setting next_dagrun for energy_pipeline to 2026-04-28 00:00:00+00:00, run_after=2026-04-29 00:00:00+00:00
[2026-04-28T03:57:23.752+0000] {processor.py:183} INFO - Processing /opt/airflow/dags/pipeline_dag.py took 0.098 seconds
[2026-04-28T03:57:53.933+0000] {processor.py:161} INFO - Started process (PID=522) to work on /opt/airflow/dags/pipeline_dag.py
[2026-04-28T03:57:53.934+0000] {processor.py:830} INFO - Processing file /opt/airflow/dags/pipeline_dag.py for tasks to queue
[2026-04-28T03:57:53.936+0000] {logging_mixin.py:188} INFO - [2026-04-28T03:57:53.935+0000] {dagbag.py:538} INFO - Filling up the DagBag from /opt/airflow/dags/pipeline_dag.py
[2026-04-28T03:57:53.957+0000] {processor.py:840} INFO - DAG(s) 'energy_pipeline' retrieved from /opt/airflow/dags/pipeline_dag.py
[2026-04-28T03:57:53.989+0000] {logging_mixin.py:188} INFO - [2026-04-28T03:57:53.989+0000] {dag.py:3036} INFO - Sync 1 DAGs
[2026-04-28T03:57:54.020+0000] {logging_mixin.py:188} INFO - [2026-04-28T03:57:54.020+0000] {dag.py:3823} INFO - Setting next_dagrun for energy_pipeline to 2026-04-28 00:00:00+00:00, run_after=2026-04-29 00:00:00+00:00
[2026-04-28T03:57:54.051+0000] {processor.py:183} INFO - Processing /opt/airflow/dags/pipeline_dag.py took 0.121 seconds
[2026-04-28T03:58:24.194+0000] {processor.py:161} INFO - Started process (PID=523) to work on /opt/airflow/dags/pipeline_dag.py
[2026-04-28T03:58:24.195+0000] {processor.py:830} INFO - Processing file /opt/airflow/dags/pipeline_dag.py for tasks to queue
[2026-04-28T03:58:24.197+0000] {logging_mixin.py:188} INFO - [2026-04-28T03:58:24.196+0000] {dagbag.py:538} INFO - Filling up the DagBag from /opt/airflow/dags/pipeline_dag.py
[2026-04-28T03:58:24.221+0000] {processor.py:840} INFO - DAG(s) 'energy_pipeline' retrieved from /opt/airflow/dags/pipeline_dag.py
[2026-04-28T03:58:24.266+0000] {logging_mixin.py:188} INFO - [2026-04-28T03:58:24.266+0000] {dag.py:3036} INFO - Sync 1 DAGs
[2026-04-28T03:58:24.296+0000] {logging_mixin.py:188} INFO - [2026-04-28T03:58:24.296+0000] {dag.py:3823} INFO - Setting next_dagrun for energy_pipeline to 2026-04-28 00:00:00+00:00, run_after=2026-04-29 00:00:00+00:00
[2026-04-28T03:58:24.321+0000] {processor.py:183} INFO - Processing /opt/airflow/dags/pipeline_dag.py took 0.130 seconds
[2026-04-28T03:58:54.439+0000] {processor.py:161} INFO - Started process (PID=524) to work on /opt/airflow/dags/pipeline_dag.py
[2026-04-28T03:58:54.440+0000] {processor.py:830} INFO - Processing file /opt/airflow/dags/pipeline_dag.py for tasks to queue
[2026-04-28T03:58:54.441+0000] {logging_mixin.py:188} INFO - [2026-04-28T03:58:54.441+0000] {dagbag.py:538} INFO - Filling up the DagBag from /opt/airflow/dags/pipeline_dag.py
[2026-04-28T03:58:54.460+0000] {processor.py:840} INFO - DAG(s) 'energy_pipeline' retrieved from /opt/airflow/dags/pipeline_dag.py
[2026-04-28T03:58:54.492+0000] {logging_mixin.py:188} INFO - [2026-04-28T03:58:54.492+0000] {dag.py:3036} INFO - Sync 1 DAGs
[2026-04-28T03:58:54.524+0000] {logging_mixin.py:188} INFO - [2026-04-28T03:58:54.524+0000] {dag.py:3823} INFO - Setting next_dagrun for energy_pipeline to 2026-04-28 00:00:00+00:00, run_after=2026-04-29 00:00:00+00:00
[2026-04-28T03:58:54.555+0000] {processor.py:183} INFO - Processing /opt/airflow/dags/pipeline_dag.py took 0.121 seconds
[2026-04-28T03:59:24.688+0000] {processor.py:161} INFO - Started process (PID=525) to work on /opt/airflow/dags/pipeline_dag.py
[2026-04-28T03:59:24.690+0000] {processor.py:830} INFO - Processing file /opt/airflow/dags/pipeline_dag.py for tasks to queue
[2026-04-28T03:59:24.692+0000] {logging_mixin.py:188} INFO - [2026-04-28T03:59:24.692+0000] {dagbag.py:538} INFO - Filling up the DagBag from /opt/airflow/dags/pipeline_dag.py
[2026-04-28T03:59:24.716+0000] {processor.py:840} INFO - DAG(s) 'energy_pipeline' retrieved from /opt/airflow/dags/pipeline_dag.py
[2026-04-28T03:59:24.754+0000] {logging_mixin.py:188} INFO - [2026-04-28T03:59:24.754+0000] {dag.py:3036} INFO - Sync 1 DAGs
[2026-04-28T03:59:24.783+0000] {logging_mixin.py:188} INFO - [2026-04-28T03:59:24.782+0000] {dag.py:3823} INFO - Setting next_dagrun for energy_pipeline to 2026-04-28 00:00:00+00:00, run_after=2026-04-29 00:00:00+00:00
[2026-04-28T03:59:24.811+0000] {processor.py:183} INFO - Processing /opt/airflow/dags/pipeline_dag.py took 0.126 seconds
[2026-04-28T03:59:54.928+0000] {processor.py:161} INFO - Started process (PID=526) to work on /opt/airflow/dags/pipeline_dag.py
[2026-04-28T03:59:54.929+0000] {processor.py:830} INFO - Processing file /opt/airflow/dags/pipeline_dag.py for tasks to queue
[2026-04-28T03:59:54.930+0000] {logging_mixin.py:188} INFO - [2026-04-28T03:59:54.930+0000] {dagbag.py:538} INFO - Filling up the DagBag from /opt/airflow/dags/pipeline_dag.py
[2026-04-28T03:59:54.947+0000] {processor.py:840} INFO - DAG(s) 'energy_pipeline' retrieved from /opt/airflow/dags/pipeline_dag.py
[2026-04-28T03:59:54.981+0000] {logging_mixin.py:188} INFO - [2026-04-28T03:59:54.981+0000] {dag.py:3036} INFO - Sync 1 DAGs
[2026-04-28T03:59:55.009+0000] {logging_mixin.py:188} INFO - [2026-04-28T03:59:55.009+0000] {dag.py:3823} INFO - Setting next_dagrun for energy_pipeline to 2026-04-28 00:00:00+00:00, run_after=2026-04-29 00:00:00+00:00
[2026-04-28T03:59:55.036+0000] {processor.py:183} INFO - Processing /opt/airflow/dags/pipeline_dag.py took 0.111 seconds
[2026-04-28T04:00:25.164+0000] {processor.py:161} INFO - Started process (PID=527) to work on /opt/airflow/dags/pipeline_dag.py
[2026-04-28T04:00:25.165+0000] {processor.py:830} INFO - Processing file /opt/airflow/dags/pipeline_dag.py for tasks to queue
[2026-04-28T04:00:25.166+0000] {logging_mixin.py:188} INFO - [2026-04-28T04:00:25.166+0000] {dagbag.py:538} INFO - Filling up the DagBag from /opt/airflow/dags/pipeline_dag.py
[2026-04-28T04:00:25.185+0000] {processor.py:840} INFO - DAG(s) 'energy_pipeline' retrieved from /opt/airflow/dags/pipeline_dag.py
[2026-04-28T04:00:25.212+0000] {logging_mixin.py:188} INFO - [2026-04-28T04:00:25.212+0000] {dag.py:3036} INFO - Sync 1 DAGs
[2026-04-28T04:00:25.244+0000] {logging_mixin.py:188} INFO - [2026-04-28T04:00:25.243+0000] {dag.py:3823} INFO - Setting next_dagrun for energy_pipeline to 2026-04-28 00:00:00+00:00, run_after=2026-04-29 00:00:00+00:00
[2026-04-28T04:00:25.277+0000] {processor.py:183} INFO - Processing /opt/airflow/dags/pipeline_dag.py took 0.117 seconds
[2026-04-28T04:00:55.401+0000] {processor.py:161} INFO - Started process (PID=528) to work on /opt/airflow/dags/pipeline_dag.py
[2026-04-28T04:00:55.402+0000] {processor.py:830} INFO - Processing file /opt/airflow/dags/pipeline_dag.py for tasks to queue
[2026-04-28T04:00:55.403+0000] {logging_mixin.py:188} INFO - [2026-04-28T04:00:55.403+0000] {dagbag.py:538} INFO - Filling up the DagBag from /opt/airflow/dags/pipeline_dag.py
[2026-04-28T04:00:55.421+0000] {processor.py:840} INFO - DAG(s) 'energy_pipeline' retrieved from /opt/airflow/dags/pipeline_dag.py
[2026-04-28T04:00:55.453+0000] {logging_mixin.py:188} INFO - [2026-04-28T04:00:55.453+0000] {dag.py:3036} INFO - Sync 1 DAGs
[2026-04-28T04:00:55.485+0000] {logging_mixin.py:188} INFO - [2026-04-28T04:00:55.484+0000] {dag.py:3823} INFO - Setting next_dagrun for energy_pipeline to 2026-04-28 00:00:00+00:00, run_after=2026-04-29 00:00:00+00:00
[2026-04-28T04:00:55.513+0000] {processor.py:183} INFO - Processing /opt/airflow/dags/pipeline_dag.py took 0.115 seconds
[2026-04-28T04:01:25.649+0000] {processor.py:161} INFO - Started process (PID=529) to work on /opt/airflow/dags/pipeline_dag.py
[2026-04-28T04:01:25.651+0000] {processor.py:830} INFO - Processing file /opt/airflow/dags/pipeline_dag.py for tasks to queue
[2026-04-28T04:01:25.652+0000] {logging_mixin.py:188} INFO - [2026-04-28T04:01:25.652+0000] {dagbag.py:538} INFO - Filling up the DagBag from /opt/airflow/dags/pipeline_dag.py
[2026-04-28T04:01:25.671+0000] {processor.py:840} INFO - DAG(s) 'energy_pipeline' retrieved from /opt/airflow/dags/pipeline_dag.py
[2026-04-28T04:01:25.701+0000] {logging_mixin.py:188} INFO - [2026-04-28T04:01:25.701+0000] {dag.py:3036} INFO - Sync 1 DAGs
[2026-04-28T04:01:25.726+0000] {logging_mixin.py:188} INFO - [2026-04-28T04:01:25.725+0000] {dag.py:3823} INFO - Setting next_dagrun for energy_pipeline to 2026-04-28 00:00:00+00:00, run_after=2026-04-29 00:00:00+00:00
[2026-04-28T04:01:25.746+0000] {processor.py:183} INFO - Processing /opt/airflow/dags/pipeline_dag.py took 0.101 seconds
[2026-04-28T04:01:55.865+0000] {processor.py:161} INFO - Started process (PID=530) to work on /opt/airflow/dags/pipeline_dag.py
[2026-04-28T04:01:55.866+0000] {processor.py:830} INFO - Processing file /opt/airflow/dags/pipeline_dag.py for tasks to queue
[2026-04-28T04:01:55.867+0000] {logging_mixin.py:188} INFO - [2026-04-28T04:01:55.867+0000] {dagbag.py:538} INFO - Filling up the DagBag from /opt/airflow/dags/pipeline_dag.py
[2026-04-28T04:01:55.883+0000] {processor.py:840} INFO - DAG(s) 'energy_pipeline' retrieved from /opt/airflow/dags/pipeline_dag.py
[2026-04-28T04:01:55.915+0000] {logging_mixin.py:188} INFO - [2026-04-28T04:01:55.915+0000] {dag.py:3036} INFO - Sync 1 DAGs
[2026-04-28T04:01:55.943+0000] {logging_mixin.py:188} INFO - [2026-04-28T04:01:55.943+0000] {dag.py:3823} INFO - Setting next_dagrun for energy_pipeline to 2026-04-28 00:00:00+00:00, run_after=2026-04-29 00:00:00+00:00
[2026-04-28T04:01:55.969+0000] {processor.py:183} INFO - Processing /opt/airflow/dags/pipeline_dag.py took 0.107 seconds
[2026-04-28T04:02:26.138+0000] {processor.py:161} INFO - Started process (PID=531) to work on /opt/airflow/dags/pipeline_dag.py
[2026-04-28T04:02:26.139+0000] {processor.py:830} INFO - Processing file /opt/airflow/dags/pipeline_dag.py for tasks to queue
[2026-04-28T04:02:26.141+0000] {logging_mixin.py:188} INFO - [2026-04-28T04:02:26.140+0000] {dagbag.py:538} INFO - Filling up the DagBag from /opt/airflow/dags/pipeline_dag.py
[2026-04-28T04:02:26.158+0000] {processor.py:840} INFO - DAG(s) 'energy_pipeline' retrieved from /opt/airflow/dags/pipeline_dag.py
[2026-04-28T04:02:26.186+0000] {logging_mixin.py:188} INFO - [2026-04-28T04:02:26.186+0000] {dag.py:3036} INFO - Sync 1 DAGs
[2026-04-28T04:02:26.210+0000] {logging_mixin.py:188} INFO - [2026-04-28T04:02:26.210+0000] {dag.py:3823} INFO - Setting next_dagrun for energy_pipeline to 2026-04-28 00:00:00+00:00, run_after=2026-04-29 00:00:00+00:00
[2026-04-28T04:02:26.235+0000] {processor.py:183} INFO - Processing /opt/airflow/dags/pipeline_dag.py took 0.100 seconds
[2026-04-28T04:02:56.422+0000] {processor.py:161} INFO - Started process (PID=532) to work on /opt/airflow/dags/pipeline_dag.py
[2026-04-28T04:02:56.423+0000] {processor.py:830} INFO - Processing file /opt/airflow/dags/pipeline_dag.py for tasks to queue
[2026-04-28T04:02:56.424+0000] {logging_mixin.py:188} INFO - [2026-04-28T04:02:56.424+0000] {dagbag.py:538} INFO - Filling up the DagBag from /opt/airflow/dags/pipeline_dag.py
[2026-04-28T04:02:56.444+0000] {processor.py:840} INFO - DAG(s) 'energy_pipeline' retrieved from /opt/airflow/dags/pipeline_dag.py
[2026-04-28T04:02:56.475+0000] {logging_mixin.py:188} INFO - [2026-04-28T04:02:56.475+0000] {dag.py:3036} INFO - Sync 1 DAGs
[2026-04-28T04:02:56.501+0000] {logging_mixin.py:188} INFO - [2026-04-28T04:02:56.501+0000] {dag.py:3823} INFO - Setting next_dagrun for energy_pipeline to 2026-04-28 00:00:00+00:00, run_after=2026-04-29 00:00:00+00:00
[2026-04-28T04:02:56.524+0000] {processor.py:183} INFO - Processing /opt/airflow/dags/pipeline_dag.py took 0.105 seconds
[2026-04-28T04:03:26.694+0000] {processor.py:161} INFO - Started process (PID=533) to work on /opt/airflow/dags/pipeline_dag.py
[2026-04-28T04:03:26.695+0000] {processor.py:830} INFO - Processing file /opt/airflow/dags/pipeline_dag.py for tasks to queue
[2026-04-28T04:03:26.696+0000] {logging_mixin.py:188} INFO - [2026-04-28T04:03:26.696+0000] {dagbag.py:538} INFO - Filling up the DagBag from /opt/airflow/dags/pipeline_dag.py
[2026-04-28T04:03:26.713+0000] {processor.py:840} INFO - DAG(s) 'energy_pipeline' retrieved from /opt/airflow/dags/pipeline_dag.py
[2026-04-28T04:03:26.739+0000] {logging_mixin.py:188} INFO - [2026-04-28T04:03:26.739+0000] {dag.py:3036} INFO - Sync 1 DAGs
[2026-04-28T04:03:26.762+0000] {logging_mixin.py:188} INFO - [2026-04-28T04:03:26.762+0000] {dag.py:3823} INFO - Setting next_dagrun for energy_pipeline to 2026-04-28 00:00:00+00:00, run_after=2026-04-29 00:00:00+00:00
[2026-04-28T04:03:26.783+0000] {processor.py:183} INFO - Processing /opt/airflow/dags/pipeline_dag.py took 0.093 seconds
[2026-04-28T04:03:56.851+0000] {processor.py:161} INFO - Started process (PID=534) to work on /opt/airflow/dags/pipeline_dag.py
[2026-04-28T04:03:56.852+0000] {processor.py:830} INFO - Processing file /opt/airflow/dags/pipeline_dag.py for tasks to queue
[2026-04-28T04:03:56.853+0000] {logging_mixin.py:188} INFO - [2026-04-28T04:03:56.853+0000] {dagbag.py:538} INFO - Filling up the DagBag from /opt/airflow/dags/pipeline_dag.py
[2026-04-28T04:03:56.869+0000] {processor.py:840} INFO - DAG(s) 'energy_pipeline' retrieved from /opt/airflow/dags/pipeline_dag.py
[2026-04-28T04:03:56.895+0000] {logging_mixin.py:188} INFO - [2026-04-28T04:03:56.895+0000] {dag.py:3036} INFO - Sync 1 DAGs
[2026-04-28T04:03:56.918+0000] {logging_mixin.py:188} INFO - [2026-04-28T04:03:56.918+0000] {dag.py:3823} INFO - Setting next_dagrun for energy_pipeline to 2026-04-28 00:00:00+00:00, run_after=2026-04-29 00:00:00+00:00
[2026-04-28T04:03:56.938+0000] {processor.py:183} INFO - Processing /opt/airflow/dags/pipeline_dag.py took 0.091 seconds
[2026-04-28T04:04:27.024+0000] {processor.py:161} INFO - Started process (PID=535) to work on /opt/airflow/dags/pipeline_dag.py
[2026-04-28T04:04:27.025+0000] {processor.py:830} INFO - Processing file /opt/airflow/dags/pipeline_dag.py for tasks to queue
[2026-04-28T04:04:27.026+0000] {logging_mixin.py:188} INFO - [2026-04-28T04:04:27.026+0000] {dagbag.py:538} INFO - Filling up the DagBag from /opt/airflow/dags/pipeline_dag.py
[2026-04-28T04:04:27.043+0000] {processor.py:840} INFO - DAG(s) 'energy_pipeline' retrieved from /opt/airflow/dags/pipeline_dag.py
[2026-04-28T04:04:27.068+0000] {logging_mixin.py:188} INFO - [2026-04-28T04:04:27.068+0000] {dag.py:3036} INFO - Sync 1 DAGs
[2026-04-28T04:04:27.092+0000] {logging_mixin.py:188} INFO - [2026-04-28T04:04:27.092+0000] {dag.py:3823} INFO - Setting next_dagrun for energy_pipeline to 2026-04-28 00:00:00+00:00, run_after=2026-04-29 00:00:00+00:00
[2026-04-28T04:04:27.114+0000] {processor.py:183} INFO - Processing /opt/airflow/dags/pipeline_dag.py took 0.093 seconds
[2026-04-28T04:04:57.201+0000] {processor.py:161} INFO - Started process (PID=536) to work on /opt/airflow/dags/pipeline_dag.py
[2026-04-28T04:04:57.202+0000] {processor.py:830} INFO - Processing file /opt/airflow/dags/pipeline_dag.py for tasks to queue
[2026-04-28T04:04:57.203+0000] {logging_mixin.py:188} INFO - [2026-04-28T04:04:57.203+0000] {dagbag.py:538} INFO - Filling up the DagBag from /opt/airflow/dags/pipeline_dag.py
[2026-04-28T04:04:57.220+0000] {processor.py:840} INFO - DAG(s) 'energy_pipeline' retrieved from /opt/airflow/dags/pipeline_dag.py
[2026-04-28T04:04:57.246+0000] {logging_mixin.py:188} INFO - [2026-04-28T04:04:57.246+0000] {dag.py:3036} INFO - Sync 1 DAGs
[2026-04-28T04:04:57.269+0000] {logging_mixin.py:188} INFO - [2026-04-28T04:04:57.268+0000] {dag.py:3823} INFO - Setting next_dagrun for energy_pipeline to 2026-04-28 00:00:00+00:00, run_after=2026-04-29 00:00:00+00:00
[2026-04-28T04:04:57.291+0000] {processor.py:183} INFO - Processing /opt/airflow/dags/pipeline_dag.py took 0.093 seconds
[2026-04-28T04:05:27.377+0000] {processor.py:161} INFO - Started process (PID=537) to work on /opt/airflow/dags/pipeline_dag.py
[2026-04-28T04:05:27.378+0000] {processor.py:830} INFO - Processing file /opt/airflow/dags/pipeline_dag.py for tasks to queue
[2026-04-28T04:05:27.379+0000] {logging_mixin.py:188} INFO - [2026-04-28T04:05:27.379+0000] {dagbag.py:538} INFO - Filling up the DagBag from /opt/airflow/dags/pipeline_dag.py
[2026-04-28T04:05:27.395+0000] {processor.py:840} INFO - DAG(s) 'energy_pipeline' retrieved from /opt/airflow/dags/pipeline_dag.py
[2026-04-28T04:05:27.422+0000] {logging_mixin.py:188} INFO - [2026-04-28T04:05:27.421+0000] {dag.py:3036} INFO - Sync 1 DAGs
[2026-04-28T04:05:27.446+0000] {logging_mixin.py:188} INFO - [2026-04-28T04:05:27.446+0000] {dag.py:3823} INFO - Setting next_dagrun for energy_pipeline to 2026-04-28 00:00:00+00:00, run_after=2026-04-29 00:00:00+00:00
[2026-04-28T04:05:27.466+0000] {processor.py:183} INFO - Processing /opt/airflow/dags/pipeline_dag.py took 0.093 seconds
[2026-04-28T04:05:57.557+0000] {processor.py:161} INFO - Started process (PID=538) to work on /opt/airflow/dags/pipeline_dag.py
[2026-04-28T04:05:57.558+0000] {processor.py:830} INFO - Processing file /opt/airflow/dags/pipeline_dag.py for tasks to queue
[2026-04-28T04:05:57.559+0000] {logging_mixin.py:188} INFO - [2026-04-28T04:05:57.559+0000] {dagbag.py:538} INFO - Filling up the DagBag from /opt/airflow/dags/pipeline_dag.py
[2026-04-28T04:05:57.574+0000] {processor.py:840} INFO - DAG(s) 'energy_pipeline' retrieved from /opt/airflow/dags/pipeline_dag.py
[2026-04-28T04:05:57.600+0000] {logging_mixin.py:188} INFO - [2026-04-28T04:05:57.600+0000] {dag.py:3036} INFO - Sync 1 DAGs
[2026-04-28T04:05:57.623+0000] {logging_mixin.py:188} INFO - [2026-04-28T04:05:57.623+0000] {dag.py:3823} INFO - Setting next_dagrun for energy_pipeline to 2026-04-28 00:00:00+00:00, run_after=2026-04-29 00:00:00+00:00
[2026-04-28T04:05:57.644+0000] {processor.py:183} INFO - Processing /opt/airflow/dags/pipeline_dag.py took 0.091 seconds
[2026-04-28T04:06:27.731+0000] {processor.py:161} INFO - Started process (PID=539) to work on /opt/airflow/dags/pipeline_dag.py
[2026-04-28T04:06:27.732+0000] {processor.py:830} INFO - Processing file /opt/airflow/dags/pipeline_dag.py for tasks to queue
[2026-04-28T04:06:27.733+0000] {logging_mixin.py:188} INFO - [2026-04-28T04:06:27.733+0000] {dagbag.py:538} INFO - Filling up the DagBag from /opt/airflow/dags/pipeline_dag.py
[2026-04-28T04:06:27.752+0000] {processor.py:840} INFO - DAG(s) 'energy_pipeline' retrieved from /opt/airflow/dags/pipeline_dag.py
[2026-04-28T04:06:27.780+0000] {logging_mixin.py:188} INFO - [2026-04-28T04:06:27.780+0000] {dag.py:3036} INFO - Sync 1 DAGs
[2026-04-28T04:06:27.805+0000] {logging_mixin.py:188} INFO - [2026-04-28T04:06:27.804+0000] {dag.py:3823} INFO - Setting next_dagrun for energy_pipeline to 2026-04-28 00:00:00+00:00, run_after=2026-04-29 00:00:00+00:00
[2026-04-28T04:06:27.827+0000] {processor.py:183} INFO - Processing /opt/airflow/dags/pipeline_dag.py took 0.100 seconds
[2026-04-28T04:06:58.008+0000] {processor.py:161} INFO - Started process (PID=540) to work on /opt/airflow/dags/pipeline_dag.py
[2026-04-28T04:06:58.010+0000] {processor.py:830} INFO - Processing file /opt/airflow/dags/pipeline_dag.py for tasks to queue
[2026-04-28T04:06:58.012+0000] {logging_mixin.py:188} INFO - [2026-04-28T04:06:58.011+0000] {dagbag.py:538} INFO - Filling up the DagBag from /opt/airflow/dags/pipeline_dag.py
[2026-04-28T04:06:58.031+0000] {processor.py:840} INFO - DAG(s) 'energy_pipeline' retrieved from /opt/airflow/dags/pipeline_dag.py
[2026-04-28T04:06:58.066+0000] {logging_mixin.py:188} INFO - [2026-04-28T04:06:58.066+0000] {dag.py:3036} INFO - Sync 1 DAGs
[2026-04-28T04:06:58.101+0000] {logging_mixin.py:188} INFO - [2026-04-28T04:06:58.101+0000] {dag.py:3823} INFO - Setting next_dagrun for energy_pipeline to 2026-04-28 00:00:00+00:00, run_after=2026-04-29 00:00:00+00:00
[2026-04-28T04:06:58.127+0000] {processor.py:183} INFO - Processing /opt/airflow/dags/pipeline_dag.py took 0.123 seconds
[2026-04-28T04:07:28.282+0000] {processor.py:161} INFO - Started process (PID=541) to work on /opt/airflow/dags/pipeline_dag.py
[2026-04-28T04:07:28.284+0000] {processor.py:830} INFO - Processing file /opt/airflow/dags/pipeline_dag.py for tasks to queue
[2026-04-28T04:07:28.285+0000] {logging_mixin.py:188} INFO - [2026-04-28T04:07:28.285+0000] {dagbag.py:538} INFO - Filling up the DagBag from /opt/airflow/dags/pipeline_dag.py
[2026-04-28T04:07:28.300+0000] {processor.py:840} INFO - DAG(s) 'energy_pipeline' retrieved from /opt/airflow/dags/pipeline_dag.py
[2026-04-28T04:07:28.324+0000] {logging_mixin.py:188} INFO - [2026-04-28T04:07:28.324+0000] {dag.py:3036} INFO - Sync 1 DAGs
[2026-04-28T04:07:28.345+0000] {logging_mixin.py:188} INFO - [2026-04-28T04:07:28.345+0000] {dag.py:3823} INFO - Setting next_dagrun for energy_pipeline to 2026-04-28 00:00:00+00:00, run_after=2026-04-29 00:00:00+00:00
[2026-04-28T04:07:28.364+0000] {processor.py:183} INFO - Processing /opt/airflow/dags/pipeline_dag.py took 0.086 seconds
[2026-04-28T04:07:58.456+0000] {processor.py:161} INFO - Started process (PID=542) to work on /opt/airflow/dags/pipeline_dag.py
[2026-04-28T04:07:58.458+0000] {processor.py:830} INFO - Processing file /opt/airflow/dags/pipeline_dag.py for tasks to queue
[2026-04-28T04:07:58.460+0000] {logging_mixin.py:188} INFO - [2026-04-28T04:07:58.459+0000] {dagbag.py:538} INFO - Filling up the DagBag from /opt/airflow/dags/pipeline_dag.py
[2026-04-28T04:07:58.478+0000] {processor.py:840} INFO - DAG(s) 'energy_pipeline' retrieved from /opt/airflow/dags/pipeline_dag.py
[2026-04-28T04:07:58.504+0000] {logging_mixin.py:188} INFO - [2026-04-28T04:07:58.504+0000] {dag.py:3036} INFO - Sync 1 DAGs
[2026-04-28T04:07:58.524+0000] {logging_mixin.py:188} INFO - [2026-04-28T04:07:58.524+0000] {dag.py:3823} INFO - Setting next_dagrun for energy_pipeline to 2026-04-28 00:00:00+00:00, run_after=2026-04-29 00:00:00+00:00
[2026-04-28T04:07:58.542+0000] {processor.py:183} INFO - Processing /opt/airflow/dags/pipeline_dag.py took 0.090 seconds
[2026-04-28T04:08:28.618+0000] {processor.py:161} INFO - Started process (PID=543) to work on /opt/airflow/dags/pipeline_dag.py
[2026-04-28T04:08:28.619+0000] {processor.py:830} INFO - Processing file /opt/airflow/dags/pipeline_dag.py for tasks to queue
[2026-04-28T04:08:28.621+0000] {logging_mixin.py:188} INFO - [2026-04-28T04:08:28.620+0000] {dagbag.py:538} INFO - Filling up the DagBag from /opt/airflow/dags/pipeline_dag.py
[2026-04-28T04:08:28.640+0000] {processor.py:840} INFO - DAG(s) 'energy_pipeline' retrieved from /opt/airflow/dags/pipeline_dag.py
[2026-04-28T04:08:28.674+0000] {logging_mixin.py:188} INFO - [2026-04-28T04:08:28.673+0000] {dag.py:3036} INFO - Sync 1 DAGs
[2026-04-28T04:08:28.697+0000] {logging_mixin.py:188} INFO - [2026-04-28T04:08:28.697+0000] {dag.py:3823} INFO - Setting next_dagrun for energy_pipeline to 2026-04-28 00:00:00+00:00, run_after=2026-04-29 00:00:00+00:00
[2026-04-28T04:08:28.715+0000] {processor.py:183} INFO - Processing /opt/airflow/dags/pipeline_dag.py took 0.101 seconds
[2026-04-28T04:08:58.896+0000] {processor.py:161} INFO - Started process (PID=544) to work on /opt/airflow/dags/pipeline_dag.py
[2026-04-28T04:08:58.897+0000] {processor.py:830} INFO - Processing file /opt/airflow/dags/pipeline_dag.py for tasks to queue
[2026-04-28T04:08:58.898+0000] {logging_mixin.py:188} INFO - [2026-04-28T04:08:58.898+0000] {dagbag.py:538} INFO - Filling up the DagBag from /opt/airflow/dags/pipeline_dag.py
[2026-04-28T04:08:58.913+0000] {processor.py:840} INFO - DAG(s) 'energy_pipeline' retrieved from /opt/airflow/dags/pipeline_dag.py
[2026-04-28T04:08:58.937+0000] {logging_mixin.py:188} INFO - [2026-04-28T04:08:58.937+0000] {dag.py:3036} INFO - Sync 1 DAGs
[2026-04-28T04:08:58.957+0000] {logging_mixin.py:188} INFO - [2026-04-28T04:08:58.957+0000] {dag.py:3823} INFO - Setting next_dagrun for energy_pipeline to 2026-04-28 00:00:00+00:00, run_after=2026-04-29 00:00:00+00:00
[2026-04-28T04:08:58.977+0000] {processor.py:183} INFO - Processing /opt/airflow/dags/pipeline_dag.py took 0.085 seconds
[2026-04-28T04:09:29.070+0000] {processor.py:161} INFO - Started process (PID=545) to work on /opt/airflow/dags/pipeline_dag.py
[2026-04-28T04:09:29.071+0000] {processor.py:830} INFO - Processing file /opt/airflow/dags/pipeline_dag.py for tasks to queue
[2026-04-28T04:09:29.072+0000] {logging_mixin.py:188} INFO - [2026-04-28T04:09:29.072+0000] {dagbag.py:538} INFO - Filling up the DagBag from /opt/airflow/dags/pipeline_dag.py
[2026-04-28T04:09:29.090+0000] {processor.py:840} INFO - DAG(s) 'energy_pipeline' retrieved from /opt/airflow/dags/pipeline_dag.py
[2026-04-28T04:09:29.113+0000] {logging_mixin.py:188} INFO - [2026-04-28T04:09:29.113+0000] {dag.py:3036} INFO - Sync 1 DAGs
[2026-04-28T04:09:29.133+0000] {logging_mixin.py:188} INFO - [2026-04-28T04:09:29.133+0000] {dag.py:3823} INFO - Setting next_dagrun for energy_pipeline to 2026-04-28 00:00:00+00:00, run_after=2026-04-29 00:00:00+00:00
[2026-04-28T04:09:29.153+0000] {processor.py:183} INFO - Processing /opt/airflow/dags/pipeline_dag.py took 0.087 seconds
[2026-04-28T04:09:59.241+0000] {processor.py:161} INFO - Started process (PID=546) to work on /opt/airflow/dags/pipeline_dag.py
[2026-04-28T04:09:59.242+0000] {processor.py:830} INFO - Processing file /opt/airflow/dags/pipeline_dag.py for tasks to queue
[2026-04-28T04:09:59.244+0000] {logging_mixin.py:188} INFO - [2026-04-28T04:09:59.243+0000] {dagbag.py:538} INFO - Filling up the DagBag from /opt/airflow/dags/pipeline_dag.py
[2026-04-28T04:09:59.261+0000] {processor.py:840} INFO - DAG(s) 'energy_pipeline' retrieved from /opt/airflow/dags/pipeline_dag.py
[2026-04-28T04:09:59.284+0000] {logging_mixin.py:188} INFO - [2026-04-28T04:09:59.284+0000] {dag.py:3036} INFO - Sync 1 DAGs
[2026-04-28T04:09:59.305+0000] {logging_mixin.py:188} INFO - [2026-04-28T04:09:59.305+0000] {dag.py:3823} INFO - Setting next_dagrun for energy_pipeline to 2026-04-28 00:00:00+00:00, run_after=2026-04-29 00:00:00+00:00
[2026-04-28T04:09:59.324+0000] {processor.py:183} INFO - Processing /opt/airflow/dags/pipeline_dag.py took 0.087 seconds
[2026-04-28T04:10:29.409+0000] {processor.py:161} INFO - Started process (PID=547) to work on /opt/airflow/dags/pipeline_dag.py
[2026-04-28T04:10:29.410+0000] {processor.py:830} INFO - Processing file /opt/airflow/dags/pipeline_dag.py for tasks to queue
[2026-04-28T04:10:29.411+0000] {logging_mixin.py:188} INFO - [2026-04-28T04:10:29.410+0000] {dagbag.py:538} INFO - Filling up the DagBag from /opt/airflow/dags/pipeline_dag.py
[2026-04-28T04:10:29.424+0000] {processor.py:840} INFO - DAG(s) 'energy_pipeline' retrieved from /opt/airflow/dags/pipeline_dag.py
[2026-04-28T04:10:29.446+0000] {logging_mixin.py:188} INFO - [2026-04-28T04:10:29.446+0000] {dag.py:3036} INFO - Sync 1 DAGs
[2026-04-28T04:10:29.466+0000] {logging_mixin.py:188} INFO - [2026-04-28T04:10:29.466+0000] {dag.py:3823} INFO - Setting next_dagrun for energy_pipeline to 2026-04-28 00:00:00+00:00, run_after=2026-04-29 00:00:00+00:00
[2026-04-28T04:10:29.483+0000] {processor.py:183} INFO - Processing /opt/airflow/dags/pipeline_dag.py took 0.077 seconds
[2026-04-28T04:10:59.579+0000] {processor.py:161} INFO - Started process (PID=548) to work on /opt/airflow/dags/pipeline_dag.py
[2026-04-28T04:10:59.580+0000] {processor.py:830} INFO - Processing file /opt/airflow/dags/pipeline_dag.py for tasks to queue
[2026-04-28T04:10:59.582+0000] {logging_mixin.py:188} INFO - [2026-04-28T04:10:59.581+0000] {dagbag.py:538} INFO - Filling up the DagBag from /opt/airflow/dags/pipeline_dag.py
[2026-04-28T04:10:59.596+0000] {processor.py:840} INFO - DAG(s) 'energy_pipeline' retrieved from /opt/airflow/dags/pipeline_dag.py
[2026-04-28T04:10:59.626+0000] {logging_mixin.py:188} INFO - [2026-04-28T04:10:59.626+0000] {dag.py:3036} INFO - Sync 1 DAGs
[2026-04-28T04:10:59.651+0000] {logging_mixin.py:188} INFO - [2026-04-28T04:10:59.651+0000] {dag.py:3823} INFO - Setting next_dagrun for energy_pipeline to 2026-04-28 00:00:00+00:00, run_after=2026-04-29 00:00:00+00:00
[2026-04-28T04:10:59.674+0000] {processor.py:183} INFO - Processing /opt/airflow/dags/pipeline_dag.py took 0.098 seconds
[2026-04-28T04:11:29.859+0000] {processor.py:161} INFO - Started process (PID=549) to work on /opt/airflow/dags/pipeline_dag.py
[2026-04-28T04:11:29.860+0000] {processor.py:830} INFO - Processing file /opt/airflow/dags/pipeline_dag.py for tasks to queue
[2026-04-28T04:11:29.862+0000] {logging_mixin.py:188} INFO - [2026-04-28T04:11:29.861+0000] {dagbag.py:538} INFO - Filling up the DagBag from /opt/airflow/dags/pipeline_dag.py
[2026-04-28T04:11:29.890+0000] {processor.py:840} INFO - DAG(s) 'energy_pipeline' retrieved from /opt/airflow/dags/pipeline_dag.py
[2026-04-28T04:11:29.920+0000] {logging_mixin.py:188} INFO - [2026-04-28T04:11:29.920+0000] {dag.py:3036} INFO - Sync 1 DAGs
[2026-04-28T04:11:29.957+0000] {logging_mixin.py:188} INFO - [2026-04-28T04:11:29.957+0000] {dag.py:3823} INFO - Setting next_dagrun for energy_pipeline to 2026-04-28 00:00:00+00:00, run_after=2026-04-29 00:00:00+00:00
[2026-04-28T04:11:29.975+0000] {processor.py:183} INFO - Processing /opt/airflow/dags/pipeline_dag.py took 0.119 seconds
[2026-04-28T04:12:00.128+0000] {processor.py:161} INFO - Started process (PID=550) to work on /opt/airflow/dags/pipeline_dag.py
[2026-04-28T04:12:00.129+0000] {processor.py:830} INFO - Processing file /opt/airflow/dags/pipeline_dag.py for tasks to queue
[2026-04-28T04:12:00.130+0000] {logging_mixin.py:188} INFO - [2026-04-28T04:12:00.130+0000] {dagbag.py:538} INFO - Filling up the DagBag from /opt/airflow/dags/pipeline_dag.py
[2026-04-28T04:12:00.143+0000] {processor.py:840} INFO - DAG(s) 'energy_pipeline' retrieved from /opt/airflow/dags/pipeline_dag.py
[2026-04-28T04:12:00.163+0000] {logging_mixin.py:188} INFO - [2026-04-28T04:12:00.163+0000] {dag.py:3036} INFO - Sync 1 DAGs
[2026-04-28T04:12:00.183+0000] {logging_mixin.py:188} INFO - [2026-04-28T04:12:00.183+0000] {dag.py:3823} INFO - Setting next_dagrun for energy_pipeline to 2026-04-28 00:00:00+00:00, run_after=2026-04-29 00:00:00+00:00
[2026-04-28T04:12:00.203+0000] {processor.py:183} INFO - Processing /opt/airflow/dags/pipeline_dag.py took 0.078 seconds
[2026-04-28T04:12:30.304+0000] {processor.py:161} INFO - Started process (PID=551) to work on /opt/airflow/dags/pipeline_dag.py
[2026-04-28T04:12:30.305+0000] {processor.py:830} INFO - Processing file /opt/airflow/dags/pipeline_dag.py for tasks to queue
[2026-04-28T04:12:30.307+0000] {logging_mixin.py:188} INFO - [2026-04-28T04:12:30.306+0000] {dagbag.py:538} INFO - Filling up the DagBag from /opt/airflow/dags/pipeline_dag.py
[2026-04-28T04:12:30.322+0000] {processor.py:840} INFO - DAG(s) 'energy_pipeline' retrieved from /opt/airflow/dags/pipeline_dag.py
[2026-04-28T04:12:30.345+0000] {logging_mixin.py:188} INFO - [2026-04-28T04:12:30.345+0000] {dag.py:3036} INFO - Sync 1 DAGs
[2026-04-28T04:12:30.369+0000] {logging_mixin.py:188} INFO - [2026-04-28T04:12:30.369+0000] {dag.py:3823} INFO - Setting next_dagrun for energy_pipeline to 2026-04-28 00:00:00+00:00, run_after=2026-04-29 00:00:00+00:00
[2026-04-28T04:12:30.388+0000] {processor.py:183} INFO - Processing /opt/airflow/dags/pipeline_dag.py took 0.087 seconds
[2026-04-28T04:13:00.474+0000] {processor.py:161} INFO - Started process (PID=552) to work on /opt/airflow/dags/pipeline_dag.py
[2026-04-28T04:13:00.475+0000] {processor.py:830} INFO - Processing file /opt/airflow/dags/pipeline_dag.py for tasks to queue
[2026-04-28T04:13:00.476+0000] {logging_mixin.py:188} INFO - [2026-04-28T04:13:00.475+0000] {dagbag.py:538} INFO - Filling up the DagBag from /opt/airflow/dags/pipeline_dag.py
[2026-04-28T04:13:00.488+0000] {processor.py:840} INFO - DAG(s) 'energy_pipeline' retrieved from /opt/airflow/dags/pipeline_dag.py
[2026-04-28T04:13:00.508+0000] {logging_mixin.py:188} INFO - [2026-04-28T04:13:00.507+0000] {dag.py:3036} INFO - Sync 1 DAGs
[2026-04-28T04:13:00.525+0000] {logging_mixin.py:188} INFO - [2026-04-28T04:13:00.525+0000] {dag.py:3823} INFO - Setting next_dagrun for energy_pipeline to 2026-04-28 00:00:00+00:00, run_after=2026-04-29 00:00:00+00:00
[2026-04-28T04:13:00.541+0000] {processor.py:183} INFO - Processing /opt/airflow/dags/pipeline_dag.py took 0.070 seconds
[2026-04-28T04:13:30.649+0000] {processor.py:161} INFO - Started process (PID=553) to work on /opt/airflow/dags/pipeline_dag.py
[2026-04-28T04:13:30.650+0000] {processor.py:830} INFO - Processing file /opt/airflow/dags/pipeline_dag.py for tasks to queue
[2026-04-28T04:13:30.651+0000] {logging_mixin.py:188} INFO - [2026-04-28T04:13:30.651+0000] {dagbag.py:538} INFO - Filling up the DagBag from /opt/airflow/dags/pipeline_dag.py
[2026-04-28T04:13:30.667+0000] {processor.py:840} INFO - DAG(s) 'energy_pipeline' retrieved from /opt/airflow/dags/pipeline_dag.py
[2026-04-28T04:13:30.691+0000] {logging_mixin.py:188} INFO - [2026-04-28T04:13:30.691+0000] {dag.py:3036} INFO - Sync 1 DAGs
[2026-04-28T04:13:30.711+0000] {logging_mixin.py:188} INFO - [2026-04-28T04:13:30.711+0000] {dag.py:3823} INFO - Setting next_dagrun for energy_pipeline to 2026-04-28 00:00:00+00:00, run_after=2026-04-29 00:00:00+00:00
[2026-04-28T04:13:30.730+0000] {processor.py:183} INFO - Processing /opt/airflow/dags/pipeline_dag.py took 0.085 seconds
[2026-04-28T04:14:00.815+0000] {processor.py:161} INFO - Started process (PID=554) to work on /opt/airflow/dags/pipeline_dag.py
[2026-04-28T04:14:00.816+0000] {processor.py:830} INFO - Processing file /opt/airflow/dags/pipeline_dag.py for tasks to queue
[2026-04-28T04:14:00.817+0000] {logging_mixin.py:188} INFO - [2026-04-28T04:14:00.817+0000] {dagbag.py:538} INFO - Filling up the DagBag from /opt/airflow/dags/pipeline_dag.py
[2026-04-28T04:14:00.831+0000] {processor.py:840} INFO - DAG(s) 'energy_pipeline' retrieved from /opt/airflow/dags/pipeline_dag.py
[2026-04-28T04:14:00.862+0000] {logging_mixin.py:188} INFO - [2026-04-28T04:14:00.862+0000] {dag.py:3036} INFO - Sync 1 DAGs
[2026-04-28T04:14:00.893+0000] {logging_mixin.py:188} INFO - [2026-04-28T04:14:00.893+0000] {dag.py:3823} INFO - Setting next_dagrun for energy_pipeline to 2026-04-28 00:00:00+00:00, run_after=2026-04-29 00:00:00+00:00
[2026-04-28T04:14:00.911+0000] {processor.py:183} INFO - Processing /opt/airflow/dags/pipeline_dag.py took 0.099 seconds
[2026-04-28T04:14:31.085+0000] {processor.py:161} INFO - Started process (PID=555) to work on /opt/airflow/dags/pipeline_dag.py
[2026-04-28T04:14:31.086+0000] {processor.py:830} INFO - Processing file /opt/airflow/dags/pipeline_dag.py for tasks to queue
[2026-04-28T04:14:31.087+0000] {logging_mixin.py:188} INFO - [2026-04-28T04:14:31.087+0000] {dagbag.py:538} INFO - Filling up the DagBag from /opt/airflow/dags/pipeline_dag.py
[2026-04-28T04:14:31.103+0000] {processor.py:840} INFO - DAG(s) 'energy_pipeline' retrieved from /opt/airflow/dags/pipeline_dag.py
[2026-04-28T04:14:31.128+0000] {logging_mixin.py:188} INFO - [2026-04-28T04:14:31.128+0000] {dag.py:3036} INFO - Sync 1 DAGs
[2026-04-28T04:14:31.155+0000] {logging_mixin.py:188} INFO - [2026-04-28T04:14:31.155+0000] {dag.py:3823} INFO - Setting next_dagrun for energy_pipeline to 2026-04-28 00:00:00+00:00, run_after=2026-04-29 00:00:00+00:00
[2026-04-28T04:14:31.178+0000] {processor.py:183} INFO - Processing /opt/airflow/dags/pipeline_dag.py took 0.096 seconds
[2026-04-28T04:15:01.352+0000] {processor.py:161} INFO - Started process (PID=556) to work on /opt/airflow/dags/pipeline_dag.py
[2026-04-28T04:15:01.353+0000] {processor.py:830} INFO - Processing file /opt/airflow/dags/pipeline_dag.py for tasks to queue
[2026-04-28T04:15:01.354+0000] {logging_mixin.py:188} INFO - [2026-04-28T04:15:01.354+0000] {dagbag.py:538} INFO - Filling up the DagBag from /opt/airflow/dags/pipeline_dag.py
[2026-04-28T04:15:01.374+0000] {processor.py:840} INFO - DAG(s) 'energy_pipeline' retrieved from /opt/airflow/dags/pipeline_dag.py
[2026-04-28T04:15:01.402+0000] {logging_mixin.py:188} INFO - [2026-04-28T04:15:01.402+0000] {dag.py:3036} INFO - Sync 1 DAGs
[2026-04-28T04:15:01.429+0000] {logging_mixin.py:188} INFO - [2026-04-28T04:15:01.429+0000] {dag.py:3823} INFO - Setting next_dagrun for energy_pipeline to 2026-04-28 00:00:00+00:00, run_after=2026-04-29 00:00:00+00:00
[2026-04-28T04:15:01.454+0000] {processor.py:183} INFO - Processing /opt/airflow/dags/pipeline_dag.py took 0.105 seconds
[2026-04-28T04:15:31.629+0000] {processor.py:161} INFO - Started process (PID=557) to work on /opt/airflow/dags/pipeline_dag.py
[2026-04-28T04:15:31.630+0000] {processor.py:830} INFO - Processing file /opt/airflow/dags/pipeline_dag.py for tasks to queue
[2026-04-28T04:15:31.632+0000] {logging_mixin.py:188} INFO - [2026-04-28T04:15:31.632+0000] {dagbag.py:538} INFO - Filling up the DagBag from /opt/airflow/dags/pipeline_dag.py
[2026-04-28T04:15:31.650+0000] {processor.py:840} INFO - DAG(s) 'energy_pipeline' retrieved from /opt/airflow/dags/pipeline_dag.py
[2026-04-28T04:15:31.676+0000] {logging_mixin.py:188} INFO - [2026-04-28T04:15:31.675+0000] {dag.py:3036} INFO - Sync 1 DAGs
[2026-04-28T04:15:31.704+0000] {logging_mixin.py:188} INFO - [2026-04-28T04:15:31.704+0000] {dag.py:3823} INFO - Setting next_dagrun for energy_pipeline to 2026-04-28 00:00:00+00:00, run_after=2026-04-29 00:00:00+00:00
[2026-04-28T04:15:31.724+0000] {processor.py:183} INFO - Processing /opt/airflow/dags/pipeline_dag.py took 0.101 seconds
[2026-04-28T04:16:01.906+0000] {processor.py:161} INFO - Started process (PID=558) to work on /opt/airflow/dags/pipeline_dag.py
[2026-04-28T04:16:01.908+0000] {processor.py:830} INFO - Processing file /opt/airflow/dags/pipeline_dag.py for tasks to queue
[2026-04-28T04:16:01.910+0000] {logging_mixin.py:188} INFO - [2026-04-28T04:16:01.909+0000] {dagbag.py:538} INFO - Filling up the DagBag from /opt/airflow/dags/pipeline_dag.py
[2026-04-28T04:16:01.933+0000] {processor.py:840} INFO - DAG(s) 'energy_pipeline' retrieved from /opt/airflow/dags/pipeline_dag.py
[2026-04-28T04:16:01.967+0000] {logging_mixin.py:188} INFO - [2026-04-28T04:16:01.966+0000] {dag.py:3036} INFO - Sync 1 DAGs
[2026-04-28T04:16:02.005+0000] {logging_mixin.py:188} INFO - [2026-04-28T04:16:02.004+0000] {dag.py:3823} INFO - Setting next_dagrun for energy_pipeline to 2026-04-28 00:00:00+00:00, run_after=2026-04-29 00:00:00+00:00
[2026-04-28T04:16:02.043+0000] {processor.py:183} INFO - Processing /opt/airflow/dags/pipeline_dag.py took 0.141 seconds
[2026-04-28T04:16:32.178+0000] {processor.py:161} INFO - Started process (PID=559) to work on /opt/airflow/dags/pipeline_dag.py
[2026-04-28T04:16:32.180+0000] {processor.py:830} INFO - Processing file /opt/airflow/dags/pipeline_dag.py for tasks to queue
[2026-04-28T04:16:32.182+0000] {logging_mixin.py:188} INFO - [2026-04-28T04:16:32.181+0000] {dagbag.py:538} INFO - Filling up the DagBag from /opt/airflow/dags/pipeline_dag.py
[2026-04-28T04:16:32.203+0000] {processor.py:840} INFO - DAG(s) 'energy_pipeline' retrieved from /opt/airflow/dags/pipeline_dag.py
[2026-04-28T04:16:32.239+0000] {logging_mixin.py:188} INFO - [2026-04-28T04:16:32.239+0000] {dag.py:3036} INFO - Sync 1 DAGs
[2026-04-28T04:16:32.268+0000] {logging_mixin.py:188} INFO - [2026-04-28T04:16:32.267+0000] {dag.py:3823} INFO - Setting next_dagrun for energy_pipeline to 2026-04-28 00:00:00+00:00, run_after=2026-04-29 00:00:00+00:00
[2026-04-28T04:16:32.297+0000] {processor.py:183} INFO - Processing /opt/airflow/dags/pipeline_dag.py took 0.123 seconds
[2026-04-28T04:17:02.464+0000] {processor.py:161} INFO - Started process (PID=560) to work on /opt/airflow/dags/pipeline_dag.py
[2026-04-28T04:17:02.466+0000] {processor.py:830} INFO - Processing file /opt/airflow/dags/pipeline_dag.py for tasks to queue
[2026-04-28T04:17:02.468+0000] {logging_mixin.py:188} INFO - [2026-04-28T04:17:02.467+0000] {dagbag.py:538} INFO - Filling up the DagBag from /opt/airflow/dags/pipeline_dag.py
[2026-04-28T04:17:02.490+0000] {processor.py:840} INFO - DAG(s) 'energy_pipeline' retrieved from /opt/airflow/dags/pipeline_dag.py
[2026-04-28T04:17:02.526+0000] {logging_mixin.py:188} INFO - [2026-04-28T04:17:02.525+0000] {dag.py:3036} INFO - Sync 1 DAGs
[2026-04-28T04:17:02.558+0000] {logging_mixin.py:188} INFO - [2026-04-28T04:17:02.558+0000] {dag.py:3823} INFO - Setting next_dagrun for energy_pipeline to 2026-04-28 00:00:00+00:00, run_after=2026-04-29 00:00:00+00:00
[2026-04-28T04:17:02.590+0000] {processor.py:183} INFO - Processing /opt/airflow/dags/pipeline_dag.py took 0.130 seconds
[2026-04-28T04:17:32.753+0000] {processor.py:161} INFO - Started process (PID=561) to work on /opt/airflow/dags/pipeline_dag.py
[2026-04-28T04:17:32.754+0000] {processor.py:830} INFO - Processing file /opt/airflow/dags/pipeline_dag.py for tasks to queue
[2026-04-28T04:17:32.756+0000] {logging_mixin.py:188} INFO - [2026-04-28T04:17:32.755+0000] {dagbag.py:538} INFO - Filling up the DagBag from /opt/airflow/dags/pipeline_dag.py
[2026-04-28T04:17:32.779+0000] {processor.py:840} INFO - DAG(s) 'energy_pipeline' retrieved from /opt/airflow/dags/pipeline_dag.py
[2026-04-28T04:17:32.816+0000] {logging_mixin.py:188} INFO - [2026-04-28T04:17:32.816+0000] {dag.py:3036} INFO - Sync 1 DAGs
[2026-04-28T04:17:32.850+0000] {logging_mixin.py:188} INFO - [2026-04-28T04:17:32.849+0000] {dag.py:3823} INFO - Setting next_dagrun for energy_pipeline to 2026-04-28 00:00:00+00:00, run_after=2026-04-29 00:00:00+00:00
[2026-04-28T04:17:32.881+0000] {processor.py:183} INFO - Processing /opt/airflow/dags/pipeline_dag.py took 0.133 seconds
[2026-04-28T04:18:03.043+0000] {processor.py:161} INFO - Started process (PID=562) to work on /opt/airflow/dags/pipeline_dag.py
[2026-04-28T04:18:03.045+0000] {processor.py:830} INFO - Processing file /opt/airflow/dags/pipeline_dag.py for tasks to queue
[2026-04-28T04:18:03.047+0000] {logging_mixin.py:188} INFO - [2026-04-28T04:18:03.046+0000] {dagbag.py:538} INFO - Filling up the DagBag from /opt/airflow/dags/pipeline_dag.py
[2026-04-28T04:18:03.071+0000] {processor.py:840} INFO - DAG(s) 'energy_pipeline' retrieved from /opt/airflow/dags/pipeline_dag.py
[2026-04-28T04:18:03.111+0000] {logging_mixin.py:188} INFO - [2026-04-28T04:18:03.111+0000] {dag.py:3036} INFO - Sync 1 DAGs
[2026-04-28T04:18:03.147+0000] {logging_mixin.py:188} INFO - [2026-04-28T04:18:03.146+0000] {dag.py:3823} INFO - Setting next_dagrun for energy_pipeline to 2026-04-28 00:00:00+00:00, run_after=2026-04-29 00:00:00+00:00
[2026-04-28T04:18:03.176+0000] {processor.py:183} INFO - Processing /opt/airflow/dags/pipeline_dag.py took 0.139 seconds
[2026-04-28T04:18:33.340+0000] {processor.py:161} INFO - Started process (PID=563) to work on /opt/airflow/dags/pipeline_dag.py
[2026-04-28T04:18:33.342+0000] {processor.py:830} INFO - Processing file /opt/airflow/dags/pipeline_dag.py for tasks to queue
[2026-04-28T04:18:33.344+0000] {logging_mixin.py:188} INFO - [2026-04-28T04:18:33.343+0000] {dagbag.py:538} INFO - Filling up the DagBag from /opt/airflow/dags/pipeline_dag.py
[2026-04-28T04:18:33.371+0000] {processor.py:840} INFO - DAG(s) 'energy_pipeline' retrieved from /opt/airflow/dags/pipeline_dag.py
[2026-04-28T04:18:33.416+0000] {logging_mixin.py:188} INFO - [2026-04-28T04:18:33.415+0000] {dag.py:3036} INFO - Sync 1 DAGs
[2026-04-28T04:18:33.457+0000] {logging_mixin.py:188} INFO - [2026-04-28T04:18:33.456+0000] {dag.py:3823} INFO - Setting next_dagrun for energy_pipeline to 2026-04-28 00:00:00+00:00, run_after=2026-04-29 00:00:00+00:00
[2026-04-28T04:18:33.492+0000] {processor.py:183} INFO - Processing /opt/airflow/dags/pipeline_dag.py took 0.158 seconds
[2026-04-28T04:19:03.642+0000] {processor.py:161} INFO - Started process (PID=564) to work on /opt/airflow/dags/pipeline_dag.py
[2026-04-28T04:19:03.645+0000] {processor.py:830} INFO - Processing file /opt/airflow/dags/pipeline_dag.py for tasks to queue
[2026-04-28T04:19:03.647+0000] {logging_mixin.py:188} INFO - [2026-04-28T04:19:03.646+0000] {dagbag.py:538} INFO - Filling up the DagBag from /opt/airflow/dags/pipeline_dag.py
[2026-04-28T04:19:03.675+0000] {processor.py:840} INFO - DAG(s) 'energy_pipeline' retrieved from /opt/airflow/dags/pipeline_dag.py
[2026-04-28T04:19:03.723+0000] {logging_mixin.py:188} INFO - [2026-04-28T04:19:03.723+0000] {dag.py:3036} INFO - Sync 1 DAGs
[2026-04-28T04:19:03.766+0000] {logging_mixin.py:188} INFO - [2026-04-28T04:19:03.765+0000] {dag.py:3823} INFO - Setting next_dagrun for energy_pipeline to 2026-04-28 00:00:00+00:00, run_after=2026-04-29 00:00:00+00:00
[2026-04-28T04:19:03.803+0000] {processor.py:183} INFO - Processing /opt/airflow/dags/pipeline_dag.py took 0.167 seconds
[2026-04-28T04:19:33.956+0000] {processor.py:161} INFO - Started process (PID=565) to work on /opt/airflow/dags/pipeline_dag.py
[2026-04-28T04:19:33.958+0000] {processor.py:830} INFO - Processing file /opt/airflow/dags/pipeline_dag.py for tasks to queue
[2026-04-28T04:19:33.960+0000] {logging_mixin.py:188} INFO - [2026-04-28T04:19:33.959+0000] {dagbag.py:538} INFO - Filling up the DagBag from /opt/airflow/dags/pipeline_dag.py
[2026-04-28T04:19:33.992+0000] {processor.py:840} INFO - DAG(s) 'energy_pipeline' retrieved from /opt/airflow/dags/pipeline_dag.py
[2026-04-28T04:19:34.045+0000] {logging_mixin.py:188} INFO - [2026-04-28T04:19:34.045+0000] {dag.py:3036} INFO - Sync 1 DAGs
[2026-04-28T04:19:34.100+0000] {logging_mixin.py:188} INFO - [2026-04-28T04:19:34.100+0000] {dag.py:3823} INFO - Setting next_dagrun for energy_pipeline to 2026-04-28 00:00:00+00:00, run_after=2026-04-29 00:00:00+00:00
[2026-04-28T04:19:34.154+0000] {processor.py:183} INFO - Processing /opt/airflow/dags/pipeline_dag.py took 0.205 seconds
[2026-04-28T04:20:04.368+0000] {processor.py:161} INFO - Started process (PID=566) to work on /opt/airflow/dags/pipeline_dag.py
[2026-04-28T04:20:04.370+0000] {processor.py:830} INFO - Processing file /opt/airflow/dags/pipeline_dag.py for tasks to queue
[2026-04-28T04:20:04.373+0000] {logging_mixin.py:188} INFO - [2026-04-28T04:20:04.372+0000] {dagbag.py:538} INFO - Filling up the DagBag from /opt/airflow/dags/pipeline_dag.py
[2026-04-28T04:20:04.407+0000] {processor.py:840} INFO - DAG(s) 'energy_pipeline' retrieved from /opt/airflow/dags/pipeline_dag.py
[2026-04-28T04:20:04.463+0000] {logging_mixin.py:188} INFO - [2026-04-28T04:20:04.463+0000] {dag.py:3036} INFO - Sync 1 DAGs
[2026-04-28T04:20:04.511+0000] {logging_mixin.py:188} INFO - [2026-04-28T04:20:04.511+0000] {dag.py:3823} INFO - Setting next_dagrun for energy_pipeline to 2026-04-28 00:00:00+00:00, run_after=2026-04-29 00:00:00+00:00
[2026-04-28T04:20:04.555+0000] {processor.py:183} INFO - Processing /opt/airflow/dags/pipeline_dag.py took 0.195 seconds
[2026-04-28T04:20:34.793+0000] {processor.py:161} INFO - Started process (PID=567) to work on /opt/airflow/dags/pipeline_dag.py
[2026-04-28T04:20:34.797+0000] {processor.py:830} INFO - Processing file /opt/airflow/dags/pipeline_dag.py for tasks to queue
[2026-04-28T04:20:34.800+0000] {logging_mixin.py:188} INFO - [2026-04-28T04:20:34.799+0000] {dagbag.py:538} INFO - Filling up the DagBag from /opt/airflow/dags/pipeline_dag.py
[2026-04-28T04:20:34.850+0000] {processor.py:840} INFO - DAG(s) 'energy_pipeline' retrieved from /opt/airflow/dags/pipeline_dag.py
[2026-04-28T04:20:34.912+0000] {logging_mixin.py:188} INFO - [2026-04-28T04:20:34.912+0000] {dag.py:3036} INFO - Sync 1 DAGs
[2026-04-28T04:20:34.964+0000] {logging_mixin.py:188} INFO - [2026-04-28T04:20:34.964+0000] {dag.py:3823} INFO - Setting next_dagrun for energy_pipeline to 2026-04-28 00:00:00+00:00, run_after=2026-04-29 00:00:00+00:00
[2026-04-28T04:20:35.014+0000] {processor.py:183} INFO - Processing /opt/airflow/dags/pipeline_dag.py took 0.229 seconds
[2026-04-28T04:21:05.229+0000] {processor.py:161} INFO - Started process (PID=568) to work on /opt/airflow/dags/pipeline_dag.py
[2026-04-28T04:21:05.232+0000] {processor.py:830} INFO - Processing file /opt/airflow/dags/pipeline_dag.py for tasks to queue
[2026-04-28T04:21:05.235+0000] {logging_mixin.py:188} INFO - [2026-04-28T04:21:05.233+0000] {dagbag.py:538} INFO - Filling up the DagBag from /opt/airflow/dags/pipeline_dag.py
[2026-04-28T04:21:05.271+0000] {processor.py:840} INFO - DAG(s) 'energy_pipeline' retrieved from /opt/airflow/dags/pipeline_dag.py
[2026-04-28T04:21:05.333+0000] {logging_mixin.py:188} INFO - [2026-04-28T04:21:05.332+0000] {dag.py:3036} INFO - Sync 1 DAGs
[2026-04-28T04:21:05.388+0000] {logging_mixin.py:188} INFO - [2026-04-28T04:21:05.387+0000] {dag.py:3823} INFO - Setting next_dagrun for energy_pipeline to 2026-04-28 00:00:00+00:00, run_after=2026-04-29 00:00:00+00:00
[2026-04-28T04:21:05.441+0000] {processor.py:183} INFO - Processing /opt/airflow/dags/pipeline_dag.py took 0.220 seconds
[2026-04-28T04:21:35.667+0000] {processor.py:161} INFO - Started process (PID=569) to work on /opt/airflow/dags/pipeline_dag.py
[2026-04-28T04:21:35.670+0000] {processor.py:830} INFO - Processing file /opt/airflow/dags/pipeline_dag.py for tasks to queue
[2026-04-28T04:21:35.673+0000] {logging_mixin.py:188} INFO - [2026-04-28T04:21:35.671+0000] {dagbag.py:538} INFO - Filling up the DagBag from /opt/airflow/dags/pipeline_dag.py
[2026-04-28T04:21:35.711+0000] {processor.py:840} INFO - DAG(s) 'energy_pipeline' retrieved from /opt/airflow/dags/pipeline_dag.py
[2026-04-28T04:21:35.772+0000] {logging_mixin.py:188} INFO - [2026-04-28T04:21:35.771+0000] {dag.py:3036} INFO - Sync 1 DAGs
[2026-04-28T04:21:35.831+0000] {logging_mixin.py:188} INFO - [2026-04-28T04:21:35.830+0000] {dag.py:3823} INFO - Setting next_dagrun for energy_pipeline to 2026-04-28 00:00:00+00:00, run_after=2026-04-29 00:00:00+00:00
[2026-04-28T04:21:35.888+0000] {processor.py:183} INFO - Processing /opt/airflow/dags/pipeline_dag.py took 0.229 seconds
[2026-04-28T04:22:06.101+0000] {processor.py:161} INFO - Started process (PID=570) to work on /opt/airflow/dags/pipeline_dag.py
[2026-04-28T04:22:06.103+0000] {processor.py:830} INFO - Processing file /opt/airflow/dags/pipeline_dag.py for tasks to queue
[2026-04-28T04:22:06.106+0000] {logging_mixin.py:188} INFO - [2026-04-28T04:22:06.105+0000] {dagbag.py:538} INFO - Filling up the DagBag from /opt/airflow/dags/pipeline_dag.py
[2026-04-28T04:22:06.145+0000] {processor.py:840} INFO - DAG(s) 'energy_pipeline' retrieved from /opt/airflow/dags/pipeline_dag.py
[2026-04-28T04:22:06.206+0000] {logging_mixin.py:188} INFO - [2026-04-28T04:22:06.205+0000] {dag.py:3036} INFO - Sync 1 DAGs
[2026-04-28T04:22:06.260+0000] {logging_mixin.py:188} INFO - [2026-04-28T04:22:06.260+0000] {dag.py:3823} INFO - Setting next_dagrun for energy_pipeline to 2026-04-28 00:00:00+00:00, run_after=2026-04-29 00:00:00+00:00
[2026-04-28T04:22:06.306+0000] {processor.py:183} INFO - Processing /opt/airflow/dags/pipeline_dag.py took 0.212 seconds
[2026-04-28T04:22:36.530+0000] {processor.py:161} INFO - Started process (PID=571) to work on /opt/airflow/dags/pipeline_dag.py
[2026-04-28T04:22:36.533+0000] {processor.py:830} INFO - Processing file /opt/airflow/dags/pipeline_dag.py for tasks to queue
[2026-04-28T04:22:36.536+0000] {logging_mixin.py:188} INFO - [2026-04-28T04:22:36.535+0000] {dagbag.py:538} INFO - Filling up the DagBag from /opt/airflow/dags/pipeline_dag.py
[2026-04-28T04:22:36.573+0000] {processor.py:840} INFO - DAG(s) 'energy_pipeline' retrieved from /opt/airflow/dags/pipeline_dag.py
[2026-04-28T04:22:36.638+0000] {logging_mixin.py:188} INFO - [2026-04-28T04:22:36.637+0000] {dag.py:3036} INFO - Sync 1 DAGs
[2026-04-28T04:22:36.699+0000] {logging_mixin.py:188} INFO - [2026-04-28T04:22:36.698+0000] {dag.py:3823} INFO - Setting next_dagrun for energy_pipeline to 2026-04-28 00:00:00+00:00, run_after=2026-04-29 00:00:00+00:00
[2026-04-28T04:22:36.744+0000] {processor.py:183} INFO - Processing /opt/airflow/dags/pipeline_dag.py took 0.221 seconds
[2026-04-28T04:23:06.961+0000] {processor.py:161} INFO - Started process (PID=572) to work on /opt/airflow/dags/pipeline_dag.py
[2026-04-28T04:23:06.964+0000] {processor.py:830} INFO - Processing file /opt/airflow/dags/pipeline_dag.py for tasks to queue
[2026-04-28T04:23:06.967+0000] {logging_mixin.py:188} INFO - [2026-04-28T04:23:06.966+0000] {dagbag.py:538} INFO - Filling up the DagBag from /opt/airflow/dags/pipeline_dag.py
[2026-04-28T04:23:07.006+0000] {processor.py:840} INFO - DAG(s) 'energy_pipeline' retrieved from /opt/airflow/dags/pipeline_dag.py
[2026-04-28T04:23:07.069+0000] {logging_mixin.py:188} INFO - [2026-04-28T04:23:07.068+0000] {dag.py:3036} INFO - Sync 1 DAGs
[2026-04-28T04:23:07.123+0000] {logging_mixin.py:188} INFO - [2026-04-28T04:23:07.123+0000] {dag.py:3823} INFO - Setting next_dagrun for energy_pipeline to 2026-04-28 00:00:00+00:00, run_after=2026-04-29 00:00:00+00:00
[2026-04-28T04:23:07.170+0000] {processor.py:183} INFO - Processing /opt/airflow/dags/pipeline_dag.py took 0.217 seconds
[2026-04-28T04:23:37.391+0000] {processor.py:161} INFO - Started process (PID=573) to work on /opt/airflow/dags/pipeline_dag.py
[2026-04-28T04:23:37.394+0000] {processor.py:830} INFO - Processing file /opt/airflow/dags/pipeline_dag.py for tasks to queue
[2026-04-28T04:23:37.397+0000] {logging_mixin.py:188} INFO - [2026-04-28T04:23:37.396+0000] {dagbag.py:538} INFO - Filling up the DagBag from /opt/airflow/dags/pipeline_dag.py
[2026-04-28T04:23:37.436+0000] {processor.py:840} INFO - DAG(s) 'energy_pipeline' retrieved from /opt/airflow/dags/pipeline_dag.py
[2026-04-28T04:23:37.504+0000] {logging_mixin.py:188} INFO - [2026-04-28T04:23:37.504+0000] {dag.py:3036} INFO - Sync 1 DAGs
[2026-04-28T04:23:37.561+0000] {logging_mixin.py:188} INFO - [2026-04-28T04:23:37.560+0000] {dag.py:3823} INFO - Setting next_dagrun for energy_pipeline to 2026-04-28 00:00:00+00:00, run_after=2026-04-29 00:00:00+00:00
[2026-04-28T04:23:37.611+0000] {processor.py:183} INFO - Processing /opt/airflow/dags/pipeline_dag.py took 0.228 seconds
[2026-04-28T04:24:07.826+0000] {processor.py:161} INFO - Started process (PID=574) to work on /opt/airflow/dags/pipeline_dag.py
[2026-04-28T04:24:07.830+0000] {processor.py:830} INFO - Processing file /opt/airflow/dags/pipeline_dag.py for tasks to queue
[2026-04-28T04:24:07.833+0000] {logging_mixin.py:188} INFO - [2026-04-28T04:24:07.832+0000] {dagbag.py:538} INFO - Filling up the DagBag from /opt/airflow/dags/pipeline_dag.py
[2026-04-28T04:24:07.871+0000] {processor.py:840} INFO - DAG(s) 'energy_pipeline' retrieved from /opt/airflow/dags/pipeline_dag.py
[2026-04-28T04:24:07.935+0000] {logging_mixin.py:188} INFO - [2026-04-28T04:24:07.934+0000] {dag.py:3036} INFO - Sync 1 DAGs
[2026-04-28T04:24:07.990+0000] {logging_mixin.py:188} INFO - [2026-04-28T04:24:07.990+0000] {dag.py:3823} INFO - Setting next_dagrun for energy_pipeline to 2026-04-28 00:00:00+00:00, run_after=2026-04-29 00:00:00+00:00
[2026-04-28T04:24:08.040+0000] {processor.py:183} INFO - Processing /opt/airflow/dags/pipeline_dag.py took 0.222 seconds
[2026-04-28T04:24:38.261+0000] {processor.py:161} INFO - Started process (PID=575) to work on /opt/airflow/dags/pipeline_dag.py
[2026-04-28T04:24:38.263+0000] {processor.py:830} INFO - Processing file /opt/airflow/dags/pipeline_dag.py for tasks to queue
[2026-04-28T04:24:38.266+0000] {logging_mixin.py:188} INFO - [2026-04-28T04:24:38.265+0000] {dagbag.py:538} INFO - Filling up the DagBag from /opt/airflow/dags/pipeline_dag.py
[2026-04-28T04:24:38.301+0000] {processor.py:840} INFO - DAG(s) 'energy_pipeline' retrieved from /opt/airflow/dags/pipeline_dag.py
[2026-04-28T04:24:38.358+0000] {logging_mixin.py:188} INFO - [2026-04-28T04:24:38.358+0000] {dag.py:3036} INFO - Sync 1 DAGs
[2026-04-28T04:24:38.406+0000] {logging_mixin.py:188} INFO - [2026-04-28T04:24:38.406+0000] {dag.py:3823} INFO - Setting next_dagrun for energy_pipeline to 2026-04-28 00:00:00+00:00, run_after=2026-04-29 00:00:00+00:00
[2026-04-28T04:24:38.448+0000] {processor.py:183} INFO - Processing /opt/airflow/dags/pipeline_dag.py took 0.195 seconds
[2026-04-28T04:25:08.686+0000] {processor.py:161} INFO - Started process (PID=576) to work on /opt/airflow/dags/pipeline_dag.py
[2026-04-28T04:25:08.689+0000] {processor.py:830} INFO - Processing file /opt/airflow/dags/pipeline_dag.py for tasks to queue
[2026-04-28T04:25:08.691+0000] {logging_mixin.py:188} INFO - [2026-04-28T04:25:08.690+0000] {dagbag.py:538} INFO - Filling up the DagBag from /opt/airflow/dags/pipeline_dag.py
[2026-04-28T04:25:08.726+0000] {processor.py:840} INFO - DAG(s) 'energy_pipeline' retrieved from /opt/airflow/dags/pipeline_dag.py
[2026-04-28T04:25:08.788+0000] {logging_mixin.py:188} INFO - [2026-04-28T04:25:08.787+0000] {dag.py:3036} INFO - Sync 1 DAGs
[2026-04-28T04:25:08.845+0000] {logging_mixin.py:188} INFO - [2026-04-28T04:25:08.845+0000] {dag.py:3823} INFO - Setting next_dagrun for energy_pipeline to 2026-04-28 00:00:00+00:00, run_after=2026-04-29 00:00:00+00:00
[2026-04-28T04:25:08.897+0000] {processor.py:183} INFO - Processing /opt/airflow/dags/pipeline_dag.py took 0.218 seconds
[2026-04-28T04:25:39.088+0000] {processor.py:161} INFO - Started process (PID=577) to work on /opt/airflow/dags/pipeline_dag.py
[2026-04-28T04:25:39.090+0000] {processor.py:830} INFO - Processing file /opt/airflow/dags/pipeline_dag.py for tasks to queue
[2026-04-28T04:25:39.092+0000] {logging_mixin.py:188} INFO - [2026-04-28T04:25:39.091+0000] {dagbag.py:538} INFO - Filling up the DagBag from /opt/airflow/dags/pipeline_dag.py
[2026-04-28T04:25:39.113+0000] {processor.py:840} INFO - DAG(s) 'energy_pipeline' retrieved from /opt/airflow/dags/pipeline_dag.py
[2026-04-28T04:25:39.146+0000] {logging_mixin.py:188} INFO - [2026-04-28T04:25:39.146+0000] {dag.py:3036} INFO - Sync 1 DAGs
[2026-04-28T04:25:39.175+0000] {logging_mixin.py:188} INFO - [2026-04-28T04:25:39.175+0000] {dag.py:3823} INFO - Setting next_dagrun for energy_pipeline to 2026-04-28 00:00:00+00:00, run_after=2026-04-29 00:00:00+00:00
[2026-04-28T04:25:39.201+0000] {processor.py:183} INFO - Processing /opt/airflow/dags/pipeline_dag.py took 0.118 seconds
[2026-04-28T04:26:09.365+0000] {processor.py:161} INFO - Started process (PID=578) to work on /opt/airflow/dags/pipeline_dag.py
[2026-04-28T04:26:09.367+0000] {processor.py:830} INFO - Processing file /opt/airflow/dags/pipeline_dag.py for tasks to queue
[2026-04-28T04:26:09.368+0000] {logging_mixin.py:188} INFO - [2026-04-28T04:26:09.367+0000] {dagbag.py:538} INFO - Filling up the DagBag from /opt/airflow/dags/pipeline_dag.py
[2026-04-28T04:26:09.386+0000] {processor.py:840} INFO - DAG(s) 'energy_pipeline' retrieved from /opt/airflow/dags/pipeline_dag.py
[2026-04-28T04:26:09.414+0000] {logging_mixin.py:188} INFO - [2026-04-28T04:26:09.414+0000] {dag.py:3036} INFO - Sync 1 DAGs
[2026-04-28T04:26:09.438+0000] {logging_mixin.py:188} INFO - [2026-04-28T04:26:09.438+0000] {dag.py:3823} INFO - Setting next_dagrun for energy_pipeline to 2026-04-28 00:00:00+00:00, run_after=2026-04-29 00:00:00+00:00
[2026-04-28T04:26:09.462+0000] {processor.py:183} INFO - Processing /opt/airflow/dags/pipeline_dag.py took 0.101 seconds
[2026-04-28T04:26:39.614+0000] {processor.py:161} INFO - Started process (PID=579) to work on /opt/airflow/dags/pipeline_dag.py
[2026-04-28T04:26:39.615+0000] {processor.py:830} INFO - Processing file /opt/airflow/dags/pipeline_dag.py for tasks to queue
[2026-04-28T04:26:39.616+0000] {logging_mixin.py:188} INFO - [2026-04-28T04:26:39.616+0000] {dagbag.py:538} INFO - Filling up the DagBag from /opt/airflow/dags/pipeline_dag.py
[2026-04-28T04:26:39.629+0000] {processor.py:840} INFO - DAG(s) 'energy_pipeline' retrieved from /opt/airflow/dags/pipeline_dag.py
[2026-04-28T04:26:39.652+0000] {logging_mixin.py:188} INFO - [2026-04-28T04:26:39.652+0000] {dag.py:3036} INFO - Sync 1 DAGs
[2026-04-28T04:26:39.674+0000] {logging_mixin.py:188} INFO - [2026-04-28T04:26:39.673+0000] {dag.py:3823} INFO - Setting next_dagrun for energy_pipeline to 2026-04-28 00:00:00+00:00, run_after=2026-04-29 00:00:00+00:00
[2026-04-28T04:26:39.694+0000] {processor.py:183} INFO - Processing /opt/airflow/dags/pipeline_dag.py took 0.082 seconds
[2026-04-28T04:27:09.791+0000] {processor.py:161} INFO - Started process (PID=580) to work on /opt/airflow/dags/pipeline_dag.py
[2026-04-28T04:27:09.793+0000] {processor.py:830} INFO - Processing file /opt/airflow/dags/pipeline_dag.py for tasks to queue
[2026-04-28T04:27:09.794+0000] {logging_mixin.py:188} INFO - [2026-04-28T04:27:09.793+0000] {dagbag.py:538} INFO - Filling up the DagBag from /opt/airflow/dags/pipeline_dag.py
[2026-04-28T04:27:09.811+0000] {processor.py:840} INFO - DAG(s) 'energy_pipeline' retrieved from /opt/airflow/dags/pipeline_dag.py
[2026-04-28T04:27:09.834+0000] {logging_mixin.py:188} INFO - [2026-04-28T04:27:09.834+0000] {dag.py:3036} INFO - Sync 1 DAGs
[2026-04-28T04:27:09.854+0000] {logging_mixin.py:188} INFO - [2026-04-28T04:27:09.854+0000] {dag.py:3823} INFO - Setting next_dagrun for energy_pipeline to 2026-04-28 00:00:00+00:00, run_after=2026-04-29 00:00:00+00:00
[2026-04-28T04:27:09.873+0000] {processor.py:183} INFO - Processing /opt/airflow/dags/pipeline_dag.py took 0.085 seconds
[2026-04-28T04:27:39.967+0000] {processor.py:161} INFO - Started process (PID=581) to work on /opt/airflow/dags/pipeline_dag.py
[2026-04-28T04:27:39.969+0000] {processor.py:830} INFO - Processing file /opt/airflow/dags/pipeline_dag.py for tasks to queue
[2026-04-28T04:27:39.970+0000] {logging_mixin.py:188} INFO - [2026-04-28T04:27:39.969+0000] {dagbag.py:538} INFO - Filling up the DagBag from /opt/airflow/dags/pipeline_dag.py
[2026-04-28T04:27:39.986+0000] {processor.py:840} INFO - DAG(s) 'energy_pipeline' retrieved from /opt/airflow/dags/pipeline_dag.py
[2026-04-28T04:27:40.009+0000] {logging_mixin.py:188} INFO - [2026-04-28T04:27:40.009+0000] {dag.py:3036} INFO - Sync 1 DAGs
[2026-04-28T04:27:40.030+0000] {logging_mixin.py:188} INFO - [2026-04-28T04:27:40.029+0000] {dag.py:3823} INFO - Setting next_dagrun for energy_pipeline to 2026-04-28 00:00:00+00:00, run_after=2026-04-29 00:00:00+00:00
[2026-04-28T04:27:40.049+0000] {processor.py:183} INFO - Processing /opt/airflow/dags/pipeline_dag.py took 0.085 seconds
[2026-04-28T04:28:10.133+0000] {processor.py:161} INFO - Started process (PID=582) to work on /opt/airflow/dags/pipeline_dag.py
[2026-04-28T04:28:10.134+0000] {processor.py:830} INFO - Processing file /opt/airflow/dags/pipeline_dag.py for tasks to queue
[2026-04-28T04:28:10.136+0000] {logging_mixin.py:188} INFO - [2026-04-28T04:28:10.135+0000] {dagbag.py:538} INFO - Filling up the DagBag from /opt/airflow/dags/pipeline_dag.py
[2026-04-28T04:28:10.152+0000] {processor.py:840} INFO - DAG(s) 'energy_pipeline' retrieved from /opt/airflow/dags/pipeline_dag.py
[2026-04-28T04:28:10.177+0000] {logging_mixin.py:188} INFO - [2026-04-28T04:28:10.177+0000] {dag.py:3036} INFO - Sync 1 DAGs
[2026-04-28T04:28:10.197+0000] {logging_mixin.py:188} INFO - [2026-04-28T04:28:10.196+0000] {dag.py:3823} INFO - Setting next_dagrun for energy_pipeline to 2026-04-28 00:00:00+00:00, run_after=2026-04-29 00:00:00+00:00
[2026-04-28T04:28:10.215+0000] {processor.py:183} INFO - Processing /opt/airflow/dags/pipeline_dag.py took 0.086 seconds
[2026-04-28T04:28:40.299+0000] {processor.py:161} INFO - Started process (PID=583) to work on /opt/airflow/dags/pipeline_dag.py
[2026-04-28T04:28:40.301+0000] {processor.py:830} INFO - Processing file /opt/airflow/dags/pipeline_dag.py for tasks to queue
[2026-04-28T04:28:40.302+0000] {logging_mixin.py:188} INFO - [2026-04-28T04:28:40.301+0000] {dagbag.py:538} INFO - Filling up the DagBag from /opt/airflow/dags/pipeline_dag.py
[2026-04-28T04:28:40.317+0000] {processor.py:840} INFO - DAG(s) 'energy_pipeline' retrieved from /opt/airflow/dags/pipeline_dag.py
[2026-04-28T04:28:40.342+0000] {logging_mixin.py:188} INFO - [2026-04-28T04:28:40.342+0000] {dag.py:3036} INFO - Sync 1 DAGs
[2026-04-28T04:28:40.363+0000] {logging_mixin.py:188} INFO - [2026-04-28T04:28:40.362+0000] {dag.py:3823} INFO - Setting next_dagrun for energy_pipeline to 2026-04-28 00:00:00+00:00, run_after=2026-04-29 00:00:00+00:00
[2026-04-28T04:28:40.381+0000] {processor.py:183} INFO - Processing /opt/airflow/dags/pipeline_dag.py took 0.086 seconds
[2026-04-28T04:29:10.463+0000] {processor.py:161} INFO - Started process (PID=584) to work on /opt/airflow/dags/pipeline_dag.py
[2026-04-28T04:29:10.464+0000] {processor.py:830} INFO - Processing file /opt/airflow/dags/pipeline_dag.py for tasks to queue
[2026-04-28T04:29:10.465+0000] {logging_mixin.py:188} INFO - [2026-04-28T04:29:10.465+0000] {dagbag.py:538} INFO - Filling up the DagBag from /opt/airflow/dags/pipeline_dag.py
[2026-04-28T04:29:10.479+0000] {processor.py:840} INFO - DAG(s) 'energy_pipeline' retrieved from /opt/airflow/dags/pipeline_dag.py
[2026-04-28T04:29:10.503+0000] {logging_mixin.py:188} INFO - [2026-04-28T04:29:10.503+0000] {dag.py:3036} INFO - Sync 1 DAGs
[2026-04-28T04:29:10.524+0000] {logging_mixin.py:188} INFO - [2026-04-28T04:29:10.524+0000] {dag.py:3823} INFO - Setting next_dagrun for energy_pipeline to 2026-04-28 00:00:00+00:00, run_after=2026-04-29 00:00:00+00:00
[2026-04-28T04:29:10.542+0000] {processor.py:183} INFO - Processing /opt/airflow/dags/pipeline_dag.py took 0.082 seconds
[2026-04-28T04:29:40.629+0000] {processor.py:161} INFO - Started process (PID=585) to work on /opt/airflow/dags/pipeline_dag.py
[2026-04-28T04:29:40.630+0000] {processor.py:830} INFO - Processing file /opt/airflow/dags/pipeline_dag.py for tasks to queue
[2026-04-28T04:29:40.632+0000] {logging_mixin.py:188} INFO - [2026-04-28T04:29:40.631+0000] {dagbag.py:538} INFO - Filling up the DagBag from /opt/airflow/dags/pipeline_dag.py
[2026-04-28T04:29:40.646+0000] {processor.py:840} INFO - DAG(s) 'energy_pipeline' retrieved from /opt/airflow/dags/pipeline_dag.py
[2026-04-28T04:29:40.680+0000] {logging_mixin.py:188} INFO - [2026-04-28T04:29:40.680+0000] {dag.py:3036} INFO - Sync 1 DAGs
[2026-04-28T04:29:40.705+0000] {logging_mixin.py:188} INFO - [2026-04-28T04:29:40.705+0000] {dag.py:3823} INFO - Setting next_dagrun for energy_pipeline to 2026-04-28 00:00:00+00:00, run_after=2026-04-29 00:00:00+00:00
[2026-04-28T04:29:40.733+0000] {processor.py:183} INFO - Processing /opt/airflow/dags/pipeline_dag.py took 0.108 seconds
[2026-04-28T04:30:10.901+0000] {processor.py:161} INFO - Started process (PID=586) to work on /opt/airflow/dags/pipeline_dag.py
[2026-04-28T04:30:10.902+0000] {processor.py:830} INFO - Processing file /opt/airflow/dags/pipeline_dag.py for tasks to queue
[2026-04-28T04:30:10.903+0000] {logging_mixin.py:188} INFO - [2026-04-28T04:30:10.903+0000] {dagbag.py:538} INFO - Filling up the DagBag from /opt/airflow/dags/pipeline_dag.py
[2026-04-28T04:30:10.918+0000] {processor.py:840} INFO - DAG(s) 'energy_pipeline' retrieved from /opt/airflow/dags/pipeline_dag.py
[2026-04-28T04:30:10.943+0000] {logging_mixin.py:188} INFO - [2026-04-28T04:30:10.942+0000] {dag.py:3036} INFO - Sync 1 DAGs
[2026-04-28T04:30:10.963+0000] {logging_mixin.py:188} INFO - [2026-04-28T04:30:10.963+0000] {dag.py:3823} INFO - Setting next_dagrun for energy_pipeline to 2026-04-28 00:00:00+00:00, run_after=2026-04-29 00:00:00+00:00
[2026-04-28T04:30:10.982+0000] {processor.py:183} INFO - Processing /opt/airflow/dags/pipeline_dag.py took 0.084 seconds
[2026-04-28T04:30:41.072+0000] {processor.py:161} INFO - Started process (PID=587) to work on /opt/airflow/dags/pipeline_dag.py
[2026-04-28T04:30:41.073+0000] {processor.py:830} INFO - Processing file /opt/airflow/dags/pipeline_dag.py for tasks to queue
[2026-04-28T04:30:41.074+0000] {logging_mixin.py:188} INFO - [2026-04-28T04:30:41.074+0000] {dagbag.py:538} INFO - Filling up the DagBag from /opt/airflow/dags/pipeline_dag.py
[2026-04-28T04:30:41.090+0000] {processor.py:840} INFO - DAG(s) 'energy_pipeline' retrieved from /opt/airflow/dags/pipeline_dag.py
[2026-04-28T04:30:41.115+0000] {logging_mixin.py:188} INFO - [2026-04-28T04:30:41.115+0000] {dag.py:3036} INFO - Sync 1 DAGs
[2026-04-28T04:30:41.139+0000] {logging_mixin.py:188} INFO - [2026-04-28T04:30:41.139+0000] {dag.py:3823} INFO - Setting next_dagrun for energy_pipeline to 2026-04-28 00:00:00+00:00, run_after=2026-04-29 00:00:00+00:00
[2026-04-28T04:30:41.168+0000] {processor.py:183} INFO - Processing /opt/airflow/dags/pipeline_dag.py took 0.099 seconds
[2026-04-28T04:31:11.378+0000] {processor.py:161} INFO - Started process (PID=588) to work on /opt/airflow/dags/pipeline_dag.py
[2026-04-28T04:31:11.380+0000] {processor.py:830} INFO - Processing file /opt/airflow/dags/pipeline_dag.py for tasks to queue
[2026-04-28T04:31:11.381+0000] {logging_mixin.py:188} INFO - [2026-04-28T04:31:11.381+0000] {dagbag.py:538} INFO - Filling up the DagBag from /opt/airflow/dags/pipeline_dag.py
[2026-04-28T04:31:11.399+0000] {processor.py:840} INFO - DAG(s) 'energy_pipeline' retrieved from /opt/airflow/dags/pipeline_dag.py
[2026-04-28T04:31:11.434+0000] {logging_mixin.py:188} INFO - [2026-04-28T04:31:11.434+0000] {dag.py:3036} INFO - Sync 1 DAGs
[2026-04-28T04:31:11.461+0000] {logging_mixin.py:188} INFO - [2026-04-28T04:31:11.461+0000] {dag.py:3823} INFO - Setting next_dagrun for energy_pipeline to 2026-04-28 00:00:00+00:00, run_after=2026-04-29 00:00:00+00:00
[2026-04-28T04:31:11.485+0000] {processor.py:183} INFO - Processing /opt/airflow/dags/pipeline_dag.py took 0.110 seconds
[2026-04-28T04:31:41.639+0000] {processor.py:161} INFO - Started process (PID=589) to work on /opt/airflow/dags/pipeline_dag.py
[2026-04-28T04:31:41.640+0000] {processor.py:830} INFO - Processing file /opt/airflow/dags/pipeline_dag.py for tasks to queue
[2026-04-28T04:31:41.641+0000] {logging_mixin.py:188} INFO - [2026-04-28T04:31:41.641+0000] {dagbag.py:538} INFO - Filling up the DagBag from /opt/airflow/dags/pipeline_dag.py
[2026-04-28T04:31:41.656+0000] {processor.py:840} INFO - DAG(s) 'energy_pipeline' retrieved from /opt/airflow/dags/pipeline_dag.py
[2026-04-28T04:31:41.683+0000] {logging_mixin.py:188} INFO - [2026-04-28T04:31:41.683+0000] {dag.py:3036} INFO - Sync 1 DAGs
[2026-04-28T04:31:41.711+0000] {logging_mixin.py:188} INFO - [2026-04-28T04:31:41.711+0000] {dag.py:3823} INFO - Setting next_dagrun for energy_pipeline to 2026-04-28 00:00:00+00:00, run_after=2026-04-29 00:00:00+00:00
[2026-04-28T04:31:41.735+0000] {processor.py:183} INFO - Processing /opt/airflow/dags/pipeline_dag.py took 0.100 seconds
[2026-04-28T04:32:11.912+0000] {processor.py:161} INFO - Started process (PID=590) to work on /opt/airflow/dags/pipeline_dag.py
[2026-04-28T04:32:11.914+0000] {processor.py:830} INFO - Processing file /opt/airflow/dags/pipeline_dag.py for tasks to queue
[2026-04-28T04:32:11.915+0000] {logging_mixin.py:188} INFO - [2026-04-28T04:32:11.915+0000] {dagbag.py:538} INFO - Filling up the DagBag from /opt/airflow/dags/pipeline_dag.py
[2026-04-28T04:32:11.930+0000] {processor.py:840} INFO - DAG(s) 'energy_pipeline' retrieved from /opt/airflow/dags/pipeline_dag.py
[2026-04-28T04:32:11.954+0000] {logging_mixin.py:188} INFO - [2026-04-28T04:32:11.954+0000] {dag.py:3036} INFO - Sync 1 DAGs
[2026-04-28T04:32:11.974+0000] {logging_mixin.py:188} INFO - [2026-04-28T04:32:11.974+0000] {dag.py:3823} INFO - Setting next_dagrun for energy_pipeline to 2026-04-28 00:00:00+00:00, run_after=2026-04-29 00:00:00+00:00
[2026-04-28T04:32:11.993+0000] {processor.py:183} INFO - Processing /opt/airflow/dags/pipeline_dag.py took 0.084 seconds
[2026-04-28T04:32:42.086+0000] {processor.py:161} INFO - Started process (PID=591) to work on /opt/airflow/dags/pipeline_dag.py
[2026-04-28T04:32:42.087+0000] {processor.py:830} INFO - Processing file /opt/airflow/dags/pipeline_dag.py for tasks to queue
[2026-04-28T04:32:42.088+0000] {logging_mixin.py:188} INFO - [2026-04-28T04:32:42.088+0000] {dagbag.py:538} INFO - Filling up the DagBag from /opt/airflow/dags/pipeline_dag.py
[2026-04-28T04:32:42.105+0000] {processor.py:840} INFO - DAG(s) 'energy_pipeline' retrieved from /opt/airflow/dags/pipeline_dag.py
[2026-04-28T04:32:42.128+0000] {logging_mixin.py:188} INFO - [2026-04-28T04:32:42.128+0000] {dag.py:3036} INFO - Sync 1 DAGs
[2026-04-28T04:32:42.148+0000] {logging_mixin.py:188} INFO - [2026-04-28T04:32:42.148+0000] {dag.py:3823} INFO - Setting next_dagrun for energy_pipeline to 2026-04-28 00:00:00+00:00, run_after=2026-04-29 00:00:00+00:00
[2026-04-28T04:32:42.167+0000] {processor.py:183} INFO - Processing /opt/airflow/dags/pipeline_dag.py took 0.084 seconds
[2026-04-28T04:33:12.259+0000] {processor.py:161} INFO - Started process (PID=592) to work on /opt/airflow/dags/pipeline_dag.py
[2026-04-28T04:33:12.260+0000] {processor.py:830} INFO - Processing file /opt/airflow/dags/pipeline_dag.py for tasks to queue
[2026-04-28T04:33:12.262+0000] {logging_mixin.py:188} INFO - [2026-04-28T04:33:12.261+0000] {dagbag.py:538} INFO - Filling up the DagBag from /opt/airflow/dags/pipeline_dag.py
[2026-04-28T04:33:12.282+0000] {processor.py:840} INFO - DAG(s) 'energy_pipeline' retrieved from /opt/airflow/dags/pipeline_dag.py
[2026-04-28T04:33:12.313+0000] {logging_mixin.py:188} INFO - [2026-04-28T04:33:12.312+0000] {dag.py:3036} INFO - Sync 1 DAGs
[2026-04-28T04:33:12.343+0000] {logging_mixin.py:188} INFO - [2026-04-28T04:33:12.343+0000] {dag.py:3823} INFO - Setting next_dagrun for energy_pipeline to 2026-04-28 00:00:00+00:00, run_after=2026-04-29 00:00:00+00:00
[2026-04-28T04:33:12.370+0000] {processor.py:183} INFO - Processing /opt/airflow/dags/pipeline_dag.py took 0.114 seconds
[2026-04-28T04:33:42.541+0000] {processor.py:161} INFO - Started process (PID=593) to work on /opt/airflow/dags/pipeline_dag.py
[2026-04-28T04:33:42.543+0000] {processor.py:830} INFO - Processing file /opt/airflow/dags/pipeline_dag.py for tasks to queue
[2026-04-28T04:33:42.545+0000] {logging_mixin.py:188} INFO - [2026-04-28T04:33:42.544+0000] {dagbag.py:538} INFO - Filling up the DagBag from /opt/airflow/dags/pipeline_dag.py
[2026-04-28T04:33:42.565+0000] {processor.py:840} INFO - DAG(s) 'energy_pipeline' retrieved from /opt/airflow/dags/pipeline_dag.py
[2026-04-28T04:33:42.602+0000] {logging_mixin.py:188} INFO - [2026-04-28T04:33:42.601+0000] {dag.py:3036} INFO - Sync 1 DAGs
[2026-04-28T04:33:42.638+0000] {logging_mixin.py:188} INFO - [2026-04-28T04:33:42.637+0000] {dag.py:3823} INFO - Setting next_dagrun for energy_pipeline to 2026-04-28 00:00:00+00:00, run_after=2026-04-29 00:00:00+00:00
[2026-04-28T04:33:42.671+0000] {processor.py:183} INFO - Processing /opt/airflow/dags/pipeline_dag.py took 0.134 seconds
[2026-04-28T04:34:12.827+0000] {processor.py:161} INFO - Started process (PID=594) to work on /opt/airflow/dags/pipeline_dag.py
[2026-04-28T04:34:12.828+0000] {processor.py:830} INFO - Processing file /opt/airflow/dags/pipeline_dag.py for tasks to queue
[2026-04-28T04:34:12.829+0000] {logging_mixin.py:188} INFO - [2026-04-28T04:34:12.829+0000] {dagbag.py:538} INFO - Filling up the DagBag from /opt/airflow/dags/pipeline_dag.py
[2026-04-28T04:34:12.845+0000] {processor.py:840} INFO - DAG(s) 'energy_pipeline' retrieved from /opt/airflow/dags/pipeline_dag.py
[2026-04-28T04:34:12.874+0000] {logging_mixin.py:188} INFO - [2026-04-28T04:34:12.874+0000] {dag.py:3036} INFO - Sync 1 DAGs
[2026-04-28T04:34:12.898+0000] {logging_mixin.py:188} INFO - [2026-04-28T04:34:12.898+0000] {dag.py:3823} INFO - Setting next_dagrun for energy_pipeline to 2026-04-28 00:00:00+00:00, run_after=2026-04-29 00:00:00+00:00
[2026-04-28T04:34:12.919+0000] {processor.py:183} INFO - Processing /opt/airflow/dags/pipeline_dag.py took 0.097 seconds
[2026-04-28T04:34:43.097+0000] {processor.py:161} INFO - Started process (PID=595) to work on /opt/airflow/dags/pipeline_dag.py
[2026-04-28T04:34:43.098+0000] {processor.py:830} INFO - Processing file /opt/airflow/dags/pipeline_dag.py for tasks to queue
[2026-04-28T04:34:43.099+0000] {logging_mixin.py:188} INFO - [2026-04-28T04:34:43.099+0000] {dagbag.py:538} INFO - Filling up the DagBag from /opt/airflow/dags/pipeline_dag.py
[2026-04-28T04:34:43.122+0000] {processor.py:840} INFO - DAG(s) 'energy_pipeline' retrieved from /opt/airflow/dags/pipeline_dag.py
[2026-04-28T04:34:43.156+0000] {logging_mixin.py:188} INFO - [2026-04-28T04:34:43.156+0000] {dag.py:3036} INFO - Sync 1 DAGs
[2026-04-28T04:34:43.174+0000] {logging_mixin.py:188} INFO - [2026-04-28T04:34:43.173+0000] {dag.py:3823} INFO - Setting next_dagrun for energy_pipeline to 2026-04-28 00:00:00+00:00, run_after=2026-04-29 00:00:00+00:00
[2026-04-28T04:34:43.191+0000] {processor.py:183} INFO - Processing /opt/airflow/dags/pipeline_dag.py took 0.097 seconds
[2026-04-28T04:35:13.371+0000] {processor.py:161} INFO - Started process (PID=596) to work on /opt/airflow/dags/pipeline_dag.py
[2026-04-28T04:35:13.372+0000] {processor.py:830} INFO - Processing file /opt/airflow/dags/pipeline_dag.py for tasks to queue
[2026-04-28T04:35:13.374+0000] {logging_mixin.py:188} INFO - [2026-04-28T04:35:13.373+0000] {dagbag.py:538} INFO - Filling up the DagBag from /opt/airflow/dags/pipeline_dag.py
[2026-04-28T04:35:13.391+0000] {processor.py:840} INFO - DAG(s) 'energy_pipeline' retrieved from /opt/airflow/dags/pipeline_dag.py
[2026-04-28T04:35:13.415+0000] {logging_mixin.py:188} INFO - [2026-04-28T04:35:13.415+0000] {dag.py:3036} INFO - Sync 1 DAGs
[2026-04-28T04:35:13.435+0000] {logging_mixin.py:188} INFO - [2026-04-28T04:35:13.434+0000] {dag.py:3823} INFO - Setting next_dagrun for energy_pipeline to 2026-04-28 00:00:00+00:00, run_after=2026-04-29 00:00:00+00:00
[2026-04-28T04:35:13.454+0000] {processor.py:183} INFO - Processing /opt/airflow/dags/pipeline_dag.py took 0.086 seconds
[2026-04-28T04:35:43.544+0000] {processor.py:161} INFO - Started process (PID=597) to work on /opt/airflow/dags/pipeline_dag.py
[2026-04-28T04:35:43.545+0000] {processor.py:830} INFO - Processing file /opt/airflow/dags/pipeline_dag.py for tasks to queue
[2026-04-28T04:35:43.545+0000] {logging_mixin.py:188} INFO - [2026-04-28T04:35:43.545+0000] {dagbag.py:538} INFO - Filling up the DagBag from /opt/airflow/dags/pipeline_dag.py
[2026-04-28T04:35:43.559+0000] {processor.py:840} INFO - DAG(s) 'energy_pipeline' retrieved from /opt/airflow/dags/pipeline_dag.py
[2026-04-28T04:35:43.582+0000] {logging_mixin.py:188} INFO - [2026-04-28T04:35:43.582+0000] {dag.py:3036} INFO - Sync 1 DAGs
[2026-04-28T04:35:43.603+0000] {logging_mixin.py:188} INFO - [2026-04-28T04:35:43.603+0000] {dag.py:3823} INFO - Setting next_dagrun for energy_pipeline to 2026-04-28 00:00:00+00:00, run_after=2026-04-29 00:00:00+00:00
[2026-04-28T04:35:43.621+0000] {processor.py:183} INFO - Processing /opt/airflow/dags/pipeline_dag.py took 0.081 seconds
[2026-04-28T04:36:13.718+0000] {processor.py:161} INFO - Started process (PID=598) to work on /opt/airflow/dags/pipeline_dag.py
[2026-04-28T04:36:13.719+0000] {processor.py:830} INFO - Processing file /opt/airflow/dags/pipeline_dag.py for tasks to queue
[2026-04-28T04:36:13.720+0000] {logging_mixin.py:188} INFO - [2026-04-28T04:36:13.720+0000] {dagbag.py:538} INFO - Filling up the DagBag from /opt/airflow/dags/pipeline_dag.py
[2026-04-28T04:36:13.737+0000] {processor.py:840} INFO - DAG(s) 'energy_pipeline' retrieved from /opt/airflow/dags/pipeline_dag.py
[2026-04-28T04:36:13.761+0000] {logging_mixin.py:188} INFO - [2026-04-28T04:36:13.761+0000] {dag.py:3036} INFO - Sync 1 DAGs
[2026-04-28T04:36:13.781+0000] {logging_mixin.py:188} INFO - [2026-04-28T04:36:13.781+0000] {dag.py:3823} INFO - Setting next_dagrun for energy_pipeline to 2026-04-28 00:00:00+00:00, run_after=2026-04-29 00:00:00+00:00
[2026-04-28T04:36:13.799+0000] {processor.py:183} INFO - Processing /opt/airflow/dags/pipeline_dag.py took 0.085 seconds
[2026-04-28T04:36:43.892+0000] {processor.py:161} INFO - Started process (PID=599) to work on /opt/airflow/dags/pipeline_dag.py
[2026-04-28T04:36:43.893+0000] {processor.py:830} INFO - Processing file /opt/airflow/dags/pipeline_dag.py for tasks to queue
[2026-04-28T04:36:43.894+0000] {logging_mixin.py:188} INFO - [2026-04-28T04:36:43.894+0000] {dagbag.py:538} INFO - Filling up the DagBag from /opt/airflow/dags/pipeline_dag.py
[2026-04-28T04:36:43.912+0000] {processor.py:840} INFO - DAG(s) 'energy_pipeline' retrieved from /opt/airflow/dags/pipeline_dag.py
[2026-04-28T04:36:43.936+0000] {logging_mixin.py:188} INFO - [2026-04-28T04:36:43.936+0000] {dag.py:3036} INFO - Sync 1 DAGs
[2026-04-28T04:36:43.956+0000] {logging_mixin.py:188} INFO - [2026-04-28T04:36:43.956+0000] {dag.py:3823} INFO - Setting next_dagrun for energy_pipeline to 2026-04-28 00:00:00+00:00, run_after=2026-04-29 00:00:00+00:00
[2026-04-28T04:36:43.976+0000] {processor.py:183} INFO - Processing /opt/airflow/dags/pipeline_dag.py took 0.088 seconds
[2026-04-28T04:37:14.056+0000] {processor.py:161} INFO - Started process (PID=600) to work on /opt/airflow/dags/pipeline_dag.py
[2026-04-28T04:37:14.057+0000] {processor.py:830} INFO - Processing file /opt/airflow/dags/pipeline_dag.py for tasks to queue
[2026-04-28T04:37:14.059+0000] {logging_mixin.py:188} INFO - [2026-04-28T04:37:14.058+0000] {dagbag.py:538} INFO - Filling up the DagBag from /opt/airflow/dags/pipeline_dag.py
[2026-04-28T04:37:14.076+0000] {processor.py:840} INFO - DAG(s) 'energy_pipeline' retrieved from /opt/airflow/dags/pipeline_dag.py
[2026-04-28T04:37:14.101+0000] {logging_mixin.py:188} INFO - [2026-04-28T04:37:14.101+0000] {dag.py:3036} INFO - Sync 1 DAGs
[2026-04-28T04:37:14.120+0000] {logging_mixin.py:188} INFO - [2026-04-28T04:37:14.120+0000] {dag.py:3823} INFO - Setting next_dagrun for energy_pipeline to 2026-04-28 00:00:00+00:00, run_after=2026-04-29 00:00:00+00:00
[2026-04-28T04:37:14.141+0000] {processor.py:183} INFO - Processing /opt/airflow/dags/pipeline_dag.py took 0.087 seconds
[2026-04-28T04:37:44.231+0000] {processor.py:161} INFO - Started process (PID=601) to work on /opt/airflow/dags/pipeline_dag.py
[2026-04-28T04:37:44.233+0000] {processor.py:830} INFO - Processing file /opt/airflow/dags/pipeline_dag.py for tasks to queue
[2026-04-28T04:37:44.234+0000] {logging_mixin.py:188} INFO - [2026-04-28T04:37:44.233+0000] {dagbag.py:538} INFO - Filling up the DagBag from /opt/airflow/dags/pipeline_dag.py
[2026-04-28T04:37:44.250+0000] {processor.py:840} INFO - DAG(s) 'energy_pipeline' retrieved from /opt/airflow/dags/pipeline_dag.py
[2026-04-28T04:37:44.277+0000] {logging_mixin.py:188} INFO - [2026-04-28T04:37:44.277+0000] {dag.py:3036} INFO - Sync 1 DAGs
[2026-04-28T04:37:44.297+0000] {logging_mixin.py:188} INFO - [2026-04-28T04:37:44.297+0000] {dag.py:3823} INFO - Setting next_dagrun for energy_pipeline to 2026-04-28 00:00:00+00:00, run_after=2026-04-29 00:00:00+00:00
[2026-04-28T04:37:44.316+0000] {processor.py:183} INFO - Processing /opt/airflow/dags/pipeline_dag.py took 0.088 seconds
[2026-04-28T04:38:14.405+0000] {processor.py:161} INFO - Started process (PID=602) to work on /opt/airflow/dags/pipeline_dag.py
[2026-04-28T04:38:14.406+0000] {processor.py:830} INFO - Processing file /opt/airflow/dags/pipeline_dag.py for tasks to queue
[2026-04-28T04:38:14.408+0000] {logging_mixin.py:188} INFO - [2026-04-28T04:38:14.407+0000] {dagbag.py:538} INFO - Filling up the DagBag from /opt/airflow/dags/pipeline_dag.py
[2026-04-28T04:38:14.425+0000] {processor.py:840} INFO - DAG(s) 'energy_pipeline' retrieved from /opt/airflow/dags/pipeline_dag.py
[2026-04-28T04:38:14.451+0000] {logging_mixin.py:188} INFO - [2026-04-28T04:38:14.451+0000] {dag.py:3036} INFO - Sync 1 DAGs
[2026-04-28T04:38:14.472+0000] {logging_mixin.py:188} INFO - [2026-04-28T04:38:14.472+0000] {dag.py:3823} INFO - Setting next_dagrun for energy_pipeline to 2026-04-28 00:00:00+00:00, run_after=2026-04-29 00:00:00+00:00
[2026-04-28T04:38:14.490+0000] {processor.py:183} INFO - Processing /opt/airflow/dags/pipeline_dag.py took 0.089 seconds
[2026-04-28T04:38:44.576+0000] {processor.py:161} INFO - Started process (PID=603) to work on /opt/airflow/dags/pipeline_dag.py
[2026-04-28T04:38:44.578+0000] {processor.py:830} INFO - Processing file /opt/airflow/dags/pipeline_dag.py for tasks to queue
[2026-04-28T04:38:44.579+0000] {logging_mixin.py:188} INFO - [2026-04-28T04:38:44.578+0000] {dagbag.py:538} INFO - Filling up the DagBag from /opt/airflow/dags/pipeline_dag.py
[2026-04-28T04:38:44.595+0000] {processor.py:840} INFO - DAG(s) 'energy_pipeline' retrieved from /opt/airflow/dags/pipeline_dag.py
[2026-04-28T04:38:44.618+0000] {logging_mixin.py:188} INFO - [2026-04-28T04:38:44.618+0000] {dag.py:3036} INFO - Sync 1 DAGs
[2026-04-28T04:38:44.638+0000] {logging_mixin.py:188} INFO - [2026-04-28T04:38:44.638+0000] {dag.py:3823} INFO - Setting next_dagrun for energy_pipeline to 2026-04-28 00:00:00+00:00, run_after=2026-04-29 00:00:00+00:00
[2026-04-28T04:38:44.656+0000] {processor.py:183} INFO - Processing /opt/airflow/dags/pipeline_dag.py took 0.084 seconds
[2026-04-28T04:39:14.746+0000] {processor.py:161} INFO - Started process (PID=604) to work on /opt/airflow/dags/pipeline_dag.py
[2026-04-28T04:39:14.747+0000] {processor.py:830} INFO - Processing file /opt/airflow/dags/pipeline_dag.py for tasks to queue
[2026-04-28T04:39:14.748+0000] {logging_mixin.py:188} INFO - [2026-04-28T04:39:14.748+0000] {dagbag.py:538} INFO - Filling up the DagBag from /opt/airflow/dags/pipeline_dag.py
[2026-04-28T04:39:14.765+0000] {processor.py:840} INFO - DAG(s) 'energy_pipeline' retrieved from /opt/airflow/dags/pipeline_dag.py
[2026-04-28T04:39:14.789+0000] {logging_mixin.py:188} INFO - [2026-04-28T04:39:14.789+0000] {dag.py:3036} INFO - Sync 1 DAGs
[2026-04-28T04:39:14.809+0000] {logging_mixin.py:188} INFO - [2026-04-28T04:39:14.808+0000] {dag.py:3823} INFO - Setting next_dagrun for energy_pipeline to 2026-04-28 00:00:00+00:00, run_after=2026-04-29 00:00:00+00:00
[2026-04-28T04:39:14.828+0000] {processor.py:183} INFO - Processing /opt/airflow/dags/pipeline_dag.py took 0.085 seconds
[2026-04-28T04:39:44.910+0000] {processor.py:161} INFO - Started process (PID=605) to work on /opt/airflow/dags/pipeline_dag.py
[2026-04-28T04:39:44.912+0000] {processor.py:830} INFO - Processing file /opt/airflow/dags/pipeline_dag.py for tasks to queue
[2026-04-28T04:39:44.913+0000] {logging_mixin.py:188} INFO - [2026-04-28T04:39:44.913+0000] {dagbag.py:538} INFO - Filling up the DagBag from /opt/airflow/dags/pipeline_dag.py
[2026-04-28T04:39:44.928+0000] {processor.py:840} INFO - DAG(s) 'energy_pipeline' retrieved from /opt/airflow/dags/pipeline_dag.py
[2026-04-28T04:39:44.952+0000] {logging_mixin.py:188} INFO - [2026-04-28T04:39:44.952+0000] {dag.py:3036} INFO - Sync 1 DAGs
[2026-04-28T04:39:44.974+0000] {logging_mixin.py:188} INFO - [2026-04-28T04:39:44.974+0000] {dag.py:3823} INFO - Setting next_dagrun for energy_pipeline to 2026-04-28 00:00:00+00:00, run_after=2026-04-29 00:00:00+00:00
[2026-04-28T04:39:44.992+0000] {processor.py:183} INFO - Processing /opt/airflow/dags/pipeline_dag.py took 0.087 seconds
[2026-04-28T04:40:15.081+0000] {processor.py:161} INFO - Started process (PID=606) to work on /opt/airflow/dags/pipeline_dag.py
[2026-04-28T04:40:15.082+0000] {processor.py:830} INFO - Processing file /opt/airflow/dags/pipeline_dag.py for tasks to queue
[2026-04-28T04:40:15.083+0000] {logging_mixin.py:188} INFO - [2026-04-28T04:40:15.083+0000] {dagbag.py:538} INFO - Filling up the DagBag from /opt/airflow/dags/pipeline_dag.py
[2026-04-28T04:40:15.100+0000] {processor.py:840} INFO - DAG(s) 'energy_pipeline' retrieved from /opt/airflow/dags/pipeline_dag.py
[2026-04-28T04:40:15.124+0000] {logging_mixin.py:188} INFO - [2026-04-28T04:40:15.124+0000] {dag.py:3036} INFO - Sync 1 DAGs
[2026-04-28T04:40:15.145+0000] {logging_mixin.py:188} INFO - [2026-04-28T04:40:15.144+0000] {dag.py:3823} INFO - Setting next_dagrun for energy_pipeline to 2026-04-28 00:00:00+00:00, run_after=2026-04-29 00:00:00+00:00
[2026-04-28T04:40:15.163+0000] {processor.py:183} INFO - Processing /opt/airflow/dags/pipeline_dag.py took 0.086 seconds
[2026-04-28T04:40:45.224+0000] {processor.py:161} INFO - Started process (PID=607) to work on /opt/airflow/dags/pipeline_dag.py
[2026-04-28T04:40:45.225+0000] {processor.py:830} INFO - Processing file /opt/airflow/dags/pipeline_dag.py for tasks to queue
[2026-04-28T04:40:45.226+0000] {logging_mixin.py:188} INFO - [2026-04-28T04:40:45.225+0000] {dagbag.py:538} INFO - Filling up the DagBag from /opt/airflow/dags/pipeline_dag.py
[2026-04-28T04:40:45.241+0000] {processor.py:840} INFO - DAG(s) 'energy_pipeline' retrieved from /opt/airflow/dags/pipeline_dag.py
[2026-04-28T04:40:45.266+0000] {logging_mixin.py:188} INFO - [2026-04-28T04:40:45.266+0000] {dag.py:3036} INFO - Sync 1 DAGs
[2026-04-28T04:40:45.287+0000] {logging_mixin.py:188} INFO - [2026-04-28T04:40:45.287+0000] {dag.py:3823} INFO - Setting next_dagrun for energy_pipeline to 2026-04-28 00:00:00+00:00, run_after=2026-04-29 00:00:00+00:00
[2026-04-28T04:40:45.308+0000] {processor.py:183} INFO - Processing /opt/airflow/dags/pipeline_dag.py took 0.088 seconds
[2026-04-28T04:41:15.436+0000] {processor.py:161} INFO - Started process (PID=608) to work on /opt/airflow/dags/pipeline_dag.py
[2026-04-28T04:41:15.437+0000] {processor.py:830} INFO - Processing file /opt/airflow/dags/pipeline_dag.py for tasks to queue
[2026-04-28T04:41:15.438+0000] {logging_mixin.py:188} INFO - [2026-04-28T04:41:15.438+0000] {dagbag.py:538} INFO - Filling up the DagBag from /opt/airflow/dags/pipeline_dag.py
[2026-04-28T04:41:15.456+0000] {processor.py:840} INFO - DAG(s) 'energy_pipeline' retrieved from /opt/airflow/dags/pipeline_dag.py
[2026-04-28T04:41:15.483+0000] {logging_mixin.py:188} INFO - [2026-04-28T04:41:15.483+0000] {dag.py:3036} INFO - Sync 1 DAGs
[2026-04-28T04:41:15.507+0000] {logging_mixin.py:188} INFO - [2026-04-28T04:41:15.507+0000] {dag.py:3823} INFO - Setting next_dagrun for energy_pipeline to 2026-04-28 00:00:00+00:00, run_after=2026-04-29 00:00:00+00:00
[2026-04-28T04:41:15.530+0000] {processor.py:183} INFO - Processing /opt/airflow/dags/pipeline_dag.py took 0.098 seconds
[2026-04-28T04:41:45.674+0000] {processor.py:161} INFO - Started process (PID=609) to work on /opt/airflow/dags/pipeline_dag.py
[2026-04-28T04:41:45.675+0000] {processor.py:830} INFO - Processing file /opt/airflow/dags/pipeline_dag.py for tasks to queue
[2026-04-28T04:41:45.677+0000] {logging_mixin.py:188} INFO - [2026-04-28T04:41:45.676+0000] {dagbag.py:538} INFO - Filling up the DagBag from /opt/airflow/dags/pipeline_dag.py
[2026-04-28T04:41:45.692+0000] {processor.py:840} INFO - DAG(s) 'energy_pipeline' retrieved from /opt/airflow/dags/pipeline_dag.py
[2026-04-28T04:41:45.716+0000] {logging_mixin.py:188} INFO - [2026-04-28T04:41:45.716+0000] {dag.py:3036} INFO - Sync 1 DAGs
[2026-04-28T04:41:45.735+0000] {logging_mixin.py:188} INFO - [2026-04-28T04:41:45.735+0000] {dag.py:3823} INFO - Setting next_dagrun for energy_pipeline to 2026-04-28 00:00:00+00:00, run_after=2026-04-29 00:00:00+00:00
[2026-04-28T04:41:45.758+0000] {processor.py:183} INFO - Processing /opt/airflow/dags/pipeline_dag.py took 0.087 seconds
[2026-04-28T04:42:15.843+0000] {processor.py:161} INFO - Started process (PID=610) to work on /opt/airflow/dags/pipeline_dag.py
[2026-04-28T04:42:15.844+0000] {processor.py:830} INFO - Processing file /opt/airflow/dags/pipeline_dag.py for tasks to queue
[2026-04-28T04:42:15.846+0000] {logging_mixin.py:188} INFO - [2026-04-28T04:42:15.845+0000] {dagbag.py:538} INFO - Filling up the DagBag from /opt/airflow/dags/pipeline_dag.py
[2026-04-28T04:42:15.865+0000] {processor.py:840} INFO - DAG(s) 'energy_pipeline' retrieved from /opt/airflow/dags/pipeline_dag.py
[2026-04-28T04:42:15.895+0000] {logging_mixin.py:188} INFO - [2026-04-28T04:42:15.894+0000] {dag.py:3036} INFO - Sync 1 DAGs
[2026-04-28T04:42:15.927+0000] {logging_mixin.py:188} INFO - [2026-04-28T04:42:15.926+0000] {dag.py:3823} INFO - Setting next_dagrun for energy_pipeline to 2026-04-28 00:00:00+00:00, run_after=2026-04-29 00:00:00+00:00
[2026-04-28T04:42:15.950+0000] {processor.py:183} INFO - Processing /opt/airflow/dags/pipeline_dag.py took 0.111 seconds
[2026-04-28T04:42:46.118+0000] {processor.py:161} INFO - Started process (PID=611) to work on /opt/airflow/dags/pipeline_dag.py
[2026-04-28T04:42:46.119+0000] {processor.py:830} INFO - Processing file /opt/airflow/dags/pipeline_dag.py for tasks to queue
[2026-04-28T04:42:46.120+0000] {logging_mixin.py:188} INFO - [2026-04-28T04:42:46.120+0000] {dagbag.py:538} INFO - Filling up the DagBag from /opt/airflow/dags/pipeline_dag.py
[2026-04-28T04:42:46.138+0000] {processor.py:840} INFO - DAG(s) 'energy_pipeline' retrieved from /opt/airflow/dags/pipeline_dag.py
[2026-04-28T04:42:46.162+0000] {logging_mixin.py:188} INFO - [2026-04-28T04:42:46.162+0000] {dag.py:3036} INFO - Sync 1 DAGs
[2026-04-28T04:42:46.184+0000] {logging_mixin.py:188} INFO - [2026-04-28T04:42:46.184+0000] {dag.py:3823} INFO - Setting next_dagrun for energy_pipeline to 2026-04-28 00:00:00+00:00, run_after=2026-04-29 00:00:00+00:00
[2026-04-28T04:42:46.206+0000] {processor.py:183} INFO - Processing /opt/airflow/dags/pipeline_dag.py took 0.092 seconds
[2026-04-28T04:43:16.285+0000] {processor.py:161} INFO - Started process (PID=612) to work on /opt/airflow/dags/pipeline_dag.py
[2026-04-28T04:43:16.287+0000] {processor.py:830} INFO - Processing file /opt/airflow/dags/pipeline_dag.py for tasks to queue
[2026-04-28T04:43:16.288+0000] {logging_mixin.py:188} INFO - [2026-04-28T04:43:16.288+0000] {dagbag.py:538} INFO - Filling up the DagBag from /opt/airflow/dags/pipeline_dag.py
[2026-04-28T04:43:16.306+0000] {processor.py:840} INFO - DAG(s) 'energy_pipeline' retrieved from /opt/airflow/dags/pipeline_dag.py
[2026-04-28T04:43:16.334+0000] {logging_mixin.py:188} INFO - [2026-04-28T04:43:16.334+0000] {dag.py:3036} INFO - Sync 1 DAGs
[2026-04-28T04:43:16.356+0000] {logging_mixin.py:188} INFO - [2026-04-28T04:43:16.356+0000] {dag.py:3823} INFO - Setting next_dagrun for energy_pipeline to 2026-04-28 00:00:00+00:00, run_after=2026-04-29 00:00:00+00:00
[2026-04-28T04:43:16.377+0000] {processor.py:183} INFO - Processing /opt/airflow/dags/pipeline_dag.py took 0.095 seconds
[2026-04-28T04:43:46.461+0000] {processor.py:161} INFO - Started process (PID=613) to work on /opt/airflow/dags/pipeline_dag.py
[2026-04-28T04:43:46.462+0000] {processor.py:830} INFO - Processing file /opt/airflow/dags/pipeline_dag.py for tasks to queue
[2026-04-28T04:43:46.464+0000] {logging_mixin.py:188} INFO - [2026-04-28T04:43:46.463+0000] {dagbag.py:538} INFO - Filling up the DagBag from /opt/airflow/dags/pipeline_dag.py
[2026-04-28T04:43:46.478+0000] {processor.py:840} INFO - DAG(s) 'energy_pipeline' retrieved from /opt/airflow/dags/pipeline_dag.py
[2026-04-28T04:43:46.502+0000] {logging_mixin.py:188} INFO - [2026-04-28T04:43:46.502+0000] {dag.py:3036} INFO - Sync 1 DAGs
[2026-04-28T04:43:46.524+0000] {logging_mixin.py:188} INFO - [2026-04-28T04:43:46.524+0000] {dag.py:3823} INFO - Setting next_dagrun for energy_pipeline to 2026-04-28 00:00:00+00:00, run_after=2026-04-29 00:00:00+00:00
[2026-04-28T04:43:46.545+0000] {processor.py:183} INFO - Processing /opt/airflow/dags/pipeline_dag.py took 0.087 seconds
[2026-04-28T04:44:16.634+0000] {processor.py:161} INFO - Started process (PID=614) to work on /opt/airflow/dags/pipeline_dag.py
[2026-04-28T04:44:16.636+0000] {processor.py:830} INFO - Processing file /opt/airflow/dags/pipeline_dag.py for tasks to queue
[2026-04-28T04:44:16.638+0000] {logging_mixin.py:188} INFO - [2026-04-28T04:44:16.637+0000] {dagbag.py:538} INFO - Filling up the DagBag from /opt/airflow/dags/pipeline_dag.py
[2026-04-28T04:44:16.662+0000] {processor.py:840} INFO - DAG(s) 'energy_pipeline' retrieved from /opt/airflow/dags/pipeline_dag.py
[2026-04-28T04:44:16.703+0000] {logging_mixin.py:188} INFO - [2026-04-28T04:44:16.703+0000] {dag.py:3036} INFO - Sync 1 DAGs
[2026-04-28T04:44:16.730+0000] {logging_mixin.py:188} INFO - [2026-04-28T04:44:16.730+0000] {dag.py:3823} INFO - Setting next_dagrun for energy_pipeline to 2026-04-28 00:00:00+00:00, run_after=2026-04-29 00:00:00+00:00
[2026-04-28T04:44:16.759+0000] {processor.py:183} INFO - Processing /opt/airflow/dags/pipeline_dag.py took 0.129 seconds
[2026-04-28T04:44:46.911+0000] {processor.py:161} INFO - Started process (PID=615) to work on /opt/airflow/dags/pipeline_dag.py
[2026-04-28T04:44:46.913+0000] {processor.py:830} INFO - Processing file /opt/airflow/dags/pipeline_dag.py for tasks to queue
[2026-04-28T04:44:46.914+0000] {logging_mixin.py:188} INFO - [2026-04-28T04:44:46.914+0000] {dagbag.py:538} INFO - Filling up the DagBag from /opt/airflow/dags/pipeline_dag.py
[2026-04-28T04:44:46.934+0000] {processor.py:840} INFO - DAG(s) 'energy_pipeline' retrieved from /opt/airflow/dags/pipeline_dag.py
[2026-04-28T04:44:46.964+0000] {logging_mixin.py:188} INFO - [2026-04-28T04:44:46.964+0000] {dag.py:3036} INFO - Sync 1 DAGs
[2026-04-28T04:44:46.987+0000] {logging_mixin.py:188} INFO - [2026-04-28T04:44:46.987+0000] {dag.py:3823} INFO - Setting next_dagrun for energy_pipeline to 2026-04-28 00:00:00+00:00, run_after=2026-04-29 00:00:00+00:00
[2026-04-28T04:44:47.015+0000] {processor.py:183} INFO - Processing /opt/airflow/dags/pipeline_dag.py took 0.108 seconds
[2026-04-28T04:45:17.256+0000] {processor.py:161} INFO - Started process (PID=616) to work on /opt/airflow/dags/pipeline_dag.py
[2026-04-28T04:45:17.262+0000] {processor.py:830} INFO - Processing file /opt/airflow/dags/pipeline_dag.py for tasks to queue
[2026-04-28T04:45:17.265+0000] {logging_mixin.py:188} INFO - [2026-04-28T04:45:17.263+0000] {dagbag.py:538} INFO - Filling up the DagBag from /opt/airflow/dags/pipeline_dag.py
[2026-04-28T04:45:17.357+0000] {processor.py:840} INFO - DAG(s) 'energy_pipeline' retrieved from /opt/airflow/dags/pipeline_dag.py
[2026-04-28T04:45:17.461+0000] {logging_mixin.py:188} INFO - [2026-04-28T04:45:17.461+0000] {dag.py:3036} INFO - Sync 1 DAGs
[2026-04-28T04:45:17.536+0000] {logging_mixin.py:188} INFO - [2026-04-28T04:45:17.535+0000] {dag.py:3823} INFO - Setting next_dagrun for energy_pipeline to 2026-04-28 00:00:00+00:00, run_after=2026-04-29 00:00:00+00:00
[2026-04-28T04:45:17.589+0000] {processor.py:183} INFO - Processing /opt/airflow/dags/pipeline_dag.py took 0.348 seconds
[2026-04-28T04:45:47.719+0000] {processor.py:161} INFO - Started process (PID=618) to work on /opt/airflow/dags/pipeline_dag.py
[2026-04-28T04:45:47.720+0000] {processor.py:830} INFO - Processing file /opt/airflow/dags/pipeline_dag.py for tasks to queue
[2026-04-28T04:45:47.722+0000] {logging_mixin.py:188} INFO - [2026-04-28T04:45:47.721+0000] {dagbag.py:538} INFO - Filling up the DagBag from /opt/airflow/dags/pipeline_dag.py
[2026-04-28T04:45:47.738+0000] {processor.py:840} INFO - DAG(s) 'energy_pipeline' retrieved from /opt/airflow/dags/pipeline_dag.py
[2026-04-28T04:45:47.769+0000] {logging_mixin.py:188} INFO - [2026-04-28T04:45:47.769+0000] {dag.py:3036} INFO - Sync 1 DAGs
[2026-04-28T04:45:47.797+0000] {logging_mixin.py:188} INFO - [2026-04-28T04:45:47.796+0000] {dag.py:3823} INFO - Setting next_dagrun for energy_pipeline to 2026-04-28 00:00:00+00:00, run_after=2026-04-29 00:00:00+00:00
[2026-04-28T04:45:47.823+0000] {processor.py:183} INFO - Processing /opt/airflow/dags/pipeline_dag.py took 0.108 seconds
[2026-04-28T04:46:23.302+0000] {processor.py:161} INFO - Started process (PID=654) to work on /opt/airflow/dags/pipeline_dag.py
[2026-04-28T04:46:23.304+0000] {processor.py:830} INFO - Processing file /opt/airflow/dags/pipeline_dag.py for tasks to queue
[2026-04-28T04:46:23.305+0000] {logging_mixin.py:188} INFO - [2026-04-28T04:46:23.305+0000] {dagbag.py:538} INFO - Filling up the DagBag from /opt/airflow/dags/pipeline_dag.py
[2026-04-28T04:46:23.321+0000] {processor.py:840} INFO - DAG(s) 'energy_pipeline' retrieved from /opt/airflow/dags/pipeline_dag.py
[2026-04-28T04:46:23.346+0000] {logging_mixin.py:188} INFO - [2026-04-28T04:46:23.346+0000] {dag.py:3036} INFO - Sync 1 DAGs
[2026-04-28T04:46:23.366+0000] {logging_mixin.py:188} INFO - [2026-04-28T04:46:23.366+0000] {dag.py:3823} INFO - Setting next_dagrun for energy_pipeline to 2026-04-28 00:00:00+00:00, run_after=2026-04-29 00:00:00+00:00
[2026-04-28T04:46:23.387+0000] {processor.py:183} INFO - Processing /opt/airflow/dags/pipeline_dag.py took 0.088 seconds
[2026-04-28T04:46:55.436+0000] {processor.py:161} INFO - Started process (PID=690) to work on /opt/airflow/dags/pipeline_dag.py
[2026-04-28T04:46:55.437+0000] {processor.py:830} INFO - Processing file /opt/airflow/dags/pipeline_dag.py for tasks to queue
[2026-04-28T04:46:55.439+0000] {logging_mixin.py:188} INFO - [2026-04-28T04:46:55.438+0000] {dagbag.py:538} INFO - Filling up the DagBag from /opt/airflow/dags/pipeline_dag.py
[2026-04-28T04:46:55.454+0000] {processor.py:840} INFO - DAG(s) 'energy_pipeline' retrieved from /opt/airflow/dags/pipeline_dag.py
[2026-04-28T04:46:55.480+0000] {logging_mixin.py:188} INFO - [2026-04-28T04:46:55.480+0000] {dag.py:3036} INFO - Sync 1 DAGs
[2026-04-28T04:46:55.502+0000] {logging_mixin.py:188} INFO - [2026-04-28T04:46:55.501+0000] {dag.py:3823} INFO - Setting next_dagrun for energy_pipeline to 2026-04-28 00:00:00+00:00, run_after=2026-04-29 00:00:00+00:00
[2026-04-28T04:46:55.521+0000] {processor.py:183} INFO - Processing /opt/airflow/dags/pipeline_dag.py took 0.089 seconds
[2026-04-28T04:47:27.329+0000] {processor.py:161} INFO - Started process (PID=947) to work on /opt/airflow/dags/pipeline_dag.py
[2026-04-28T04:47:27.331+0000] {processor.py:830} INFO - Processing file /opt/airflow/dags/pipeline_dag.py for tasks to queue
[2026-04-28T04:47:27.332+0000] {logging_mixin.py:188} INFO - [2026-04-28T04:47:27.331+0000] {dagbag.py:538} INFO - Filling up the DagBag from /opt/airflow/dags/pipeline_dag.py
[2026-04-28T04:47:27.360+0000] {processor.py:840} INFO - DAG(s) 'energy_pipeline' retrieved from /opt/airflow/dags/pipeline_dag.py
[2026-04-28T04:47:27.391+0000] {logging_mixin.py:188} INFO - [2026-04-28T04:47:27.391+0000] {dag.py:3036} INFO - Sync 1 DAGs
[2026-04-28T04:47:27.423+0000] {logging_mixin.py:188} INFO - [2026-04-28T04:47:27.423+0000] {dag.py:3823} INFO - Setting next_dagrun for energy_pipeline to 2026-04-28 00:00:00+00:00, run_after=2026-04-29 00:00:00+00:00
[2026-04-28T04:47:27.452+0000] {processor.py:183} INFO - Processing /opt/airflow/dags/pipeline_dag.py took 0.127 seconds
[2026-04-28T04:47:58.097+0000] {processor.py:161} INFO - Started process (PID=948) to work on /opt/airflow/dags/pipeline_dag.py
[2026-04-28T04:47:58.100+0000] {processor.py:830} INFO - Processing file /opt/airflow/dags/pipeline_dag.py for tasks to queue
[2026-04-28T04:47:58.104+0000] {logging_mixin.py:188} INFO - [2026-04-28T04:47:58.103+0000] {dagbag.py:538} INFO - Filling up the DagBag from /opt/airflow/dags/pipeline_dag.py
[2026-04-28T04:47:58.131+0000] {processor.py:840} INFO - DAG(s) 'energy_pipeline' retrieved from /opt/airflow/dags/pipeline_dag.py
[2026-04-28T04:47:58.181+0000] {logging_mixin.py:188} INFO - [2026-04-28T04:47:58.181+0000] {dag.py:3036} INFO - Sync 1 DAGs
[2026-04-28T04:47:58.214+0000] {logging_mixin.py:188} INFO - [2026-04-28T04:47:58.214+0000] {dag.py:3823} INFO - Setting next_dagrun for energy_pipeline to 2026-04-28 00:00:00+00:00, run_after=2026-04-29 00:00:00+00:00
[2026-04-28T04:47:58.246+0000] {processor.py:183} INFO - Processing /opt/airflow/dags/pipeline_dag.py took 0.154 seconds
[2026-04-28T04:48:28.530+0000] {processor.py:161} INFO - Started process (PID=949) to work on /opt/airflow/dags/pipeline_dag.py
[2026-04-28T04:48:28.531+0000] {processor.py:830} INFO - Processing file /opt/airflow/dags/pipeline_dag.py for tasks to queue
[2026-04-28T04:48:28.532+0000] {logging_mixin.py:188} INFO - [2026-04-28T04:48:28.532+0000] {dagbag.py:538} INFO - Filling up the DagBag from /opt/airflow/dags/pipeline_dag.py
[2026-04-28T04:48:28.549+0000] {processor.py:840} INFO - DAG(s) 'energy_pipeline' retrieved from /opt/airflow/dags/pipeline_dag.py
[2026-04-28T04:48:28.573+0000] {logging_mixin.py:188} INFO - [2026-04-28T04:48:28.573+0000] {dag.py:3036} INFO - Sync 1 DAGs
[2026-04-28T04:48:28.593+0000] {logging_mixin.py:188} INFO - [2026-04-28T04:48:28.593+0000] {dag.py:3823} INFO - Setting next_dagrun for energy_pipeline to 2026-04-28 00:00:00+00:00, run_after=2026-04-29 00:00:00+00:00
[2026-04-28T04:48:28.612+0000] {processor.py:183} INFO - Processing /opt/airflow/dags/pipeline_dag.py took 0.086 seconds
[2026-04-28T04:48:58.869+0000] {processor.py:161} INFO - Started process (PID=950) to work on /opt/airflow/dags/pipeline_dag.py
[2026-04-28T04:48:58.871+0000] {processor.py:830} INFO - Processing file /opt/airflow/dags/pipeline_dag.py for tasks to queue
[2026-04-28T04:48:58.872+0000] {logging_mixin.py:188} INFO - [2026-04-28T04:48:58.871+0000] {dagbag.py:538} INFO - Filling up the DagBag from /opt/airflow/dags/pipeline_dag.py
[2026-04-28T04:48:58.891+0000] {processor.py:840} INFO - DAG(s) 'energy_pipeline' retrieved from /opt/airflow/dags/pipeline_dag.py
[2026-04-28T04:48:58.923+0000] {logging_mixin.py:188} INFO - [2026-04-28T04:48:58.923+0000] {dag.py:3036} INFO - Sync 1 DAGs
[2026-04-28T04:48:58.951+0000] {logging_mixin.py:188} INFO - [2026-04-28T04:48:58.951+0000] {dag.py:3823} INFO - Setting next_dagrun for energy_pipeline to 2026-04-28 00:00:00+00:00, run_after=2026-04-29 00:00:00+00:00
[2026-04-28T04:48:58.976+0000] {processor.py:183} INFO - Processing /opt/airflow/dags/pipeline_dag.py took 0.111 seconds
[2026-04-28T04:49:29.292+0000] {processor.py:161} INFO - Started process (PID=951) to work on /opt/airflow/dags/pipeline_dag.py
[2026-04-28T04:49:29.293+0000] {processor.py:830} INFO - Processing file /opt/airflow/dags/pipeline_dag.py for tasks to queue
[2026-04-28T04:49:29.294+0000] {logging_mixin.py:188} INFO - [2026-04-28T04:49:29.293+0000] {dagbag.py:538} INFO - Filling up the DagBag from /opt/airflow/dags/pipeline_dag.py
[2026-04-28T04:49:29.309+0000] {processor.py:840} INFO - DAG(s) 'energy_pipeline' retrieved from /opt/airflow/dags/pipeline_dag.py
[2026-04-28T04:49:29.334+0000] {logging_mixin.py:188} INFO - [2026-04-28T04:49:29.334+0000] {dag.py:3036} INFO - Sync 1 DAGs
[2026-04-28T04:49:29.355+0000] {logging_mixin.py:188} INFO - [2026-04-28T04:49:29.354+0000] {dag.py:3823} INFO - Setting next_dagrun for energy_pipeline to 2026-04-28 00:00:00+00:00, run_after=2026-04-29 00:00:00+00:00
[2026-04-28T04:49:29.376+0000] {processor.py:183} INFO - Processing /opt/airflow/dags/pipeline_dag.py took 0.087 seconds
[2026-04-28T04:49:59.619+0000] {processor.py:161} INFO - Started process (PID=952) to work on /opt/airflow/dags/pipeline_dag.py
[2026-04-28T04:49:59.620+0000] {processor.py:830} INFO - Processing file /opt/airflow/dags/pipeline_dag.py for tasks to queue
[2026-04-28T04:49:59.621+0000] {logging_mixin.py:188} INFO - [2026-04-28T04:49:59.621+0000] {dagbag.py:538} INFO - Filling up the DagBag from /opt/airflow/dags/pipeline_dag.py
[2026-04-28T04:49:59.640+0000] {processor.py:840} INFO - DAG(s) 'energy_pipeline' retrieved from /opt/airflow/dags/pipeline_dag.py
[2026-04-28T04:49:59.671+0000] {logging_mixin.py:188} INFO - [2026-04-28T04:49:59.671+0000] {dag.py:3036} INFO - Sync 1 DAGs
[2026-04-28T04:49:59.700+0000] {logging_mixin.py:188} INFO - [2026-04-28T04:49:59.700+0000] {dag.py:3823} INFO - Setting next_dagrun for energy_pipeline to 2026-04-28 00:00:00+00:00, run_after=2026-04-29 00:00:00+00:00
[2026-04-28T04:49:59.720+0000] {processor.py:183} INFO - Processing /opt/airflow/dags/pipeline_dag.py took 0.106 seconds
[2026-04-28T04:50:30.063+0000] {processor.py:161} INFO - Started process (PID=954) to work on /opt/airflow/dags/pipeline_dag.py
[2026-04-28T04:50:30.064+0000] {processor.py:830} INFO - Processing file /opt/airflow/dags/pipeline_dag.py for tasks to queue
[2026-04-28T04:50:30.066+0000] {logging_mixin.py:188} INFO - [2026-04-28T04:50:30.065+0000] {dagbag.py:538} INFO - Filling up the DagBag from /opt/airflow/dags/pipeline_dag.py
[2026-04-28T04:50:30.084+0000] {processor.py:840} INFO - DAG(s) 'energy_pipeline' retrieved from /opt/airflow/dags/pipeline_dag.py
[2026-04-28T04:50:30.114+0000] {logging_mixin.py:188} INFO - [2026-04-28T04:50:30.114+0000] {dag.py:3036} INFO - Sync 1 DAGs
[2026-04-28T04:50:30.142+0000] {logging_mixin.py:188} INFO - [2026-04-28T04:50:30.142+0000] {dag.py:3823} INFO - Setting next_dagrun for energy_pipeline to 2026-04-28 00:00:00+00:00, run_after=2026-04-29 00:00:00+00:00
[2026-04-28T04:50:30.162+0000] {processor.py:183} INFO - Processing /opt/airflow/dags/pipeline_dag.py took 0.103 seconds
[2026-04-28T04:51:00.489+0000] {processor.py:161} INFO - Started process (PID=955) to work on /opt/airflow/dags/pipeline_dag.py
[2026-04-28T04:51:00.490+0000] {processor.py:830} INFO - Processing file /opt/airflow/dags/pipeline_dag.py for tasks to queue
[2026-04-28T04:51:00.491+0000] {logging_mixin.py:188} INFO - [2026-04-28T04:51:00.491+0000] {dagbag.py:538} INFO - Filling up the DagBag from /opt/airflow/dags/pipeline_dag.py
[2026-04-28T04:51:00.507+0000] {processor.py:840} INFO - DAG(s) 'energy_pipeline' retrieved from /opt/airflow/dags/pipeline_dag.py
[2026-04-28T04:51:00.533+0000] {logging_mixin.py:188} INFO - [2026-04-28T04:51:00.532+0000] {dag.py:3036} INFO - Sync 1 DAGs
[2026-04-28T04:51:00.554+0000] {logging_mixin.py:188} INFO - [2026-04-28T04:51:00.554+0000] {dag.py:3823} INFO - Setting next_dagrun for energy_pipeline to 2026-04-28 00:00:00+00:00, run_after=2026-04-29 00:00:00+00:00
[2026-04-28T04:51:00.573+0000] {processor.py:183} INFO - Processing /opt/airflow/dags/pipeline_dag.py took 0.087 seconds
[2026-04-28T04:51:30.790+0000] {processor.py:161} INFO - Started process (PID=956) to work on /opt/airflow/dags/pipeline_dag.py
[2026-04-28T04:51:30.791+0000] {processor.py:830} INFO - Processing file /opt/airflow/dags/pipeline_dag.py for tasks to queue
[2026-04-28T04:51:30.792+0000] {logging_mixin.py:188} INFO - [2026-04-28T04:51:30.792+0000] {dagbag.py:538} INFO - Filling up the DagBag from /opt/airflow/dags/pipeline_dag.py
[2026-04-28T04:51:30.810+0000] {processor.py:840} INFO - DAG(s) 'energy_pipeline' retrieved from /opt/airflow/dags/pipeline_dag.py
[2026-04-28T04:51:30.835+0000] {logging_mixin.py:188} INFO - [2026-04-28T04:51:30.835+0000] {dag.py:3036} INFO - Sync 1 DAGs
[2026-04-28T04:51:30.856+0000] {logging_mixin.py:188} INFO - [2026-04-28T04:51:30.856+0000] {dag.py:3823} INFO - Setting next_dagrun for energy_pipeline to 2026-04-28 00:00:00+00:00, run_after=2026-04-29 00:00:00+00:00
[2026-04-28T04:51:30.875+0000] {processor.py:183} INFO - Processing /opt/airflow/dags/pipeline_dag.py took 0.089 seconds
[2026-04-28T04:52:01.123+0000] {processor.py:161} INFO - Started process (PID=957) to work on /opt/airflow/dags/pipeline_dag.py
[2026-04-28T04:52:01.124+0000] {processor.py:830} INFO - Processing file /opt/airflow/dags/pipeline_dag.py for tasks to queue
[2026-04-28T04:52:01.125+0000] {logging_mixin.py:188} INFO - [2026-04-28T04:52:01.125+0000] {dagbag.py:538} INFO - Filling up the DagBag from /opt/airflow/dags/pipeline_dag.py
[2026-04-28T04:52:01.139+0000] {processor.py:840} INFO - DAG(s) 'energy_pipeline' retrieved from /opt/airflow/dags/pipeline_dag.py
[2026-04-28T04:52:01.163+0000] {logging_mixin.py:188} INFO - [2026-04-28T04:52:01.163+0000] {dag.py:3036} INFO - Sync 1 DAGs
[2026-04-28T04:52:01.183+0000] {logging_mixin.py:188} INFO - [2026-04-28T04:52:01.183+0000] {dag.py:3823} INFO - Setting next_dagrun for energy_pipeline to 2026-04-28 00:00:00+00:00, run_after=2026-04-29 00:00:00+00:00
[2026-04-28T04:52:01.202+0000] {processor.py:183} INFO - Processing /opt/airflow/dags/pipeline_dag.py took 0.084 seconds
[2026-04-28T04:52:31.446+0000] {processor.py:161} INFO - Started process (PID=958) to work on /opt/airflow/dags/pipeline_dag.py
[2026-04-28T04:52:31.447+0000] {processor.py:830} INFO - Processing file /opt/airflow/dags/pipeline_dag.py for tasks to queue
[2026-04-28T04:52:31.448+0000] {logging_mixin.py:188} INFO - [2026-04-28T04:52:31.448+0000] {dagbag.py:538} INFO - Filling up the DagBag from /opt/airflow/dags/pipeline_dag.py
[2026-04-28T04:52:31.466+0000] {processor.py:840} INFO - DAG(s) 'energy_pipeline' retrieved from /opt/airflow/dags/pipeline_dag.py
[2026-04-28T04:52:31.493+0000] {logging_mixin.py:188} INFO - [2026-04-28T04:52:31.493+0000] {dag.py:3036} INFO - Sync 1 DAGs
[2026-04-28T04:52:31.513+0000] {logging_mixin.py:188} INFO - [2026-04-28T04:52:31.513+0000] {dag.py:3823} INFO - Setting next_dagrun for energy_pipeline to 2026-04-28 00:00:00+00:00, run_after=2026-04-29 00:00:00+00:00
[2026-04-28T04:52:31.532+0000] {processor.py:183} INFO - Processing /opt/airflow/dags/pipeline_dag.py took 0.090 seconds
[2026-04-28T04:53:01.803+0000] {processor.py:161} INFO - Started process (PID=959) to work on /opt/airflow/dags/pipeline_dag.py
[2026-04-28T04:53:01.805+0000] {processor.py:830} INFO - Processing file /opt/airflow/dags/pipeline_dag.py for tasks to queue
[2026-04-28T04:53:01.806+0000] {logging_mixin.py:188} INFO - [2026-04-28T04:53:01.805+0000] {dagbag.py:538} INFO - Filling up the DagBag from /opt/airflow/dags/pipeline_dag.py
[2026-04-28T04:53:01.824+0000] {processor.py:840} INFO - DAG(s) 'energy_pipeline' retrieved from /opt/airflow/dags/pipeline_dag.py
[2026-04-28T04:53:01.851+0000] {logging_mixin.py:188} INFO - [2026-04-28T04:53:01.850+0000] {dag.py:3036} INFO - Sync 1 DAGs
[2026-04-28T04:53:01.871+0000] {logging_mixin.py:188} INFO - [2026-04-28T04:53:01.871+0000] {dag.py:3823} INFO - Setting next_dagrun for energy_pipeline to 2026-04-28 00:00:00+00:00, run_after=2026-04-29 00:00:00+00:00
[2026-04-28T04:53:01.890+0000] {processor.py:183} INFO - Processing /opt/airflow/dags/pipeline_dag.py took 0.090 seconds
[2026-04-28T04:53:32.152+0000] {processor.py:161} INFO - Started process (PID=960) to work on /opt/airflow/dags/pipeline_dag.py
[2026-04-28T04:53:32.154+0000] {processor.py:830} INFO - Processing file /opt/airflow/dags/pipeline_dag.py for tasks to queue
[2026-04-28T04:53:32.155+0000] {logging_mixin.py:188} INFO - [2026-04-28T04:53:32.154+0000] {dagbag.py:538} INFO - Filling up the DagBag from /opt/airflow/dags/pipeline_dag.py
[2026-04-28T04:53:32.177+0000] {processor.py:840} INFO - DAG(s) 'energy_pipeline' retrieved from /opt/airflow/dags/pipeline_dag.py
[2026-04-28T04:53:32.209+0000] {logging_mixin.py:188} INFO - [2026-04-28T04:53:32.209+0000] {dag.py:3036} INFO - Sync 1 DAGs
[2026-04-28T04:53:32.235+0000] {logging_mixin.py:188} INFO - [2026-04-28T04:53:32.235+0000] {dag.py:3823} INFO - Setting next_dagrun for energy_pipeline to 2026-04-28 00:00:00+00:00, run_after=2026-04-29 00:00:00+00:00
[2026-04-28T04:53:32.261+0000] {processor.py:183} INFO - Processing /opt/airflow/dags/pipeline_dag.py took 0.114 seconds
[2026-04-28T04:54:02.655+0000] {processor.py:161} INFO - Started process (PID=961) to work on /opt/airflow/dags/pipeline_dag.py
[2026-04-28T04:54:02.657+0000] {processor.py:830} INFO - Processing file /opt/airflow/dags/pipeline_dag.py for tasks to queue
[2026-04-28T04:54:02.658+0000] {logging_mixin.py:188} INFO - [2026-04-28T04:54:02.658+0000] {dagbag.py:538} INFO - Filling up the DagBag from /opt/airflow/dags/pipeline_dag.py
[2026-04-28T04:54:02.674+0000] {processor.py:840} INFO - DAG(s) 'energy_pipeline' retrieved from /opt/airflow/dags/pipeline_dag.py
[2026-04-28T04:54:02.698+0000] {logging_mixin.py:188} INFO - [2026-04-28T04:54:02.698+0000] {dag.py:3036} INFO - Sync 1 DAGs
[2026-04-28T04:54:02.720+0000] {logging_mixin.py:188} INFO - [2026-04-28T04:54:02.720+0000] {dag.py:3823} INFO - Setting next_dagrun for energy_pipeline to 2026-04-28 00:00:00+00:00, run_after=2026-04-29 00:00:00+00:00
[2026-04-28T04:54:02.740+0000] {processor.py:183} INFO - Processing /opt/airflow/dags/pipeline_dag.py took 0.088 seconds
[2026-04-28T04:54:32.985+0000] {processor.py:161} INFO - Started process (PID=962) to work on /opt/airflow/dags/pipeline_dag.py
[2026-04-28T04:54:32.987+0000] {processor.py:830} INFO - Processing file /opt/airflow/dags/pipeline_dag.py for tasks to queue
[2026-04-28T04:54:32.988+0000] {logging_mixin.py:188} INFO - [2026-04-28T04:54:32.987+0000] {dagbag.py:538} INFO - Filling up the DagBag from /opt/airflow/dags/pipeline_dag.py
[2026-04-28T04:54:33.002+0000] {processor.py:840} INFO - DAG(s) 'energy_pipeline' retrieved from /opt/airflow/dags/pipeline_dag.py
[2026-04-28T04:54:33.027+0000] {logging_mixin.py:188} INFO - [2026-04-28T04:54:33.027+0000] {dag.py:3036} INFO - Sync 1 DAGs
[2026-04-28T04:54:33.049+0000] {logging_mixin.py:188} INFO - [2026-04-28T04:54:33.048+0000] {dag.py:3823} INFO - Setting next_dagrun for energy_pipeline to 2026-04-28 00:00:00+00:00, run_after=2026-04-29 00:00:00+00:00
[2026-04-28T04:54:33.070+0000] {processor.py:183} INFO - Processing /opt/airflow/dags/pipeline_dag.py took 0.088 seconds
[2026-04-28T04:55:03.334+0000] {processor.py:161} INFO - Started process (PID=963) to work on /opt/airflow/dags/pipeline_dag.py
[2026-04-28T04:55:03.335+0000] {processor.py:830} INFO - Processing file /opt/airflow/dags/pipeline_dag.py for tasks to queue
[2026-04-28T04:55:03.339+0000] {logging_mixin.py:188} INFO - [2026-04-28T04:55:03.338+0000] {dagbag.py:538} INFO - Filling up the DagBag from /opt/airflow/dags/pipeline_dag.py
[2026-04-28T04:55:03.360+0000] {processor.py:840} INFO - DAG(s) 'energy_pipeline' retrieved from /opt/airflow/dags/pipeline_dag.py
[2026-04-28T04:55:03.392+0000] {logging_mixin.py:188} INFO - [2026-04-28T04:55:03.391+0000] {dag.py:3036} INFO - Sync 1 DAGs
[2026-04-28T04:55:03.417+0000] {logging_mixin.py:188} INFO - [2026-04-28T04:55:03.417+0000] {dag.py:3823} INFO - Setting next_dagrun for energy_pipeline to 2026-04-28 00:00:00+00:00, run_after=2026-04-29 00:00:00+00:00
[2026-04-28T04:55:03.443+0000] {processor.py:183} INFO - Processing /opt/airflow/dags/pipeline_dag.py took 0.115 seconds
[2026-04-28T04:55:33.767+0000] {processor.py:161} INFO - Started process (PID=964) to work on /opt/airflow/dags/pipeline_dag.py
[2026-04-28T04:55:33.769+0000] {processor.py:830} INFO - Processing file /opt/airflow/dags/pipeline_dag.py for tasks to queue
[2026-04-28T04:55:33.770+0000] {logging_mixin.py:188} INFO - [2026-04-28T04:55:33.770+0000] {dagbag.py:538} INFO - Filling up the DagBag from /opt/airflow/dags/pipeline_dag.py
[2026-04-28T04:55:33.789+0000] {processor.py:840} INFO - DAG(s) 'energy_pipeline' retrieved from /opt/airflow/dags/pipeline_dag.py
[2026-04-28T04:55:33.820+0000] {logging_mixin.py:188} INFO - [2026-04-28T04:55:33.820+0000] {dag.py:3036} INFO - Sync 1 DAGs
[2026-04-28T04:55:33.846+0000] {logging_mixin.py:188} INFO - [2026-04-28T04:55:33.846+0000] {dag.py:3823} INFO - Setting next_dagrun for energy_pipeline to 2026-04-28 00:00:00+00:00, run_after=2026-04-29 00:00:00+00:00
[2026-04-28T04:55:33.869+0000] {processor.py:183} INFO - Processing /opt/airflow/dags/pipeline_dag.py took 0.106 seconds
[2026-04-28T04:56:04.384+0000] {processor.py:161} INFO - Started process (PID=965) to work on /opt/airflow/dags/pipeline_dag.py
[2026-04-28T04:56:04.386+0000] {processor.py:830} INFO - Processing file /opt/airflow/dags/pipeline_dag.py for tasks to queue
[2026-04-28T04:56:04.391+0000] {logging_mixin.py:188} INFO - [2026-04-28T04:56:04.390+0000] {dagbag.py:538} INFO - Filling up the DagBag from /opt/airflow/dags/pipeline_dag.py
[2026-04-28T04:56:04.437+0000] {processor.py:840} INFO - DAG(s) 'energy_pipeline' retrieved from /opt/airflow/dags/pipeline_dag.py
[2026-04-28T04:56:05.286+0000] {logging_mixin.py:188} INFO - [2026-04-28T04:56:05.285+0000] {dag.py:3036} INFO - Sync 1 DAGs
[2026-04-28T04:56:05.499+0000] {logging_mixin.py:188} INFO - [2026-04-28T04:56:05.498+0000] {dag.py:3823} INFO - Setting next_dagrun for energy_pipeline to 2026-04-28 00:00:00+00:00, run_after=2026-04-29 00:00:00+00:00
[2026-04-28T04:56:05.612+0000] {processor.py:183} INFO - Processing /opt/airflow/dags/pipeline_dag.py took 1.237 seconds
[2026-04-28T04:56:35.909+0000] {processor.py:161} INFO - Started process (PID=966) to work on /opt/airflow/dags/pipeline_dag.py
[2026-04-28T04:56:35.910+0000] {processor.py:830} INFO - Processing file /opt/airflow/dags/pipeline_dag.py for tasks to queue
[2026-04-28T04:56:35.911+0000] {logging_mixin.py:188} INFO - [2026-04-28T04:56:35.911+0000] {dagbag.py:538} INFO - Filling up the DagBag from /opt/airflow/dags/pipeline_dag.py
[2026-04-28T04:56:35.928+0000] {processor.py:840} INFO - DAG(s) 'energy_pipeline' retrieved from /opt/airflow/dags/pipeline_dag.py
[2026-04-28T04:56:35.956+0000] {logging_mixin.py:188} INFO - [2026-04-28T04:56:35.955+0000] {dag.py:3036} INFO - Sync 1 DAGs
[2026-04-28T04:56:35.980+0000] {logging_mixin.py:188} INFO - [2026-04-28T04:56:35.980+0000] {dag.py:3823} INFO - Setting next_dagrun for energy_pipeline to 2026-04-28 00:00:00+00:00, run_after=2026-04-29 00:00:00+00:00
[2026-04-28T04:56:36.001+0000] {processor.py:183} INFO - Processing /opt/airflow/dags/pipeline_dag.py took 0.096 seconds
[2026-04-28T04:57:12.493+0000] {processor.py:161} INFO - Started process (PID=1002) to work on /opt/airflow/dags/pipeline_dag.py
[2026-04-28T04:57:12.495+0000] {processor.py:830} INFO - Processing file /opt/airflow/dags/pipeline_dag.py for tasks to queue
[2026-04-28T04:57:12.497+0000] {logging_mixin.py:188} INFO - [2026-04-28T04:57:12.496+0000] {dagbag.py:538} INFO - Filling up the DagBag from /opt/airflow/dags/pipeline_dag.py
[2026-04-28T04:57:12.515+0000] {processor.py:840} INFO - DAG(s) 'energy_pipeline' retrieved from /opt/airflow/dags/pipeline_dag.py
[2026-04-28T04:57:12.546+0000] {logging_mixin.py:188} INFO - [2026-04-28T04:57:12.546+0000] {dag.py:3036} INFO - Sync 1 DAGs
[2026-04-28T04:57:12.578+0000] {logging_mixin.py:188} INFO - [2026-04-28T04:57:12.577+0000] {dag.py:3823} INFO - Setting next_dagrun for energy_pipeline to 2026-04-28 00:00:00+00:00, run_after=2026-04-29 00:00:00+00:00
[2026-04-28T04:57:12.609+0000] {processor.py:183} INFO - Processing /opt/airflow/dags/pipeline_dag.py took 0.120 seconds
[2026-04-28T04:57:51.493+0000] {processor.py:161} INFO - Started process (PID=1038) to work on /opt/airflow/dags/pipeline_dag.py
[2026-04-28T04:57:51.496+0000] {processor.py:830} INFO - Processing file /opt/airflow/dags/pipeline_dag.py for tasks to queue
[2026-04-28T04:57:51.497+0000] {logging_mixin.py:188} INFO - [2026-04-28T04:57:51.497+0000] {dagbag.py:538} INFO - Filling up the DagBag from /opt/airflow/dags/pipeline_dag.py
[2026-04-28T04:57:51.514+0000] {processor.py:840} INFO - DAG(s) 'energy_pipeline' retrieved from /opt/airflow/dags/pipeline_dag.py
[2026-04-28T04:57:51.546+0000] {logging_mixin.py:188} INFO - [2026-04-28T04:57:51.546+0000] {dag.py:3036} INFO - Sync 1 DAGs
[2026-04-28T04:57:51.572+0000] {logging_mixin.py:188} INFO - [2026-04-28T04:57:51.572+0000] {dag.py:3823} INFO - Setting next_dagrun for energy_pipeline to 2026-04-28 00:00:00+00:00, run_after=2026-04-29 00:00:00+00:00
[2026-04-28T04:57:51.601+0000] {processor.py:183} INFO - Processing /opt/airflow/dags/pipeline_dag.py took 0.112 seconds
[2026-04-28T04:58:22.918+0000] {processor.py:161} INFO - Started process (PID=1229) to work on /opt/airflow/dags/pipeline_dag.py
[2026-04-28T04:58:22.922+0000] {processor.py:830} INFO - Processing file /opt/airflow/dags/pipeline_dag.py for tasks to queue
[2026-04-28T04:58:22.924+0000] {logging_mixin.py:188} INFO - [2026-04-28T04:58:22.923+0000] {dagbag.py:538} INFO - Filling up the DagBag from /opt/airflow/dags/pipeline_dag.py
[2026-04-28T04:58:22.961+0000] {processor.py:840} INFO - DAG(s) 'energy_pipeline' retrieved from /opt/airflow/dags/pipeline_dag.py
[2026-04-28T04:58:23.014+0000] {logging_mixin.py:188} INFO - [2026-04-28T04:58:23.013+0000] {dag.py:3036} INFO - Sync 1 DAGs
[2026-04-28T04:58:23.050+0000] {logging_mixin.py:188} INFO - [2026-04-28T04:58:23.049+0000] {dag.py:3823} INFO - Setting next_dagrun for energy_pipeline to 2026-04-28 00:00:00+00:00, run_after=2026-04-29 00:00:00+00:00
[2026-04-28T04:58:23.081+0000] {processor.py:183} INFO - Processing /opt/airflow/dags/pipeline_dag.py took 0.175 seconds
[2026-04-28T04:58:53.998+0000] {processor.py:161} INFO - Started process (PID=1296) to work on /opt/airflow/dags/pipeline_dag.py
[2026-04-28T04:58:54.010+0000] {processor.py:830} INFO - Processing file /opt/airflow/dags/pipeline_dag.py for tasks to queue
[2026-04-28T04:58:54.022+0000] {logging_mixin.py:188} INFO - [2026-04-28T04:58:54.021+0000] {dagbag.py:538} INFO - Filling up the DagBag from /opt/airflow/dags/pipeline_dag.py
[2026-04-28T04:58:54.046+0000] {processor.py:840} INFO - DAG(s) 'energy_pipeline' retrieved from /opt/airflow/dags/pipeline_dag.py
[2026-04-28T04:58:54.094+0000] {logging_mixin.py:188} INFO - [2026-04-28T04:58:54.094+0000] {dag.py:3036} INFO - Sync 1 DAGs
[2026-04-28T04:58:54.130+0000] {logging_mixin.py:188} INFO - [2026-04-28T04:58:54.130+0000] {dag.py:3823} INFO - Setting next_dagrun for energy_pipeline to 2026-04-28 00:00:00+00:00, run_after=2026-04-29 00:00:00+00:00
[2026-04-28T04:58:54.162+0000] {processor.py:183} INFO - Processing /opt/airflow/dags/pipeline_dag.py took 0.207 seconds
[2026-04-28T04:59:25.067+0000] {processor.py:161} INFO - Started process (PID=1297) to work on /opt/airflow/dags/pipeline_dag.py
[2026-04-28T04:59:25.068+0000] {processor.py:830} INFO - Processing file /opt/airflow/dags/pipeline_dag.py for tasks to queue
[2026-04-28T04:59:25.070+0000] {logging_mixin.py:188} INFO - [2026-04-28T04:59:25.069+0000] {dagbag.py:538} INFO - Filling up the DagBag from /opt/airflow/dags/pipeline_dag.py
[2026-04-28T04:59:25.088+0000] {processor.py:840} INFO - DAG(s) 'energy_pipeline' retrieved from /opt/airflow/dags/pipeline_dag.py
[2026-04-28T04:59:25.115+0000] {logging_mixin.py:188} INFO - [2026-04-28T04:59:25.115+0000] {dag.py:3036} INFO - Sync 1 DAGs
[2026-04-28T04:59:25.141+0000] {logging_mixin.py:188} INFO - [2026-04-28T04:59:25.141+0000] {dag.py:3823} INFO - Setting next_dagrun for energy_pipeline to 2026-04-28 00:00:00+00:00, run_after=2026-04-29 00:00:00+00:00
[2026-04-28T04:59:25.168+0000] {processor.py:183} INFO - Processing /opt/airflow/dags/pipeline_dag.py took 0.105 seconds
[2026-04-28T04:59:55.443+0000] {processor.py:161} INFO - Started process (PID=1298) to work on /opt/airflow/dags/pipeline_dag.py
[2026-04-28T04:59:55.444+0000] {processor.py:830} INFO - Processing file /opt/airflow/dags/pipeline_dag.py for tasks to queue
[2026-04-28T04:59:55.446+0000] {logging_mixin.py:188} INFO - [2026-04-28T04:59:55.445+0000] {dagbag.py:538} INFO - Filling up the DagBag from /opt/airflow/dags/pipeline_dag.py
[2026-04-28T04:59:55.465+0000] {processor.py:840} INFO - DAG(s) 'energy_pipeline' retrieved from /opt/airflow/dags/pipeline_dag.py
[2026-04-28T04:59:55.504+0000] {logging_mixin.py:188} INFO - [2026-04-28T04:59:55.504+0000] {dag.py:3036} INFO - Sync 1 DAGs
[2026-04-28T04:59:55.542+0000] {logging_mixin.py:188} INFO - [2026-04-28T04:59:55.542+0000] {dag.py:3823} INFO - Setting next_dagrun for energy_pipeline to 2026-04-28 00:00:00+00:00, run_after=2026-04-29 00:00:00+00:00
[2026-04-28T04:59:55.575+0000] {processor.py:183} INFO - Processing /opt/airflow/dags/pipeline_dag.py took 0.137 seconds
[2026-04-28T05:00:25.899+0000] {processor.py:161} INFO - Started process (PID=1299) to work on /opt/airflow/dags/pipeline_dag.py
[2026-04-28T05:00:25.900+0000] {processor.py:830} INFO - Processing file /opt/airflow/dags/pipeline_dag.py for tasks to queue
[2026-04-28T05:00:25.902+0000] {logging_mixin.py:188} INFO - [2026-04-28T05:00:25.901+0000] {dagbag.py:538} INFO - Filling up the DagBag from /opt/airflow/dags/pipeline_dag.py
[2026-04-28T05:00:25.918+0000] {processor.py:840} INFO - DAG(s) 'energy_pipeline' retrieved from /opt/airflow/dags/pipeline_dag.py
[2026-04-28T05:00:25.949+0000] {logging_mixin.py:188} INFO - [2026-04-28T05:00:25.949+0000] {dag.py:3036} INFO - Sync 1 DAGs
[2026-04-28T05:00:25.973+0000] {logging_mixin.py:188} INFO - [2026-04-28T05:00:25.973+0000] {dag.py:3823} INFO - Setting next_dagrun for energy_pipeline to 2026-04-28 00:00:00+00:00, run_after=2026-04-29 00:00:00+00:00
[2026-04-28T05:00:25.996+0000] {processor.py:183} INFO - Processing /opt/airflow/dags/pipeline_dag.py took 0.101 seconds
[2026-04-28T05:00:56.348+0000] {processor.py:161} INFO - Started process (PID=1300) to work on /opt/airflow/dags/pipeline_dag.py
[2026-04-28T05:00:56.350+0000] {processor.py:830} INFO - Processing file /opt/airflow/dags/pipeline_dag.py for tasks to queue
[2026-04-28T05:00:56.351+0000] {logging_mixin.py:188} INFO - [2026-04-28T05:00:56.350+0000] {dagbag.py:538} INFO - Filling up the DagBag from /opt/airflow/dags/pipeline_dag.py
[2026-04-28T05:00:56.368+0000] {processor.py:840} INFO - DAG(s) 'energy_pipeline' retrieved from /opt/airflow/dags/pipeline_dag.py
[2026-04-28T05:00:56.395+0000] {logging_mixin.py:188} INFO - [2026-04-28T05:00:56.394+0000] {dag.py:3036} INFO - Sync 1 DAGs
[2026-04-28T05:00:56.417+0000] {logging_mixin.py:188} INFO - [2026-04-28T05:00:56.416+0000] {dag.py:3823} INFO - Setting next_dagrun for energy_pipeline to 2026-04-28 00:00:00+00:00, run_after=2026-04-29 00:00:00+00:00
[2026-04-28T05:00:56.436+0000] {processor.py:183} INFO - Processing /opt/airflow/dags/pipeline_dag.py took 0.091 seconds
[2026-04-28T05:01:26.722+0000] {processor.py:161} INFO - Started process (PID=1301) to work on /opt/airflow/dags/pipeline_dag.py
[2026-04-28T05:01:26.724+0000] {processor.py:830} INFO - Processing file /opt/airflow/dags/pipeline_dag.py for tasks to queue
[2026-04-28T05:01:26.725+0000] {logging_mixin.py:188} INFO - [2026-04-28T05:01:26.724+0000] {dagbag.py:538} INFO - Filling up the DagBag from /opt/airflow/dags/pipeline_dag.py
[2026-04-28T05:01:26.739+0000] {processor.py:840} INFO - DAG(s) 'energy_pipeline' retrieved from /opt/airflow/dags/pipeline_dag.py
[2026-04-28T05:01:26.764+0000] {logging_mixin.py:188} INFO - [2026-04-28T05:01:26.764+0000] {dag.py:3036} INFO - Sync 1 DAGs
[2026-04-28T05:01:26.785+0000] {logging_mixin.py:188} INFO - [2026-04-28T05:01:26.784+0000] {dag.py:3823} INFO - Setting next_dagrun for energy_pipeline to 2026-04-28 00:00:00+00:00, run_after=2026-04-29 00:00:00+00:00
[2026-04-28T05:01:26.803+0000] {processor.py:183} INFO - Processing /opt/airflow/dags/pipeline_dag.py took 0.084 seconds
[2026-04-28T05:01:57.306+0000] {processor.py:161} INFO - Started process (PID=1302) to work on /opt/airflow/dags/pipeline_dag.py
[2026-04-28T05:01:57.308+0000] {processor.py:830} INFO - Processing file /opt/airflow/dags/pipeline_dag.py for tasks to queue
[2026-04-28T05:01:57.310+0000] {logging_mixin.py:188} INFO - [2026-04-28T05:01:57.309+0000] {dagbag.py:538} INFO - Filling up the DagBag from /opt/airflow/dags/pipeline_dag.py
[2026-04-28T05:01:57.332+0000] {processor.py:840} INFO - DAG(s) 'energy_pipeline' retrieved from /opt/airflow/dags/pipeline_dag.py
[2026-04-28T05:01:57.387+0000] {logging_mixin.py:188} INFO - [2026-04-28T05:01:57.387+0000] {dag.py:3036} INFO - Sync 1 DAGs
[2026-04-28T05:01:57.446+0000] {logging_mixin.py:188} INFO - [2026-04-28T05:01:57.446+0000] {dag.py:3823} INFO - Setting next_dagrun for energy_pipeline to 2026-04-28 00:00:00+00:00, run_after=2026-04-29 00:00:00+00:00
[2026-04-28T05:01:57.480+0000] {processor.py:183} INFO - Processing /opt/airflow/dags/pipeline_dag.py took 0.179 seconds
[2026-04-28T05:02:27.787+0000] {processor.py:161} INFO - Started process (PID=1303) to work on /opt/airflow/dags/pipeline_dag.py
[2026-04-28T05:02:27.790+0000] {processor.py:830} INFO - Processing file /opt/airflow/dags/pipeline_dag.py for tasks to queue
[2026-04-28T05:02:27.791+0000] {logging_mixin.py:188} INFO - [2026-04-28T05:02:27.791+0000] {dagbag.py:538} INFO - Filling up the DagBag from /opt/airflow/dags/pipeline_dag.py
[2026-04-28T05:02:27.814+0000] {processor.py:840} INFO - DAG(s) 'energy_pipeline' retrieved from /opt/airflow/dags/pipeline_dag.py
[2026-04-28T05:02:27.851+0000] {logging_mixin.py:188} INFO - [2026-04-28T05:02:27.850+0000] {dag.py:3036} INFO - Sync 1 DAGs
[2026-04-28T05:02:27.882+0000] {logging_mixin.py:188} INFO - [2026-04-28T05:02:27.882+0000] {dag.py:3823} INFO - Setting next_dagrun for energy_pipeline to 2026-04-28 00:00:00+00:00, run_after=2026-04-29 00:00:00+00:00
[2026-04-28T05:02:27.905+0000] {processor.py:183} INFO - Processing /opt/airflow/dags/pipeline_dag.py took 0.122 seconds
[2026-04-28T05:02:58.123+0000] {processor.py:161} INFO - Started process (PID=1304) to work on /opt/airflow/dags/pipeline_dag.py
[2026-04-28T05:02:58.125+0000] {processor.py:830} INFO - Processing file /opt/airflow/dags/pipeline_dag.py for tasks to queue
[2026-04-28T05:02:58.126+0000] {logging_mixin.py:188} INFO - [2026-04-28T05:02:58.126+0000] {dagbag.py:538} INFO - Filling up the DagBag from /opt/airflow/dags/pipeline_dag.py
[2026-04-28T05:02:58.171+0000] {processor.py:840} INFO - DAG(s) 'energy_pipeline' retrieved from /opt/airflow/dags/pipeline_dag.py
[2026-04-28T05:02:58.246+0000] {logging_mixin.py:188} INFO - [2026-04-28T05:02:58.245+0000] {dag.py:3036} INFO - Sync 1 DAGs
[2026-04-28T05:02:58.297+0000] {logging_mixin.py:188} INFO - [2026-04-28T05:02:58.296+0000] {dag.py:3823} INFO - Setting next_dagrun for energy_pipeline to 2026-04-28 00:00:00+00:00, run_after=2026-04-29 00:00:00+00:00
[2026-04-28T05:02:58.343+0000] {processor.py:183} INFO - Processing /opt/airflow/dags/pipeline_dag.py took 0.228 seconds
[2026-04-28T05:03:28.662+0000] {processor.py:161} INFO - Started process (PID=1305) to work on /opt/airflow/dags/pipeline_dag.py
[2026-04-28T05:03:28.664+0000] {processor.py:830} INFO - Processing file /opt/airflow/dags/pipeline_dag.py for tasks to queue
[2026-04-28T05:03:28.665+0000] {logging_mixin.py:188} INFO - [2026-04-28T05:03:28.664+0000] {dagbag.py:538} INFO - Filling up the DagBag from /opt/airflow/dags/pipeline_dag.py
[2026-04-28T05:03:28.683+0000] {processor.py:840} INFO - DAG(s) 'energy_pipeline' retrieved from /opt/airflow/dags/pipeline_dag.py
[2026-04-28T05:03:28.714+0000] {logging_mixin.py:188} INFO - [2026-04-28T05:03:28.713+0000] {dag.py:3036} INFO - Sync 1 DAGs
[2026-04-28T05:03:28.742+0000] {logging_mixin.py:188} INFO - [2026-04-28T05:03:28.741+0000] {dag.py:3823} INFO - Setting next_dagrun for energy_pipeline to 2026-04-28 00:00:00+00:00, run_after=2026-04-29 00:00:00+00:00
[2026-04-28T05:03:28.766+0000] {processor.py:183} INFO - Processing /opt/airflow/dags/pipeline_dag.py took 0.108 seconds
[2026-04-28T05:03:59.108+0000] {processor.py:161} INFO - Started process (PID=1306) to work on /opt/airflow/dags/pipeline_dag.py
[2026-04-28T05:03:59.110+0000] {processor.py:830} INFO - Processing file /opt/airflow/dags/pipeline_dag.py for tasks to queue
[2026-04-28T05:03:59.111+0000] {logging_mixin.py:188} INFO - [2026-04-28T05:03:59.111+0000] {dagbag.py:538} INFO - Filling up the DagBag from /opt/airflow/dags/pipeline_dag.py
[2026-04-28T05:03:59.128+0000] {processor.py:840} INFO - DAG(s) 'energy_pipeline' retrieved from /opt/airflow/dags/pipeline_dag.py
[2026-04-28T05:03:59.156+0000] {logging_mixin.py:188} INFO - [2026-04-28T05:03:59.156+0000] {dag.py:3036} INFO - Sync 1 DAGs
[2026-04-28T05:03:59.178+0000] {logging_mixin.py:188} INFO - [2026-04-28T05:03:59.177+0000] {dag.py:3823} INFO - Setting next_dagrun for energy_pipeline to 2026-04-28 00:00:00+00:00, run_after=2026-04-29 00:00:00+00:00
[2026-04-28T05:03:59.197+0000] {processor.py:183} INFO - Processing /opt/airflow/dags/pipeline_dag.py took 0.092 seconds
[2026-04-28T05:04:29.468+0000] {processor.py:161} INFO - Started process (PID=1307) to work on /opt/airflow/dags/pipeline_dag.py
[2026-04-28T05:04:29.470+0000] {processor.py:830} INFO - Processing file /opt/airflow/dags/pipeline_dag.py for tasks to queue
[2026-04-28T05:04:29.472+0000] {logging_mixin.py:188} INFO - [2026-04-28T05:04:29.471+0000] {dagbag.py:538} INFO - Filling up the DagBag from /opt/airflow/dags/pipeline_dag.py
[2026-04-28T05:04:29.494+0000] {processor.py:840} INFO - DAG(s) 'energy_pipeline' retrieved from /opt/airflow/dags/pipeline_dag.py
[2026-04-28T05:04:29.530+0000] {logging_mixin.py:188} INFO - [2026-04-28T05:04:29.529+0000] {dag.py:3036} INFO - Sync 1 DAGs
[2026-04-28T05:04:29.558+0000] {logging_mixin.py:188} INFO - [2026-04-28T05:04:29.558+0000] {dag.py:3823} INFO - Setting next_dagrun for energy_pipeline to 2026-04-28 00:00:00+00:00, run_after=2026-04-29 00:00:00+00:00
[2026-04-28T05:04:29.583+0000] {processor.py:183} INFO - Processing /opt/airflow/dags/pipeline_dag.py took 0.121 seconds
[2026-04-28T05:04:59.992+0000] {processor.py:161} INFO - Started process (PID=1308) to work on /opt/airflow/dags/pipeline_dag.py
[2026-04-28T05:04:59.994+0000] {processor.py:830} INFO - Processing file /opt/airflow/dags/pipeline_dag.py for tasks to queue
[2026-04-28T05:04:59.998+0000] {logging_mixin.py:188} INFO - [2026-04-28T05:04:59.996+0000] {dagbag.py:538} INFO - Filling up the DagBag from /opt/airflow/dags/pipeline_dag.py
[2026-04-28T05:05:00.036+0000] {processor.py:840} INFO - DAG(s) 'energy_pipeline' retrieved from /opt/airflow/dags/pipeline_dag.py
[2026-04-28T05:05:00.090+0000] {logging_mixin.py:188} INFO - [2026-04-28T05:05:00.090+0000] {dag.py:3036} INFO - Sync 1 DAGs
[2026-04-28T05:05:00.140+0000] {logging_mixin.py:188} INFO - [2026-04-28T05:05:00.139+0000] {dag.py:3823} INFO - Setting next_dagrun for energy_pipeline to 2026-04-28 00:00:00+00:00, run_after=2026-04-29 00:00:00+00:00
[2026-04-28T05:05:00.176+0000] {processor.py:183} INFO - Processing /opt/airflow/dags/pipeline_dag.py took 0.190 seconds
[2026-04-28T05:05:30.485+0000] {processor.py:161} INFO - Started process (PID=1309) to work on /opt/airflow/dags/pipeline_dag.py
[2026-04-28T05:05:30.486+0000] {processor.py:830} INFO - Processing file /opt/airflow/dags/pipeline_dag.py for tasks to queue
[2026-04-28T05:05:30.489+0000] {logging_mixin.py:188} INFO - [2026-04-28T05:05:30.489+0000] {dagbag.py:538} INFO - Filling up the DagBag from /opt/airflow/dags/pipeline_dag.py
[2026-04-28T05:05:30.508+0000] {processor.py:840} INFO - DAG(s) 'energy_pipeline' retrieved from /opt/airflow/dags/pipeline_dag.py
[2026-04-28T05:05:30.539+0000] {logging_mixin.py:188} INFO - [2026-04-28T05:05:30.539+0000] {dag.py:3036} INFO - Sync 1 DAGs
[2026-04-28T05:05:30.566+0000] {logging_mixin.py:188} INFO - [2026-04-28T05:05:30.565+0000] {dag.py:3823} INFO - Setting next_dagrun for energy_pipeline to 2026-04-28 00:00:00+00:00, run_after=2026-04-29 00:00:00+00:00
[2026-04-28T05:05:30.590+0000] {processor.py:183} INFO - Processing /opt/airflow/dags/pipeline_dag.py took 0.110 seconds
[2026-04-28T05:06:00.934+0000] {processor.py:161} INFO - Started process (PID=1310) to work on /opt/airflow/dags/pipeline_dag.py
[2026-04-28T05:06:00.936+0000] {processor.py:830} INFO - Processing file /opt/airflow/dags/pipeline_dag.py for tasks to queue
[2026-04-28T05:06:00.937+0000] {logging_mixin.py:188} INFO - [2026-04-28T05:06:00.937+0000] {dagbag.py:538} INFO - Filling up the DagBag from /opt/airflow/dags/pipeline_dag.py
[2026-04-28T05:06:00.959+0000] {processor.py:840} INFO - DAG(s) 'energy_pipeline' retrieved from /opt/airflow/dags/pipeline_dag.py
[2026-04-28T05:06:00.993+0000] {logging_mixin.py:188} INFO - [2026-04-28T05:06:00.993+0000] {dag.py:3036} INFO - Sync 1 DAGs
[2026-04-28T05:06:01.029+0000] {logging_mixin.py:188} INFO - [2026-04-28T05:06:01.027+0000] {dag.py:3823} INFO - Setting next_dagrun for energy_pipeline to 2026-04-28 00:00:00+00:00, run_after=2026-04-29 00:00:00+00:00
[2026-04-28T05:06:01.057+0000] {processor.py:183} INFO - Processing /opt/airflow/dags/pipeline_dag.py took 0.126 seconds
[2026-04-28T05:08:37.677+0000] {processor.py:161} INFO - Started process (PID=80) to work on /opt/airflow/dags/pipeline_dag.py
[2026-04-28T05:08:37.694+0000] {processor.py:830} INFO - Processing file /opt/airflow/dags/pipeline_dag.py for tasks to queue
[2026-04-28T05:08:37.709+0000] {logging_mixin.py:188} INFO - [2026-04-28T05:08:37.707+0000] {dagbag.py:538} INFO - Filling up the DagBag from /opt/airflow/dags/pipeline_dag.py
[2026-04-28T05:08:37.816+0000] {processor.py:840} INFO - DAG(s) 'energy_pipeline' retrieved from /opt/airflow/dags/pipeline_dag.py
[2026-04-28T05:08:39.207+0000] {logging_mixin.py:188} INFO - [2026-04-28T05:08:39.206+0000] {override.py:1769} INFO - Created Permission View: can delete on DAG:energy_pipeline
[2026-04-28T05:08:39.277+0000] {logging_mixin.py:188} INFO - [2026-04-28T05:08:39.276+0000] {override.py:1769} INFO - Created Permission View: can edit on DAG:energy_pipeline
[2026-04-28T05:08:39.330+0000] {logging_mixin.py:188} INFO - [2026-04-28T05:08:39.322+0000] {override.py:1769} INFO - Created Permission View: can read on DAG:energy_pipeline
[2026-04-28T05:08:39.335+0000] {logging_mixin.py:188} INFO - [2026-04-28T05:08:39.334+0000] {dag.py:3036} INFO - Sync 1 DAGs
[2026-04-28T05:08:39.389+0000] {logging_mixin.py:188} INFO - [2026-04-28T05:08:39.388+0000] {dag.py:3058} INFO - Creating ORM DAG for energy_pipeline
[2026-04-28T05:08:39.438+0000] {logging_mixin.py:188} INFO - [2026-04-28T05:08:39.438+0000] {dag.py:3823} INFO - Setting next_dagrun for energy_pipeline to 2026-04-27 00:00:00+00:00, run_after=2026-04-28 00:00:00+00:00
[2026-04-28T05:08:39.511+0000] {processor.py:183} INFO - Processing /opt/airflow/dags/pipeline_dag.py took 1.877 seconds
[2026-04-28T05:11:04.704+0000] {processor.py:161} INFO - Started process (PID=80) to work on /opt/airflow/dags/pipeline_dag.py
[2026-04-28T05:11:04.706+0000] {processor.py:830} INFO - Processing file /opt/airflow/dags/pipeline_dag.py for tasks to queue
[2026-04-28T05:11:04.708+0000] {logging_mixin.py:188} INFO - [2026-04-28T05:11:04.708+0000] {dagbag.py:538} INFO - Filling up the DagBag from /opt/airflow/dags/pipeline_dag.py
[2026-04-28T05:11:04.953+0000] {processor.py:840} INFO - DAG(s) 'energy_pipeline' retrieved from /opt/airflow/dags/pipeline_dag.py
[2026-04-28T05:11:04.962+0000] {logging_mixin.py:188} INFO - [2026-04-28T05:11:04.961+0000] {dag.py:3036} INFO - Sync 1 DAGs
[2026-04-28T05:11:04.983+0000] {logging_mixin.py:188} INFO - [2026-04-28T05:11:04.983+0000] {dag.py:3823} INFO - Setting next_dagrun for energy_pipeline to 2026-04-28 00:00:00+00:00, run_after=2026-04-29 00:00:00+00:00
[2026-04-28T05:11:05.000+0000] {processor.py:183} INFO - Processing /opt/airflow/dags/pipeline_dag.py took 0.301 seconds
[2026-04-28T05:12:15.069+0000] {processor.py:161} INFO - Started process (PID=168) to work on /opt/airflow/dags/pipeline_dag.py
[2026-04-28T05:12:15.072+0000] {processor.py:830} INFO - Processing file /opt/airflow/dags/pipeline_dag.py for tasks to queue
[2026-04-28T05:12:15.074+0000] {logging_mixin.py:188} INFO - [2026-04-28T05:12:15.073+0000] {dagbag.py:538} INFO - Filling up the DagBag from /opt/airflow/dags/pipeline_dag.py
[2026-04-28T05:12:15.107+0000] {processor.py:840} INFO - DAG(s) 'energy_pipeline' retrieved from /opt/airflow/dags/pipeline_dag.py
[2026-04-28T05:12:15.291+0000] {logging_mixin.py:188} INFO - [2026-04-28T05:12:15.291+0000] {dag.py:3036} INFO - Sync 1 DAGs
[2026-04-28T05:12:15.320+0000] {logging_mixin.py:188} INFO - [2026-04-28T05:12:15.320+0000] {dag.py:3823} INFO - Setting next_dagrun for energy_pipeline to 2026-04-28 00:00:00+00:00, run_after=2026-04-29 00:00:00+00:00
[2026-04-28T05:12:15.350+0000] {processor.py:183} INFO - Processing /opt/airflow/dags/pipeline_dag.py took 0.290 seconds
[2026-04-28T05:12:54.122+0000] {processor.py:161} INFO - Started process (PID=359) to work on /opt/airflow/dags/pipeline_dag.py
[2026-04-28T05:12:54.124+0000] {processor.py:830} INFO - Processing file /opt/airflow/dags/pipeline_dag.py for tasks to queue
[2026-04-28T05:12:54.126+0000] {logging_mixin.py:188} INFO - [2026-04-28T05:12:54.125+0000] {dagbag.py:538} INFO - Filling up the DagBag from /opt/airflow/dags/pipeline_dag.py
[2026-04-28T05:12:54.152+0000] {processor.py:840} INFO - DAG(s) 'energy_pipeline' retrieved from /opt/airflow/dags/pipeline_dag.py
[2026-04-28T05:12:54.199+0000] {logging_mixin.py:188} INFO - [2026-04-28T05:12:54.198+0000] {dag.py:3036} INFO - Sync 1 DAGs
[2026-04-28T05:12:54.235+0000] {logging_mixin.py:188} INFO - [2026-04-28T05:12:54.235+0000] {dag.py:3823} INFO - Setting next_dagrun for energy_pipeline to 2026-04-28 00:00:00+00:00, run_after=2026-04-29 00:00:00+00:00
[2026-04-28T05:12:54.268+0000] {processor.py:183} INFO - Processing /opt/airflow/dags/pipeline_dag.py took 0.152 seconds
[2026-04-28T05:13:25.277+0000] {processor.py:161} INFO - Started process (PID=426) to work on /opt/airflow/dags/pipeline_dag.py
[2026-04-28T05:13:25.279+0000] {processor.py:830} INFO - Processing file /opt/airflow/dags/pipeline_dag.py for tasks to queue
[2026-04-28T05:13:25.283+0000] {logging_mixin.py:188} INFO - [2026-04-28T05:13:25.281+0000] {dagbag.py:538} INFO - Filling up the DagBag from /opt/airflow/dags/pipeline_dag.py
[2026-04-28T05:13:25.399+0000] {processor.py:840} INFO - DAG(s) 'energy_pipeline' retrieved from /opt/airflow/dags/pipeline_dag.py
[2026-04-28T05:13:25.441+0000] {logging_mixin.py:188} INFO - [2026-04-28T05:13:25.441+0000] {dag.py:3036} INFO - Sync 1 DAGs
[2026-04-28T05:13:25.473+0000] {logging_mixin.py:188} INFO - [2026-04-28T05:13:25.473+0000] {dag.py:3823} INFO - Setting next_dagrun for energy_pipeline to 2026-04-28 00:00:00+00:00, run_after=2026-04-29 00:00:00+00:00
[2026-04-28T05:13:25.502+0000] {processor.py:183} INFO - Processing /opt/airflow/dags/pipeline_dag.py took 0.235 seconds
[2026-04-28T05:13:56.387+0000] {processor.py:161} INFO - Started process (PID=433) to work on /opt/airflow/dags/pipeline_dag.py
[2026-04-28T05:13:56.389+0000] {processor.py:830} INFO - Processing file /opt/airflow/dags/pipeline_dag.py for tasks to queue
[2026-04-28T05:13:56.390+0000] {logging_mixin.py:188} INFO - [2026-04-28T05:13:56.390+0000] {dagbag.py:538} INFO - Filling up the DagBag from /opt/airflow/dags/pipeline_dag.py
[2026-04-28T05:13:56.407+0000] {processor.py:840} INFO - DAG(s) 'energy_pipeline' retrieved from /opt/airflow/dags/pipeline_dag.py
[2026-04-28T05:13:56.435+0000] {logging_mixin.py:188} INFO - [2026-04-28T05:13:56.435+0000] {dag.py:3036} INFO - Sync 1 DAGs
[2026-04-28T05:13:56.457+0000] {logging_mixin.py:188} INFO - [2026-04-28T05:13:56.457+0000] {dag.py:3823} INFO - Setting next_dagrun for energy_pipeline to 2026-04-28 00:00:00+00:00, run_after=2026-04-29 00:00:00+00:00
[2026-04-28T05:13:56.478+0000] {processor.py:183} INFO - Processing /opt/airflow/dags/pipeline_dag.py took 0.094 seconds
[2026-04-28T05:14:27.467+0000] {processor.py:161} INFO - Started process (PID=434) to work on /opt/airflow/dags/pipeline_dag.py
[2026-04-28T05:14:27.468+0000] {processor.py:830} INFO - Processing file /opt/airflow/dags/pipeline_dag.py for tasks to queue
[2026-04-28T05:14:27.470+0000] {logging_mixin.py:188} INFO - [2026-04-28T05:14:27.469+0000] {dagbag.py:538} INFO - Filling up the DagBag from /opt/airflow/dags/pipeline_dag.py
[2026-04-28T05:14:27.488+0000] {processor.py:840} INFO - DAG(s) 'energy_pipeline' retrieved from /opt/airflow/dags/pipeline_dag.py
[2026-04-28T05:14:27.520+0000] {logging_mixin.py:188} INFO - [2026-04-28T05:14:27.519+0000] {dag.py:3036} INFO - Sync 1 DAGs
[2026-04-28T05:14:27.550+0000] {logging_mixin.py:188} INFO - [2026-04-28T05:14:27.550+0000] {dag.py:3823} INFO - Setting next_dagrun for energy_pipeline to 2026-04-28 00:00:00+00:00, run_after=2026-04-29 00:00:00+00:00
[2026-04-28T05:14:27.575+0000] {processor.py:183} INFO - Processing /opt/airflow/dags/pipeline_dag.py took 0.111 seconds
[2026-04-28T05:14:57.952+0000] {processor.py:161} INFO - Started process (PID=435) to work on /opt/airflow/dags/pipeline_dag.py
[2026-04-28T05:14:57.954+0000] {processor.py:830} INFO - Processing file /opt/airflow/dags/pipeline_dag.py for tasks to queue
[2026-04-28T05:14:57.955+0000] {logging_mixin.py:188} INFO - [2026-04-28T05:14:57.955+0000] {dagbag.py:538} INFO - Filling up the DagBag from /opt/airflow/dags/pipeline_dag.py
[2026-04-28T05:14:57.974+0000] {processor.py:840} INFO - DAG(s) 'energy_pipeline' retrieved from /opt/airflow/dags/pipeline_dag.py
[2026-04-28T05:14:58.006+0000] {logging_mixin.py:188} INFO - [2026-04-28T05:14:58.005+0000] {dag.py:3036} INFO - Sync 1 DAGs
[2026-04-28T05:14:58.033+0000] {logging_mixin.py:188} INFO - [2026-04-28T05:14:58.033+0000] {dag.py:3823} INFO - Setting next_dagrun for energy_pipeline to 2026-04-28 00:00:00+00:00, run_after=2026-04-29 00:00:00+00:00
[2026-04-28T05:14:58.058+0000] {processor.py:183} INFO - Processing /opt/airflow/dags/pipeline_dag.py took 0.110 seconds
[2026-04-28T05:34:13.926+0000] {processor.py:161} INFO - Started process (PID=46) to work on /opt/airflow/dags/pipeline_dag.py
[2026-04-28T05:34:13.929+0000] {processor.py:830} INFO - Processing file /opt/airflow/dags/pipeline_dag.py for tasks to queue
[2026-04-28T05:34:13.930+0000] {logging_mixin.py:188} INFO - [2026-04-28T05:34:13.930+0000] {dagbag.py:538} INFO - Filling up the DagBag from /opt/airflow/dags/pipeline_dag.py
[2026-04-28T05:34:14.051+0000] {processor.py:840} INFO - DAG(s) 'energy_pipeline' retrieved from /opt/airflow/dags/pipeline_dag.py
[2026-04-28T05:34:14.587+0000] {logging_mixin.py:188} INFO - [2026-04-28T05:34:14.586+0000] {override.py:1769} INFO - Created Permission View: can edit on DAG:energy_pipeline
[2026-04-28T05:34:14.603+0000] {logging_mixin.py:188} INFO - [2026-04-28T05:34:14.602+0000] {override.py:1769} INFO - Created Permission View: can delete on DAG:energy_pipeline
[2026-04-28T05:34:14.615+0000] {logging_mixin.py:188} INFO - [2026-04-28T05:34:14.615+0000] {override.py:1769} INFO - Created Permission View: can read on DAG:energy_pipeline
[2026-04-28T05:34:14.616+0000] {logging_mixin.py:188} INFO - [2026-04-28T05:34:14.616+0000] {dag.py:3036} INFO - Sync 1 DAGs
[2026-04-28T05:34:14.638+0000] {logging_mixin.py:188} INFO - [2026-04-28T05:34:14.638+0000] {dag.py:3058} INFO - Creating ORM DAG for energy_pipeline
[2026-04-28T05:34:14.653+0000] {logging_mixin.py:188} INFO - [2026-04-28T05:34:14.653+0000] {dag.py:3823} INFO - Setting next_dagrun for energy_pipeline to 2026-04-27 00:00:00+00:00, run_after=2026-04-28 00:00:00+00:00
[2026-04-28T05:34:14.685+0000] {processor.py:183} INFO - Processing /opt/airflow/dags/pipeline_dag.py took 0.771 seconds
[2026-04-28T05:35:11.723+0000] {processor.py:161} INFO - Started process (PID=117) to work on /opt/airflow/dags/pipeline_dag.py
[2026-04-28T05:35:11.725+0000] {processor.py:830} INFO - Processing file /opt/airflow/dags/pipeline_dag.py for tasks to queue
[2026-04-28T05:35:11.726+0000] {logging_mixin.py:188} INFO - [2026-04-28T05:35:11.725+0000] {dagbag.py:538} INFO - Filling up the DagBag from /opt/airflow/dags/pipeline_dag.py
[2026-04-28T05:35:11.743+0000] {processor.py:840} INFO - DAG(s) 'energy_pipeline' retrieved from /opt/airflow/dags/pipeline_dag.py
[2026-04-28T05:35:11.773+0000] {logging_mixin.py:188} INFO - [2026-04-28T05:35:11.773+0000] {dag.py:3036} INFO - Sync 1 DAGs
[2026-04-28T05:35:11.798+0000] {logging_mixin.py:188} INFO - [2026-04-28T05:35:11.797+0000] {dag.py:3823} INFO - Setting next_dagrun for energy_pipeline to 2026-04-28 00:00:00+00:00, run_after=2026-04-29 00:00:00+00:00
[2026-04-28T05:35:11.821+0000] {processor.py:183} INFO - Processing /opt/airflow/dags/pipeline_dag.py took 0.101 seconds
[2026-04-28T05:35:53.004+0000] {processor.py:161} INFO - Started process (PID=46) to work on /opt/airflow/dags/pipeline_dag.py
[2026-04-28T05:35:53.005+0000] {processor.py:830} INFO - Processing file /opt/airflow/dags/pipeline_dag.py for tasks to queue
[2026-04-28T05:35:53.007+0000] {logging_mixin.py:188} INFO - [2026-04-28T05:35:53.006+0000] {dagbag.py:538} INFO - Filling up the DagBag from /opt/airflow/dags/pipeline_dag.py
[2026-04-28T05:35:53.043+0000] {processor.py:840} INFO - DAG(s) 'energy_pipeline' retrieved from /opt/airflow/dags/pipeline_dag.py
[2026-04-28T05:35:53.362+0000] {logging_mixin.py:188} INFO - [2026-04-28T05:35:53.361+0000] {override.py:1769} INFO - Created Permission View: can read on DAG:energy_pipeline
[2026-04-28T05:35:53.373+0000] {logging_mixin.py:188} INFO - [2026-04-28T05:35:53.373+0000] {override.py:1769} INFO - Created Permission View: can edit on DAG:energy_pipeline
[2026-04-28T05:35:53.384+0000] {logging_mixin.py:188} INFO - [2026-04-28T05:35:53.384+0000] {override.py:1769} INFO - Created Permission View: can delete on DAG:energy_pipeline
[2026-04-28T05:35:53.385+0000] {logging_mixin.py:188} INFO - [2026-04-28T05:35:53.385+0000] {dag.py:3036} INFO - Sync 1 DAGs
[2026-04-28T05:35:53.397+0000] {logging_mixin.py:188} INFO - [2026-04-28T05:35:53.397+0000] {dag.py:3058} INFO - Creating ORM DAG for energy_pipeline
[2026-04-28T05:35:53.409+0000] {logging_mixin.py:188} INFO - [2026-04-28T05:35:53.409+0000] {dag.py:3823} INFO - Setting next_dagrun for energy_pipeline to 2026-04-27 00:00:00+00:00, run_after=2026-04-28 00:00:00+00:00
[2026-04-28T05:35:53.431+0000] {processor.py:183} INFO - Processing /opt/airflow/dags/pipeline_dag.py took 0.431 seconds
[2026-04-28T05:36:45.274+0000] {processor.py:161} INFO - Started process (PID=117) to work on /opt/airflow/dags/pipeline_dag.py
[2026-04-28T05:36:45.276+0000] {processor.py:830} INFO - Processing file /opt/airflow/dags/pipeline_dag.py for tasks to queue
[2026-04-28T05:36:45.277+0000] {logging_mixin.py:188} INFO - [2026-04-28T05:36:45.276+0000] {dagbag.py:538} INFO - Filling up the DagBag from /opt/airflow/dags/pipeline_dag.py
[2026-04-28T05:36:45.293+0000] {processor.py:840} INFO - DAG(s) 'energy_pipeline' retrieved from /opt/airflow/dags/pipeline_dag.py
[2026-04-28T05:36:45.322+0000] {logging_mixin.py:188} INFO - [2026-04-28T05:36:45.322+0000] {dag.py:3036} INFO - Sync 1 DAGs
[2026-04-28T05:36:45.347+0000] {logging_mixin.py:188} INFO - [2026-04-28T05:36:45.346+0000] {dag.py:3823} INFO - Setting next_dagrun for energy_pipeline to 2026-04-28 00:00:00+00:00, run_after=2026-04-29 00:00:00+00:00
[2026-04-28T05:36:45.371+0000] {processor.py:183} INFO - Processing /opt/airflow/dags/pipeline_dag.py took 0.101 seconds
[2026-04-28T05:37:16.214+0000] {processor.py:161} INFO - Started process (PID=374) to work on /opt/airflow/dags/pipeline_dag.py
[2026-04-28T05:37:16.215+0000] {processor.py:830} INFO - Processing file /opt/airflow/dags/pipeline_dag.py for tasks to queue
[2026-04-28T05:37:16.217+0000] {logging_mixin.py:188} INFO - [2026-04-28T05:37:16.216+0000] {dagbag.py:538} INFO - Filling up the DagBag from /opt/airflow/dags/pipeline_dag.py
[2026-04-28T05:37:16.234+0000] {processor.py:840} INFO - DAG(s) 'energy_pipeline' retrieved from /opt/airflow/dags/pipeline_dag.py
[2026-04-28T05:37:16.266+0000] {logging_mixin.py:188} INFO - [2026-04-28T05:37:16.265+0000] {dag.py:3036} INFO - Sync 1 DAGs
[2026-04-28T05:37:16.293+0000] {logging_mixin.py:188} INFO - [2026-04-28T05:37:16.292+0000] {dag.py:3823} INFO - Setting next_dagrun for energy_pipeline to 2026-04-28 00:00:00+00:00, run_after=2026-04-29 00:00:00+00:00
[2026-04-28T05:37:16.318+0000] {processor.py:183} INFO - Processing /opt/airflow/dags/pipeline_dag.py took 0.108 seconds
[2026-04-28T05:37:47.452+0000] {processor.py:161} INFO - Started process (PID=375) to work on /opt/airflow/dags/pipeline_dag.py
[2026-04-28T05:37:47.453+0000] {processor.py:830} INFO - Processing file /opt/airflow/dags/pipeline_dag.py for tasks to queue
[2026-04-28T05:37:47.455+0000] {logging_mixin.py:188} INFO - [2026-04-28T05:37:47.454+0000] {dagbag.py:538} INFO - Filling up the DagBag from /opt/airflow/dags/pipeline_dag.py
[2026-04-28T05:37:47.473+0000] {processor.py:840} INFO - DAG(s) 'energy_pipeline' retrieved from /opt/airflow/dags/pipeline_dag.py
[2026-04-28T05:37:47.498+0000] {logging_mixin.py:188} INFO - [2026-04-28T05:37:47.498+0000] {dag.py:3036} INFO - Sync 1 DAGs
[2026-04-28T05:37:47.519+0000] {logging_mixin.py:188} INFO - [2026-04-28T05:37:47.519+0000] {dag.py:3823} INFO - Setting next_dagrun for energy_pipeline to 2026-04-28 00:00:00+00:00, run_after=2026-04-29 00:00:00+00:00
[2026-04-28T05:37:47.537+0000] {processor.py:183} INFO - Processing /opt/airflow/dags/pipeline_dag.py took 0.088 seconds
[2026-04-28T05:38:18.062+0000] {processor.py:161} INFO - Started process (PID=376) to work on /opt/airflow/dags/pipeline_dag.py
[2026-04-28T05:38:18.064+0000] {processor.py:830} INFO - Processing file /opt/airflow/dags/pipeline_dag.py for tasks to queue
[2026-04-28T05:38:18.065+0000] {logging_mixin.py:188} INFO - [2026-04-28T05:38:18.065+0000] {dagbag.py:538} INFO - Filling up the DagBag from /opt/airflow/dags/pipeline_dag.py
[2026-04-28T05:38:18.081+0000] {processor.py:840} INFO - DAG(s) 'energy_pipeline' retrieved from /opt/airflow/dags/pipeline_dag.py
[2026-04-28T05:38:18.106+0000] {logging_mixin.py:188} INFO - [2026-04-28T05:38:18.106+0000] {dag.py:3036} INFO - Sync 1 DAGs
[2026-04-28T05:38:18.129+0000] {logging_mixin.py:188} INFO - [2026-04-28T05:38:18.129+0000] {dag.py:3823} INFO - Setting next_dagrun for energy_pipeline to 2026-04-28 00:00:00+00:00, run_after=2026-04-29 00:00:00+00:00
[2026-04-28T05:38:18.147+0000] {processor.py:183} INFO - Processing /opt/airflow/dags/pipeline_dag.py took 0.089 seconds
[2026-04-28T05:38:48.430+0000] {processor.py:161} INFO - Started process (PID=377) to work on /opt/airflow/dags/pipeline_dag.py
[2026-04-28T05:38:48.432+0000] {processor.py:830} INFO - Processing file /opt/airflow/dags/pipeline_dag.py for tasks to queue
[2026-04-28T05:38:48.433+0000] {logging_mixin.py:188} INFO - [2026-04-28T05:38:48.433+0000] {dagbag.py:538} INFO - Filling up the DagBag from /opt/airflow/dags/pipeline_dag.py
[2026-04-28T05:38:48.450+0000] {processor.py:840} INFO - DAG(s) 'energy_pipeline' retrieved from /opt/airflow/dags/pipeline_dag.py
[2026-04-28T05:38:48.475+0000] {logging_mixin.py:188} INFO - [2026-04-28T05:38:48.475+0000] {dag.py:3036} INFO - Sync 1 DAGs
[2026-04-28T05:38:48.497+0000] {logging_mixin.py:188} INFO - [2026-04-28T05:38:48.497+0000] {dag.py:3823} INFO - Setting next_dagrun for energy_pipeline to 2026-04-28 00:00:00+00:00, run_after=2026-04-29 00:00:00+00:00
[2026-04-28T05:38:48.516+0000] {processor.py:183} INFO - Processing /opt/airflow/dags/pipeline_dag.py took 0.089 seconds
[2026-04-28T05:39:18.682+0000] {processor.py:161} INFO - Started process (PID=378) to work on /opt/airflow/dags/pipeline_dag.py
[2026-04-28T05:39:18.684+0000] {processor.py:830} INFO - Processing file /opt/airflow/dags/pipeline_dag.py for tasks to queue
[2026-04-28T05:39:18.685+0000] {logging_mixin.py:188} INFO - [2026-04-28T05:39:18.684+0000] {dagbag.py:538} INFO - Filling up the DagBag from /opt/airflow/dags/pipeline_dag.py
[2026-04-28T05:39:18.703+0000] {processor.py:840} INFO - DAG(s) 'energy_pipeline' retrieved from /opt/airflow/dags/pipeline_dag.py
[2026-04-28T05:39:18.731+0000] {logging_mixin.py:188} INFO - [2026-04-28T05:39:18.731+0000] {dag.py:3036} INFO - Sync 1 DAGs
[2026-04-28T05:39:18.754+0000] {logging_mixin.py:188} INFO - [2026-04-28T05:39:18.753+0000] {dag.py:3823} INFO - Setting next_dagrun for energy_pipeline to 2026-04-28 00:00:00+00:00, run_after=2026-04-29 00:00:00+00:00
[2026-04-28T05:39:18.773+0000] {processor.py:183} INFO - Processing /opt/airflow/dags/pipeline_dag.py took 0.094 seconds
[2026-04-28T05:44:15.759+0000] {processor.py:161} INFO - Started process (PID=82) to work on /opt/airflow/dags/pipeline_dag.py
[2026-04-28T05:44:15.760+0000] {processor.py:830} INFO - Processing file /opt/airflow/dags/pipeline_dag.py for tasks to queue
[2026-04-28T05:44:15.762+0000] {logging_mixin.py:188} INFO - [2026-04-28T05:44:15.761+0000] {dagbag.py:538} INFO - Filling up the DagBag from /opt/airflow/dags/pipeline_dag.py
[2026-04-28T05:44:15.943+0000] {processor.py:840} INFO - DAG(s) 'energy_pipeline' retrieved from /opt/airflow/dags/pipeline_dag.py
[2026-04-28T05:44:15.952+0000] {logging_mixin.py:188} INFO - [2026-04-28T05:44:15.952+0000] {dag.py:3036} INFO - Sync 1 DAGs
[2026-04-28T05:44:15.974+0000] {logging_mixin.py:188} INFO - [2026-04-28T05:44:15.974+0000] {dag.py:3823} INFO - Setting next_dagrun for energy_pipeline to 2026-04-27 00:00:00+00:00, run_after=2026-04-28 00:00:00+00:00
[2026-04-28T05:44:16.002+0000] {processor.py:183} INFO - Processing /opt/airflow/dags/pipeline_dag.py took 0.247 seconds
[2026-04-28T05:45:36.321+0000] {processor.py:161} INFO - Started process (PID=178) to work on /opt/airflow/dags/pipeline_dag.py
[2026-04-28T05:45:36.324+0000] {processor.py:830} INFO - Processing file /opt/airflow/dags/pipeline_dag.py for tasks to queue
[2026-04-28T05:45:36.325+0000] {logging_mixin.py:188} INFO - [2026-04-28T05:45:36.325+0000] {dagbag.py:538} INFO - Filling up the DagBag from /opt/airflow/dags/pipeline_dag.py
[2026-04-28T05:45:36.339+0000] {processor.py:840} INFO - DAG(s) 'energy_pipeline' retrieved from /opt/airflow/dags/pipeline_dag.py
[2026-04-28T05:45:36.515+0000] {logging_mixin.py:188} INFO - [2026-04-28T05:45:36.515+0000] {dag.py:3036} INFO - Sync 1 DAGs
[2026-04-28T05:45:36.541+0000] {logging_mixin.py:188} INFO - [2026-04-28T05:45:36.540+0000] {dag.py:3823} INFO - Setting next_dagrun for energy_pipeline to 2026-04-28 00:00:00+00:00, run_after=2026-04-29 00:00:00+00:00
[2026-04-28T05:45:36.577+0000] {processor.py:183} INFO - Processing /opt/airflow/dags/pipeline_dag.py took 0.261 seconds
[2026-04-28T05:46:16.929+0000] {processor.py:161} INFO - Started process (PID=369) to work on /opt/airflow/dags/pipeline_dag.py
[2026-04-28T05:46:16.931+0000] {processor.py:830} INFO - Processing file /opt/airflow/dags/pipeline_dag.py for tasks to queue
[2026-04-28T05:46:16.933+0000] {logging_mixin.py:188} INFO - [2026-04-28T05:46:16.932+0000] {dagbag.py:538} INFO - Filling up the DagBag from /opt/airflow/dags/pipeline_dag.py
[2026-04-28T05:46:16.945+0000] {processor.py:840} INFO - DAG(s) 'energy_pipeline' retrieved from /opt/airflow/dags/pipeline_dag.py
[2026-04-28T05:46:16.987+0000] {logging_mixin.py:188} INFO - [2026-04-28T05:46:16.986+0000] {dag.py:3036} INFO - Sync 1 DAGs
[2026-04-28T05:46:17.012+0000] {logging_mixin.py:188} INFO - [2026-04-28T05:46:17.011+0000] {dag.py:3823} INFO - Setting next_dagrun for energy_pipeline to 2026-04-28 00:00:00+00:00, run_after=2026-04-29 00:00:00+00:00
[2026-04-28T05:46:17.043+0000] {processor.py:183} INFO - Processing /opt/airflow/dags/pipeline_dag.py took 0.118 seconds
[2026-04-28T05:46:47.725+0000] {processor.py:161} INFO - Started process (PID=436) to work on /opt/airflow/dags/pipeline_dag.py
[2026-04-28T05:46:47.726+0000] {processor.py:830} INFO - Processing file /opt/airflow/dags/pipeline_dag.py for tasks to queue
[2026-04-28T05:46:47.728+0000] {logging_mixin.py:188} INFO - [2026-04-28T05:46:47.727+0000] {dagbag.py:538} INFO - Filling up the DagBag from /opt/airflow/dags/pipeline_dag.py
[2026-04-28T05:46:47.738+0000] {processor.py:840} INFO - DAG(s) 'energy_pipeline' retrieved from /opt/airflow/dags/pipeline_dag.py
[2026-04-28T05:46:47.764+0000] {logging_mixin.py:188} INFO - [2026-04-28T05:46:47.764+0000] {dag.py:3036} INFO - Sync 1 DAGs
[2026-04-28T05:46:47.783+0000] {logging_mixin.py:188} INFO - [2026-04-28T05:46:47.783+0000] {dag.py:3823} INFO - Setting next_dagrun for energy_pipeline to 2026-04-28 00:00:00+00:00, run_after=2026-04-29 00:00:00+00:00
[2026-04-28T05:46:47.806+0000] {processor.py:183} INFO - Processing /opt/airflow/dags/pipeline_dag.py took 0.085 seconds
[2026-04-28T05:47:18.157+0000] {processor.py:161} INFO - Started process (PID=437) to work on /opt/airflow/dags/pipeline_dag.py
[2026-04-28T05:47:18.158+0000] {processor.py:830} INFO - Processing file /opt/airflow/dags/pipeline_dag.py for tasks to queue
[2026-04-28T05:47:18.159+0000] {logging_mixin.py:188} INFO - [2026-04-28T05:47:18.159+0000] {dagbag.py:538} INFO - Filling up the DagBag from /opt/airflow/dags/pipeline_dag.py
[2026-04-28T05:47:18.169+0000] {processor.py:840} INFO - DAG(s) 'energy_pipeline' retrieved from /opt/airflow/dags/pipeline_dag.py
[2026-04-28T05:47:18.197+0000] {logging_mixin.py:188} INFO - [2026-04-28T05:47:18.196+0000] {dag.py:3036} INFO - Sync 1 DAGs
[2026-04-28T05:47:18.215+0000] {logging_mixin.py:188} INFO - [2026-04-28T05:47:18.215+0000] {dag.py:3823} INFO - Setting next_dagrun for energy_pipeline to 2026-04-28 00:00:00+00:00, run_after=2026-04-29 00:00:00+00:00
[2026-04-28T05:47:18.237+0000] {processor.py:183} INFO - Processing /opt/airflow/dags/pipeline_dag.py took 0.084 seconds
[2026-04-28T05:47:48.341+0000] {processor.py:161} INFO - Started process (PID=438) to work on /opt/airflow/dags/pipeline_dag.py
[2026-04-28T05:47:48.343+0000] {processor.py:830} INFO - Processing file /opt/airflow/dags/pipeline_dag.py for tasks to queue
[2026-04-28T05:47:48.344+0000] {logging_mixin.py:188} INFO - [2026-04-28T05:47:48.343+0000] {dagbag.py:538} INFO - Filling up the DagBag from /opt/airflow/dags/pipeline_dag.py
[2026-04-28T05:47:48.355+0000] {processor.py:840} INFO - DAG(s) 'energy_pipeline' retrieved from /opt/airflow/dags/pipeline_dag.py
[2026-04-28T05:47:48.389+0000] {logging_mixin.py:188} INFO - [2026-04-28T05:47:48.389+0000] {dag.py:3036} INFO - Sync 1 DAGs
[2026-04-28T05:47:48.416+0000] {logging_mixin.py:188} INFO - [2026-04-28T05:47:48.416+0000] {dag.py:3823} INFO - Setting next_dagrun for energy_pipeline to 2026-04-28 00:00:00+00:00, run_after=2026-04-29 00:00:00+00:00
[2026-04-28T05:47:48.448+0000] {processor.py:183} INFO - Processing /opt/airflow/dags/pipeline_dag.py took 0.111 seconds
[2026-04-28T05:48:18.995+0000] {processor.py:161} INFO - Started process (PID=439) to work on /opt/airflow/dags/pipeline_dag.py
[2026-04-28T05:48:18.997+0000] {processor.py:830} INFO - Processing file /opt/airflow/dags/pipeline_dag.py for tasks to queue
[2026-04-28T05:48:18.998+0000] {logging_mixin.py:188} INFO - [2026-04-28T05:48:18.998+0000] {dagbag.py:538} INFO - Filling up the DagBag from /opt/airflow/dags/pipeline_dag.py
[2026-04-28T05:48:19.008+0000] {processor.py:840} INFO - DAG(s) 'energy_pipeline' retrieved from /opt/airflow/dags/pipeline_dag.py
[2026-04-28T05:48:19.038+0000] {logging_mixin.py:188} INFO - [2026-04-28T05:48:19.038+0000] {dag.py:3036} INFO - Sync 1 DAGs
[2026-04-28T05:48:19.056+0000] {logging_mixin.py:188} INFO - [2026-04-28T05:48:19.056+0000] {dag.py:3823} INFO - Setting next_dagrun for energy_pipeline to 2026-04-28 00:00:00+00:00, run_after=2026-04-29 00:00:00+00:00
[2026-04-28T05:48:19.079+0000] {processor.py:183} INFO - Processing /opt/airflow/dags/pipeline_dag.py took 0.088 seconds
[2026-04-28T05:48:49.599+0000] {processor.py:161} INFO - Started process (PID=440) to work on /opt/airflow/dags/pipeline_dag.py
[2026-04-28T05:48:49.600+0000] {processor.py:830} INFO - Processing file /opt/airflow/dags/pipeline_dag.py for tasks to queue
[2026-04-28T05:48:49.602+0000] {logging_mixin.py:188} INFO - [2026-04-28T05:48:49.601+0000] {dagbag.py:538} INFO - Filling up the DagBag from /opt/airflow/dags/pipeline_dag.py
[2026-04-28T05:48:49.614+0000] {processor.py:840} INFO - DAG(s) 'energy_pipeline' retrieved from /opt/airflow/dags/pipeline_dag.py
[2026-04-28T05:48:49.656+0000] {logging_mixin.py:188} INFO - [2026-04-28T05:48:49.656+0000] {dag.py:3036} INFO - Sync 1 DAGs
[2026-04-28T05:48:49.686+0000] {logging_mixin.py:188} INFO - [2026-04-28T05:48:49.685+0000] {dag.py:3823} INFO - Setting next_dagrun for energy_pipeline to 2026-04-28 00:00:00+00:00, run_after=2026-04-29 00:00:00+00:00
[2026-04-28T05:48:49.725+0000] {processor.py:183} INFO - Processing /opt/airflow/dags/pipeline_dag.py took 0.132 seconds
[2026-04-28T05:49:20.018+0000] {processor.py:161} INFO - Started process (PID=441) to work on /opt/airflow/dags/pipeline_dag.py
[2026-04-28T05:49:20.020+0000] {processor.py:830} INFO - Processing file /opt/airflow/dags/pipeline_dag.py for tasks to queue
[2026-04-28T05:49:20.021+0000] {logging_mixin.py:188} INFO - [2026-04-28T05:49:20.021+0000] {dagbag.py:538} INFO - Filling up the DagBag from /opt/airflow/dags/pipeline_dag.py
[2026-04-28T05:49:20.035+0000] {processor.py:840} INFO - DAG(s) 'energy_pipeline' retrieved from /opt/airflow/dags/pipeline_dag.py
[2026-04-28T05:49:20.079+0000] {logging_mixin.py:188} INFO - [2026-04-28T05:49:20.079+0000] {dag.py:3036} INFO - Sync 1 DAGs
[2026-04-28T05:49:20.116+0000] {logging_mixin.py:188} INFO - [2026-04-28T05:49:20.115+0000] {dag.py:3823} INFO - Setting next_dagrun for energy_pipeline to 2026-04-28 00:00:00+00:00, run_after=2026-04-29 00:00:00+00:00
[2026-04-28T05:49:20.158+0000] {processor.py:183} INFO - Processing /opt/airflow/dags/pipeline_dag.py took 0.147 seconds
[2026-04-28T05:49:50.354+0000] {processor.py:161} INFO - Started process (PID=442) to work on /opt/airflow/dags/pipeline_dag.py
[2026-04-28T05:49:50.356+0000] {processor.py:830} INFO - Processing file /opt/airflow/dags/pipeline_dag.py for tasks to queue
[2026-04-28T05:49:50.358+0000] {logging_mixin.py:188} INFO - [2026-04-28T05:49:50.357+0000] {dagbag.py:538} INFO - Filling up the DagBag from /opt/airflow/dags/pipeline_dag.py
[2026-04-28T05:49:50.373+0000] {processor.py:840} INFO - DAG(s) 'energy_pipeline' retrieved from /opt/airflow/dags/pipeline_dag.py
[2026-04-28T05:49:50.426+0000] {logging_mixin.py:188} INFO - [2026-04-28T05:49:50.426+0000] {dag.py:3036} INFO - Sync 1 DAGs
[2026-04-28T05:49:50.477+0000] {logging_mixin.py:188} INFO - [2026-04-28T05:49:50.477+0000] {dag.py:3823} INFO - Setting next_dagrun for energy_pipeline to 2026-04-28 00:00:00+00:00, run_after=2026-04-29 00:00:00+00:00
[2026-04-28T05:49:50.521+0000] {processor.py:183} INFO - Processing /opt/airflow/dags/pipeline_dag.py took 0.173 seconds
[2026-04-28T05:50:35.834+0000] {processor.py:161} INFO - Started process (PID=82) to work on /opt/airflow/dags/pipeline_dag.py
[2026-04-28T05:50:35.842+0000] {processor.py:830} INFO - Processing file /opt/airflow/dags/pipeline_dag.py for tasks to queue
[2026-04-28T05:50:35.846+0000] {logging_mixin.py:188} INFO - [2026-04-28T05:50:35.844+0000] {dagbag.py:538} INFO - Filling up the DagBag from /opt/airflow/dags/pipeline_dag.py
[2026-04-28T05:50:35.907+0000] {processor.py:840} INFO - DAG(s) 'energy_pipeline' retrieved from /opt/airflow/dags/pipeline_dag.py
[2026-04-28T05:50:35.946+0000] {logging_mixin.py:188} INFO - [2026-04-28T05:50:35.945+0000] {dag.py:3036} INFO - Sync 1 DAGs
[2026-04-28T05:50:36.047+0000] {logging_mixin.py:188} INFO - [2026-04-28T05:50:36.046+0000] {dag.py:3823} INFO - Setting next_dagrun for energy_pipeline to 2026-04-28 00:00:00+00:00, run_after=2026-04-29 00:00:00+00:00
[2026-04-28T05:50:36.128+0000] {processor.py:183} INFO - Processing /opt/airflow/dags/pipeline_dag.py took 0.309 seconds
[2026-04-28T05:51:39.965+0000] {processor.py:161} INFO - Started process (PID=82) to work on /opt/airflow/dags/pipeline_dag.py
[2026-04-28T05:51:39.968+0000] {processor.py:830} INFO - Processing file /opt/airflow/dags/pipeline_dag.py for tasks to queue
[2026-04-28T05:51:39.970+0000] {logging_mixin.py:188} INFO - [2026-04-28T05:51:39.969+0000] {dagbag.py:538} INFO - Filling up the DagBag from /opt/airflow/dags/pipeline_dag.py
[2026-04-28T05:51:40.283+0000] {processor.py:840} INFO - DAG(s) 'energy_pipeline' retrieved from /opt/airflow/dags/pipeline_dag.py
[2026-04-28T05:51:40.298+0000] {logging_mixin.py:188} INFO - [2026-04-28T05:51:40.298+0000] {dag.py:3036} INFO - Sync 1 DAGs
[2026-04-28T05:51:40.343+0000] {logging_mixin.py:188} INFO - [2026-04-28T05:51:40.342+0000] {dag.py:3823} INFO - Setting next_dagrun for energy_pipeline to 2026-04-28 00:00:00+00:00, run_after=2026-04-29 00:00:00+00:00
[2026-04-28T05:51:40.396+0000] {processor.py:183} INFO - Processing /opt/airflow/dags/pipeline_dag.py took 0.437 seconds
[2026-04-28T05:52:10.670+0000] {processor.py:161} INFO - Started process (PID=102) to work on /opt/airflow/dags/pipeline_dag.py
[2026-04-28T05:52:10.673+0000] {processor.py:830} INFO - Processing file /opt/airflow/dags/pipeline_dag.py for tasks to queue
[2026-04-28T05:52:10.676+0000] {logging_mixin.py:188} INFO - [2026-04-28T05:52:10.674+0000] {dagbag.py:538} INFO - Filling up the DagBag from /opt/airflow/dags/pipeline_dag.py
[2026-04-28T05:52:10.719+0000] {processor.py:840} INFO - DAG(s) 'energy_pipeline' retrieved from /opt/airflow/dags/pipeline_dag.py
[2026-04-28T05:52:11.061+0000] {logging_mixin.py:188} INFO - [2026-04-28T05:52:11.061+0000] {dag.py:3036} INFO - Sync 1 DAGs
[2026-04-28T05:52:11.108+0000] {logging_mixin.py:188} INFO - [2026-04-28T05:52:11.108+0000] {dag.py:3823} INFO - Setting next_dagrun for energy_pipeline to 2026-04-28 00:00:00+00:00, run_after=2026-04-29 00:00:00+00:00
[2026-04-28T05:52:11.163+0000] {processor.py:183} INFO - Processing /opt/airflow/dags/pipeline_dag.py took 0.508 seconds
[2026-04-28T05:52:41.732+0000] {processor.py:161} INFO - Started process (PID=107) to work on /opt/airflow/dags/pipeline_dag.py
[2026-04-28T05:52:41.736+0000] {processor.py:830} INFO - Processing file /opt/airflow/dags/pipeline_dag.py for tasks to queue
[2026-04-28T05:52:41.738+0000] {logging_mixin.py:188} INFO - [2026-04-28T05:52:41.737+0000] {dagbag.py:538} INFO - Filling up the DagBag from /opt/airflow/dags/pipeline_dag.py
[2026-04-28T05:52:41.761+0000] {processor.py:840} INFO - DAG(s) 'energy_pipeline' retrieved from /opt/airflow/dags/pipeline_dag.py
[2026-04-28T05:52:41.806+0000] {logging_mixin.py:188} INFO - [2026-04-28T05:52:41.806+0000] {dag.py:3036} INFO - Sync 1 DAGs
[2026-04-28T05:52:41.846+0000] {logging_mixin.py:188} INFO - [2026-04-28T05:52:41.845+0000] {dag.py:3823} INFO - Setting next_dagrun for energy_pipeline to 2026-04-28 00:00:00+00:00, run_after=2026-04-29 00:00:00+00:00
[2026-04-28T05:52:41.889+0000] {processor.py:183} INFO - Processing /opt/airflow/dags/pipeline_dag.py took 0.179 seconds
[2026-04-28T05:53:12.427+0000] {processor.py:161} INFO - Started process (PID=108) to work on /opt/airflow/dags/pipeline_dag.py
[2026-04-28T05:53:12.428+0000] {processor.py:830} INFO - Processing file /opt/airflow/dags/pipeline_dag.py for tasks to queue
[2026-04-28T05:53:12.430+0000] {logging_mixin.py:188} INFO - [2026-04-28T05:53:12.429+0000] {dagbag.py:538} INFO - Filling up the DagBag from /opt/airflow/dags/pipeline_dag.py
[2026-04-28T05:53:12.463+0000] {processor.py:840} INFO - DAG(s) 'energy_pipeline' retrieved from /opt/airflow/dags/pipeline_dag.py
[2026-04-28T05:53:12.512+0000] {logging_mixin.py:188} INFO - [2026-04-28T05:53:12.512+0000] {dag.py:3036} INFO - Sync 1 DAGs
[2026-04-28T05:53:12.546+0000] {logging_mixin.py:188} INFO - [2026-04-28T05:53:12.545+0000] {dag.py:3823} INFO - Setting next_dagrun for energy_pipeline to 2026-04-28 00:00:00+00:00, run_after=2026-04-29 00:00:00+00:00
[2026-04-28T05:53:12.580+0000] {processor.py:183} INFO - Processing /opt/airflow/dags/pipeline_dag.py took 0.160 seconds
[2026-04-28T05:53:42.977+0000] {processor.py:161} INFO - Started process (PID=109) to work on /opt/airflow/dags/pipeline_dag.py
[2026-04-28T05:53:42.979+0000] {processor.py:830} INFO - Processing file /opt/airflow/dags/pipeline_dag.py for tasks to queue
[2026-04-28T05:53:42.981+0000] {logging_mixin.py:188} INFO - [2026-04-28T05:53:42.980+0000] {dagbag.py:538} INFO - Filling up the DagBag from /opt/airflow/dags/pipeline_dag.py
[2026-04-28T05:53:42.998+0000] {processor.py:840} INFO - DAG(s) 'energy_pipeline' retrieved from /opt/airflow/dags/pipeline_dag.py
[2026-04-28T05:53:43.025+0000] {logging_mixin.py:188} INFO - [2026-04-28T05:53:43.025+0000] {dag.py:3036} INFO - Sync 1 DAGs
[2026-04-28T05:53:43.048+0000] {logging_mixin.py:188} INFO - [2026-04-28T05:53:43.048+0000] {dag.py:3823} INFO - Setting next_dagrun for energy_pipeline to 2026-04-28 00:00:00+00:00, run_after=2026-04-29 00:00:00+00:00
[2026-04-28T05:53:43.081+0000] {processor.py:183} INFO - Processing /opt/airflow/dags/pipeline_dag.py took 0.110 seconds
[2026-04-28T05:54:13.520+0000] {processor.py:161} INFO - Started process (PID=110) to work on /opt/airflow/dags/pipeline_dag.py
[2026-04-28T05:54:13.521+0000] {processor.py:830} INFO - Processing file /opt/airflow/dags/pipeline_dag.py for tasks to queue
[2026-04-28T05:54:13.522+0000] {logging_mixin.py:188} INFO - [2026-04-28T05:54:13.522+0000] {dagbag.py:538} INFO - Filling up the DagBag from /opt/airflow/dags/pipeline_dag.py
[2026-04-28T05:54:13.537+0000] {processor.py:840} INFO - DAG(s) 'energy_pipeline' retrieved from /opt/airflow/dags/pipeline_dag.py
[2026-04-28T05:54:13.563+0000] {logging_mixin.py:188} INFO - [2026-04-28T05:54:13.563+0000] {dag.py:3036} INFO - Sync 1 DAGs
[2026-04-28T05:54:13.584+0000] {logging_mixin.py:188} INFO - [2026-04-28T05:54:13.584+0000] {dag.py:3823} INFO - Setting next_dagrun for energy_pipeline to 2026-04-28 00:00:00+00:00, run_after=2026-04-29 00:00:00+00:00
[2026-04-28T05:54:13.609+0000] {processor.py:183} INFO - Processing /opt/airflow/dags/pipeline_dag.py took 0.093 seconds
[2026-04-28T05:54:43.966+0000] {processor.py:161} INFO - Started process (PID=111) to work on /opt/airflow/dags/pipeline_dag.py
[2026-04-28T05:54:43.967+0000] {processor.py:830} INFO - Processing file /opt/airflow/dags/pipeline_dag.py for tasks to queue
[2026-04-28T05:54:43.969+0000] {logging_mixin.py:188} INFO - [2026-04-28T05:54:43.968+0000] {dagbag.py:538} INFO - Filling up the DagBag from /opt/airflow/dags/pipeline_dag.py
[2026-04-28T05:54:43.987+0000] {processor.py:840} INFO - DAG(s) 'energy_pipeline' retrieved from /opt/airflow/dags/pipeline_dag.py
[2026-04-28T05:54:44.024+0000] {logging_mixin.py:188} INFO - [2026-04-28T05:54:44.024+0000] {dag.py:3036} INFO - Sync 1 DAGs
[2026-04-28T05:54:44.058+0000] {logging_mixin.py:188} INFO - [2026-04-28T05:54:44.058+0000] {dag.py:3823} INFO - Setting next_dagrun for energy_pipeline to 2026-04-28 00:00:00+00:00, run_after=2026-04-29 00:00:00+00:00
[2026-04-28T05:54:44.089+0000] {processor.py:183} INFO - Processing /opt/airflow/dags/pipeline_dag.py took 0.127 seconds
[2026-04-28T05:55:14.503+0000] {processor.py:161} INFO - Started process (PID=112) to work on /opt/airflow/dags/pipeline_dag.py
[2026-04-28T05:55:14.505+0000] {processor.py:830} INFO - Processing file /opt/airflow/dags/pipeline_dag.py for tasks to queue
[2026-04-28T05:55:14.506+0000] {logging_mixin.py:188} INFO - [2026-04-28T05:55:14.505+0000] {dagbag.py:538} INFO - Filling up the DagBag from /opt/airflow/dags/pipeline_dag.py
[2026-04-28T05:55:14.523+0000] {processor.py:840} INFO - DAG(s) 'energy_pipeline' retrieved from /opt/airflow/dags/pipeline_dag.py
[2026-04-28T05:55:14.550+0000] {logging_mixin.py:188} INFO - [2026-04-28T05:55:14.550+0000] {dag.py:3036} INFO - Sync 1 DAGs
[2026-04-28T05:55:14.573+0000] {logging_mixin.py:188} INFO - [2026-04-28T05:55:14.573+0000] {dag.py:3823} INFO - Setting next_dagrun for energy_pipeline to 2026-04-28 00:00:00+00:00, run_after=2026-04-29 00:00:00+00:00
[2026-04-28T05:55:14.599+0000] {processor.py:183} INFO - Processing /opt/airflow/dags/pipeline_dag.py took 0.099 seconds
[2026-04-28T05:55:44.728+0000] {processor.py:161} INFO - Started process (PID=119) to work on /opt/airflow/dags/pipeline_dag.py
[2026-04-28T05:55:44.730+0000] {processor.py:830} INFO - Processing file /opt/airflow/dags/pipeline_dag.py for tasks to queue
[2026-04-28T05:55:44.732+0000] {logging_mixin.py:188} INFO - [2026-04-28T05:55:44.731+0000] {dagbag.py:538} INFO - Filling up the DagBag from /opt/airflow/dags/pipeline_dag.py
[2026-04-28T05:55:44.749+0000] {processor.py:840} INFO - DAG(s) 'energy_pipeline' retrieved from /opt/airflow/dags/pipeline_dag.py
[2026-04-28T05:55:44.793+0000] {logging_mixin.py:188} INFO - [2026-04-28T05:55:44.793+0000] {dag.py:3036} INFO - Sync 1 DAGs
[2026-04-28T05:55:44.821+0000] {logging_mixin.py:188} INFO - [2026-04-28T05:55:44.821+0000] {dag.py:3823} INFO - Setting next_dagrun for energy_pipeline to 2026-04-28 00:00:00+00:00, run_after=2026-04-29 00:00:00+00:00
[2026-04-28T05:55:44.853+0000] {processor.py:183} INFO - Processing /opt/airflow/dags/pipeline_dag.py took 0.129 seconds
[2026-04-28T05:56:22.038+0000] {processor.py:161} INFO - Started process (PID=178) to work on /opt/airflow/dags/pipeline_dag.py
[2026-04-28T05:56:22.039+0000] {processor.py:830} INFO - Processing file /opt/airflow/dags/pipeline_dag.py for tasks to queue
[2026-04-28T05:56:22.041+0000] {logging_mixin.py:188} INFO - [2026-04-28T05:56:22.040+0000] {dagbag.py:538} INFO - Filling up the DagBag from /opt/airflow/dags/pipeline_dag.py
[2026-04-28T05:56:22.059+0000] {processor.py:840} INFO - DAG(s) 'energy_pipeline' retrieved from /opt/airflow/dags/pipeline_dag.py
[2026-04-28T05:56:22.089+0000] {logging_mixin.py:188} INFO - [2026-04-28T05:56:22.089+0000] {dag.py:3036} INFO - Sync 1 DAGs
[2026-04-28T05:56:22.114+0000] {logging_mixin.py:188} INFO - [2026-04-28T05:56:22.113+0000] {dag.py:3823} INFO - Setting next_dagrun for energy_pipeline to 2026-04-28 00:00:00+00:00, run_after=2026-04-29 00:00:00+00:00
[2026-04-28T05:56:22.142+0000] {processor.py:183} INFO - Processing /opt/airflow/dags/pipeline_dag.py took 0.109 seconds
[2026-04-28T05:57:05.807+0000] {processor.py:161} INFO - Started process (PID=215) to work on /opt/airflow/dags/pipeline_dag.py
[2026-04-28T05:57:05.808+0000] {processor.py:830} INFO - Processing file /opt/airflow/dags/pipeline_dag.py for tasks to queue
[2026-04-28T05:57:05.810+0000] {logging_mixin.py:188} INFO - [2026-04-28T05:57:05.809+0000] {dagbag.py:538} INFO - Filling up the DagBag from /opt/airflow/dags/pipeline_dag.py
[2026-04-28T05:57:05.829+0000] {processor.py:840} INFO - DAG(s) 'energy_pipeline' retrieved from /opt/airflow/dags/pipeline_dag.py
[2026-04-28T05:57:05.865+0000] {logging_mixin.py:188} INFO - [2026-04-28T05:57:05.864+0000] {dag.py:3036} INFO - Sync 1 DAGs
[2026-04-28T05:57:05.893+0000] {logging_mixin.py:188} INFO - [2026-04-28T05:57:05.893+0000] {dag.py:3823} INFO - Setting next_dagrun for energy_pipeline to 2026-04-28 00:00:00+00:00, run_after=2026-04-29 00:00:00+00:00
[2026-04-28T05:57:05.927+0000] {processor.py:183} INFO - Processing /opt/airflow/dags/pipeline_dag.py took 0.125 seconds
[2026-04-28T05:57:36.578+0000] {processor.py:161} INFO - Started process (PID=472) to work on /opt/airflow/dags/pipeline_dag.py
[2026-04-28T05:57:36.580+0000] {processor.py:830} INFO - Processing file /opt/airflow/dags/pipeline_dag.py for tasks to queue
[2026-04-28T05:57:36.581+0000] {logging_mixin.py:188} INFO - [2026-04-28T05:57:36.581+0000] {dagbag.py:538} INFO - Filling up the DagBag from /opt/airflow/dags/pipeline_dag.py
[2026-04-28T05:57:36.599+0000] {processor.py:840} INFO - DAG(s) 'energy_pipeline' retrieved from /opt/airflow/dags/pipeline_dag.py
[2026-04-28T05:57:36.630+0000] {logging_mixin.py:188} INFO - [2026-04-28T05:57:36.630+0000] {dag.py:3036} INFO - Sync 1 DAGs
[2026-04-28T05:57:36.656+0000] {logging_mixin.py:188} INFO - [2026-04-28T05:57:36.656+0000] {dag.py:3823} INFO - Setting next_dagrun for energy_pipeline to 2026-04-28 00:00:00+00:00, run_after=2026-04-29 00:00:00+00:00
[2026-04-28T05:57:36.686+0000] {processor.py:183} INFO - Processing /opt/airflow/dags/pipeline_dag.py took 0.111 seconds
[2026-04-28T05:58:06.891+0000] {processor.py:161} INFO - Started process (PID=473) to work on /opt/airflow/dags/pipeline_dag.py
[2026-04-28T05:58:06.892+0000] {processor.py:830} INFO - Processing file /opt/airflow/dags/pipeline_dag.py for tasks to queue
[2026-04-28T05:58:06.894+0000] {logging_mixin.py:188} INFO - [2026-04-28T05:58:06.893+0000] {dagbag.py:538} INFO - Filling up the DagBag from /opt/airflow/dags/pipeline_dag.py
[2026-04-28T05:58:06.910+0000] {processor.py:840} INFO - DAG(s) 'energy_pipeline' retrieved from /opt/airflow/dags/pipeline_dag.py
[2026-04-28T05:58:06.938+0000] {logging_mixin.py:188} INFO - [2026-04-28T05:58:06.937+0000] {dag.py:3036} INFO - Sync 1 DAGs
[2026-04-28T05:58:06.962+0000] {logging_mixin.py:188} INFO - [2026-04-28T05:58:06.962+0000] {dag.py:3823} INFO - Setting next_dagrun for energy_pipeline to 2026-04-28 00:00:00+00:00, run_after=2026-04-29 00:00:00+00:00
[2026-04-28T05:58:06.994+0000] {processor.py:183} INFO - Processing /opt/airflow/dags/pipeline_dag.py took 0.107 seconds
[2026-04-28T05:58:37.222+0000] {processor.py:161} INFO - Started process (PID=474) to work on /opt/airflow/dags/pipeline_dag.py
[2026-04-28T05:58:37.224+0000] {processor.py:830} INFO - Processing file /opt/airflow/dags/pipeline_dag.py for tasks to queue
[2026-04-28T05:58:37.225+0000] {logging_mixin.py:188} INFO - [2026-04-28T05:58:37.225+0000] {dagbag.py:538} INFO - Filling up the DagBag from /opt/airflow/dags/pipeline_dag.py
[2026-04-28T05:58:37.244+0000] {processor.py:840} INFO - DAG(s) 'energy_pipeline' retrieved from /opt/airflow/dags/pipeline_dag.py
[2026-04-28T05:58:37.278+0000] {logging_mixin.py:188} INFO - [2026-04-28T05:58:37.277+0000] {dag.py:3036} INFO - Sync 1 DAGs
[2026-04-28T05:58:37.308+0000] {logging_mixin.py:188} INFO - [2026-04-28T05:58:37.307+0000] {dag.py:3823} INFO - Setting next_dagrun for energy_pipeline to 2026-04-28 00:00:00+00:00, run_after=2026-04-29 00:00:00+00:00
[2026-04-28T05:58:37.338+0000] {processor.py:183} INFO - Processing /opt/airflow/dags/pipeline_dag.py took 0.120 seconds
[2026-04-28T05:59:07.567+0000] {processor.py:161} INFO - Started process (PID=475) to work on /opt/airflow/dags/pipeline_dag.py
[2026-04-28T05:59:07.569+0000] {processor.py:830} INFO - Processing file /opt/airflow/dags/pipeline_dag.py for tasks to queue
[2026-04-28T05:59:07.570+0000] {logging_mixin.py:188} INFO - [2026-04-28T05:59:07.569+0000] {dagbag.py:538} INFO - Filling up the DagBag from /opt/airflow/dags/pipeline_dag.py
[2026-04-28T05:59:07.593+0000] {processor.py:840} INFO - DAG(s) 'energy_pipeline' retrieved from /opt/airflow/dags/pipeline_dag.py
[2026-04-28T05:59:07.624+0000] {logging_mixin.py:188} INFO - [2026-04-28T05:59:07.624+0000] {dag.py:3036} INFO - Sync 1 DAGs
[2026-04-28T05:59:07.646+0000] {logging_mixin.py:188} INFO - [2026-04-28T05:59:07.646+0000] {dag.py:3823} INFO - Setting next_dagrun for energy_pipeline to 2026-04-28 00:00:00+00:00, run_after=2026-04-29 00:00:00+00:00
[2026-04-28T05:59:07.672+0000] {processor.py:183} INFO - Processing /opt/airflow/dags/pipeline_dag.py took 0.109 seconds
[2026-04-28T05:59:37.919+0000] {processor.py:161} INFO - Started process (PID=476) to work on /opt/airflow/dags/pipeline_dag.py
[2026-04-28T05:59:37.920+0000] {processor.py:830} INFO - Processing file /opt/airflow/dags/pipeline_dag.py for tasks to queue
[2026-04-28T05:59:37.921+0000] {logging_mixin.py:188} INFO - [2026-04-28T05:59:37.921+0000] {dagbag.py:538} INFO - Filling up the DagBag from /opt/airflow/dags/pipeline_dag.py
[2026-04-28T05:59:37.937+0000] {processor.py:840} INFO - DAG(s) 'energy_pipeline' retrieved from /opt/airflow/dags/pipeline_dag.py
[2026-04-28T05:59:37.964+0000] {logging_mixin.py:188} INFO - [2026-04-28T05:59:37.964+0000] {dag.py:3036} INFO - Sync 1 DAGs
[2026-04-28T05:59:37.990+0000] {logging_mixin.py:188} INFO - [2026-04-28T05:59:37.990+0000] {dag.py:3823} INFO - Setting next_dagrun for energy_pipeline to 2026-04-28 00:00:00+00:00, run_after=2026-04-29 00:00:00+00:00
[2026-04-28T05:59:38.015+0000] {processor.py:183} INFO - Processing /opt/airflow/dags/pipeline_dag.py took 0.099 seconds
[2026-04-28T06:00:08.221+0000] {processor.py:161} INFO - Started process (PID=477) to work on /opt/airflow/dags/pipeline_dag.py
[2026-04-28T06:00:08.222+0000] {processor.py:830} INFO - Processing file /opt/airflow/dags/pipeline_dag.py for tasks to queue
[2026-04-28T06:00:08.223+0000] {logging_mixin.py:188} INFO - [2026-04-28T06:00:08.223+0000] {dagbag.py:538} INFO - Filling up the DagBag from /opt/airflow/dags/pipeline_dag.py
[2026-04-28T06:00:08.237+0000] {processor.py:840} INFO - DAG(s) 'energy_pipeline' retrieved from /opt/airflow/dags/pipeline_dag.py
[2026-04-28T06:00:08.265+0000] {logging_mixin.py:188} INFO - [2026-04-28T06:00:08.264+0000] {dag.py:3036} INFO - Sync 1 DAGs
[2026-04-28T06:00:08.286+0000] {logging_mixin.py:188} INFO - [2026-04-28T06:00:08.285+0000] {dag.py:3823} INFO - Setting next_dagrun for energy_pipeline to 2026-04-28 00:00:00+00:00, run_after=2026-04-29 00:00:00+00:00
[2026-04-28T06:00:08.310+0000] {processor.py:183} INFO - Processing /opt/airflow/dags/pipeline_dag.py took 0.092 seconds
[2026-04-28T06:00:38.690+0000] {processor.py:161} INFO - Started process (PID=478) to work on /opt/airflow/dags/pipeline_dag.py
[2026-04-28T06:00:38.691+0000] {processor.py:830} INFO - Processing file /opt/airflow/dags/pipeline_dag.py for tasks to queue
[2026-04-28T06:00:38.693+0000] {logging_mixin.py:188} INFO - [2026-04-28T06:00:38.692+0000] {dagbag.py:538} INFO - Filling up the DagBag from /opt/airflow/dags/pipeline_dag.py
[2026-04-28T06:00:38.728+0000] {processor.py:840} INFO - DAG(s) 'energy_pipeline' retrieved from /opt/airflow/dags/pipeline_dag.py
[2026-04-28T06:00:38.772+0000] {logging_mixin.py:188} INFO - [2026-04-28T06:00:38.772+0000] {dag.py:3036} INFO - Sync 1 DAGs
[2026-04-28T06:00:38.803+0000] {logging_mixin.py:188} INFO - [2026-04-28T06:00:38.802+0000] {dag.py:3823} INFO - Setting next_dagrun for energy_pipeline to 2026-04-28 00:00:00+00:00, run_after=2026-04-29 00:00:00+00:00
[2026-04-28T06:00:38.832+0000] {processor.py:183} INFO - Processing /opt/airflow/dags/pipeline_dag.py took 0.146 seconds
[2026-04-28T06:01:09.107+0000] {processor.py:161} INFO - Started process (PID=479) to work on /opt/airflow/dags/pipeline_dag.py
[2026-04-28T06:01:09.109+0000] {processor.py:830} INFO - Processing file /opt/airflow/dags/pipeline_dag.py for tasks to queue
[2026-04-28T06:01:09.110+0000] {logging_mixin.py:188} INFO - [2026-04-28T06:01:09.109+0000] {dagbag.py:538} INFO - Filling up the DagBag from /opt/airflow/dags/pipeline_dag.py
[2026-04-28T06:01:09.129+0000] {processor.py:840} INFO - DAG(s) 'energy_pipeline' retrieved from /opt/airflow/dags/pipeline_dag.py
[2026-04-28T06:01:09.161+0000] {logging_mixin.py:188} INFO - [2026-04-28T06:01:09.161+0000] {dag.py:3036} INFO - Sync 1 DAGs
[2026-04-28T06:01:09.184+0000] {logging_mixin.py:188} INFO - [2026-04-28T06:01:09.184+0000] {dag.py:3823} INFO - Setting next_dagrun for energy_pipeline to 2026-04-28 00:00:00+00:00, run_after=2026-04-29 00:00:00+00:00
[2026-04-28T06:01:09.209+0000] {processor.py:183} INFO - Processing /opt/airflow/dags/pipeline_dag.py took 0.108 seconds
[2026-04-28T06:01:39.495+0000] {processor.py:161} INFO - Started process (PID=492) to work on /opt/airflow/dags/pipeline_dag.py
[2026-04-28T06:01:39.500+0000] {processor.py:830} INFO - Processing file /opt/airflow/dags/pipeline_dag.py for tasks to queue
[2026-04-28T06:01:39.502+0000] {logging_mixin.py:188} INFO - [2026-04-28T06:01:39.501+0000] {dagbag.py:538} INFO - Filling up the DagBag from /opt/airflow/dags/pipeline_dag.py
[2026-04-28T06:01:39.523+0000] {processor.py:840} INFO - DAG(s) 'energy_pipeline' retrieved from /opt/airflow/dags/pipeline_dag.py
[2026-04-28T06:01:39.561+0000] {logging_mixin.py:188} INFO - [2026-04-28T06:01:39.560+0000] {dag.py:3036} INFO - Sync 1 DAGs
[2026-04-28T06:01:39.600+0000] {logging_mixin.py:188} INFO - [2026-04-28T06:01:39.600+0000] {dag.py:3823} INFO - Setting next_dagrun for energy_pipeline to 2026-04-28 00:00:00+00:00, run_after=2026-04-29 00:00:00+00:00
[2026-04-28T06:01:39.632+0000] {processor.py:183} INFO - Processing /opt/airflow/dags/pipeline_dag.py took 0.152 seconds
[2026-04-28T06:02:05.745+0000] {processor.py:161} INFO - Started process (PID=82) to work on /opt/airflow/dags/pipeline_dag.py
[2026-04-28T06:02:05.746+0000] {processor.py:830} INFO - Processing file /opt/airflow/dags/pipeline_dag.py for tasks to queue
[2026-04-28T06:02:05.748+0000] {logging_mixin.py:188} INFO - [2026-04-28T06:02:05.747+0000] {dagbag.py:538} INFO - Filling up the DagBag from /opt/airflow/dags/pipeline_dag.py
[2026-04-28T06:02:05.951+0000] {processor.py:840} INFO - DAG(s) 'energy_pipeline' retrieved from /opt/airflow/dags/pipeline_dag.py
[2026-04-28T06:02:05.960+0000] {logging_mixin.py:188} INFO - [2026-04-28T06:02:05.960+0000] {dag.py:3036} INFO - Sync 1 DAGs
[2026-04-28T06:02:05.982+0000] {logging_mixin.py:188} INFO - [2026-04-28T06:02:05.981+0000] {dag.py:3823} INFO - Setting next_dagrun for energy_pipeline to 2026-04-28 00:00:00+00:00, run_after=2026-04-29 00:00:00+00:00
[2026-04-28T06:02:06.010+0000] {processor.py:183} INFO - Processing /opt/airflow/dags/pipeline_dag.py took 0.270 seconds
[2026-04-28T06:02:37.244+0000] {processor.py:161} INFO - Started process (PID=106) to work on /opt/airflow/dags/pipeline_dag.py
[2026-04-28T06:02:37.255+0000] {processor.py:830} INFO - Processing file /opt/airflow/dags/pipeline_dag.py for tasks to queue
[2026-04-28T06:02:37.266+0000] {logging_mixin.py:188} INFO - [2026-04-28T06:02:37.263+0000] {dagbag.py:538} INFO - Filling up the DagBag from /opt/airflow/dags/pipeline_dag.py
[2026-04-28T06:02:37.373+0000] {processor.py:840} INFO - DAG(s) 'energy_pipeline' retrieved from /opt/airflow/dags/pipeline_dag.py
[2026-04-28T06:02:38.391+0000] {logging_mixin.py:188} INFO - [2026-04-28T06:02:38.389+0000] {dag.py:3036} INFO - Sync 1 DAGs
[2026-04-28T06:02:38.858+0000] {logging_mixin.py:188} INFO - [2026-04-28T06:02:38.830+0000] {dag.py:3823} INFO - Setting next_dagrun for energy_pipeline to 2026-04-28 00:00:00+00:00, run_after=2026-04-29 00:00:00+00:00
[2026-04-28T06:02:39.226+0000] {processor.py:183} INFO - Processing /opt/airflow/dags/pipeline_dag.py took 2.131 seconds
[2026-04-28T06:03:09.524+0000] {processor.py:161} INFO - Started process (PID=107) to work on /opt/airflow/dags/pipeline_dag.py
[2026-04-28T06:03:09.526+0000] {processor.py:830} INFO - Processing file /opt/airflow/dags/pipeline_dag.py for tasks to queue
[2026-04-28T06:03:09.528+0000] {logging_mixin.py:188} INFO - [2026-04-28T06:03:09.527+0000] {dagbag.py:538} INFO - Filling up the DagBag from /opt/airflow/dags/pipeline_dag.py
[2026-04-28T06:03:09.549+0000] {processor.py:840} INFO - DAG(s) 'energy_pipeline' retrieved from /opt/airflow/dags/pipeline_dag.py
[2026-04-28T06:03:09.588+0000] {logging_mixin.py:188} INFO - [2026-04-28T06:03:09.587+0000] {dag.py:3036} INFO - Sync 1 DAGs
[2026-04-28T06:03:09.620+0000] {logging_mixin.py:188} INFO - [2026-04-28T06:03:09.620+0000] {dag.py:3823} INFO - Setting next_dagrun for energy_pipeline to 2026-04-28 00:00:00+00:00, run_after=2026-04-29 00:00:00+00:00
[2026-04-28T06:03:09.654+0000] {processor.py:183} INFO - Processing /opt/airflow/dags/pipeline_dag.py took 0.135 seconds
[2026-04-28T06:03:40.808+0000] {processor.py:161} INFO - Started process (PID=115) to work on /opt/airflow/dags/pipeline_dag.py
[2026-04-28T06:03:40.812+0000] {processor.py:830} INFO - Processing file /opt/airflow/dags/pipeline_dag.py for tasks to queue
[2026-04-28T06:03:40.817+0000] {logging_mixin.py:188} INFO - [2026-04-28T06:03:40.814+0000] {dagbag.py:538} INFO - Filling up the DagBag from /opt/airflow/dags/pipeline_dag.py
[2026-04-28T06:03:40.881+0000] {processor.py:840} INFO - DAG(s) 'energy_pipeline' retrieved from /opt/airflow/dags/pipeline_dag.py
[2026-04-28T06:03:41.175+0000] {logging_mixin.py:188} INFO - [2026-04-28T06:03:41.174+0000] {override.py:1769} INFO - Created Permission View: can delete on DAG:energy_pipeline
[2026-04-28T06:03:41.205+0000] {logging_mixin.py:188} INFO - [2026-04-28T06:03:41.204+0000] {override.py:1769} INFO - Created Permission View: can edit on DAG:energy_pipeline
[2026-04-28T06:03:41.232+0000] {logging_mixin.py:188} INFO - [2026-04-28T06:03:41.232+0000] {override.py:1769} INFO - Created Permission View: can read on DAG:energy_pipeline
[2026-04-28T06:03:41.234+0000] {logging_mixin.py:188} INFO - [2026-04-28T06:03:41.233+0000] {dag.py:3036} INFO - Sync 1 DAGs
[2026-04-28T06:03:41.263+0000] {logging_mixin.py:188} INFO - [2026-04-28T06:03:41.262+0000] {dag.py:3058} INFO - Creating ORM DAG for energy_pipeline
[2026-04-28T06:03:41.280+0000] {logging_mixin.py:188} INFO - [2026-04-28T06:03:41.280+0000] {dag.py:3823} INFO - Setting next_dagrun for energy_pipeline to 2026-04-27 00:00:00+00:00, run_after=2026-04-28 00:00:00+00:00
[2026-04-28T06:03:41.327+0000] {processor.py:183} INFO - Processing /opt/airflow/dags/pipeline_dag.py took 0.563 seconds
[2026-04-28T06:04:19.073+0000] {processor.py:161} INFO - Started process (PID=157) to work on /opt/airflow/dags/pipeline_dag.py
[2026-04-28T06:04:19.077+0000] {processor.py:830} INFO - Processing file /opt/airflow/dags/pipeline_dag.py for tasks to queue
[2026-04-28T06:04:19.079+0000] {logging_mixin.py:188} INFO - [2026-04-28T06:04:19.078+0000] {dagbag.py:538} INFO - Filling up the DagBag from /opt/airflow/dags/pipeline_dag.py
[2026-04-28T06:04:19.125+0000] {processor.py:840} INFO - DAG(s) 'energy_pipeline' retrieved from /opt/airflow/dags/pipeline_dag.py
[2026-04-28T06:04:19.207+0000] {logging_mixin.py:188} INFO - [2026-04-28T06:04:19.206+0000] {dag.py:3036} INFO - Sync 1 DAGs
[2026-04-28T06:04:19.263+0000] {logging_mixin.py:188} INFO - [2026-04-28T06:04:19.262+0000] {dag.py:3823} INFO - Setting next_dagrun for energy_pipeline to 2026-04-28 00:00:00+00:00, run_after=2026-04-29 00:00:00+00:00
[2026-04-28T06:04:19.316+0000] {processor.py:183} INFO - Processing /opt/airflow/dags/pipeline_dag.py took 0.253 seconds
[2026-04-28T08:56:37.552+0000] {processor.py:161} INFO - Started process (PID=82) to work on /opt/airflow/dags/pipeline_dag.py
[2026-04-28T08:56:37.554+0000] {processor.py:830} INFO - Processing file /opt/airflow/dags/pipeline_dag.py for tasks to queue
[2026-04-28T08:56:37.556+0000] {logging_mixin.py:188} INFO - [2026-04-28T08:56:37.555+0000] {dagbag.py:538} INFO - Filling up the DagBag from /opt/airflow/dags/pipeline_dag.py
[2026-04-28T08:56:37.814+0000] {processor.py:840} INFO - DAG(s) 'energy_pipeline' retrieved from /opt/airflow/dags/pipeline_dag.py
[2026-04-28T08:56:37.828+0000] {logging_mixin.py:188} INFO - [2026-04-28T08:56:37.828+0000] {dag.py:3036} INFO - Sync 1 DAGs
[2026-04-28T08:56:37.850+0000] {logging_mixin.py:188} INFO - [2026-04-28T08:56:37.850+0000] {dag.py:3823} INFO - Setting next_dagrun for energy_pipeline to 2026-04-28 00:00:00+00:00, run_after=2026-04-29 00:00:00+00:00
[2026-04-28T08:56:37.880+0000] {processor.py:183} INFO - Processing /opt/airflow/dags/pipeline_dag.py took 0.337 seconds
[2026-04-28T08:57:08.878+0000] {processor.py:161} INFO - Started process (PID=141) to work on /opt/airflow/dags/pipeline_dag.py
[2026-04-28T08:57:08.879+0000] {processor.py:830} INFO - Processing file /opt/airflow/dags/pipeline_dag.py for tasks to queue
[2026-04-28T08:57:08.880+0000] {logging_mixin.py:188} INFO - [2026-04-28T08:57:08.880+0000] {dagbag.py:538} INFO - Filling up the DagBag from /opt/airflow/dags/pipeline_dag.py
[2026-04-28T08:57:08.895+0000] {processor.py:840} INFO - DAG(s) 'energy_pipeline' retrieved from /opt/airflow/dags/pipeline_dag.py
[2026-04-28T08:57:08.994+0000] {logging_mixin.py:188} INFO - [2026-04-28T08:57:08.994+0000] {dag.py:3036} INFO - Sync 1 DAGs
[2026-04-28T08:57:09.012+0000] {logging_mixin.py:188} INFO - [2026-04-28T08:57:09.012+0000] {dag.py:3823} INFO - Setting next_dagrun for energy_pipeline to 2026-04-28 00:00:00+00:00, run_after=2026-04-29 00:00:00+00:00
[2026-04-28T08:57:09.037+0000] {processor.py:183} INFO - Processing /opt/airflow/dags/pipeline_dag.py took 0.164 seconds
[2026-04-28T08:57:39.302+0000] {processor.py:161} INFO - Started process (PID=398) to work on /opt/airflow/dags/pipeline_dag.py
[2026-04-28T08:57:39.304+0000] {processor.py:830} INFO - Processing file /opt/airflow/dags/pipeline_dag.py for tasks to queue
[2026-04-28T08:57:39.306+0000] {logging_mixin.py:188} INFO - [2026-04-28T08:57:39.305+0000] {dagbag.py:538} INFO - Filling up the DagBag from /opt/airflow/dags/pipeline_dag.py
[2026-04-28T08:57:39.342+0000] {processor.py:840} INFO - DAG(s) 'energy_pipeline' retrieved from /opt/airflow/dags/pipeline_dag.py
[2026-04-28T08:57:39.429+0000] {logging_mixin.py:188} INFO - [2026-04-28T08:57:39.429+0000] {dag.py:3036} INFO - Sync 1 DAGs
[2026-04-28T08:57:39.470+0000] {logging_mixin.py:188} INFO - [2026-04-28T08:57:39.470+0000] {dag.py:3823} INFO - Setting next_dagrun for energy_pipeline to 2026-04-28 00:00:00+00:00, run_after=2026-04-29 00:00:00+00:00
[2026-04-28T08:57:39.522+0000] {processor.py:183} INFO - Processing /opt/airflow/dags/pipeline_dag.py took 0.226 seconds
[2026-04-28T08:58:10.868+0000] {processor.py:161} INFO - Started process (PID=406) to work on /opt/airflow/dags/pipeline_dag.py
[2026-04-28T08:58:10.883+0000] {processor.py:830} INFO - Processing file /opt/airflow/dags/pipeline_dag.py for tasks to queue
[2026-04-28T08:58:10.929+0000] {logging_mixin.py:188} INFO - [2026-04-28T08:58:10.906+0000] {dagbag.py:538} INFO - Filling up the DagBag from /opt/airflow/dags/pipeline_dag.py
[2026-04-28T08:58:11.133+0000] {processor.py:840} INFO - DAG(s) 'energy_pipeline' retrieved from /opt/airflow/dags/pipeline_dag.py
[2026-04-28T08:58:11.284+0000] {logging_mixin.py:188} INFO - [2026-04-28T08:58:11.283+0000] {dag.py:3036} INFO - Sync 1 DAGs
[2026-04-28T08:58:11.341+0000] {logging_mixin.py:188} INFO - [2026-04-28T08:58:11.340+0000] {dag.py:3823} INFO - Setting next_dagrun for energy_pipeline to 2026-04-28 00:00:00+00:00, run_after=2026-04-29 00:00:00+00:00
[2026-04-28T08:58:11.394+0000] {processor.py:183} INFO - Processing /opt/airflow/dags/pipeline_dag.py took 0.585 seconds
[2026-04-28T08:58:42.244+0000] {processor.py:161} INFO - Started process (PID=430) to work on /opt/airflow/dags/pipeline_dag.py
[2026-04-28T08:58:42.246+0000] {processor.py:830} INFO - Processing file /opt/airflow/dags/pipeline_dag.py for tasks to queue
[2026-04-28T08:58:42.247+0000] {logging_mixin.py:188} INFO - [2026-04-28T08:58:42.247+0000] {dagbag.py:538} INFO - Filling up the DagBag from /opt/airflow/dags/pipeline_dag.py
[2026-04-28T08:58:42.269+0000] {processor.py:840} INFO - DAG(s) 'energy_pipeline' retrieved from /opt/airflow/dags/pipeline_dag.py
[2026-04-28T08:58:42.304+0000] {logging_mixin.py:188} INFO - [2026-04-28T08:58:42.304+0000] {dag.py:3036} INFO - Sync 1 DAGs
[2026-04-28T08:58:42.330+0000] {logging_mixin.py:188} INFO - [2026-04-28T08:58:42.330+0000] {dag.py:3823} INFO - Setting next_dagrun for energy_pipeline to 2026-04-28 00:00:00+00:00, run_after=2026-04-29 00:00:00+00:00
[2026-04-28T08:58:42.358+0000] {processor.py:183} INFO - Processing /opt/airflow/dags/pipeline_dag.py took 0.118 seconds
[2026-04-28T08:59:12.570+0000] {processor.py:161} INFO - Started process (PID=454) to work on /opt/airflow/dags/pipeline_dag.py
[2026-04-28T08:59:12.572+0000] {processor.py:830} INFO - Processing file /opt/airflow/dags/pipeline_dag.py for tasks to queue
[2026-04-28T08:59:12.573+0000] {logging_mixin.py:188} INFO - [2026-04-28T08:59:12.573+0000] {dagbag.py:538} INFO - Filling up the DagBag from /opt/airflow/dags/pipeline_dag.py
[2026-04-28T08:59:12.591+0000] {processor.py:840} INFO - DAG(s) 'energy_pipeline' retrieved from /opt/airflow/dags/pipeline_dag.py
[2026-04-28T08:59:12.620+0000] {logging_mixin.py:188} INFO - [2026-04-28T08:59:12.620+0000] {dag.py:3036} INFO - Sync 1 DAGs
[2026-04-28T08:59:12.643+0000] {logging_mixin.py:188} INFO - [2026-04-28T08:59:12.643+0000] {dag.py:3823} INFO - Setting next_dagrun for energy_pipeline to 2026-04-28 00:00:00+00:00, run_after=2026-04-29 00:00:00+00:00
[2026-04-28T08:59:12.667+0000] {processor.py:183} INFO - Processing /opt/airflow/dags/pipeline_dag.py took 0.101 seconds
[2026-04-28T08:59:43.389+0000] {processor.py:161} INFO - Started process (PID=463) to work on /opt/airflow/dags/pipeline_dag.py
[2026-04-28T08:59:43.391+0000] {processor.py:830} INFO - Processing file /opt/airflow/dags/pipeline_dag.py for tasks to queue
[2026-04-28T08:59:43.392+0000] {logging_mixin.py:188} INFO - [2026-04-28T08:59:43.392+0000] {dagbag.py:538} INFO - Filling up the DagBag from /opt/airflow/dags/pipeline_dag.py
[2026-04-28T08:59:43.411+0000] {processor.py:840} INFO - DAG(s) 'energy_pipeline' retrieved from /opt/airflow/dags/pipeline_dag.py
[2026-04-28T08:59:43.440+0000] {logging_mixin.py:188} INFO - [2026-04-28T08:59:43.440+0000] {dag.py:3036} INFO - Sync 1 DAGs
[2026-04-28T08:59:43.462+0000] {logging_mixin.py:188} INFO - [2026-04-28T08:59:43.462+0000] {dag.py:3823} INFO - Setting next_dagrun for energy_pipeline to 2026-04-28 00:00:00+00:00, run_after=2026-04-29 00:00:00+00:00
[2026-04-28T08:59:43.487+0000] {processor.py:183} INFO - Processing /opt/airflow/dags/pipeline_dag.py took 0.102 seconds
[2026-04-28T09:00:13.784+0000] {processor.py:161} INFO - Started process (PID=511) to work on /opt/airflow/dags/pipeline_dag.py
[2026-04-28T09:00:13.786+0000] {processor.py:830} INFO - Processing file /opt/airflow/dags/pipeline_dag.py for tasks to queue
[2026-04-28T09:00:13.787+0000] {logging_mixin.py:188} INFO - [2026-04-28T09:00:13.787+0000] {dagbag.py:538} INFO - Filling up the DagBag from /opt/airflow/dags/pipeline_dag.py
[2026-04-28T09:00:13.803+0000] {processor.py:840} INFO - DAG(s) 'energy_pipeline' retrieved from /opt/airflow/dags/pipeline_dag.py
[2026-04-28T09:00:13.831+0000] {logging_mixin.py:188} INFO - [2026-04-28T09:00:13.831+0000] {dag.py:3036} INFO - Sync 1 DAGs
[2026-04-28T09:00:13.853+0000] {logging_mixin.py:188} INFO - [2026-04-28T09:00:13.853+0000] {dag.py:3823} INFO - Setting next_dagrun for energy_pipeline to 2026-04-28 00:00:00+00:00, run_after=2026-04-29 00:00:00+00:00
[2026-04-28T09:00:13.877+0000] {processor.py:183} INFO - Processing /opt/airflow/dags/pipeline_dag.py took 0.097 seconds
[2026-04-28T09:00:51.269+0000] {processor.py:161} INFO - Started process (PID=548) to work on /opt/airflow/dags/pipeline_dag.py
[2026-04-28T09:00:51.271+0000] {processor.py:830} INFO - Processing file /opt/airflow/dags/pipeline_dag.py for tasks to queue
[2026-04-28T09:00:51.272+0000] {logging_mixin.py:188} INFO - [2026-04-28T09:00:51.271+0000] {dagbag.py:538} INFO - Filling up the DagBag from /opt/airflow/dags/pipeline_dag.py
[2026-04-28T09:00:51.289+0000] {processor.py:840} INFO - DAG(s) 'energy_pipeline' retrieved from /opt/airflow/dags/pipeline_dag.py
[2026-04-28T09:00:51.323+0000] {logging_mixin.py:188} INFO - [2026-04-28T09:00:51.323+0000] {dag.py:3036} INFO - Sync 1 DAGs
[2026-04-28T09:00:51.346+0000] {logging_mixin.py:188} INFO - [2026-04-28T09:00:51.346+0000] {dag.py:3823} INFO - Setting next_dagrun for energy_pipeline to 2026-04-28 00:00:00+00:00, run_after=2026-04-29 00:00:00+00:00
[2026-04-28T09:00:51.370+0000] {processor.py:183} INFO - Processing /opt/airflow/dags/pipeline_dag.py took 0.105 seconds
[2026-04-28T09:01:27.603+0000] {processor.py:161} INFO - Started process (PID=619) to work on /opt/airflow/dags/pipeline_dag.py
[2026-04-28T09:01:27.605+0000] {processor.py:830} INFO - Processing file /opt/airflow/dags/pipeline_dag.py for tasks to queue
[2026-04-28T09:01:27.606+0000] {logging_mixin.py:188} INFO - [2026-04-28T09:01:27.606+0000] {dagbag.py:538} INFO - Filling up the DagBag from /opt/airflow/dags/pipeline_dag.py
[2026-04-28T09:01:27.626+0000] {processor.py:840} INFO - DAG(s) 'energy_pipeline' retrieved from /opt/airflow/dags/pipeline_dag.py
[2026-04-28T09:01:27.654+0000] {logging_mixin.py:188} INFO - [2026-04-28T09:01:27.654+0000] {dag.py:3036} INFO - Sync 1 DAGs
[2026-04-28T09:01:27.679+0000] {logging_mixin.py:188} INFO - [2026-04-28T09:01:27.679+0000] {dag.py:3823} INFO - Setting next_dagrun for energy_pipeline to 2026-04-28 00:00:00+00:00, run_after=2026-04-29 00:00:00+00:00
[2026-04-28T09:01:27.704+0000] {processor.py:183} INFO - Processing /opt/airflow/dags/pipeline_dag.py took 0.104 seconds
[2026-04-28T09:01:59.287+0000] {processor.py:161} INFO - Started process (PID=841) to work on /opt/airflow/dags/pipeline_dag.py
[2026-04-28T09:01:59.291+0000] {processor.py:830} INFO - Processing file /opt/airflow/dags/pipeline_dag.py for tasks to queue
[2026-04-28T09:01:59.318+0000] {logging_mixin.py:188} INFO - [2026-04-28T09:01:59.315+0000] {dagbag.py:538} INFO - Filling up the DagBag from /opt/airflow/dags/pipeline_dag.py
[2026-04-28T09:01:59.419+0000] {processor.py:840} INFO - DAG(s) 'energy_pipeline' retrieved from /opt/airflow/dags/pipeline_dag.py
[2026-04-28T09:01:59.607+0000] {logging_mixin.py:188} INFO - [2026-04-28T09:01:59.605+0000] {dag.py:3036} INFO - Sync 1 DAGs
[2026-04-28T09:01:59.751+0000] {logging_mixin.py:188} INFO - [2026-04-28T09:01:59.749+0000] {dag.py:3823} INFO - Setting next_dagrun for energy_pipeline to 2026-04-28 00:00:00+00:00, run_after=2026-04-29 00:00:00+00:00
[2026-04-28T09:01:59.855+0000] {processor.py:183} INFO - Processing /opt/airflow/dags/pipeline_dag.py took 0.580 seconds
[2026-04-28T09:02:30.397+0000] {processor.py:161} INFO - Started process (PID=842) to work on /opt/airflow/dags/pipeline_dag.py
[2026-04-28T09:02:30.399+0000] {processor.py:830} INFO - Processing file /opt/airflow/dags/pipeline_dag.py for tasks to queue
[2026-04-28T09:02:30.402+0000] {logging_mixin.py:188} INFO - [2026-04-28T09:02:30.400+0000] {dagbag.py:538} INFO - Filling up the DagBag from /opt/airflow/dags/pipeline_dag.py
[2026-04-28T09:02:30.426+0000] {processor.py:840} INFO - DAG(s) 'energy_pipeline' retrieved from /opt/airflow/dags/pipeline_dag.py
[2026-04-28T09:02:30.464+0000] {logging_mixin.py:188} INFO - [2026-04-28T09:02:30.463+0000] {dag.py:3036} INFO - Sync 1 DAGs
[2026-04-28T09:02:30.496+0000] {logging_mixin.py:188} INFO - [2026-04-28T09:02:30.496+0000] {dag.py:3823} INFO - Setting next_dagrun for energy_pipeline to 2026-04-28 00:00:00+00:00, run_after=2026-04-29 00:00:00+00:00
[2026-04-28T09:02:30.526+0000] {processor.py:183} INFO - Processing /opt/airflow/dags/pipeline_dag.py took 0.135 seconds
[2026-04-28T09:03:00.724+0000] {processor.py:161} INFO - Started process (PID=856) to work on /opt/airflow/dags/pipeline_dag.py
[2026-04-28T09:03:00.725+0000] {processor.py:830} INFO - Processing file /opt/airflow/dags/pipeline_dag.py for tasks to queue
[2026-04-28T09:03:00.727+0000] {logging_mixin.py:188} INFO - [2026-04-28T09:03:00.726+0000] {dagbag.py:538} INFO - Filling up the DagBag from /opt/airflow/dags/pipeline_dag.py
[2026-04-28T09:03:00.749+0000] {processor.py:840} INFO - DAG(s) 'energy_pipeline' retrieved from /opt/airflow/dags/pipeline_dag.py
[2026-04-28T09:03:00.792+0000] {logging_mixin.py:188} INFO - [2026-04-28T09:03:00.792+0000] {dag.py:3036} INFO - Sync 1 DAGs
[2026-04-28T09:03:00.825+0000] {logging_mixin.py:188} INFO - [2026-04-28T09:03:00.824+0000] {dag.py:3823} INFO - Setting next_dagrun for energy_pipeline to 2026-04-28 00:00:00+00:00, run_after=2026-04-29 00:00:00+00:00
[2026-04-28T09:03:00.856+0000] {processor.py:183} INFO - Processing /opt/airflow/dags/pipeline_dag.py took 0.136 seconds
[2026-04-28T09:03:31.079+0000] {processor.py:161} INFO - Started process (PID=871) to work on /opt/airflow/dags/pipeline_dag.py
[2026-04-28T09:03:31.081+0000] {processor.py:830} INFO - Processing file /opt/airflow/dags/pipeline_dag.py for tasks to queue
[2026-04-28T09:03:31.083+0000] {logging_mixin.py:188} INFO - [2026-04-28T09:03:31.082+0000] {dagbag.py:538} INFO - Filling up the DagBag from /opt/airflow/dags/pipeline_dag.py
[2026-04-28T09:03:31.100+0000] {processor.py:840} INFO - DAG(s) 'energy_pipeline' retrieved from /opt/airflow/dags/pipeline_dag.py
[2026-04-28T09:03:31.130+0000] {logging_mixin.py:188} INFO - [2026-04-28T09:03:31.129+0000] {dag.py:3036} INFO - Sync 1 DAGs
[2026-04-28T09:03:31.153+0000] {logging_mixin.py:188} INFO - [2026-04-28T09:03:31.153+0000] {dag.py:3823} INFO - Setting next_dagrun for energy_pipeline to 2026-04-28 00:00:00+00:00, run_after=2026-04-29 00:00:00+00:00
[2026-04-28T09:03:31.180+0000] {processor.py:183} INFO - Processing /opt/airflow/dags/pipeline_dag.py took 0.107 seconds
[2026-04-28T09:04:01.415+0000] {processor.py:161} INFO - Started process (PID=872) to work on /opt/airflow/dags/pipeline_dag.py
[2026-04-28T09:04:01.417+0000] {processor.py:830} INFO - Processing file /opt/airflow/dags/pipeline_dag.py for tasks to queue
[2026-04-28T09:04:01.418+0000] {logging_mixin.py:188} INFO - [2026-04-28T09:04:01.418+0000] {dagbag.py:538} INFO - Filling up the DagBag from /opt/airflow/dags/pipeline_dag.py
[2026-04-28T09:04:01.433+0000] {processor.py:840} INFO - DAG(s) 'energy_pipeline' retrieved from /opt/airflow/dags/pipeline_dag.py
[2026-04-28T09:04:01.461+0000] {logging_mixin.py:188} INFO - [2026-04-28T09:04:01.461+0000] {dag.py:3036} INFO - Sync 1 DAGs
[2026-04-28T09:04:01.484+0000] {logging_mixin.py:188} INFO - [2026-04-28T09:04:01.484+0000] {dag.py:3823} INFO - Setting next_dagrun for energy_pipeline to 2026-04-28 00:00:00+00:00, run_after=2026-04-29 00:00:00+00:00
[2026-04-28T09:04:01.515+0000] {processor.py:183} INFO - Processing /opt/airflow/dags/pipeline_dag.py took 0.103 seconds
[2026-04-28T09:04:31.758+0000] {processor.py:161} INFO - Started process (PID=888) to work on /opt/airflow/dags/pipeline_dag.py
[2026-04-28T09:04:31.759+0000] {processor.py:830} INFO - Processing file /opt/airflow/dags/pipeline_dag.py for tasks to queue
[2026-04-28T09:04:31.761+0000] {logging_mixin.py:188} INFO - [2026-04-28T09:04:31.760+0000] {dagbag.py:538} INFO - Filling up the DagBag from /opt/airflow/dags/pipeline_dag.py
[2026-04-28T09:04:31.779+0000] {processor.py:840} INFO - DAG(s) 'energy_pipeline' retrieved from /opt/airflow/dags/pipeline_dag.py
[2026-04-28T09:04:31.812+0000] {logging_mixin.py:188} INFO - [2026-04-28T09:04:31.812+0000] {dag.py:3036} INFO - Sync 1 DAGs
[2026-04-28T09:04:31.841+0000] {logging_mixin.py:188} INFO - [2026-04-28T09:04:31.841+0000] {dag.py:3823} INFO - Setting next_dagrun for energy_pipeline to 2026-04-28 00:00:00+00:00, run_after=2026-04-29 00:00:00+00:00
[2026-04-28T09:04:31.875+0000] {processor.py:183} INFO - Processing /opt/airflow/dags/pipeline_dag.py took 0.122 seconds
[2026-04-28T09:05:08.576+0000] {processor.py:161} INFO - Started process (PID=946) to work on /opt/airflow/dags/pipeline_dag.py
[2026-04-28T09:05:08.577+0000] {processor.py:830} INFO - Processing file /opt/airflow/dags/pipeline_dag.py for tasks to queue
[2026-04-28T09:05:08.579+0000] {logging_mixin.py:188} INFO - [2026-04-28T09:05:08.578+0000] {dagbag.py:538} INFO - Filling up the DagBag from /opt/airflow/dags/pipeline_dag.py
[2026-04-28T09:05:08.598+0000] {processor.py:840} INFO - DAG(s) 'energy_pipeline' retrieved from /opt/airflow/dags/pipeline_dag.py
[2026-04-28T09:05:08.633+0000] {logging_mixin.py:188} INFO - [2026-04-28T09:05:08.633+0000] {dag.py:3036} INFO - Sync 1 DAGs
[2026-04-28T09:05:08.672+0000] {logging_mixin.py:188} INFO - [2026-04-28T09:05:08.672+0000] {dag.py:3823} INFO - Setting next_dagrun for energy_pipeline to 2026-04-28 00:00:00+00:00, run_after=2026-04-29 00:00:00+00:00
[2026-04-28T09:05:08.705+0000] {processor.py:183} INFO - Processing /opt/airflow/dags/pipeline_dag.py took 0.133 seconds
[2026-04-28T09:05:45.551+0000] {processor.py:161} INFO - Started process (PID=1017) to work on /opt/airflow/dags/pipeline_dag.py
[2026-04-28T09:05:45.552+0000] {processor.py:830} INFO - Processing file /opt/airflow/dags/pipeline_dag.py for tasks to queue
[2026-04-28T09:05:45.554+0000] {logging_mixin.py:188} INFO - [2026-04-28T09:05:45.553+0000] {dagbag.py:538} INFO - Filling up the DagBag from /opt/airflow/dags/pipeline_dag.py
[2026-04-28T09:05:45.571+0000] {processor.py:840} INFO - DAG(s) 'energy_pipeline' retrieved from /opt/airflow/dags/pipeline_dag.py
[2026-04-28T09:05:45.603+0000] {logging_mixin.py:188} INFO - [2026-04-28T09:05:45.603+0000] {dag.py:3036} INFO - Sync 1 DAGs
[2026-04-28T09:05:45.630+0000] {logging_mixin.py:188} INFO - [2026-04-28T09:05:45.630+0000] {dag.py:3823} INFO - Setting next_dagrun for energy_pipeline to 2026-04-28 00:00:00+00:00, run_after=2026-04-29 00:00:00+00:00
[2026-04-28T09:05:45.654+0000] {processor.py:183} INFO - Processing /opt/airflow/dags/pipeline_dag.py took 0.107 seconds
[2026-04-28T09:06:16.235+0000] {processor.py:161} INFO - Started process (PID=1239) to work on /opt/airflow/dags/pipeline_dag.py
[2026-04-28T09:06:16.238+0000] {processor.py:830} INFO - Processing file /opt/airflow/dags/pipeline_dag.py for tasks to queue
[2026-04-28T09:06:16.241+0000] {logging_mixin.py:188} INFO - [2026-04-28T09:06:16.241+0000] {dagbag.py:538} INFO - Filling up the DagBag from /opt/airflow/dags/pipeline_dag.py
[2026-04-28T09:06:16.271+0000] {processor.py:840} INFO - DAG(s) 'energy_pipeline' retrieved from /opt/airflow/dags/pipeline_dag.py
[2026-04-28T09:06:16.314+0000] {logging_mixin.py:188} INFO - [2026-04-28T09:06:16.313+0000] {dag.py:3036} INFO - Sync 1 DAGs
[2026-04-28T09:06:16.346+0000] {logging_mixin.py:188} INFO - [2026-04-28T09:06:16.346+0000] {dag.py:3823} INFO - Setting next_dagrun for energy_pipeline to 2026-04-28 00:00:00+00:00, run_after=2026-04-29 00:00:00+00:00
[2026-04-28T09:06:16.383+0000] {processor.py:183} INFO - Processing /opt/airflow/dags/pipeline_dag.py took 0.154 seconds
[2026-04-28T09:06:46.533+0000] {processor.py:161} INFO - Started process (PID=1248) to work on /opt/airflow/dags/pipeline_dag.py
[2026-04-28T09:06:46.535+0000] {processor.py:830} INFO - Processing file /opt/airflow/dags/pipeline_dag.py for tasks to queue
[2026-04-28T09:06:46.536+0000] {logging_mixin.py:188} INFO - [2026-04-28T09:06:46.535+0000] {dagbag.py:538} INFO - Filling up the DagBag from /opt/airflow/dags/pipeline_dag.py
[2026-04-28T09:06:46.558+0000] {processor.py:840} INFO - DAG(s) 'energy_pipeline' retrieved from /opt/airflow/dags/pipeline_dag.py
[2026-04-28T09:06:46.605+0000] {logging_mixin.py:188} INFO - [2026-04-28T09:06:46.605+0000] {dag.py:3036} INFO - Sync 1 DAGs
[2026-04-28T09:06:46.641+0000] {logging_mixin.py:188} INFO - [2026-04-28T09:06:46.641+0000] {dag.py:3823} INFO - Setting next_dagrun for energy_pipeline to 2026-04-28 00:00:00+00:00, run_after=2026-04-29 00:00:00+00:00
[2026-04-28T09:06:46.699+0000] {processor.py:183} INFO - Processing /opt/airflow/dags/pipeline_dag.py took 0.170 seconds
[2026-04-28T09:07:16.862+0000] {processor.py:161} INFO - Started process (PID=1255) to work on /opt/airflow/dags/pipeline_dag.py
[2026-04-28T09:07:16.863+0000] {processor.py:830} INFO - Processing file /opt/airflow/dags/pipeline_dag.py for tasks to queue
[2026-04-28T09:07:16.865+0000] {logging_mixin.py:188} INFO - [2026-04-28T09:07:16.864+0000] {dagbag.py:538} INFO - Filling up the DagBag from /opt/airflow/dags/pipeline_dag.py
[2026-04-28T09:07:16.880+0000] {processor.py:840} INFO - DAG(s) 'energy_pipeline' retrieved from /opt/airflow/dags/pipeline_dag.py
[2026-04-28T09:07:16.908+0000] {logging_mixin.py:188} INFO - [2026-04-28T09:07:16.908+0000] {dag.py:3036} INFO - Sync 1 DAGs
[2026-04-28T09:07:16.931+0000] {logging_mixin.py:188} INFO - [2026-04-28T09:07:16.931+0000] {dag.py:3823} INFO - Setting next_dagrun for energy_pipeline to 2026-04-28 00:00:00+00:00, run_after=2026-04-29 00:00:00+00:00
[2026-04-28T09:07:16.960+0000] {processor.py:183} INFO - Processing /opt/airflow/dags/pipeline_dag.py took 0.100 seconds
[2026-04-28T09:07:47.177+0000] {processor.py:161} INFO - Started process (PID=1256) to work on /opt/airflow/dags/pipeline_dag.py
[2026-04-28T09:07:47.178+0000] {processor.py:830} INFO - Processing file /opt/airflow/dags/pipeline_dag.py for tasks to queue
[2026-04-28T09:07:47.180+0000] {logging_mixin.py:188} INFO - [2026-04-28T09:07:47.179+0000] {dagbag.py:538} INFO - Filling up the DagBag from /opt/airflow/dags/pipeline_dag.py
[2026-04-28T09:07:47.203+0000] {processor.py:840} INFO - DAG(s) 'energy_pipeline' retrieved from /opt/airflow/dags/pipeline_dag.py
[2026-04-28T09:07:47.234+0000] {logging_mixin.py:188} INFO - [2026-04-28T09:07:47.234+0000] {dag.py:3036} INFO - Sync 1 DAGs
[2026-04-28T09:07:47.262+0000] {logging_mixin.py:188} INFO - [2026-04-28T09:07:47.262+0000] {dag.py:3823} INFO - Setting next_dagrun for energy_pipeline to 2026-04-28 00:00:00+00:00, run_after=2026-04-29 00:00:00+00:00
[2026-04-28T09:07:47.290+0000] {processor.py:183} INFO - Processing /opt/airflow/dags/pipeline_dag.py took 0.116 seconds
[2026-04-28T09:08:17.825+0000] {processor.py:161} INFO - Started process (PID=1257) to work on /opt/airflow/dags/pipeline_dag.py
[2026-04-28T09:08:17.833+0000] {processor.py:830} INFO - Processing file /opt/airflow/dags/pipeline_dag.py for tasks to queue
[2026-04-28T09:08:17.835+0000] {logging_mixin.py:188} INFO - [2026-04-28T09:08:17.834+0000] {dagbag.py:538} INFO - Filling up the DagBag from /opt/airflow/dags/pipeline_dag.py
[2026-04-28T09:08:17.869+0000] {processor.py:840} INFO - DAG(s) 'energy_pipeline' retrieved from /opt/airflow/dags/pipeline_dag.py
[2026-04-28T09:08:17.931+0000] {logging_mixin.py:188} INFO - [2026-04-28T09:08:17.930+0000] {dag.py:3036} INFO - Sync 1 DAGs
[2026-04-28T09:08:17.971+0000] {logging_mixin.py:188} INFO - [2026-04-28T09:08:17.971+0000] {dag.py:3823} INFO - Setting next_dagrun for energy_pipeline to 2026-04-28 00:00:00+00:00, run_after=2026-04-29 00:00:00+00:00
[2026-04-28T09:08:18.007+0000] {processor.py:183} INFO - Processing /opt/airflow/dags/pipeline_dag.py took 0.206 seconds
[2026-04-28T09:08:48.151+0000] {processor.py:161} INFO - Started process (PID=1258) to work on /opt/airflow/dags/pipeline_dag.py
[2026-04-28T09:08:48.153+0000] {processor.py:830} INFO - Processing file /opt/airflow/dags/pipeline_dag.py for tasks to queue
[2026-04-28T09:08:48.154+0000] {logging_mixin.py:188} INFO - [2026-04-28T09:08:48.153+0000] {dagbag.py:538} INFO - Filling up the DagBag from /opt/airflow/dags/pipeline_dag.py
[2026-04-28T09:08:48.172+0000] {processor.py:840} INFO - DAG(s) 'energy_pipeline' retrieved from /opt/airflow/dags/pipeline_dag.py
[2026-04-28T09:08:48.206+0000] {logging_mixin.py:188} INFO - [2026-04-28T09:08:48.206+0000] {dag.py:3036} INFO - Sync 1 DAGs
[2026-04-28T09:08:48.235+0000] {logging_mixin.py:188} INFO - [2026-04-28T09:08:48.235+0000] {dag.py:3823} INFO - Setting next_dagrun for energy_pipeline to 2026-04-28 00:00:00+00:00, run_after=2026-04-29 00:00:00+00:00
[2026-04-28T09:08:48.274+0000] {processor.py:183} INFO - Processing /opt/airflow/dags/pipeline_dag.py took 0.144 seconds
[2026-04-28T09:09:18.788+0000] {processor.py:161} INFO - Started process (PID=1259) to work on /opt/airflow/dags/pipeline_dag.py
[2026-04-28T09:09:18.792+0000] {processor.py:830} INFO - Processing file /opt/airflow/dags/pipeline_dag.py for tasks to queue
[2026-04-28T09:09:18.796+0000] {logging_mixin.py:188} INFO - [2026-04-28T09:09:18.794+0000] {dagbag.py:538} INFO - Filling up the DagBag from /opt/airflow/dags/pipeline_dag.py
[2026-04-28T09:09:18.835+0000] {processor.py:840} INFO - DAG(s) 'energy_pipeline' retrieved from /opt/airflow/dags/pipeline_dag.py
[2026-04-28T09:09:18.896+0000] {logging_mixin.py:188} INFO - [2026-04-28T09:09:18.896+0000] {dag.py:3036} INFO - Sync 1 DAGs
[2026-04-28T09:09:18.936+0000] {logging_mixin.py:188} INFO - [2026-04-28T09:09:18.936+0000] {dag.py:3823} INFO - Setting next_dagrun for energy_pipeline to 2026-04-28 00:00:00+00:00, run_after=2026-04-29 00:00:00+00:00
[2026-04-28T09:09:18.981+0000] {processor.py:183} INFO - Processing /opt/airflow/dags/pipeline_dag.py took 0.219 seconds
[2026-04-28T09:09:49.117+0000] {processor.py:161} INFO - Started process (PID=1260) to work on /opt/airflow/dags/pipeline_dag.py
[2026-04-28T09:09:49.122+0000] {processor.py:830} INFO - Processing file /opt/airflow/dags/pipeline_dag.py for tasks to queue
[2026-04-28T09:09:49.123+0000] {logging_mixin.py:188} INFO - [2026-04-28T09:09:49.123+0000] {dagbag.py:538} INFO - Filling up the DagBag from /opt/airflow/dags/pipeline_dag.py
[2026-04-28T09:09:49.140+0000] {processor.py:840} INFO - DAG(s) 'energy_pipeline' retrieved from /opt/airflow/dags/pipeline_dag.py
[2026-04-28T09:09:49.170+0000] {logging_mixin.py:188} INFO - [2026-04-28T09:09:49.170+0000] {dag.py:3036} INFO - Sync 1 DAGs
[2026-04-28T09:09:49.208+0000] {logging_mixin.py:188} INFO - [2026-04-28T09:09:49.208+0000] {dag.py:3823} INFO - Setting next_dagrun for energy_pipeline to 2026-04-28 00:00:00+00:00, run_after=2026-04-29 00:00:00+00:00
[2026-04-28T09:09:49.235+0000] {processor.py:183} INFO - Processing /opt/airflow/dags/pipeline_dag.py took 0.139 seconds
[2026-04-28T09:10:19.535+0000] {processor.py:161} INFO - Started process (PID=1261) to work on /opt/airflow/dags/pipeline_dag.py
[2026-04-28T09:10:19.540+0000] {processor.py:830} INFO - Processing file /opt/airflow/dags/pipeline_dag.py for tasks to queue
[2026-04-28T09:10:19.543+0000] {logging_mixin.py:188} INFO - [2026-04-28T09:10:19.542+0000] {dagbag.py:538} INFO - Filling up the DagBag from /opt/airflow/dags/pipeline_dag.py
[2026-04-28T09:10:19.587+0000] {processor.py:840} INFO - DAG(s) 'energy_pipeline' retrieved from /opt/airflow/dags/pipeline_dag.py
[2026-04-28T09:10:19.675+0000] {logging_mixin.py:188} INFO - [2026-04-28T09:10:19.674+0000] {dag.py:3036} INFO - Sync 1 DAGs
[2026-04-28T09:10:19.735+0000] {logging_mixin.py:188} INFO - [2026-04-28T09:10:19.734+0000] {dag.py:3823} INFO - Setting next_dagrun for energy_pipeline to 2026-04-28 00:00:00+00:00, run_after=2026-04-29 00:00:00+00:00
[2026-04-28T09:10:19.787+0000] {processor.py:183} INFO - Processing /opt/airflow/dags/pipeline_dag.py took 0.277 seconds
[2026-04-28T09:10:50.073+0000] {processor.py:161} INFO - Started process (PID=1262) to work on /opt/airflow/dags/pipeline_dag.py
[2026-04-28T09:10:50.075+0000] {processor.py:830} INFO - Processing file /opt/airflow/dags/pipeline_dag.py for tasks to queue
[2026-04-28T09:10:50.077+0000] {logging_mixin.py:188} INFO - [2026-04-28T09:10:50.076+0000] {dagbag.py:538} INFO - Filling up the DagBag from /opt/airflow/dags/pipeline_dag.py
[2026-04-28T09:10:50.096+0000] {processor.py:840} INFO - DAG(s) 'energy_pipeline' retrieved from /opt/airflow/dags/pipeline_dag.py
[2026-04-28T09:10:50.186+0000] {logging_mixin.py:188} INFO - [2026-04-28T09:10:50.186+0000] {dag.py:3036} INFO - Sync 1 DAGs
[2026-04-28T09:10:50.218+0000] {logging_mixin.py:188} INFO - [2026-04-28T09:10:50.217+0000] {dag.py:3823} INFO - Setting next_dagrun for energy_pipeline to 2026-04-28 00:00:00+00:00, run_after=2026-04-29 00:00:00+00:00
[2026-04-28T09:10:50.254+0000] {processor.py:183} INFO - Processing /opt/airflow/dags/pipeline_dag.py took 0.194 seconds
[2026-04-28T09:11:20.460+0000] {processor.py:161} INFO - Started process (PID=1263) to work on /opt/airflow/dags/pipeline_dag.py
[2026-04-28T09:11:20.471+0000] {processor.py:830} INFO - Processing file /opt/airflow/dags/pipeline_dag.py for tasks to queue
[2026-04-28T09:11:20.473+0000] {logging_mixin.py:188} INFO - [2026-04-28T09:11:20.472+0000] {dagbag.py:538} INFO - Filling up the DagBag from /opt/airflow/dags/pipeline_dag.py
[2026-04-28T09:11:20.501+0000] {processor.py:840} INFO - DAG(s) 'energy_pipeline' retrieved from /opt/airflow/dags/pipeline_dag.py
[2026-04-28T09:11:20.586+0000] {logging_mixin.py:188} INFO - [2026-04-28T09:11:20.585+0000] {dag.py:3036} INFO - Sync 1 DAGs
[2026-04-28T09:11:20.643+0000] {logging_mixin.py:188} INFO - [2026-04-28T09:11:20.643+0000] {dag.py:3823} INFO - Setting next_dagrun for energy_pipeline to 2026-04-28 00:00:00+00:00, run_after=2026-04-29 00:00:00+00:00
[2026-04-28T09:11:20.683+0000] {processor.py:183} INFO - Processing /opt/airflow/dags/pipeline_dag.py took 0.232 seconds
[2026-04-28T09:12:39.292+0000] {processor.py:161} INFO - Started process (PID=82) to work on /opt/airflow/dags/pipeline_dag.py
[2026-04-28T09:12:39.300+0000] {processor.py:830} INFO - Processing file /opt/airflow/dags/pipeline_dag.py for tasks to queue
[2026-04-28T09:12:39.308+0000] {logging_mixin.py:188} INFO - [2026-04-28T09:12:39.304+0000] {dagbag.py:538} INFO - Filling up the DagBag from /opt/airflow/dags/pipeline_dag.py
[2026-04-28T09:12:40.653+0000] {processor.py:840} INFO - DAG(s) 'energy_pipeline' retrieved from /opt/airflow/dags/pipeline_dag.py
[2026-04-28T09:12:40.737+0000] {logging_mixin.py:188} INFO - [2026-04-28T09:12:40.737+0000] {dag.py:3036} INFO - Sync 1 DAGs
[2026-04-28T09:12:40.831+0000] {logging_mixin.py:188} INFO - [2026-04-28T09:12:40.830+0000] {dag.py:3823} INFO - Setting next_dagrun for energy_pipeline to 2026-04-28 00:00:00+00:00, run_after=2026-04-29 00:00:00+00:00
[2026-04-28T09:12:40.913+0000] {processor.py:183} INFO - Processing /opt/airflow/dags/pipeline_dag.py took 1.664 seconds
[2026-04-28T09:13:11.703+0000] {processor.py:161} INFO - Started process (PID=101) to work on /opt/airflow/dags/pipeline_dag.py
[2026-04-28T09:13:11.715+0000] {processor.py:830} INFO - Processing file /opt/airflow/dags/pipeline_dag.py for tasks to queue
[2026-04-28T09:13:11.721+0000] {logging_mixin.py:188} INFO - [2026-04-28T09:13:11.717+0000] {dagbag.py:538} INFO - Filling up the DagBag from /opt/airflow/dags/pipeline_dag.py
[2026-04-28T09:13:11.830+0000] {processor.py:840} INFO - DAG(s) 'energy_pipeline' retrieved from /opt/airflow/dags/pipeline_dag.py
[2026-04-28T09:13:12.371+0000] {logging_mixin.py:188} INFO - [2026-04-28T09:13:12.370+0000] {dag.py:3036} INFO - Sync 1 DAGs
[2026-04-28T09:13:12.442+0000] {logging_mixin.py:188} INFO - [2026-04-28T09:13:12.442+0000] {dag.py:3823} INFO - Setting next_dagrun for energy_pipeline to 2026-04-28 00:00:00+00:00, run_after=2026-04-29 00:00:00+00:00
[2026-04-28T09:13:12.549+0000] {processor.py:183} INFO - Processing /opt/airflow/dags/pipeline_dag.py took 0.916 seconds
[2026-04-28T09:13:43.983+0000] {processor.py:161} INFO - Started process (PID=107) to work on /opt/airflow/dags/pipeline_dag.py
[2026-04-28T09:13:43.992+0000] {processor.py:830} INFO - Processing file /opt/airflow/dags/pipeline_dag.py for tasks to queue
[2026-04-28T09:13:44.002+0000] {logging_mixin.py:188} INFO - [2026-04-28T09:13:43.997+0000] {dagbag.py:538} INFO - Filling up the DagBag from /opt/airflow/dags/pipeline_dag.py
[2026-04-28T09:13:44.131+0000] {processor.py:840} INFO - DAG(s) 'energy_pipeline' retrieved from /opt/airflow/dags/pipeline_dag.py
[2026-04-28T09:13:44.385+0000] {logging_mixin.py:188} INFO - [2026-04-28T09:13:44.384+0000] {dag.py:3036} INFO - Sync 1 DAGs
[2026-04-28T09:13:44.522+0000] {logging_mixin.py:188} INFO - [2026-04-28T09:13:44.522+0000] {dag.py:3823} INFO - Setting next_dagrun for energy_pipeline to 2026-04-28 00:00:00+00:00, run_after=2026-04-29 00:00:00+00:00
[2026-04-28T09:13:44.685+0000] {processor.py:183} INFO - Processing /opt/airflow/dags/pipeline_dag.py took 0.733 seconds
[2026-04-28T09:14:15.565+0000] {processor.py:161} INFO - Started process (PID=108) to work on /opt/airflow/dags/pipeline_dag.py
[2026-04-28T09:14:15.575+0000] {processor.py:830} INFO - Processing file /opt/airflow/dags/pipeline_dag.py for tasks to queue
[2026-04-28T09:14:15.578+0000] {logging_mixin.py:188} INFO - [2026-04-28T09:14:15.577+0000] {dagbag.py:538} INFO - Filling up the DagBag from /opt/airflow/dags/pipeline_dag.py
[2026-04-28T09:14:15.620+0000] {processor.py:840} INFO - DAG(s) 'energy_pipeline' retrieved from /opt/airflow/dags/pipeline_dag.py
[2026-04-28T09:14:15.695+0000] {logging_mixin.py:188} INFO - [2026-04-28T09:14:15.694+0000] {dag.py:3036} INFO - Sync 1 DAGs
[2026-04-28T09:14:15.776+0000] {logging_mixin.py:188} INFO - [2026-04-28T09:14:15.776+0000] {dag.py:3823} INFO - Setting next_dagrun for energy_pipeline to 2026-04-28 00:00:00+00:00, run_after=2026-04-29 00:00:00+00:00
[2026-04-28T09:14:15.882+0000] {processor.py:183} INFO - Processing /opt/airflow/dags/pipeline_dag.py took 0.337 seconds
[2026-04-28T09:14:47.139+0000] {processor.py:161} INFO - Started process (PID=109) to work on /opt/airflow/dags/pipeline_dag.py
[2026-04-28T09:14:47.151+0000] {processor.py:830} INFO - Processing file /opt/airflow/dags/pipeline_dag.py for tasks to queue
[2026-04-28T09:14:47.157+0000] {logging_mixin.py:188} INFO - [2026-04-28T09:14:47.153+0000] {dagbag.py:538} INFO - Filling up the DagBag from /opt/airflow/dags/pipeline_dag.py
[2026-04-28T09:14:47.294+0000] {processor.py:840} INFO - DAG(s) 'energy_pipeline' retrieved from /opt/airflow/dags/pipeline_dag.py
[2026-04-28T09:14:47.465+0000] {logging_mixin.py:188} INFO - [2026-04-28T09:14:47.464+0000] {dag.py:3036} INFO - Sync 1 DAGs
[2026-04-28T09:14:47.621+0000] {logging_mixin.py:188} INFO - [2026-04-28T09:14:47.620+0000] {dag.py:3823} INFO - Setting next_dagrun for energy_pipeline to 2026-04-28 00:00:00+00:00, run_after=2026-04-29 00:00:00+00:00
[2026-04-28T09:14:47.770+0000] {processor.py:183} INFO - Processing /opt/airflow/dags/pipeline_dag.py took 0.686 seconds
[2026-04-28T09:15:18.125+0000] {processor.py:161} INFO - Started process (PID=110) to work on /opt/airflow/dags/pipeline_dag.py
[2026-04-28T09:15:18.128+0000] {processor.py:830} INFO - Processing file /opt/airflow/dags/pipeline_dag.py for tasks to queue
[2026-04-28T09:15:18.131+0000] {logging_mixin.py:188} INFO - [2026-04-28T09:15:18.130+0000] {dagbag.py:538} INFO - Filling up the DagBag from /opt/airflow/dags/pipeline_dag.py
[2026-04-28T09:15:18.170+0000] {processor.py:840} INFO - DAG(s) 'energy_pipeline' retrieved from /opt/airflow/dags/pipeline_dag.py
[2026-04-28T09:15:18.244+0000] {logging_mixin.py:188} INFO - [2026-04-28T09:15:18.244+0000] {dag.py:3036} INFO - Sync 1 DAGs
[2026-04-28T09:15:18.304+0000] {logging_mixin.py:188} INFO - [2026-04-28T09:15:18.303+0000] {dag.py:3823} INFO - Setting next_dagrun for energy_pipeline to 2026-04-28 00:00:00+00:00, run_after=2026-04-29 00:00:00+00:00
[2026-04-28T09:15:18.389+0000] {processor.py:183} INFO - Processing /opt/airflow/dags/pipeline_dag.py took 0.272 seconds
[2026-04-28T09:16:34.843+0000] {processor.py:161} INFO - Started process (PID=148) to work on /opt/airflow/dags/pipeline_dag.py
[2026-04-28T09:16:34.847+0000] {processor.py:830} INFO - Processing file /opt/airflow/dags/pipeline_dag.py for tasks to queue
[2026-04-28T09:16:34.852+0000] {logging_mixin.py:188} INFO - [2026-04-28T09:16:34.850+0000] {dagbag.py:538} INFO - Filling up the DagBag from /opt/airflow/dags/pipeline_dag.py
[2026-04-28T09:16:34.878+0000] {processor.py:840} INFO - DAG(s) 'energy_pipeline' retrieved from /opt/airflow/dags/pipeline_dag.py
[2026-04-28T09:16:34.997+0000] {logging_mixin.py:188} INFO - [2026-04-28T09:16:34.997+0000] {dag.py:3036} INFO - Sync 1 DAGs
[2026-04-28T09:16:35.053+0000] {logging_mixin.py:188} INFO - [2026-04-28T09:16:35.053+0000] {dag.py:3823} INFO - Setting next_dagrun for energy_pipeline to 2026-04-28 00:00:00+00:00, run_after=2026-04-29 00:00:00+00:00
[2026-04-28T09:16:35.108+0000] {processor.py:183} INFO - Processing /opt/airflow/dags/pipeline_dag.py took 0.271 seconds
[2026-04-28T09:17:41.239+0000] {processor.py:161} INFO - Started process (PID=185) to work on /opt/airflow/dags/pipeline_dag.py
[2026-04-28T09:17:41.242+0000] {processor.py:830} INFO - Processing file /opt/airflow/dags/pipeline_dag.py for tasks to queue
[2026-04-28T09:17:41.245+0000] {logging_mixin.py:188} INFO - [2026-04-28T09:17:41.245+0000] {dagbag.py:538} INFO - Filling up the DagBag from /opt/airflow/dags/pipeline_dag.py
[2026-04-28T09:17:41.268+0000] {processor.py:840} INFO - DAG(s) 'energy_pipeline' retrieved from /opt/airflow/dags/pipeline_dag.py
[2026-04-28T09:17:41.346+0000] {logging_mixin.py:188} INFO - [2026-04-28T09:17:41.345+0000] {dag.py:3036} INFO - Sync 1 DAGs
[2026-04-28T09:17:41.407+0000] {logging_mixin.py:188} INFO - [2026-04-28T09:17:41.407+0000] {dag.py:3823} INFO - Setting next_dagrun for energy_pipeline to 2026-04-28 00:00:00+00:00, run_after=2026-04-29 00:00:00+00:00
[2026-04-28T09:17:41.463+0000] {processor.py:183} INFO - Processing /opt/airflow/dags/pipeline_dag.py took 0.232 seconds
[2026-04-28T09:18:12.108+0000] {processor.py:161} INFO - Started process (PID=276) to work on /opt/airflow/dags/pipeline_dag.py
[2026-04-28T09:18:12.111+0000] {processor.py:830} INFO - Processing file /opt/airflow/dags/pipeline_dag.py for tasks to queue
[2026-04-28T09:18:12.113+0000] {logging_mixin.py:188} INFO - [2026-04-28T09:18:12.112+0000] {dagbag.py:538} INFO - Filling up the DagBag from /opt/airflow/dags/pipeline_dag.py
[2026-04-28T09:18:12.132+0000] {processor.py:840} INFO - DAG(s) 'energy_pipeline' retrieved from /opt/airflow/dags/pipeline_dag.py
[2026-04-28T09:18:12.208+0000] {logging_mixin.py:188} INFO - [2026-04-28T09:18:12.208+0000] {dag.py:3036} INFO - Sync 1 DAGs
[2026-04-28T09:18:12.267+0000] {logging_mixin.py:188} INFO - [2026-04-28T09:18:12.266+0000] {dag.py:3823} INFO - Setting next_dagrun for energy_pipeline to 2026-04-28 00:00:00+00:00, run_after=2026-04-29 00:00:00+00:00
[2026-04-28T09:18:12.379+0000] {processor.py:183} INFO - Processing /opt/airflow/dags/pipeline_dag.py took 0.277 seconds
[2026-04-28T09:18:43.347+0000] {processor.py:161} INFO - Started process (PID=277) to work on /opt/airflow/dags/pipeline_dag.py
[2026-04-28T09:18:43.352+0000] {processor.py:830} INFO - Processing file /opt/airflow/dags/pipeline_dag.py for tasks to queue
[2026-04-28T09:18:43.357+0000] {logging_mixin.py:188} INFO - [2026-04-28T09:18:43.355+0000] {dagbag.py:538} INFO - Filling up the DagBag from /opt/airflow/dags/pipeline_dag.py
[2026-04-28T09:18:43.386+0000] {processor.py:840} INFO - DAG(s) 'energy_pipeline' retrieved from /opt/airflow/dags/pipeline_dag.py
[2026-04-28T09:18:43.455+0000] {logging_mixin.py:188} INFO - [2026-04-28T09:18:43.455+0000] {dag.py:3036} INFO - Sync 1 DAGs
[2026-04-28T09:18:43.501+0000] {logging_mixin.py:188} INFO - [2026-04-28T09:18:43.501+0000] {dag.py:3823} INFO - Setting next_dagrun for energy_pipeline to 2026-04-28 00:00:00+00:00, run_after=2026-04-29 00:00:00+00:00
[2026-04-28T09:18:43.546+0000] {processor.py:183} INFO - Processing /opt/airflow/dags/pipeline_dag.py took 0.209 seconds
[2026-04-28T09:19:14.966+0000] {processor.py:161} INFO - Started process (PID=278) to work on /opt/airflow/dags/pipeline_dag.py
[2026-04-28T09:19:14.973+0000] {processor.py:830} INFO - Processing file /opt/airflow/dags/pipeline_dag.py for tasks to queue
[2026-04-28T09:19:14.980+0000] {logging_mixin.py:188} INFO - [2026-04-28T09:19:14.977+0000] {dagbag.py:538} INFO - Filling up the DagBag from /opt/airflow/dags/pipeline_dag.py
[2026-04-28T09:19:15.029+0000] {processor.py:840} INFO - DAG(s) 'energy_pipeline' retrieved from /opt/airflow/dags/pipeline_dag.py
[2026-04-28T09:19:15.132+0000] {logging_mixin.py:188} INFO - [2026-04-28T09:19:15.131+0000] {dag.py:3036} INFO - Sync 1 DAGs
[2026-04-28T09:19:15.219+0000] {logging_mixin.py:188} INFO - [2026-04-28T09:19:15.218+0000] {dag.py:3823} INFO - Setting next_dagrun for energy_pipeline to 2026-04-28 00:00:00+00:00, run_after=2026-04-29 00:00:00+00:00
[2026-04-28T09:19:15.301+0000] {processor.py:183} INFO - Processing /opt/airflow/dags/pipeline_dag.py took 0.358 seconds
[2026-04-28T09:19:45.604+0000] {processor.py:161} INFO - Started process (PID=279) to work on /opt/airflow/dags/pipeline_dag.py
[2026-04-28T09:19:45.606+0000] {processor.py:830} INFO - Processing file /opt/airflow/dags/pipeline_dag.py for tasks to queue
[2026-04-28T09:19:45.610+0000] {logging_mixin.py:188} INFO - [2026-04-28T09:19:45.609+0000] {dagbag.py:538} INFO - Filling up the DagBag from /opt/airflow/dags/pipeline_dag.py
[2026-04-28T09:19:45.635+0000] {processor.py:840} INFO - DAG(s) 'energy_pipeline' retrieved from /opt/airflow/dags/pipeline_dag.py
[2026-04-28T09:19:45.733+0000] {logging_mixin.py:188} INFO - [2026-04-28T09:19:45.732+0000] {dag.py:3036} INFO - Sync 1 DAGs
[2026-04-28T09:19:45.802+0000] {logging_mixin.py:188} INFO - [2026-04-28T09:19:45.802+0000] {dag.py:3823} INFO - Setting next_dagrun for energy_pipeline to 2026-04-28 00:00:00+00:00, run_after=2026-04-29 00:00:00+00:00
[2026-04-28T09:19:45.865+0000] {processor.py:183} INFO - Processing /opt/airflow/dags/pipeline_dag.py took 0.271 seconds
[2026-04-28T09:20:39.355+0000] {processor.py:161} INFO - Started process (PID=315) to work on /opt/airflow/dags/pipeline_dag.py
[2026-04-28T09:20:39.362+0000] {processor.py:830} INFO - Processing file /opt/airflow/dags/pipeline_dag.py for tasks to queue
[2026-04-28T09:20:39.367+0000] {logging_mixin.py:188} INFO - [2026-04-28T09:20:39.365+0000] {dagbag.py:538} INFO - Filling up the DagBag from /opt/airflow/dags/pipeline_dag.py
[2026-04-28T09:20:39.405+0000] {processor.py:840} INFO - DAG(s) 'energy_pipeline' retrieved from /opt/airflow/dags/pipeline_dag.py
[2026-04-28T09:20:39.535+0000] {logging_mixin.py:188} INFO - [2026-04-28T09:20:39.535+0000] {dag.py:3036} INFO - Sync 1 DAGs
[2026-04-28T09:20:39.609+0000] {logging_mixin.py:188} INFO - [2026-04-28T09:20:39.608+0000] {dag.py:3823} INFO - Setting next_dagrun for energy_pipeline to 2026-04-28 00:00:00+00:00, run_after=2026-04-29 00:00:00+00:00
[2026-04-28T09:20:39.686+0000] {processor.py:183} INFO - Processing /opt/airflow/dags/pipeline_dag.py took 0.350 seconds
[2026-04-28T09:23:39.308+0000] {processor.py:161} INFO - Started process (PID=394) to work on /opt/airflow/dags/pipeline_dag.py
[2026-04-28T09:23:39.312+0000] {processor.py:830} INFO - Processing file /opt/airflow/dags/pipeline_dag.py for tasks to queue
[2026-04-28T09:23:39.315+0000] {logging_mixin.py:188} INFO - [2026-04-28T09:23:39.314+0000] {dagbag.py:538} INFO - Filling up the DagBag from /opt/airflow/dags/pipeline_dag.py
[2026-04-28T09:23:39.358+0000] {processor.py:840} INFO - DAG(s) 'energy_pipeline' retrieved from /opt/airflow/dags/pipeline_dag.py
[2026-04-28T09:23:39.419+0000] {logging_mixin.py:188} INFO - [2026-04-28T09:23:39.418+0000] {dag.py:3036} INFO - Sync 1 DAGs
[2026-04-28T09:23:39.460+0000] {logging_mixin.py:188} INFO - [2026-04-28T09:23:39.459+0000] {dag.py:3823} INFO - Setting next_dagrun for energy_pipeline to 2026-04-28 00:00:00+00:00, run_after=2026-04-29 00:00:00+00:00
[2026-04-28T09:23:39.506+0000] {processor.py:183} INFO - Processing /opt/airflow/dags/pipeline_dag.py took 0.215 seconds
[2026-04-28T09:24:10.788+0000] {processor.py:161} INFO - Started process (PID=540) to work on /opt/airflow/dags/pipeline_dag.py
[2026-04-28T09:24:10.789+0000] {processor.py:830} INFO - Processing file /opt/airflow/dags/pipeline_dag.py for tasks to queue
[2026-04-28T09:24:10.791+0000] {logging_mixin.py:188} INFO - [2026-04-28T09:24:10.791+0000] {dagbag.py:538} INFO - Filling up the DagBag from /opt/airflow/dags/pipeline_dag.py
[2026-04-28T09:24:10.805+0000] {processor.py:840} INFO - DAG(s) 'energy_pipeline' retrieved from /opt/airflow/dags/pipeline_dag.py
[2026-04-28T09:24:10.845+0000] {logging_mixin.py:188} INFO - [2026-04-28T09:24:10.845+0000] {dag.py:3036} INFO - Sync 1 DAGs
[2026-04-28T09:24:10.874+0000] {logging_mixin.py:188} INFO - [2026-04-28T09:24:10.874+0000] {dag.py:3823} INFO - Setting next_dagrun for energy_pipeline to 2026-04-28 00:00:00+00:00, run_after=2026-04-29 00:00:00+00:00
[2026-04-28T09:24:10.915+0000] {processor.py:183} INFO - Processing /opt/airflow/dags/pipeline_dag.py took 0.133 seconds
[2026-04-28T09:24:41.169+0000] {processor.py:161} INFO - Started process (PID=541) to work on /opt/airflow/dags/pipeline_dag.py
[2026-04-28T09:24:41.170+0000] {processor.py:830} INFO - Processing file /opt/airflow/dags/pipeline_dag.py for tasks to queue
[2026-04-28T09:24:41.172+0000] {logging_mixin.py:188} INFO - [2026-04-28T09:24:41.171+0000] {dagbag.py:538} INFO - Filling up the DagBag from /opt/airflow/dags/pipeline_dag.py
[2026-04-28T09:24:41.190+0000] {processor.py:840} INFO - DAG(s) 'energy_pipeline' retrieved from /opt/airflow/dags/pipeline_dag.py
[2026-04-28T09:24:41.239+0000] {logging_mixin.py:188} INFO - [2026-04-28T09:24:41.238+0000] {dag.py:3036} INFO - Sync 1 DAGs
[2026-04-28T09:24:41.286+0000] {logging_mixin.py:188} INFO - [2026-04-28T09:24:41.285+0000] {dag.py:3823} INFO - Setting next_dagrun for energy_pipeline to 2026-04-28 00:00:00+00:00, run_after=2026-04-29 00:00:00+00:00
[2026-04-28T09:24:41.323+0000] {processor.py:183} INFO - Processing /opt/airflow/dags/pipeline_dag.py took 0.158 seconds
[2026-04-28T09:25:11.951+0000] {processor.py:161} INFO - Started process (PID=542) to work on /opt/airflow/dags/pipeline_dag.py
[2026-04-28T09:25:11.953+0000] {processor.py:830} INFO - Processing file /opt/airflow/dags/pipeline_dag.py for tasks to queue
[2026-04-28T09:25:11.954+0000] {logging_mixin.py:188} INFO - [2026-04-28T09:25:11.953+0000] {dagbag.py:538} INFO - Filling up the DagBag from /opt/airflow/dags/pipeline_dag.py
[2026-04-28T09:25:11.963+0000] {processor.py:840} INFO - DAG(s) 'energy_pipeline' retrieved from /opt/airflow/dags/pipeline_dag.py
[2026-04-28T09:25:11.991+0000] {logging_mixin.py:188} INFO - [2026-04-28T09:25:11.991+0000] {dag.py:3036} INFO - Sync 1 DAGs
[2026-04-28T09:25:12.016+0000] {logging_mixin.py:188} INFO - [2026-04-28T09:25:12.015+0000] {dag.py:3823} INFO - Setting next_dagrun for energy_pipeline to 2026-04-28 00:00:00+00:00, run_after=2026-04-29 00:00:00+00:00
[2026-04-28T09:25:12.039+0000] {processor.py:183} INFO - Processing /opt/airflow/dags/pipeline_dag.py took 0.091 seconds
[2026-04-28T09:25:42.276+0000] {processor.py:161} INFO - Started process (PID=543) to work on /opt/airflow/dags/pipeline_dag.py
[2026-04-28T09:25:42.278+0000] {processor.py:830} INFO - Processing file /opt/airflow/dags/pipeline_dag.py for tasks to queue
[2026-04-28T09:25:42.279+0000] {logging_mixin.py:188} INFO - [2026-04-28T09:25:42.278+0000] {dagbag.py:538} INFO - Filling up the DagBag from /opt/airflow/dags/pipeline_dag.py
[2026-04-28T09:25:42.289+0000] {processor.py:840} INFO - DAG(s) 'energy_pipeline' retrieved from /opt/airflow/dags/pipeline_dag.py
[2026-04-28T09:25:42.318+0000] {logging_mixin.py:188} INFO - [2026-04-28T09:25:42.318+0000] {dag.py:3036} INFO - Sync 1 DAGs
[2026-04-28T09:25:42.336+0000] {logging_mixin.py:188} INFO - [2026-04-28T09:25:42.336+0000] {dag.py:3823} INFO - Setting next_dagrun for energy_pipeline to 2026-04-28 00:00:00+00:00, run_after=2026-04-29 00:00:00+00:00
[2026-04-28T09:25:42.359+0000] {processor.py:183} INFO - Processing /opt/airflow/dags/pipeline_dag.py took 0.087 seconds
[2026-04-28T09:26:12.576+0000] {processor.py:161} INFO - Started process (PID=544) to work on /opt/airflow/dags/pipeline_dag.py
[2026-04-28T09:26:12.577+0000] {processor.py:830} INFO - Processing file /opt/airflow/dags/pipeline_dag.py for tasks to queue
[2026-04-28T09:26:12.578+0000] {logging_mixin.py:188} INFO - [2026-04-28T09:26:12.578+0000] {dagbag.py:538} INFO - Filling up the DagBag from /opt/airflow/dags/pipeline_dag.py
[2026-04-28T09:26:12.590+0000] {processor.py:840} INFO - DAG(s) 'energy_pipeline' retrieved from /opt/airflow/dags/pipeline_dag.py
[2026-04-28T09:26:12.619+0000] {logging_mixin.py:188} INFO - [2026-04-28T09:26:12.619+0000] {dag.py:3036} INFO - Sync 1 DAGs
[2026-04-28T09:26:12.639+0000] {logging_mixin.py:188} INFO - [2026-04-28T09:26:12.639+0000] {dag.py:3823} INFO - Setting next_dagrun for energy_pipeline to 2026-04-28 00:00:00+00:00, run_after=2026-04-29 00:00:00+00:00
[2026-04-28T09:26:12.664+0000] {processor.py:183} INFO - Processing /opt/airflow/dags/pipeline_dag.py took 0.092 seconds
[2026-04-28T09:26:43.140+0000] {processor.py:161} INFO - Started process (PID=545) to work on /opt/airflow/dags/pipeline_dag.py
[2026-04-28T09:26:43.142+0000] {processor.py:830} INFO - Processing file /opt/airflow/dags/pipeline_dag.py for tasks to queue
[2026-04-28T09:26:43.143+0000] {logging_mixin.py:188} INFO - [2026-04-28T09:26:43.142+0000] {dagbag.py:538} INFO - Filling up the DagBag from /opt/airflow/dags/pipeline_dag.py
[2026-04-28T09:26:43.154+0000] {processor.py:840} INFO - DAG(s) 'energy_pipeline' retrieved from /opt/airflow/dags/pipeline_dag.py
[2026-04-28T09:26:43.188+0000] {logging_mixin.py:188} INFO - [2026-04-28T09:26:43.187+0000] {dag.py:3036} INFO - Sync 1 DAGs
[2026-04-28T09:26:43.222+0000] {logging_mixin.py:188} INFO - [2026-04-28T09:26:43.221+0000] {dag.py:3823} INFO - Setting next_dagrun for energy_pipeline to 2026-04-28 00:00:00+00:00, run_after=2026-04-29 00:00:00+00:00
[2026-04-28T09:26:43.255+0000] {processor.py:183} INFO - Processing /opt/airflow/dags/pipeline_dag.py took 0.119 seconds
[2026-04-28T09:27:13.604+0000] {processor.py:161} INFO - Started process (PID=546) to work on /opt/airflow/dags/pipeline_dag.py
[2026-04-28T09:27:13.607+0000] {processor.py:830} INFO - Processing file /opt/airflow/dags/pipeline_dag.py for tasks to queue
[2026-04-28T09:27:13.609+0000] {logging_mixin.py:188} INFO - [2026-04-28T09:27:13.608+0000] {dagbag.py:538} INFO - Filling up the DagBag from /opt/airflow/dags/pipeline_dag.py
[2026-04-28T09:27:13.620+0000] {processor.py:840} INFO - DAG(s) 'energy_pipeline' retrieved from /opt/airflow/dags/pipeline_dag.py
[2026-04-28T09:27:13.655+0000] {logging_mixin.py:188} INFO - [2026-04-28T09:27:13.655+0000] {dag.py:3036} INFO - Sync 1 DAGs
[2026-04-28T09:27:13.681+0000] {logging_mixin.py:188} INFO - [2026-04-28T09:27:13.681+0000] {dag.py:3823} INFO - Setting next_dagrun for energy_pipeline to 2026-04-28 00:00:00+00:00, run_after=2026-04-29 00:00:00+00:00
[2026-04-28T09:27:13.713+0000] {processor.py:183} INFO - Processing /opt/airflow/dags/pipeline_dag.py took 0.119 seconds
[2026-04-28T09:27:44.070+0000] {processor.py:161} INFO - Started process (PID=547) to work on /opt/airflow/dags/pipeline_dag.py
[2026-04-28T09:27:44.071+0000] {processor.py:830} INFO - Processing file /opt/airflow/dags/pipeline_dag.py for tasks to queue
[2026-04-28T09:27:44.073+0000] {logging_mixin.py:188} INFO - [2026-04-28T09:27:44.072+0000] {dagbag.py:538} INFO - Filling up the DagBag from /opt/airflow/dags/pipeline_dag.py
[2026-04-28T09:27:44.085+0000] {processor.py:840} INFO - DAG(s) 'energy_pipeline' retrieved from /opt/airflow/dags/pipeline_dag.py
[2026-04-28T09:27:44.123+0000] {logging_mixin.py:188} INFO - [2026-04-28T09:27:44.122+0000] {dag.py:3036} INFO - Sync 1 DAGs
[2026-04-28T09:27:44.151+0000] {logging_mixin.py:188} INFO - [2026-04-28T09:27:44.150+0000] {dag.py:3823} INFO - Setting next_dagrun for energy_pipeline to 2026-04-28 00:00:00+00:00, run_after=2026-04-29 00:00:00+00:00
[2026-04-28T09:27:44.187+0000] {processor.py:183} INFO - Processing /opt/airflow/dags/pipeline_dag.py took 0.122 seconds
[2026-04-28T09:28:14.515+0000] {processor.py:161} INFO - Started process (PID=548) to work on /opt/airflow/dags/pipeline_dag.py
[2026-04-28T09:28:14.516+0000] {processor.py:830} INFO - Processing file /opt/airflow/dags/pipeline_dag.py for tasks to queue
[2026-04-28T09:28:14.517+0000] {logging_mixin.py:188} INFO - [2026-04-28T09:28:14.517+0000] {dagbag.py:538} INFO - Filling up the DagBag from /opt/airflow/dags/pipeline_dag.py
[2026-04-28T09:28:14.526+0000] {processor.py:840} INFO - DAG(s) 'energy_pipeline' retrieved from /opt/airflow/dags/pipeline_dag.py
[2026-04-28T09:28:14.553+0000] {logging_mixin.py:188} INFO - [2026-04-28T09:28:14.553+0000] {dag.py:3036} INFO - Sync 1 DAGs
[2026-04-28T09:28:14.573+0000] {logging_mixin.py:188} INFO - [2026-04-28T09:28:14.572+0000] {dag.py:3823} INFO - Setting next_dagrun for energy_pipeline to 2026-04-28 00:00:00+00:00, run_after=2026-04-29 00:00:00+00:00
[2026-04-28T09:28:14.600+0000] {processor.py:183} INFO - Processing /opt/airflow/dags/pipeline_dag.py took 0.096 seconds
[2026-04-28T09:31:10.448+0000] {processor.py:161} INFO - Started process (PID=82) to work on /opt/airflow/dags/pipeline_dag.py
[2026-04-28T09:31:10.458+0000] {processor.py:830} INFO - Processing file /opt/airflow/dags/pipeline_dag.py for tasks to queue
[2026-04-28T09:31:10.460+0000] {logging_mixin.py:188} INFO - [2026-04-28T09:31:10.459+0000] {dagbag.py:538} INFO - Filling up the DagBag from /opt/airflow/dags/pipeline_dag.py
[2026-04-28T09:31:10.500+0000] {processor.py:840} INFO - DAG(s) 'energy_pipeline' retrieved from /opt/airflow/dags/pipeline_dag.py
[2026-04-28T09:31:10.553+0000] {logging_mixin.py:188} INFO - [2026-04-28T09:31:10.539+0000] {dag.py:3036} INFO - Sync 1 DAGs
[2026-04-28T09:31:11.054+0000] {logging_mixin.py:188} INFO - [2026-04-28T09:31:11.054+0000] {dag.py:3823} INFO - Setting next_dagrun for energy_pipeline to 2026-04-28 00:00:00+00:00, run_after=2026-04-29 00:00:00+00:00
[2026-04-28T09:31:11.100+0000] {processor.py:183} INFO - Processing /opt/airflow/dags/pipeline_dag.py took 0.673 seconds
[2026-04-28T09:32:15.339+0000] {processor.py:161} INFO - Started process (PID=81) to work on /opt/airflow/dags/pipeline_dag.py
[2026-04-28T09:32:15.343+0000] {processor.py:830} INFO - Processing file /opt/airflow/dags/pipeline_dag.py for tasks to queue
[2026-04-28T09:32:15.346+0000] {logging_mixin.py:188} INFO - [2026-04-28T09:32:15.345+0000] {dagbag.py:538} INFO - Filling up the DagBag from /opt/airflow/dags/pipeline_dag.py
[2026-04-28T09:32:15.381+0000] {processor.py:840} INFO - DAG(s) 'energy_pipeline' retrieved from /opt/airflow/dags/pipeline_dag.py
[2026-04-28T09:32:15.434+0000] {logging_mixin.py:188} INFO - [2026-04-28T09:32:15.427+0000] {dag.py:3036} INFO - Sync 1 DAGs
[2026-04-28T09:32:15.721+0000] {logging_mixin.py:188} INFO - [2026-04-28T09:32:15.720+0000] {dag.py:3823} INFO - Setting next_dagrun for energy_pipeline to 2026-04-28 00:00:00+00:00, run_after=2026-04-29 00:00:00+00:00
[2026-04-28T09:32:15.774+0000] {processor.py:183} INFO - Processing /opt/airflow/dags/pipeline_dag.py took 0.441 seconds
[2026-04-28T09:36:55.204+0000] {processor.py:161} INFO - Started process (PID=82) to work on /opt/airflow/dags/pipeline_dag.py
[2026-04-28T09:36:55.206+0000] {processor.py:830} INFO - Processing file /opt/airflow/dags/pipeline_dag.py for tasks to queue
[2026-04-28T09:36:55.208+0000] {logging_mixin.py:188} INFO - [2026-04-28T09:36:55.207+0000] {dagbag.py:538} INFO - Filling up the DagBag from /opt/airflow/dags/pipeline_dag.py
[2026-04-28T09:36:55.223+0000] {processor.py:840} INFO - DAG(s) 'energy_pipeline' retrieved from /opt/airflow/dags/pipeline_dag.py
[2026-04-28T09:36:55.236+0000] {logging_mixin.py:188} INFO - [2026-04-28T09:36:55.236+0000] {dag.py:3036} INFO - Sync 1 DAGs
[2026-04-28T09:36:55.395+0000] {logging_mixin.py:188} INFO - [2026-04-28T09:36:55.395+0000] {dag.py:3823} INFO - Setting next_dagrun for energy_pipeline to 2026-04-28 00:00:00+00:00, run_after=2026-04-29 00:00:00+00:00
[2026-04-28T09:36:55.421+0000] {processor.py:183} INFO - Processing /opt/airflow/dags/pipeline_dag.py took 0.221 seconds
[2026-04-28T09:38:17.686+0000] {processor.py:161} INFO - Started process (PID=211) to work on /opt/airflow/dags/pipeline_dag.py
[2026-04-28T09:38:17.688+0000] {processor.py:830} INFO - Processing file /opt/airflow/dags/pipeline_dag.py for tasks to queue
[2026-04-28T09:38:17.689+0000] {logging_mixin.py:188} INFO - [2026-04-28T09:38:17.689+0000] {dagbag.py:538} INFO - Filling up the DagBag from /opt/airflow/dags/pipeline_dag.py
[2026-04-28T09:38:17.698+0000] {processor.py:840} INFO - DAG(s) 'energy_pipeline' retrieved from /opt/airflow/dags/pipeline_dag.py
[2026-04-28T09:38:17.808+0000] {logging_mixin.py:188} INFO - [2026-04-28T09:38:17.807+0000] {dag.py:3036} INFO - Sync 1 DAGs
[2026-04-28T09:38:17.825+0000] {logging_mixin.py:188} INFO - [2026-04-28T09:38:17.824+0000] {dag.py:3823} INFO - Setting next_dagrun for energy_pipeline to 2026-04-28 00:00:00+00:00, run_after=2026-04-29 00:00:00+00:00
[2026-04-28T09:38:17.851+0000] {processor.py:183} INFO - Processing /opt/airflow/dags/pipeline_dag.py took 0.167 seconds
[2026-04-28T09:39:19.799+0000] {processor.py:161} INFO - Started process (PID=316) to work on /opt/airflow/dags/pipeline_dag.py
[2026-04-28T09:39:19.801+0000] {processor.py:830} INFO - Processing file /opt/airflow/dags/pipeline_dag.py for tasks to queue
[2026-04-28T09:39:19.803+0000] {logging_mixin.py:188} INFO - [2026-04-28T09:39:19.802+0000] {dagbag.py:538} INFO - Filling up the DagBag from /opt/airflow/dags/pipeline_dag.py
[2026-04-28T09:39:19.815+0000] {processor.py:840} INFO - DAG(s) 'energy_pipeline' retrieved from /opt/airflow/dags/pipeline_dag.py
[2026-04-28T09:39:19.852+0000] {logging_mixin.py:188} INFO - [2026-04-28T09:39:19.852+0000] {dag.py:3036} INFO - Sync 1 DAGs
[2026-04-28T09:39:19.879+0000] {logging_mixin.py:188} INFO - [2026-04-28T09:39:19.878+0000] {dag.py:3823} INFO - Setting next_dagrun for energy_pipeline to 2026-04-28 00:00:00+00:00, run_after=2026-04-29 00:00:00+00:00
[2026-04-28T09:39:19.920+0000] {processor.py:183} INFO - Processing /opt/airflow/dags/pipeline_dag.py took 0.125 seconds
[2026-04-28T09:41:38.241+0000] {processor.py:161} INFO - Started process (PID=405) to work on /opt/airflow/dags/pipeline_dag.py
[2026-04-28T09:41:38.242+0000] {processor.py:830} INFO - Processing file /opt/airflow/dags/pipeline_dag.py for tasks to queue
[2026-04-28T09:41:38.243+0000] {logging_mixin.py:188} INFO - [2026-04-28T09:41:38.243+0000] {dagbag.py:538} INFO - Filling up the DagBag from /opt/airflow/dags/pipeline_dag.py
[2026-04-28T09:41:38.252+0000] {processor.py:840} INFO - DAG(s) 'energy_pipeline' retrieved from /opt/airflow/dags/pipeline_dag.py
[2026-04-28T09:41:38.282+0000] {logging_mixin.py:188} INFO - [2026-04-28T09:41:38.282+0000] {dag.py:3036} INFO - Sync 1 DAGs
[2026-04-28T09:41:38.302+0000] {logging_mixin.py:188} INFO - [2026-04-28T09:41:38.302+0000] {dag.py:3823} INFO - Setting next_dagrun for energy_pipeline to 2026-04-28 00:00:00+00:00, run_after=2026-04-29 00:00:00+00:00
[2026-04-28T09:41:38.329+0000] {processor.py:183} INFO - Processing /opt/airflow/dags/pipeline_dag.py took 0.091 seconds
[2026-04-28T09:42:24.124+0000] {processor.py:161} INFO - Started process (PID=476) to work on /opt/airflow/dags/pipeline_dag.py
[2026-04-28T09:42:24.126+0000] {processor.py:830} INFO - Processing file /opt/airflow/dags/pipeline_dag.py for tasks to queue
[2026-04-28T09:42:24.127+0000] {logging_mixin.py:188} INFO - [2026-04-28T09:42:24.126+0000] {dagbag.py:538} INFO - Filling up the DagBag from /opt/airflow/dags/pipeline_dag.py
[2026-04-28T09:42:24.139+0000] {processor.py:840} INFO - DAG(s) 'energy_pipeline' retrieved from /opt/airflow/dags/pipeline_dag.py
[2026-04-28T09:42:24.177+0000] {logging_mixin.py:188} INFO - [2026-04-28T09:42:24.176+0000] {dag.py:3036} INFO - Sync 1 DAGs
[2026-04-28T09:42:24.203+0000] {logging_mixin.py:188} INFO - [2026-04-28T09:42:24.203+0000] {dag.py:3823} INFO - Setting next_dagrun for energy_pipeline to 2026-04-28 00:00:00+00:00, run_after=2026-04-29 00:00:00+00:00
[2026-04-28T09:42:24.252+0000] {processor.py:183} INFO - Processing /opt/airflow/dags/pipeline_dag.py took 0.132 seconds
[2026-04-28T09:42:55.287+0000] {processor.py:161} INFO - Started process (PID=519) to work on /opt/airflow/dags/pipeline_dag.py
[2026-04-28T09:42:55.288+0000] {processor.py:830} INFO - Processing file /opt/airflow/dags/pipeline_dag.py for tasks to queue
[2026-04-28T09:42:55.289+0000] {logging_mixin.py:188} INFO - [2026-04-28T09:42:55.289+0000] {dagbag.py:538} INFO - Filling up the DagBag from /opt/airflow/dags/pipeline_dag.py
[2026-04-28T09:42:55.298+0000] {processor.py:840} INFO - DAG(s) 'energy_pipeline' retrieved from /opt/airflow/dags/pipeline_dag.py
[2026-04-28T09:42:55.326+0000] {logging_mixin.py:188} INFO - [2026-04-28T09:42:55.326+0000] {dag.py:3036} INFO - Sync 1 DAGs
[2026-04-28T09:42:55.345+0000] {logging_mixin.py:188} INFO - [2026-04-28T09:42:55.345+0000] {dag.py:3823} INFO - Setting next_dagrun for energy_pipeline to 2026-04-28 00:00:00+00:00, run_after=2026-04-29 00:00:00+00:00
[2026-04-28T09:42:55.372+0000] {processor.py:183} INFO - Processing /opt/airflow/dags/pipeline_dag.py took 0.087 seconds
[2026-04-28T09:43:55.132+0000] {processor.py:161} INFO - Started process (PID=605) to work on /opt/airflow/dags/pipeline_dag.py
[2026-04-28T09:43:55.134+0000] {processor.py:830} INFO - Processing file /opt/airflow/dags/pipeline_dag.py for tasks to queue
[2026-04-28T09:43:55.136+0000] {logging_mixin.py:188} INFO - [2026-04-28T09:43:55.135+0000] {dagbag.py:538} INFO - Filling up the DagBag from /opt/airflow/dags/pipeline_dag.py
[2026-04-28T09:43:55.149+0000] {processor.py:840} INFO - DAG(s) 'energy_pipeline' retrieved from /opt/airflow/dags/pipeline_dag.py
[2026-04-28T09:43:55.190+0000] {logging_mixin.py:188} INFO - [2026-04-28T09:43:55.190+0000] {dag.py:3036} INFO - Sync 1 DAGs
[2026-04-28T09:43:55.219+0000] {logging_mixin.py:188} INFO - [2026-04-28T09:43:55.218+0000] {dag.py:3823} INFO - Setting next_dagrun for energy_pipeline to 2026-04-28 00:00:00+00:00, run_after=2026-04-29 00:00:00+00:00
[2026-04-28T09:43:55.258+0000] {processor.py:183} INFO - Processing /opt/airflow/dags/pipeline_dag.py took 0.131 seconds
[2026-04-28T09:48:19.282+0000] {processor.py:161} INFO - Started process (PID=694) to work on /opt/airflow/dags/pipeline_dag.py
[2026-04-28T09:48:19.284+0000] {processor.py:830} INFO - Processing file /opt/airflow/dags/pipeline_dag.py for tasks to queue
[2026-04-28T09:48:19.285+0000] {logging_mixin.py:188} INFO - [2026-04-28T09:48:19.285+0000] {dagbag.py:538} INFO - Filling up the DagBag from /opt/airflow/dags/pipeline_dag.py
[2026-04-28T09:48:19.296+0000] {processor.py:840} INFO - DAG(s) 'energy_pipeline' retrieved from /opt/airflow/dags/pipeline_dag.py
[2026-04-28T09:48:19.328+0000] {logging_mixin.py:188} INFO - [2026-04-28T09:48:19.327+0000] {dag.py:3036} INFO - Sync 1 DAGs
[2026-04-28T09:48:19.348+0000] {logging_mixin.py:188} INFO - [2026-04-28T09:48:19.348+0000] {dag.py:3823} INFO - Setting next_dagrun for energy_pipeline to 2026-04-28 00:00:00+00:00, run_after=2026-04-29 00:00:00+00:00
[2026-04-28T09:48:19.373+0000] {processor.py:183} INFO - Processing /opt/airflow/dags/pipeline_dag.py took 0.094 seconds
[2026-04-28T09:48:49.529+0000] {processor.py:161} INFO - Started process (PID=695) to work on /opt/airflow/dags/pipeline_dag.py
[2026-04-28T09:48:49.531+0000] {processor.py:830} INFO - Processing file /opt/airflow/dags/pipeline_dag.py for tasks to queue
[2026-04-28T09:48:49.532+0000] {logging_mixin.py:188} INFO - [2026-04-28T09:48:49.531+0000] {dagbag.py:538} INFO - Filling up the DagBag from /opt/airflow/dags/pipeline_dag.py
[2026-04-28T09:48:49.542+0000] {processor.py:840} INFO - DAG(s) 'energy_pipeline' retrieved from /opt/airflow/dags/pipeline_dag.py
[2026-04-28T09:48:49.568+0000] {logging_mixin.py:188} INFO - [2026-04-28T09:48:49.568+0000] {dag.py:3036} INFO - Sync 1 DAGs
[2026-04-28T09:48:49.586+0000] {logging_mixin.py:188} INFO - [2026-04-28T09:48:49.586+0000] {dag.py:3823} INFO - Setting next_dagrun for energy_pipeline to 2026-04-28 00:00:00+00:00, run_after=2026-04-29 00:00:00+00:00
[2026-04-28T09:48:49.611+0000] {processor.py:183} INFO - Processing /opt/airflow/dags/pipeline_dag.py took 0.086 seconds
[2026-04-28T09:49:19.646+0000] {processor.py:161} INFO - Started process (PID=696) to work on /opt/airflow/dags/pipeline_dag.py
[2026-04-28T09:49:19.649+0000] {processor.py:830} INFO - Processing file /opt/airflow/dags/pipeline_dag.py for tasks to queue
[2026-04-28T09:49:19.650+0000] {logging_mixin.py:188} INFO - [2026-04-28T09:49:19.650+0000] {dagbag.py:538} INFO - Filling up the DagBag from /opt/airflow/dags/pipeline_dag.py
[2026-04-28T09:49:19.661+0000] {processor.py:840} INFO - DAG(s) 'energy_pipeline' retrieved from /opt/airflow/dags/pipeline_dag.py
[2026-04-28T09:49:19.696+0000] {logging_mixin.py:188} INFO - [2026-04-28T09:49:19.696+0000] {dag.py:3036} INFO - Sync 1 DAGs
[2026-04-28T09:49:19.721+0000] {logging_mixin.py:188} INFO - [2026-04-28T09:49:19.720+0000] {dag.py:3823} INFO - Setting next_dagrun for energy_pipeline to 2026-04-28 00:00:00+00:00, run_after=2026-04-29 00:00:00+00:00
[2026-04-28T09:49:19.751+0000] {processor.py:183} INFO - Processing /opt/airflow/dags/pipeline_dag.py took 0.109 seconds
[2026-04-28T09:49:50.032+0000] {processor.py:161} INFO - Started process (PID=697) to work on /opt/airflow/dags/pipeline_dag.py
[2026-04-28T09:49:50.034+0000] {processor.py:830} INFO - Processing file /opt/airflow/dags/pipeline_dag.py for tasks to queue
[2026-04-28T09:49:50.035+0000] {logging_mixin.py:188} INFO - [2026-04-28T09:49:50.035+0000] {dagbag.py:538} INFO - Filling up the DagBag from /opt/airflow/dags/pipeline_dag.py
[2026-04-28T09:49:50.046+0000] {processor.py:840} INFO - DAG(s) 'energy_pipeline' retrieved from /opt/airflow/dags/pipeline_dag.py
[2026-04-28T09:49:50.079+0000] {logging_mixin.py:188} INFO - [2026-04-28T09:49:50.079+0000] {dag.py:3036} INFO - Sync 1 DAGs
[2026-04-28T09:49:50.102+0000] {logging_mixin.py:188} INFO - [2026-04-28T09:49:50.102+0000] {dag.py:3823} INFO - Setting next_dagrun for energy_pipeline to 2026-04-28 00:00:00+00:00, run_after=2026-04-29 00:00:00+00:00
[2026-04-28T09:49:50.134+0000] {processor.py:183} INFO - Processing /opt/airflow/dags/pipeline_dag.py took 0.109 seconds
[2026-04-28T09:50:20.445+0000] {processor.py:161} INFO - Started process (PID=698) to work on /opt/airflow/dags/pipeline_dag.py
[2026-04-28T09:50:20.446+0000] {processor.py:830} INFO - Processing file /opt/airflow/dags/pipeline_dag.py for tasks to queue
[2026-04-28T09:50:20.447+0000] {logging_mixin.py:188} INFO - [2026-04-28T09:50:20.447+0000] {dagbag.py:538} INFO - Filling up the DagBag from /opt/airflow/dags/pipeline_dag.py
[2026-04-28T09:50:20.457+0000] {processor.py:840} INFO - DAG(s) 'energy_pipeline' retrieved from /opt/airflow/dags/pipeline_dag.py
[2026-04-28T09:50:20.483+0000] {logging_mixin.py:188} INFO - [2026-04-28T09:50:20.483+0000] {dag.py:3036} INFO - Sync 1 DAGs
[2026-04-28T09:50:20.503+0000] {logging_mixin.py:188} INFO - [2026-04-28T09:50:20.502+0000] {dag.py:3823} INFO - Setting next_dagrun for energy_pipeline to 2026-04-28 00:00:00+00:00, run_after=2026-04-29 00:00:00+00:00
[2026-04-28T09:50:20.526+0000] {processor.py:183} INFO - Processing /opt/airflow/dags/pipeline_dag.py took 0.085 seconds
[2026-04-28T09:50:50.714+0000] {processor.py:161} INFO - Started process (PID=699) to work on /opt/airflow/dags/pipeline_dag.py
[2026-04-28T09:50:50.715+0000] {processor.py:830} INFO - Processing file /opt/airflow/dags/pipeline_dag.py for tasks to queue
[2026-04-28T09:50:50.716+0000] {logging_mixin.py:188} INFO - [2026-04-28T09:50:50.715+0000] {dagbag.py:538} INFO - Filling up the DagBag from /opt/airflow/dags/pipeline_dag.py
[2026-04-28T09:50:50.724+0000] {processor.py:840} INFO - DAG(s) 'energy_pipeline' retrieved from /opt/airflow/dags/pipeline_dag.py
[2026-04-28T09:50:50.750+0000] {logging_mixin.py:188} INFO - [2026-04-28T09:50:50.750+0000] {dag.py:3036} INFO - Sync 1 DAGs
[2026-04-28T09:50:50.770+0000] {logging_mixin.py:188} INFO - [2026-04-28T09:50:50.769+0000] {dag.py:3823} INFO - Setting next_dagrun for energy_pipeline to 2026-04-28 00:00:00+00:00, run_after=2026-04-29 00:00:00+00:00
[2026-04-28T09:50:50.792+0000] {processor.py:183} INFO - Processing /opt/airflow/dags/pipeline_dag.py took 0.083 seconds
[2026-04-28T09:51:20.898+0000] {processor.py:161} INFO - Started process (PID=700) to work on /opt/airflow/dags/pipeline_dag.py
[2026-04-28T09:51:20.899+0000] {processor.py:830} INFO - Processing file /opt/airflow/dags/pipeline_dag.py for tasks to queue
[2026-04-28T09:51:20.900+0000] {logging_mixin.py:188} INFO - [2026-04-28T09:51:20.900+0000] {dagbag.py:538} INFO - Filling up the DagBag from /opt/airflow/dags/pipeline_dag.py
[2026-04-28T09:51:20.909+0000] {processor.py:840} INFO - DAG(s) 'energy_pipeline' retrieved from /opt/airflow/dags/pipeline_dag.py
[2026-04-28T09:51:20.937+0000] {logging_mixin.py:188} INFO - [2026-04-28T09:51:20.937+0000] {dag.py:3036} INFO - Sync 1 DAGs
[2026-04-28T09:51:20.957+0000] {logging_mixin.py:188} INFO - [2026-04-28T09:51:20.957+0000] {dag.py:3823} INFO - Setting next_dagrun for energy_pipeline to 2026-04-28 00:00:00+00:00, run_after=2026-04-29 00:00:00+00:00
[2026-04-28T09:51:20.983+0000] {processor.py:183} INFO - Processing /opt/airflow/dags/pipeline_dag.py took 0.089 seconds
[2026-04-28T09:54:46.629+0000] {processor.py:161} INFO - Started process (PID=82) to work on /opt/airflow/dags/pipeline_dag.py
[2026-04-28T09:54:46.632+0000] {processor.py:830} INFO - Processing file /opt/airflow/dags/pipeline_dag.py for tasks to queue
[2026-04-28T09:54:46.635+0000] {logging_mixin.py:188} INFO - [2026-04-28T09:54:46.634+0000] {dagbag.py:538} INFO - Filling up the DagBag from /opt/airflow/dags/pipeline_dag.py
[2026-04-28T09:54:46.666+0000] {processor.py:840} INFO - DAG(s) 'energy_pipeline' retrieved from /opt/airflow/dags/pipeline_dag.py
[2026-04-28T09:54:46.690+0000] {logging_mixin.py:188} INFO - [2026-04-28T09:54:46.680+0000] {dag.py:3036} INFO - Sync 1 DAGs
[2026-04-28T09:54:46.952+0000] {logging_mixin.py:188} INFO - [2026-04-28T09:54:46.952+0000] {dag.py:3823} INFO - Setting next_dagrun for energy_pipeline to 2026-04-28 00:00:00+00:00, run_after=2026-04-29 00:00:00+00:00
[2026-04-28T09:54:46.986+0000] {processor.py:183} INFO - Processing /opt/airflow/dags/pipeline_dag.py took 0.361 seconds
[2026-04-28T09:55:17.740+0000] {processor.py:161} INFO - Started process (PID=158) to work on /opt/airflow/dags/pipeline_dag.py
[2026-04-28T09:55:17.741+0000] {processor.py:830} INFO - Processing file /opt/airflow/dags/pipeline_dag.py for tasks to queue
[2026-04-28T09:55:17.743+0000] {logging_mixin.py:188} INFO - [2026-04-28T09:55:17.742+0000] {dagbag.py:538} INFO - Filling up the DagBag from /opt/airflow/dags/pipeline_dag.py
[2026-04-28T09:55:18.044+0000] {processor.py:840} INFO - DAG(s) 'energy_pipeline' retrieved from /opt/airflow/dags/pipeline_dag.py
[2026-04-28T09:55:18.157+0000] {logging_mixin.py:188} INFO - [2026-04-28T09:55:18.157+0000] {dag.py:3036} INFO - Sync 1 DAGs
[2026-04-28T09:55:18.177+0000] {logging_mixin.py:188} INFO - [2026-04-28T09:55:18.177+0000] {dag.py:3823} INFO - Setting next_dagrun for energy_pipeline to 2026-04-28 00:00:00+00:00, run_after=2026-04-29 00:00:00+00:00
[2026-04-28T09:55:18.204+0000] {processor.py:183} INFO - Processing /opt/airflow/dags/pipeline_dag.py took 0.468 seconds
[2026-04-28T09:55:49.054+0000] {processor.py:161} INFO - Started process (PID=159) to work on /opt/airflow/dags/pipeline_dag.py
[2026-04-28T09:55:49.055+0000] {processor.py:830} INFO - Processing file /opt/airflow/dags/pipeline_dag.py for tasks to queue
[2026-04-28T09:55:49.056+0000] {logging_mixin.py:188} INFO - [2026-04-28T09:55:49.056+0000] {dagbag.py:538} INFO - Filling up the DagBag from /opt/airflow/dags/pipeline_dag.py
[2026-04-28T09:55:49.074+0000] {processor.py:840} INFO - DAG(s) 'energy_pipeline' retrieved from /opt/airflow/dags/pipeline_dag.py
[2026-04-28T09:55:49.100+0000] {logging_mixin.py:188} INFO - [2026-04-28T09:55:49.100+0000] {dag.py:3036} INFO - Sync 1 DAGs
[2026-04-28T09:55:49.124+0000] {logging_mixin.py:188} INFO - [2026-04-28T09:55:49.124+0000] {dag.py:3823} INFO - Setting next_dagrun for energy_pipeline to 2026-04-28 00:00:00+00:00, run_after=2026-04-29 00:00:00+00:00
[2026-04-28T09:55:49.150+0000] {processor.py:183} INFO - Processing /opt/airflow/dags/pipeline_dag.py took 0.100 seconds
[2026-04-28T09:56:20.277+0000] {processor.py:161} INFO - Started process (PID=160) to work on /opt/airflow/dags/pipeline_dag.py
[2026-04-28T09:56:20.278+0000] {processor.py:830} INFO - Processing file /opt/airflow/dags/pipeline_dag.py for tasks to queue
[2026-04-28T09:56:20.279+0000] {logging_mixin.py:188} INFO - [2026-04-28T09:56:20.279+0000] {dagbag.py:538} INFO - Filling up the DagBag from /opt/airflow/dags/pipeline_dag.py
[2026-04-28T09:56:20.296+0000] {processor.py:840} INFO - DAG(s) 'energy_pipeline' retrieved from /opt/airflow/dags/pipeline_dag.py
[2026-04-28T09:56:20.322+0000] {logging_mixin.py:188} INFO - [2026-04-28T09:56:20.321+0000] {dag.py:3036} INFO - Sync 1 DAGs
[2026-04-28T09:56:20.344+0000] {logging_mixin.py:188} INFO - [2026-04-28T09:56:20.343+0000] {dag.py:3823} INFO - Setting next_dagrun for energy_pipeline to 2026-04-28 00:00:00+00:00, run_after=2026-04-29 00:00:00+00:00
[2026-04-28T09:56:20.368+0000] {processor.py:183} INFO - Processing /opt/airflow/dags/pipeline_dag.py took 0.095 seconds
[2026-04-28T09:56:50.448+0000] {processor.py:161} INFO - Started process (PID=161) to work on /opt/airflow/dags/pipeline_dag.py
[2026-04-28T09:56:50.449+0000] {processor.py:830} INFO - Processing file /opt/airflow/dags/pipeline_dag.py for tasks to queue
[2026-04-28T09:56:50.451+0000] {logging_mixin.py:188} INFO - [2026-04-28T09:56:50.450+0000] {dagbag.py:538} INFO - Filling up the DagBag from /opt/airflow/dags/pipeline_dag.py
[2026-04-28T09:56:50.468+0000] {processor.py:840} INFO - DAG(s) 'energy_pipeline' retrieved from /opt/airflow/dags/pipeline_dag.py
[2026-04-28T09:56:50.493+0000] {logging_mixin.py:188} INFO - [2026-04-28T09:56:50.493+0000] {dag.py:3036} INFO - Sync 1 DAGs
[2026-04-28T09:56:50.516+0000] {logging_mixin.py:188} INFO - [2026-04-28T09:56:50.515+0000] {dag.py:3823} INFO - Setting next_dagrun for energy_pipeline to 2026-04-28 00:00:00+00:00, run_after=2026-04-29 00:00:00+00:00
[2026-04-28T09:56:50.538+0000] {processor.py:183} INFO - Processing /opt/airflow/dags/pipeline_dag.py took 0.094 seconds
[2026-04-28T09:57:20.618+0000] {processor.py:161} INFO - Started process (PID=162) to work on /opt/airflow/dags/pipeline_dag.py
[2026-04-28T09:57:20.619+0000] {processor.py:830} INFO - Processing file /opt/airflow/dags/pipeline_dag.py for tasks to queue
[2026-04-28T09:57:20.620+0000] {logging_mixin.py:188} INFO - [2026-04-28T09:57:20.620+0000] {dagbag.py:538} INFO - Filling up the DagBag from /opt/airflow/dags/pipeline_dag.py
[2026-04-28T09:57:20.637+0000] {processor.py:840} INFO - DAG(s) 'energy_pipeline' retrieved from /opt/airflow/dags/pipeline_dag.py
[2026-04-28T09:57:20.665+0000] {logging_mixin.py:188} INFO - [2026-04-28T09:57:20.664+0000] {dag.py:3036} INFO - Sync 1 DAGs
[2026-04-28T09:57:20.687+0000] {logging_mixin.py:188} INFO - [2026-04-28T09:57:20.687+0000] {dag.py:3823} INFO - Setting next_dagrun for energy_pipeline to 2026-04-28 00:00:00+00:00, run_after=2026-04-29 00:00:00+00:00
[2026-04-28T09:57:20.713+0000] {processor.py:183} INFO - Processing /opt/airflow/dags/pipeline_dag.py took 0.099 seconds
[2026-04-28T09:57:51.834+0000] {processor.py:161} INFO - Started process (PID=163) to work on /opt/airflow/dags/pipeline_dag.py
[2026-04-28T09:57:51.835+0000] {processor.py:830} INFO - Processing file /opt/airflow/dags/pipeline_dag.py for tasks to queue
[2026-04-28T09:57:51.836+0000] {logging_mixin.py:188} INFO - [2026-04-28T09:57:51.836+0000] {dagbag.py:538} INFO - Filling up the DagBag from /opt/airflow/dags/pipeline_dag.py
[2026-04-28T09:57:51.854+0000] {processor.py:840} INFO - DAG(s) 'energy_pipeline' retrieved from /opt/airflow/dags/pipeline_dag.py
[2026-04-28T09:57:51.881+0000] {logging_mixin.py:188} INFO - [2026-04-28T09:57:51.880+0000] {dag.py:3036} INFO - Sync 1 DAGs
[2026-04-28T09:57:51.903+0000] {logging_mixin.py:188} INFO - [2026-04-28T09:57:51.903+0000] {dag.py:3823} INFO - Setting next_dagrun for energy_pipeline to 2026-04-28 00:00:00+00:00, run_after=2026-04-29 00:00:00+00:00
[2026-04-28T09:57:51.929+0000] {processor.py:183} INFO - Processing /opt/airflow/dags/pipeline_dag.py took 0.099 seconds
[2026-04-28T09:58:22.866+0000] {processor.py:161} INFO - Started process (PID=164) to work on /opt/airflow/dags/pipeline_dag.py
[2026-04-28T09:58:22.868+0000] {processor.py:830} INFO - Processing file /opt/airflow/dags/pipeline_dag.py for tasks to queue
[2026-04-28T09:58:22.869+0000] {logging_mixin.py:188} INFO - [2026-04-28T09:58:22.869+0000] {dagbag.py:538} INFO - Filling up the DagBag from /opt/airflow/dags/pipeline_dag.py
[2026-04-28T09:58:22.888+0000] {processor.py:840} INFO - DAG(s) 'energy_pipeline' retrieved from /opt/airflow/dags/pipeline_dag.py
[2026-04-28T09:58:22.918+0000] {logging_mixin.py:188} INFO - [2026-04-28T09:58:22.918+0000] {dag.py:3036} INFO - Sync 1 DAGs
[2026-04-28T09:58:22.943+0000] {logging_mixin.py:188} INFO - [2026-04-28T09:58:22.943+0000] {dag.py:3823} INFO - Setting next_dagrun for energy_pipeline to 2026-04-28 00:00:00+00:00, run_after=2026-04-29 00:00:00+00:00
[2026-04-28T09:58:22.969+0000] {processor.py:183} INFO - Processing /opt/airflow/dags/pipeline_dag.py took 0.108 seconds
[2026-04-28T09:58:53.438+0000] {processor.py:161} INFO - Started process (PID=165) to work on /opt/airflow/dags/pipeline_dag.py
[2026-04-28T09:58:53.439+0000] {processor.py:830} INFO - Processing file /opt/airflow/dags/pipeline_dag.py for tasks to queue
[2026-04-28T09:58:53.440+0000] {logging_mixin.py:188} INFO - [2026-04-28T09:58:53.439+0000] {dagbag.py:538} INFO - Filling up the DagBag from /opt/airflow/dags/pipeline_dag.py
[2026-04-28T09:58:53.456+0000] {processor.py:840} INFO - DAG(s) 'energy_pipeline' retrieved from /opt/airflow/dags/pipeline_dag.py
[2026-04-28T09:58:53.492+0000] {logging_mixin.py:188} INFO - [2026-04-28T09:58:53.491+0000] {dag.py:3036} INFO - Sync 1 DAGs
[2026-04-28T09:58:53.526+0000] {logging_mixin.py:188} INFO - [2026-04-28T09:58:53.525+0000] {dag.py:3823} INFO - Setting next_dagrun for energy_pipeline to 2026-04-28 00:00:00+00:00, run_after=2026-04-29 00:00:00+00:00
[2026-04-28T09:58:53.560+0000] {processor.py:183} INFO - Processing /opt/airflow/dags/pipeline_dag.py took 0.126 seconds
[2026-04-28T09:59:24.045+0000] {processor.py:161} INFO - Started process (PID=166) to work on /opt/airflow/dags/pipeline_dag.py
[2026-04-28T09:59:24.046+0000] {processor.py:830} INFO - Processing file /opt/airflow/dags/pipeline_dag.py for tasks to queue
[2026-04-28T09:59:24.047+0000] {logging_mixin.py:188} INFO - [2026-04-28T09:59:24.047+0000] {dagbag.py:538} INFO - Filling up the DagBag from /opt/airflow/dags/pipeline_dag.py
[2026-04-28T09:59:24.062+0000] {processor.py:840} INFO - DAG(s) 'energy_pipeline' retrieved from /opt/airflow/dags/pipeline_dag.py
[2026-04-28T09:59:24.090+0000] {logging_mixin.py:188} INFO - [2026-04-28T09:59:24.090+0000] {dag.py:3036} INFO - Sync 1 DAGs
[2026-04-28T09:59:24.113+0000] {logging_mixin.py:188} INFO - [2026-04-28T09:59:24.113+0000] {dag.py:3823} INFO - Setting next_dagrun for energy_pipeline to 2026-04-28 00:00:00+00:00, run_after=2026-04-29 00:00:00+00:00
[2026-04-28T09:59:24.138+0000] {processor.py:183} INFO - Processing /opt/airflow/dags/pipeline_dag.py took 0.096 seconds
[2026-04-28T09:59:54.465+0000] {processor.py:161} INFO - Started process (PID=167) to work on /opt/airflow/dags/pipeline_dag.py
[2026-04-28T09:59:54.467+0000] {processor.py:830} INFO - Processing file /opt/airflow/dags/pipeline_dag.py for tasks to queue
[2026-04-28T09:59:54.468+0000] {logging_mixin.py:188} INFO - [2026-04-28T09:59:54.468+0000] {dagbag.py:538} INFO - Filling up the DagBag from /opt/airflow/dags/pipeline_dag.py
[2026-04-28T09:59:54.492+0000] {processor.py:840} INFO - DAG(s) 'energy_pipeline' retrieved from /opt/airflow/dags/pipeline_dag.py
[2026-04-28T09:59:54.528+0000] {logging_mixin.py:188} INFO - [2026-04-28T09:59:54.528+0000] {dag.py:3036} INFO - Sync 1 DAGs
[2026-04-28T09:59:54.558+0000] {logging_mixin.py:188} INFO - [2026-04-28T09:59:54.557+0000] {dag.py:3823} INFO - Setting next_dagrun for energy_pipeline to 2026-04-28 00:00:00+00:00, run_after=2026-04-29 00:00:00+00:00
[2026-04-28T09:59:54.587+0000] {processor.py:183} INFO - Processing /opt/airflow/dags/pipeline_dag.py took 0.127 seconds
[2026-04-28T10:00:24.680+0000] {processor.py:161} INFO - Started process (PID=220) to work on /opt/airflow/dags/pipeline_dag.py
[2026-04-28T10:00:24.681+0000] {processor.py:830} INFO - Processing file /opt/airflow/dags/pipeline_dag.py for tasks to queue
[2026-04-28T10:00:24.683+0000] {logging_mixin.py:188} INFO - [2026-04-28T10:00:24.682+0000] {dagbag.py:538} INFO - Filling up the DagBag from /opt/airflow/dags/pipeline_dag.py
[2026-04-28T10:00:24.700+0000] {processor.py:840} INFO - DAG(s) 'energy_pipeline' retrieved from /opt/airflow/dags/pipeline_dag.py
[2026-04-28T10:00:24.728+0000] {logging_mixin.py:188} INFO - [2026-04-28T10:00:24.728+0000] {dag.py:3036} INFO - Sync 1 DAGs
[2026-04-28T10:00:24.751+0000] {logging_mixin.py:188} INFO - [2026-04-28T10:00:24.751+0000] {dag.py:3823} INFO - Setting next_dagrun for energy_pipeline to 2026-04-28 00:00:00+00:00, run_after=2026-04-29 00:00:00+00:00
[2026-04-28T10:00:24.779+0000] {processor.py:183} INFO - Processing /opt/airflow/dags/pipeline_dag.py took 0.105 seconds
[2026-04-28T10:00:55.008+0000] {processor.py:161} INFO - Started process (PID=221) to work on /opt/airflow/dags/pipeline_dag.py
[2026-04-28T10:00:55.009+0000] {processor.py:830} INFO - Processing file /opt/airflow/dags/pipeline_dag.py for tasks to queue
[2026-04-28T10:00:55.011+0000] {logging_mixin.py:188} INFO - [2026-04-28T10:00:55.010+0000] {dagbag.py:538} INFO - Filling up the DagBag from /opt/airflow/dags/pipeline_dag.py
[2026-04-28T10:00:55.027+0000] {processor.py:840} INFO - DAG(s) 'energy_pipeline' retrieved from /opt/airflow/dags/pipeline_dag.py
[2026-04-28T10:00:55.053+0000] {logging_mixin.py:188} INFO - [2026-04-28T10:00:55.052+0000] {dag.py:3036} INFO - Sync 1 DAGs
[2026-04-28T10:00:55.074+0000] {logging_mixin.py:188} INFO - [2026-04-28T10:00:55.074+0000] {dag.py:3823} INFO - Setting next_dagrun for energy_pipeline to 2026-04-28 00:00:00+00:00, run_after=2026-04-29 00:00:00+00:00
[2026-04-28T10:00:55.102+0000] {processor.py:183} INFO - Processing /opt/airflow/dags/pipeline_dag.py took 0.099 seconds
[2026-04-28T10:01:51.307+0000] {processor.py:161} INFO - Started process (PID=82) to work on /opt/airflow/dags/pipeline_dag.py
[2026-04-28T10:01:51.309+0000] {processor.py:830} INFO - Processing file /opt/airflow/dags/pipeline_dag.py for tasks to queue
[2026-04-28T10:01:51.310+0000] {logging_mixin.py:188} INFO - [2026-04-28T10:01:51.309+0000] {dagbag.py:538} INFO - Filling up the DagBag from /opt/airflow/dags/pipeline_dag.py
[2026-04-28T10:01:51.328+0000] {processor.py:840} INFO - DAG(s) 'energy_pipeline' retrieved from /opt/airflow/dags/pipeline_dag.py
[2026-04-28T10:01:51.347+0000] {logging_mixin.py:188} INFO - [2026-04-28T10:01:51.344+0000] {dag.py:3036} INFO - Sync 1 DAGs
[2026-04-28T10:01:51.585+0000] {logging_mixin.py:188} INFO - [2026-04-28T10:01:51.585+0000] {dag.py:3823} INFO - Setting next_dagrun for energy_pipeline to 2026-04-28 00:00:00+00:00, run_after=2026-04-29 00:00:00+00:00
[2026-04-28T10:01:51.614+0000] {processor.py:183} INFO - Processing /opt/airflow/dags/pipeline_dag.py took 0.311 seconds
[2026-04-28T10:02:22.919+0000] {processor.py:161} INFO - Started process (PID=106) to work on /opt/airflow/dags/pipeline_dag.py
[2026-04-28T10:02:22.921+0000] {processor.py:830} INFO - Processing file /opt/airflow/dags/pipeline_dag.py for tasks to queue
[2026-04-28T10:02:22.922+0000] {logging_mixin.py:188} INFO - [2026-04-28T10:02:22.921+0000] {dagbag.py:538} INFO - Filling up the DagBag from /opt/airflow/dags/pipeline_dag.py
[2026-04-28T10:02:22.941+0000] {processor.py:840} INFO - DAG(s) 'energy_pipeline' retrieved from /opt/airflow/dags/pipeline_dag.py
[2026-04-28T10:02:23.115+0000] {logging_mixin.py:188} INFO - [2026-04-28T10:02:23.115+0000] {dag.py:3036} INFO - Sync 1 DAGs
[2026-04-28T10:02:23.148+0000] {logging_mixin.py:188} INFO - [2026-04-28T10:02:23.148+0000] {dag.py:3823} INFO - Setting next_dagrun for energy_pipeline to 2026-04-28 00:00:00+00:00, run_after=2026-04-29 00:00:00+00:00
[2026-04-28T10:02:23.184+0000] {processor.py:183} INFO - Processing /opt/airflow/dags/pipeline_dag.py took 0.271 seconds
[2026-04-28T10:02:57.827+0000] {processor.py:161} INFO - Started process (PID=143) to work on /opt/airflow/dags/pipeline_dag.py
[2026-04-28T10:02:57.828+0000] {processor.py:830} INFO - Processing file /opt/airflow/dags/pipeline_dag.py for tasks to queue
[2026-04-28T10:02:57.829+0000] {logging_mixin.py:188} INFO - [2026-04-28T10:02:57.829+0000] {dagbag.py:538} INFO - Filling up the DagBag from /opt/airflow/dags/pipeline_dag.py
[2026-04-28T10:02:57.843+0000] {processor.py:840} INFO - DAG(s) 'energy_pipeline' retrieved from /opt/airflow/dags/pipeline_dag.py
[2026-04-28T10:02:57.869+0000] {logging_mixin.py:188} INFO - [2026-04-28T10:02:57.869+0000] {dag.py:3036} INFO - Sync 1 DAGs
[2026-04-28T10:02:57.891+0000] {logging_mixin.py:188} INFO - [2026-04-28T10:02:57.891+0000] {dag.py:3823} INFO - Setting next_dagrun for energy_pipeline to 2026-04-28 00:00:00+00:00, run_after=2026-04-29 00:00:00+00:00
[2026-04-28T10:02:57.915+0000] {processor.py:183} INFO - Processing /opt/airflow/dags/pipeline_dag.py took 0.092 seconds
[2026-04-28T10:03:35.472+0000] {processor.py:161} INFO - Started process (PID=214) to work on /opt/airflow/dags/pipeline_dag.py
[2026-04-28T10:03:35.474+0000] {processor.py:830} INFO - Processing file /opt/airflow/dags/pipeline_dag.py for tasks to queue
[2026-04-28T10:03:35.475+0000] {logging_mixin.py:188} INFO - [2026-04-28T10:03:35.475+0000] {dagbag.py:538} INFO - Filling up the DagBag from /opt/airflow/dags/pipeline_dag.py
[2026-04-28T10:03:35.494+0000] {processor.py:840} INFO - DAG(s) 'energy_pipeline' retrieved from /opt/airflow/dags/pipeline_dag.py
[2026-04-28T10:03:35.528+0000] {logging_mixin.py:188} INFO - [2026-04-28T10:03:35.528+0000] {dag.py:3036} INFO - Sync 1 DAGs
[2026-04-28T10:03:35.556+0000] {logging_mixin.py:188} INFO - [2026-04-28T10:03:35.555+0000] {dag.py:3823} INFO - Setting next_dagrun for energy_pipeline to 2026-04-28 00:00:00+00:00, run_after=2026-04-29 00:00:00+00:00
[2026-04-28T10:03:35.585+0000] {processor.py:183} INFO - Processing /opt/airflow/dags/pipeline_dag.py took 0.117 seconds
[2026-04-28T10:04:06.787+0000] {processor.py:161} INFO - Started process (PID=267) to work on /opt/airflow/dags/pipeline_dag.py
[2026-04-28T10:04:06.789+0000] {processor.py:830} INFO - Processing file /opt/airflow/dags/pipeline_dag.py for tasks to queue
[2026-04-28T10:04:06.790+0000] {logging_mixin.py:188} INFO - [2026-04-28T10:04:06.790+0000] {dagbag.py:538} INFO - Filling up the DagBag from /opt/airflow/dags/pipeline_dag.py
[2026-04-28T10:04:06.813+0000] {processor.py:840} INFO - DAG(s) 'energy_pipeline' retrieved from /opt/airflow/dags/pipeline_dag.py
[2026-04-28T10:04:06.855+0000] {logging_mixin.py:188} INFO - [2026-04-28T10:04:06.855+0000] {dag.py:3036} INFO - Sync 1 DAGs
[2026-04-28T10:04:06.888+0000] {logging_mixin.py:188} INFO - [2026-04-28T10:04:06.888+0000] {dag.py:3823} INFO - Setting next_dagrun for energy_pipeline to 2026-04-28 00:00:00+00:00, run_after=2026-04-29 00:00:00+00:00
[2026-04-28T10:04:06.923+0000] {processor.py:183} INFO - Processing /opt/airflow/dags/pipeline_dag.py took 0.143 seconds
[2026-04-28T10:04:37.948+0000] {processor.py:161} INFO - Started process (PID=307) to work on /opt/airflow/dags/pipeline_dag.py
[2026-04-28T10:04:37.949+0000] {processor.py:830} INFO - Processing file /opt/airflow/dags/pipeline_dag.py for tasks to queue
[2026-04-28T10:04:37.951+0000] {logging_mixin.py:188} INFO - [2026-04-28T10:04:37.950+0000] {dagbag.py:538} INFO - Filling up the DagBag from /opt/airflow/dags/pipeline_dag.py
[2026-04-28T10:04:37.979+0000] {processor.py:840} INFO - DAG(s) 'energy_pipeline' retrieved from /opt/airflow/dags/pipeline_dag.py
[2026-04-28T10:04:38.018+0000] {logging_mixin.py:188} INFO - [2026-04-28T10:04:38.018+0000] {dag.py:3036} INFO - Sync 1 DAGs
[2026-04-28T10:04:38.049+0000] {logging_mixin.py:188} INFO - [2026-04-28T10:04:38.049+0000] {dag.py:3823} INFO - Setting next_dagrun for energy_pipeline to 2026-04-28 00:00:00+00:00, run_after=2026-04-29 00:00:00+00:00
[2026-04-28T10:04:38.081+0000] {processor.py:183} INFO - Processing /opt/airflow/dags/pipeline_dag.py took 0.138 seconds
[2026-04-28T10:05:29.949+0000] {processor.py:161} INFO - Started process (PID=82) to work on /opt/airflow/dags/pipeline_dag.py
[2026-04-28T10:05:29.951+0000] {processor.py:830} INFO - Processing file /opt/airflow/dags/pipeline_dag.py for tasks to queue
[2026-04-28T10:05:29.952+0000] {logging_mixin.py:188} INFO - [2026-04-28T10:05:29.952+0000] {dagbag.py:538} INFO - Filling up the DagBag from /opt/airflow/dags/pipeline_dag.py
[2026-04-28T10:05:29.973+0000] {processor.py:840} INFO - DAG(s) 'energy_pipeline' retrieved from /opt/airflow/dags/pipeline_dag.py
[2026-04-28T10:05:29.996+0000] {logging_mixin.py:188} INFO - [2026-04-28T10:05:29.989+0000] {dag.py:3036} INFO - Sync 1 DAGs
[2026-04-28T10:05:30.243+0000] {logging_mixin.py:188} INFO - [2026-04-28T10:05:30.243+0000] {dag.py:3823} INFO - Setting next_dagrun for energy_pipeline to 2026-04-28 00:00:00+00:00, run_after=2026-04-29 00:00:00+00:00
[2026-04-28T10:05:30.273+0000] {processor.py:183} INFO - Processing /opt/airflow/dags/pipeline_dag.py took 0.331 seconds
[2026-04-28T10:06:01.100+0000] {processor.py:161} INFO - Started process (PID=107) to work on /opt/airflow/dags/pipeline_dag.py
[2026-04-28T10:06:01.105+0000] {processor.py:830} INFO - Processing file /opt/airflow/dags/pipeline_dag.py for tasks to queue
[2026-04-28T10:06:01.108+0000] {logging_mixin.py:188} INFO - [2026-04-28T10:06:01.106+0000] {dagbag.py:538} INFO - Filling up the DagBag from /opt/airflow/dags/pipeline_dag.py
[2026-04-28T10:06:01.140+0000] {processor.py:840} INFO - DAG(s) 'energy_pipeline' retrieved from /opt/airflow/dags/pipeline_dag.py
[2026-04-28T10:06:01.341+0000] {logging_mixin.py:188} INFO - [2026-04-28T10:06:01.341+0000] {dag.py:3036} INFO - Sync 1 DAGs
[2026-04-28T10:06:01.377+0000] {logging_mixin.py:188} INFO - [2026-04-28T10:06:01.377+0000] {dag.py:3823} INFO - Setting next_dagrun for energy_pipeline to 2026-04-28 00:00:00+00:00, run_after=2026-04-29 00:00:00+00:00
[2026-04-28T10:06:01.416+0000] {processor.py:183} INFO - Processing /opt/airflow/dags/pipeline_dag.py took 0.324 seconds
[2026-04-28T10:07:02.991+0000] {processor.py:161} INFO - Started process (PID=178) to work on /opt/airflow/dags/pipeline_dag.py
[2026-04-28T10:07:02.993+0000] {processor.py:830} INFO - Processing file /opt/airflow/dags/pipeline_dag.py for tasks to queue
[2026-04-28T10:07:02.994+0000] {logging_mixin.py:188} INFO - [2026-04-28T10:07:02.994+0000] {dagbag.py:538} INFO - Filling up the DagBag from /opt/airflow/dags/pipeline_dag.py
[2026-04-28T10:07:03.011+0000] {processor.py:840} INFO - DAG(s) 'energy_pipeline' retrieved from /opt/airflow/dags/pipeline_dag.py
[2026-04-28T10:07:03.040+0000] {logging_mixin.py:188} INFO - [2026-04-28T10:07:03.040+0000] {dag.py:3036} INFO - Sync 1 DAGs
[2026-04-28T10:07:03.066+0000] {logging_mixin.py:188} INFO - [2026-04-28T10:07:03.066+0000] {dag.py:3823} INFO - Setting next_dagrun for energy_pipeline to 2026-04-28 00:00:00+00:00, run_after=2026-04-29 00:00:00+00:00
[2026-04-28T10:07:03.094+0000] {processor.py:183} INFO - Processing /opt/airflow/dags/pipeline_dag.py took 0.106 seconds
[2026-04-28T10:07:34.145+0000] {processor.py:161} INFO - Started process (PID=305) to work on /opt/airflow/dags/pipeline_dag.py
[2026-04-28T10:07:34.152+0000] {processor.py:830} INFO - Processing file /opt/airflow/dags/pipeline_dag.py for tasks to queue
[2026-04-28T10:07:34.156+0000] {logging_mixin.py:188} INFO - [2026-04-28T10:07:34.154+0000] {dagbag.py:538} INFO - Filling up the DagBag from /opt/airflow/dags/pipeline_dag.py
[2026-04-28T10:07:34.223+0000] {processor.py:840} INFO - DAG(s) 'energy_pipeline' retrieved from /opt/airflow/dags/pipeline_dag.py
[2026-04-28T10:07:34.335+0000] {logging_mixin.py:188} INFO - [2026-04-28T10:07:34.335+0000] {dag.py:3036} INFO - Sync 1 DAGs
[2026-04-28T10:07:34.379+0000] {logging_mixin.py:188} INFO - [2026-04-28T10:07:34.378+0000] {dag.py:3823} INFO - Setting next_dagrun for energy_pipeline to 2026-04-28 00:00:00+00:00, run_after=2026-04-29 00:00:00+00:00
[2026-04-28T10:07:34.431+0000] {processor.py:183} INFO - Processing /opt/airflow/dags/pipeline_dag.py took 0.299 seconds
[2026-04-28T10:08:05.243+0000] {processor.py:161} INFO - Started process (PID=306) to work on /opt/airflow/dags/pipeline_dag.py
[2026-04-28T10:08:05.248+0000] {processor.py:830} INFO - Processing file /opt/airflow/dags/pipeline_dag.py for tasks to queue
[2026-04-28T10:08:05.254+0000] {logging_mixin.py:188} INFO - [2026-04-28T10:08:05.252+0000] {dagbag.py:538} INFO - Filling up the DagBag from /opt/airflow/dags/pipeline_dag.py
[2026-04-28T10:08:05.345+0000] {processor.py:840} INFO - DAG(s) 'energy_pipeline' retrieved from /opt/airflow/dags/pipeline_dag.py
[2026-04-28T10:08:05.460+0000] {logging_mixin.py:188} INFO - [2026-04-28T10:08:05.460+0000] {dag.py:3036} INFO - Sync 1 DAGs
[2026-04-28T10:08:05.523+0000] {logging_mixin.py:188} INFO - [2026-04-28T10:08:05.523+0000] {dag.py:3823} INFO - Setting next_dagrun for energy_pipeline to 2026-04-28 00:00:00+00:00, run_after=2026-04-29 00:00:00+00:00
[2026-04-28T10:08:05.594+0000] {processor.py:183} INFO - Processing /opt/airflow/dags/pipeline_dag.py took 0.377 seconds
[2026-04-28T10:08:36.734+0000] {processor.py:161} INFO - Started process (PID=307) to work on /opt/airflow/dags/pipeline_dag.py
[2026-04-28T10:08:36.736+0000] {processor.py:830} INFO - Processing file /opt/airflow/dags/pipeline_dag.py for tasks to queue
[2026-04-28T10:08:36.738+0000] {logging_mixin.py:188} INFO - [2026-04-28T10:08:36.737+0000] {dagbag.py:538} INFO - Filling up the DagBag from /opt/airflow/dags/pipeline_dag.py
[2026-04-28T10:08:36.759+0000] {processor.py:840} INFO - DAG(s) 'energy_pipeline' retrieved from /opt/airflow/dags/pipeline_dag.py
[2026-04-28T10:08:36.799+0000] {logging_mixin.py:188} INFO - [2026-04-28T10:08:36.799+0000] {dag.py:3036} INFO - Sync 1 DAGs
[2026-04-28T10:08:36.851+0000] {logging_mixin.py:188} INFO - [2026-04-28T10:08:36.851+0000] {dag.py:3823} INFO - Setting next_dagrun for energy_pipeline to 2026-04-28 00:00:00+00:00, run_after=2026-04-29 00:00:00+00:00
[2026-04-28T10:08:36.890+0000] {processor.py:183} INFO - Processing /opt/airflow/dags/pipeline_dag.py took 0.165 seconds
[2026-04-28T10:09:07.163+0000] {processor.py:161} INFO - Started process (PID=360) to work on /opt/airflow/dags/pipeline_dag.py
[2026-04-28T10:09:07.165+0000] {processor.py:830} INFO - Processing file /opt/airflow/dags/pipeline_dag.py for tasks to queue
[2026-04-28T10:09:07.166+0000] {logging_mixin.py:188} INFO - [2026-04-28T10:09:07.165+0000] {dagbag.py:538} INFO - Filling up the DagBag from /opt/airflow/dags/pipeline_dag.py
[2026-04-28T10:09:07.182+0000] {processor.py:840} INFO - DAG(s) 'energy_pipeline' retrieved from /opt/airflow/dags/pipeline_dag.py
[2026-04-28T10:09:07.212+0000] {logging_mixin.py:188} INFO - [2026-04-28T10:09:07.212+0000] {dag.py:3036} INFO - Sync 1 DAGs
[2026-04-28T10:09:07.239+0000] {logging_mixin.py:188} INFO - [2026-04-28T10:09:07.239+0000] {dag.py:3823} INFO - Setting next_dagrun for energy_pipeline to 2026-04-28 00:00:00+00:00, run_after=2026-04-29 00:00:00+00:00
[2026-04-28T10:09:07.272+0000] {processor.py:183} INFO - Processing /opt/airflow/dags/pipeline_dag.py took 0.114 seconds
[2026-04-28T10:09:37.647+0000] {processor.py:161} INFO - Started process (PID=361) to work on /opt/airflow/dags/pipeline_dag.py
[2026-04-28T10:09:37.648+0000] {processor.py:830} INFO - Processing file /opt/airflow/dags/pipeline_dag.py for tasks to queue
[2026-04-28T10:09:37.650+0000] {logging_mixin.py:188} INFO - [2026-04-28T10:09:37.649+0000] {dagbag.py:538} INFO - Filling up the DagBag from /opt/airflow/dags/pipeline_dag.py
[2026-04-28T10:09:37.669+0000] {processor.py:840} INFO - DAG(s) 'energy_pipeline' retrieved from /opt/airflow/dags/pipeline_dag.py
[2026-04-28T10:09:37.703+0000] {logging_mixin.py:188} INFO - [2026-04-28T10:09:37.703+0000] {dag.py:3036} INFO - Sync 1 DAGs
[2026-04-28T10:09:37.734+0000] {logging_mixin.py:188} INFO - [2026-04-28T10:09:37.734+0000] {dag.py:3823} INFO - Setting next_dagrun for energy_pipeline to 2026-04-28 00:00:00+00:00, run_after=2026-04-29 00:00:00+00:00
[2026-04-28T10:09:37.760+0000] {processor.py:183} INFO - Processing /opt/airflow/dags/pipeline_dag.py took 0.117 seconds
[2026-04-28T10:10:16.543+0000] {processor.py:161} INFO - Started process (PID=81) to work on /opt/airflow/dags/pipeline_dag.py
[2026-04-28T10:10:16.546+0000] {processor.py:830} INFO - Processing file /opt/airflow/dags/pipeline_dag.py for tasks to queue
[2026-04-28T10:10:16.548+0000] {logging_mixin.py:188} INFO - [2026-04-28T10:10:16.547+0000] {dagbag.py:538} INFO - Filling up the DagBag from /opt/airflow/dags/pipeline_dag.py
[2026-04-28T10:10:16.710+0000] {processor.py:840} INFO - DAG(s) 'energy_pipeline' retrieved from /opt/airflow/dags/pipeline_dag.py
[2026-04-28T10:10:16.823+0000] {logging_mixin.py:188} INFO - [2026-04-28T10:10:16.796+0000] {dag.py:3036} INFO - Sync 1 DAGs
[2026-04-28T10:10:18.000+0000] {logging_mixin.py:188} INFO - [2026-04-28T10:10:17.999+0000] {dag.py:3823} INFO - Setting next_dagrun for energy_pipeline to 2026-04-28 00:00:00+00:00, run_after=2026-04-29 00:00:00+00:00
[2026-04-28T10:10:18.051+0000] {processor.py:183} INFO - Processing /opt/airflow/dags/pipeline_dag.py took 1.535 seconds
[2026-04-28T10:10:48.984+0000] {processor.py:161} INFO - Started process (PID=101) to work on /opt/airflow/dags/pipeline_dag.py
[2026-04-28T10:10:48.993+0000] {processor.py:830} INFO - Processing file /opt/airflow/dags/pipeline_dag.py for tasks to queue
[2026-04-28T10:10:49.012+0000] {logging_mixin.py:188} INFO - [2026-04-28T10:10:49.001+0000] {dagbag.py:538} INFO - Filling up the DagBag from /opt/airflow/dags/pipeline_dag.py
[2026-04-28T10:10:50.466+0000] {processor.py:840} INFO - DAG(s) 'energy_pipeline' retrieved from /opt/airflow/dags/pipeline_dag.py
[2026-04-28T10:10:50.761+0000] {logging_mixin.py:188} INFO - [2026-04-28T10:10:50.761+0000] {dag.py:3036} INFO - Sync 1 DAGs
[2026-04-28T10:10:50.852+0000] {logging_mixin.py:188} INFO - [2026-04-28T10:10:50.851+0000] {dag.py:3823} INFO - Setting next_dagrun for energy_pipeline to 2026-04-28 00:00:00+00:00, run_after=2026-04-29 00:00:00+00:00
[2026-04-28T10:10:51.006+0000] {processor.py:183} INFO - Processing /opt/airflow/dags/pipeline_dag.py took 2.055 seconds
[2026-04-28T10:11:38.352+0000] {processor.py:161} INFO - Started process (PID=142) to work on /opt/airflow/dags/pipeline_dag.py
[2026-04-28T10:11:38.354+0000] {processor.py:830} INFO - Processing file /opt/airflow/dags/pipeline_dag.py for tasks to queue
[2026-04-28T10:11:38.355+0000] {logging_mixin.py:188} INFO - [2026-04-28T10:11:38.355+0000] {dagbag.py:538} INFO - Filling up the DagBag from /opt/airflow/dags/pipeline_dag.py
[2026-04-28T10:11:38.374+0000] {processor.py:840} INFO - DAG(s) 'energy_pipeline' retrieved from /opt/airflow/dags/pipeline_dag.py
[2026-04-28T10:11:38.429+0000] {logging_mixin.py:188} INFO - [2026-04-28T10:11:38.429+0000] {dag.py:3036} INFO - Sync 1 DAGs
[2026-04-28T10:11:38.471+0000] {logging_mixin.py:188} INFO - [2026-04-28T10:11:38.471+0000] {dag.py:3823} INFO - Setting next_dagrun for energy_pipeline to 2026-04-28 00:00:00+00:00, run_after=2026-04-29 00:00:00+00:00
[2026-04-28T10:11:38.515+0000] {processor.py:183} INFO - Processing /opt/airflow/dags/pipeline_dag.py took 0.170 seconds
[2026-04-28T10:12:20.028+0000] {processor.py:161} INFO - Started process (PID=178) to work on /opt/airflow/dags/pipeline_dag.py
[2026-04-28T10:12:20.031+0000] {processor.py:830} INFO - Processing file /opt/airflow/dags/pipeline_dag.py for tasks to queue
[2026-04-28T10:12:20.033+0000] {logging_mixin.py:188} INFO - [2026-04-28T10:12:20.032+0000] {dagbag.py:538} INFO - Filling up the DagBag from /opt/airflow/dags/pipeline_dag.py
[2026-04-28T10:12:20.053+0000] {processor.py:840} INFO - DAG(s) 'energy_pipeline' retrieved from /opt/airflow/dags/pipeline_dag.py
[2026-04-28T10:12:20.094+0000] {logging_mixin.py:188} INFO - [2026-04-28T10:12:20.093+0000] {dag.py:3036} INFO - Sync 1 DAGs
[2026-04-28T10:12:20.127+0000] {logging_mixin.py:188} INFO - [2026-04-28T10:12:20.127+0000] {dag.py:3823} INFO - Setting next_dagrun for energy_pipeline to 2026-04-28 00:00:00+00:00, run_after=2026-04-29 00:00:00+00:00
[2026-04-28T10:12:20.162+0000] {processor.py:183} INFO - Processing /opt/airflow/dags/pipeline_dag.py took 0.139 seconds
[2026-04-28T10:12:51.251+0000] {processor.py:161} INFO - Started process (PID=318) to work on /opt/airflow/dags/pipeline_dag.py
[2026-04-28T10:12:51.253+0000] {processor.py:830} INFO - Processing file /opt/airflow/dags/pipeline_dag.py for tasks to queue
[2026-04-28T10:12:51.255+0000] {logging_mixin.py:188} INFO - [2026-04-28T10:12:51.254+0000] {dagbag.py:538} INFO - Filling up the DagBag from /opt/airflow/dags/pipeline_dag.py
[2026-04-28T10:12:51.276+0000] {processor.py:840} INFO - DAG(s) 'energy_pipeline' retrieved from /opt/airflow/dags/pipeline_dag.py
[2026-04-28T10:12:51.318+0000] {logging_mixin.py:188} INFO - [2026-04-28T10:12:51.317+0000] {dag.py:3036} INFO - Sync 1 DAGs
[2026-04-28T10:12:51.351+0000] {logging_mixin.py:188} INFO - [2026-04-28T10:12:51.350+0000] {dag.py:3823} INFO - Setting next_dagrun for energy_pipeline to 2026-04-28 00:00:00+00:00, run_after=2026-04-29 00:00:00+00:00
[2026-04-28T10:12:51.385+0000] {processor.py:183} INFO - Processing /opt/airflow/dags/pipeline_dag.py took 0.138 seconds
[2026-04-28T10:13:21.471+0000] {processor.py:161} INFO - Started process (PID=319) to work on /opt/airflow/dags/pipeline_dag.py
[2026-04-28T10:13:21.472+0000] {processor.py:830} INFO - Processing file /opt/airflow/dags/pipeline_dag.py for tasks to queue
[2026-04-28T10:13:21.474+0000] {logging_mixin.py:188} INFO - [2026-04-28T10:13:21.473+0000] {dagbag.py:538} INFO - Filling up the DagBag from /opt/airflow/dags/pipeline_dag.py
[2026-04-28T10:13:21.499+0000] {processor.py:840} INFO - DAG(s) 'energy_pipeline' retrieved from /opt/airflow/dags/pipeline_dag.py
[2026-04-28T10:13:21.542+0000] {logging_mixin.py:188} INFO - [2026-04-28T10:13:21.542+0000] {dag.py:3036} INFO - Sync 1 DAGs
[2026-04-28T10:13:21.578+0000] {logging_mixin.py:188} INFO - [2026-04-28T10:13:21.578+0000] {dag.py:3823} INFO - Setting next_dagrun for energy_pipeline to 2026-04-28 00:00:00+00:00, run_after=2026-04-29 00:00:00+00:00
[2026-04-28T10:13:21.616+0000] {processor.py:183} INFO - Processing /opt/airflow/dags/pipeline_dag.py took 0.151 seconds
[2026-04-28T10:14:08.786+0000] {processor.py:161} INFO - Started process (PID=355) to work on /opt/airflow/dags/pipeline_dag.py
[2026-04-28T10:14:08.789+0000] {processor.py:830} INFO - Processing file /opt/airflow/dags/pipeline_dag.py for tasks to queue
[2026-04-28T10:14:08.791+0000] {logging_mixin.py:188} INFO - [2026-04-28T10:14:08.790+0000] {dagbag.py:538} INFO - Filling up the DagBag from /opt/airflow/dags/pipeline_dag.py
[2026-04-28T10:14:08.823+0000] {processor.py:840} INFO - DAG(s) 'energy_pipeline' retrieved from /opt/airflow/dags/pipeline_dag.py
[2026-04-28T10:14:08.884+0000] {logging_mixin.py:188} INFO - [2026-04-28T10:14:08.883+0000] {dag.py:3036} INFO - Sync 1 DAGs
[2026-04-28T10:14:08.925+0000] {logging_mixin.py:188} INFO - [2026-04-28T10:14:08.924+0000] {dag.py:3823} INFO - Setting next_dagrun for energy_pipeline to 2026-04-28 00:00:00+00:00, run_after=2026-04-29 00:00:00+00:00
[2026-04-28T10:14:08.966+0000] {processor.py:183} INFO - Processing /opt/airflow/dags/pipeline_dag.py took 0.187 seconds
[2026-04-28T10:15:08.412+0000] {processor.py:161} INFO - Started process (PID=462) to work on /opt/airflow/dags/pipeline_dag.py
[2026-04-28T10:15:08.414+0000] {processor.py:830} INFO - Processing file /opt/airflow/dags/pipeline_dag.py for tasks to queue
[2026-04-28T10:15:08.420+0000] {logging_mixin.py:188} INFO - [2026-04-28T10:15:08.416+0000] {dagbag.py:538} INFO - Filling up the DagBag from /opt/airflow/dags/pipeline_dag.py
[2026-04-28T10:15:08.447+0000] {processor.py:840} INFO - DAG(s) 'energy_pipeline' retrieved from /opt/airflow/dags/pipeline_dag.py
[2026-04-28T10:15:08.547+0000] {logging_mixin.py:188} INFO - [2026-04-28T10:15:08.546+0000] {dag.py:3036} INFO - Sync 1 DAGs
[2026-04-28T10:15:08.581+0000] {logging_mixin.py:188} INFO - [2026-04-28T10:15:08.581+0000] {dag.py:3823} INFO - Setting next_dagrun for energy_pipeline to 2026-04-28 00:00:00+00:00, run_after=2026-04-29 00:00:00+00:00
[2026-04-28T10:15:08.618+0000] {processor.py:183} INFO - Processing /opt/airflow/dags/pipeline_dag.py took 0.210 seconds
[2026-04-28T10:15:42.119+0000] {processor.py:161} INFO - Started process (PID=634) to work on /opt/airflow/dags/pipeline_dag.py
[2026-04-28T10:15:42.122+0000] {processor.py:830} INFO - Processing file /opt/airflow/dags/pipeline_dag.py for tasks to queue
[2026-04-28T10:15:42.125+0000] {logging_mixin.py:188} INFO - [2026-04-28T10:15:42.124+0000] {dagbag.py:538} INFO - Filling up the DagBag from /opt/airflow/dags/pipeline_dag.py
[2026-04-28T10:15:42.143+0000] {processor.py:840} INFO - DAG(s) 'energy_pipeline' retrieved from /opt/airflow/dags/pipeline_dag.py
[2026-04-28T10:15:42.195+0000] {logging_mixin.py:188} INFO - [2026-04-28T10:15:42.194+0000] {dag.py:3036} INFO - Sync 1 DAGs
[2026-04-28T10:15:42.239+0000] {logging_mixin.py:188} INFO - [2026-04-28T10:15:42.238+0000] {dag.py:3823} INFO - Setting next_dagrun for energy_pipeline to 2026-04-28 00:00:00+00:00, run_after=2026-04-29 00:00:00+00:00
[2026-04-28T10:15:42.325+0000] {processor.py:183} INFO - Processing /opt/airflow/dags/pipeline_dag.py took 0.212 seconds
[2026-04-28T10:16:13.479+0000] {processor.py:161} INFO - Started process (PID=701) to work on /opt/airflow/dags/pipeline_dag.py
[2026-04-28T10:16:13.482+0000] {processor.py:830} INFO - Processing file /opt/airflow/dags/pipeline_dag.py for tasks to queue
[2026-04-28T10:16:13.484+0000] {logging_mixin.py:188} INFO - [2026-04-28T10:16:13.483+0000] {dagbag.py:538} INFO - Filling up the DagBag from /opt/airflow/dags/pipeline_dag.py
[2026-04-28T10:16:13.504+0000] {processor.py:840} INFO - DAG(s) 'energy_pipeline' retrieved from /opt/airflow/dags/pipeline_dag.py
[2026-04-28T10:16:13.568+0000] {logging_mixin.py:188} INFO - [2026-04-28T10:16:13.567+0000] {dag.py:3036} INFO - Sync 1 DAGs
[2026-04-28T10:16:13.625+0000] {logging_mixin.py:188} INFO - [2026-04-28T10:16:13.624+0000] {dag.py:3823} INFO - Setting next_dagrun for energy_pipeline to 2026-04-28 00:00:00+00:00, run_after=2026-04-29 00:00:00+00:00
[2026-04-28T10:16:13.737+0000] {processor.py:183} INFO - Processing /opt/airflow/dags/pipeline_dag.py took 0.266 seconds
[2026-04-28T10:16:44.275+0000] {processor.py:161} INFO - Started process (PID=702) to work on /opt/airflow/dags/pipeline_dag.py
[2026-04-28T10:16:44.278+0000] {processor.py:830} INFO - Processing file /opt/airflow/dags/pipeline_dag.py for tasks to queue
[2026-04-28T10:16:44.280+0000] {logging_mixin.py:188} INFO - [2026-04-28T10:16:44.279+0000] {dagbag.py:538} INFO - Filling up the DagBag from /opt/airflow/dags/pipeline_dag.py
[2026-04-28T10:16:44.298+0000] {processor.py:840} INFO - DAG(s) 'energy_pipeline' retrieved from /opt/airflow/dags/pipeline_dag.py
[2026-04-28T10:16:44.353+0000] {logging_mixin.py:188} INFO - [2026-04-28T10:16:44.352+0000] {dag.py:3036} INFO - Sync 1 DAGs
[2026-04-28T10:16:44.393+0000] {logging_mixin.py:188} INFO - [2026-04-28T10:16:44.393+0000] {dag.py:3823} INFO - Setting next_dagrun for energy_pipeline to 2026-04-28 00:00:00+00:00, run_after=2026-04-29 00:00:00+00:00
[2026-04-28T10:16:44.445+0000] {processor.py:183} INFO - Processing /opt/airflow/dags/pipeline_dag.py took 0.177 seconds
[2026-04-28T10:17:15.574+0000] {processor.py:161} INFO - Started process (PID=703) to work on /opt/airflow/dags/pipeline_dag.py
[2026-04-28T10:17:15.578+0000] {processor.py:830} INFO - Processing file /opt/airflow/dags/pipeline_dag.py for tasks to queue
[2026-04-28T10:17:15.582+0000] {logging_mixin.py:188} INFO - [2026-04-28T10:17:15.580+0000] {dagbag.py:538} INFO - Filling up the DagBag from /opt/airflow/dags/pipeline_dag.py
[2026-04-28T10:17:15.616+0000] {processor.py:840} INFO - DAG(s) 'energy_pipeline' retrieved from /opt/airflow/dags/pipeline_dag.py
[2026-04-28T10:17:15.744+0000] {logging_mixin.py:188} INFO - [2026-04-28T10:17:15.744+0000] {dag.py:3036} INFO - Sync 1 DAGs
[2026-04-28T10:17:15.817+0000] {logging_mixin.py:188} INFO - [2026-04-28T10:17:15.816+0000] {dag.py:3823} INFO - Setting next_dagrun for energy_pipeline to 2026-04-28 00:00:00+00:00, run_after=2026-04-29 00:00:00+00:00
[2026-04-28T10:17:15.897+0000] {processor.py:183} INFO - Processing /opt/airflow/dags/pipeline_dag.py took 0.337 seconds
[2026-04-28T10:18:09.112+0000] {processor.py:161} INFO - Started process (PID=774) to work on /opt/airflow/dags/pipeline_dag.py
[2026-04-28T10:18:09.117+0000] {processor.py:830} INFO - Processing file /opt/airflow/dags/pipeline_dag.py for tasks to queue
[2026-04-28T10:18:09.124+0000] {logging_mixin.py:188} INFO - [2026-04-28T10:18:09.120+0000] {dagbag.py:538} INFO - Filling up the DagBag from /opt/airflow/dags/pipeline_dag.py
[2026-04-28T10:18:09.148+0000] {processor.py:840} INFO - DAG(s) 'energy_pipeline' retrieved from /opt/airflow/dags/pipeline_dag.py
[2026-04-28T10:18:09.224+0000] {logging_mixin.py:188} INFO - [2026-04-28T10:18:09.224+0000] {dag.py:3036} INFO - Sync 1 DAGs
[2026-04-28T10:18:09.275+0000] {logging_mixin.py:188} INFO - [2026-04-28T10:18:09.275+0000] {dag.py:3823} INFO - Setting next_dagrun for energy_pipeline to 2026-04-28 00:00:00+00:00, run_after=2026-04-29 00:00:00+00:00
[2026-04-28T10:18:09.338+0000] {processor.py:183} INFO - Processing /opt/airflow/dags/pipeline_dag.py took 0.236 seconds
[2026-04-28T10:18:44.644+0000] {processor.py:161} INFO - Started process (PID=977) to work on /opt/airflow/dags/pipeline_dag.py
[2026-04-28T10:18:44.646+0000] {processor.py:830} INFO - Processing file /opt/airflow/dags/pipeline_dag.py for tasks to queue
[2026-04-28T10:18:44.648+0000] {logging_mixin.py:188} INFO - [2026-04-28T10:18:44.647+0000] {dagbag.py:538} INFO - Filling up the DagBag from /opt/airflow/dags/pipeline_dag.py
[2026-04-28T10:18:44.664+0000] {processor.py:840} INFO - DAG(s) 'energy_pipeline' retrieved from /opt/airflow/dags/pipeline_dag.py
[2026-04-28T10:18:44.716+0000] {logging_mixin.py:188} INFO - [2026-04-28T10:18:44.715+0000] {dag.py:3036} INFO - Sync 1 DAGs
[2026-04-28T10:18:44.754+0000] {logging_mixin.py:188} INFO - [2026-04-28T10:18:44.754+0000] {dag.py:3823} INFO - Setting next_dagrun for energy_pipeline to 2026-04-28 00:00:00+00:00, run_after=2026-04-29 00:00:00+00:00
[2026-04-28T10:18:44.808+0000] {processor.py:183} INFO - Processing /opt/airflow/dags/pipeline_dag.py took 0.170 seconds
[2026-04-28T10:19:15.123+0000] {processor.py:161} INFO - Started process (PID=978) to work on /opt/airflow/dags/pipeline_dag.py
[2026-04-28T10:19:15.125+0000] {processor.py:830} INFO - Processing file /opt/airflow/dags/pipeline_dag.py for tasks to queue
[2026-04-28T10:19:15.126+0000] {logging_mixin.py:188} INFO - [2026-04-28T10:19:15.126+0000] {dagbag.py:538} INFO - Filling up the DagBag from /opt/airflow/dags/pipeline_dag.py
[2026-04-28T10:19:15.139+0000] {processor.py:840} INFO - DAG(s) 'energy_pipeline' retrieved from /opt/airflow/dags/pipeline_dag.py
[2026-04-28T10:19:15.177+0000] {logging_mixin.py:188} INFO - [2026-04-28T10:19:15.176+0000] {dag.py:3036} INFO - Sync 1 DAGs
[2026-04-28T10:19:15.205+0000] {logging_mixin.py:188} INFO - [2026-04-28T10:19:15.204+0000] {dag.py:3823} INFO - Setting next_dagrun for energy_pipeline to 2026-04-28 00:00:00+00:00, run_after=2026-04-29 00:00:00+00:00
[2026-04-28T10:19:15.246+0000] {processor.py:183} INFO - Processing /opt/airflow/dags/pipeline_dag.py took 0.130 seconds
[2026-04-28T10:19:45.868+0000] {processor.py:161} INFO - Started process (PID=979) to work on /opt/airflow/dags/pipeline_dag.py
[2026-04-28T10:19:45.870+0000] {processor.py:830} INFO - Processing file /opt/airflow/dags/pipeline_dag.py for tasks to queue
[2026-04-28T10:19:45.872+0000] {logging_mixin.py:188} INFO - [2026-04-28T10:19:45.871+0000] {dagbag.py:538} INFO - Filling up the DagBag from /opt/airflow/dags/pipeline_dag.py
[2026-04-28T10:19:45.885+0000] {processor.py:840} INFO - DAG(s) 'energy_pipeline' retrieved from /opt/airflow/dags/pipeline_dag.py
[2026-04-28T10:19:45.925+0000] {logging_mixin.py:188} INFO - [2026-04-28T10:19:45.924+0000] {dag.py:3036} INFO - Sync 1 DAGs
[2026-04-28T10:19:45.954+0000] {logging_mixin.py:188} INFO - [2026-04-28T10:19:45.953+0000] {dag.py:3823} INFO - Setting next_dagrun for energy_pipeline to 2026-04-28 00:00:00+00:00, run_after=2026-04-29 00:00:00+00:00
[2026-04-28T10:19:45.990+0000] {processor.py:183} INFO - Processing /opt/airflow/dags/pipeline_dag.py took 0.126 seconds
[2026-04-28T10:20:16.677+0000] {processor.py:161} INFO - Started process (PID=980) to work on /opt/airflow/dags/pipeline_dag.py
[2026-04-28T10:20:16.681+0000] {processor.py:830} INFO - Processing file /opt/airflow/dags/pipeline_dag.py for tasks to queue
[2026-04-28T10:20:16.686+0000] {logging_mixin.py:188} INFO - [2026-04-28T10:20:16.683+0000] {dagbag.py:538} INFO - Filling up the DagBag from /opt/airflow/dags/pipeline_dag.py
[2026-04-28T10:20:16.719+0000] {processor.py:840} INFO - DAG(s) 'energy_pipeline' retrieved from /opt/airflow/dags/pipeline_dag.py
[2026-04-28T10:20:16.787+0000] {logging_mixin.py:188} INFO - [2026-04-28T10:20:16.787+0000] {dag.py:3036} INFO - Sync 1 DAGs
[2026-04-28T10:20:16.830+0000] {logging_mixin.py:188} INFO - [2026-04-28T10:20:16.829+0000] {dag.py:3823} INFO - Setting next_dagrun for energy_pipeline to 2026-04-28 00:00:00+00:00, run_after=2026-04-29 00:00:00+00:00
[2026-04-28T10:20:16.887+0000] {processor.py:183} INFO - Processing /opt/airflow/dags/pipeline_dag.py took 0.222 seconds
[2026-04-28T10:20:47.355+0000] {processor.py:161} INFO - Started process (PID=981) to work on /opt/airflow/dags/pipeline_dag.py
[2026-04-28T10:20:47.356+0000] {processor.py:830} INFO - Processing file /opt/airflow/dags/pipeline_dag.py for tasks to queue
[2026-04-28T10:20:47.358+0000] {logging_mixin.py:188} INFO - [2026-04-28T10:20:47.357+0000] {dagbag.py:538} INFO - Filling up the DagBag from /opt/airflow/dags/pipeline_dag.py
[2026-04-28T10:20:47.370+0000] {processor.py:840} INFO - DAG(s) 'energy_pipeline' retrieved from /opt/airflow/dags/pipeline_dag.py
[2026-04-28T10:20:47.408+0000] {logging_mixin.py:188} INFO - [2026-04-28T10:20:47.408+0000] {dag.py:3036} INFO - Sync 1 DAGs
[2026-04-28T10:20:47.436+0000] {logging_mixin.py:188} INFO - [2026-04-28T10:20:47.435+0000] {dag.py:3823} INFO - Setting next_dagrun for energy_pipeline to 2026-04-28 00:00:00+00:00, run_after=2026-04-29 00:00:00+00:00
[2026-04-28T10:20:47.478+0000] {processor.py:183} INFO - Processing /opt/airflow/dags/pipeline_dag.py took 0.128 seconds
[2026-04-28T10:21:17.780+0000] {processor.py:161} INFO - Started process (PID=982) to work on /opt/airflow/dags/pipeline_dag.py
[2026-04-28T10:21:17.782+0000] {processor.py:830} INFO - Processing file /opt/airflow/dags/pipeline_dag.py for tasks to queue
[2026-04-28T10:21:17.784+0000] {logging_mixin.py:188} INFO - [2026-04-28T10:21:17.783+0000] {dagbag.py:538} INFO - Filling up the DagBag from /opt/airflow/dags/pipeline_dag.py
[2026-04-28T10:21:17.796+0000] {processor.py:840} INFO - DAG(s) 'energy_pipeline' retrieved from /opt/airflow/dags/pipeline_dag.py
[2026-04-28T10:21:17.838+0000] {logging_mixin.py:188} INFO - [2026-04-28T10:21:17.837+0000] {dag.py:3036} INFO - Sync 1 DAGs
[2026-04-28T10:21:17.869+0000] {logging_mixin.py:188} INFO - [2026-04-28T10:21:17.868+0000] {dag.py:3823} INFO - Setting next_dagrun for energy_pipeline to 2026-04-28 00:00:00+00:00, run_after=2026-04-29 00:00:00+00:00
[2026-04-28T10:21:17.928+0000] {processor.py:183} INFO - Processing /opt/airflow/dags/pipeline_dag.py took 0.154 seconds
[2026-04-28T10:21:48.238+0000] {processor.py:161} INFO - Started process (PID=983) to work on /opt/airflow/dags/pipeline_dag.py
[2026-04-28T10:21:48.242+0000] {processor.py:830} INFO - Processing file /opt/airflow/dags/pipeline_dag.py for tasks to queue
[2026-04-28T10:21:48.244+0000] {logging_mixin.py:188} INFO - [2026-04-28T10:21:48.243+0000] {dagbag.py:538} INFO - Filling up the DagBag from /opt/airflow/dags/pipeline_dag.py
[2026-04-28T10:21:48.278+0000] {processor.py:840} INFO - DAG(s) 'energy_pipeline' retrieved from /opt/airflow/dags/pipeline_dag.py
[2026-04-28T10:21:48.390+0000] {logging_mixin.py:188} INFO - [2026-04-28T10:21:48.389+0000] {dag.py:3036} INFO - Sync 1 DAGs
[2026-04-28T10:21:48.479+0000] {logging_mixin.py:188} INFO - [2026-04-28T10:21:48.478+0000] {dag.py:3823} INFO - Setting next_dagrun for energy_pipeline to 2026-04-28 00:00:00+00:00, run_after=2026-04-29 00:00:00+00:00
[2026-04-28T10:21:48.553+0000] {processor.py:183} INFO - Processing /opt/airflow/dags/pipeline_dag.py took 0.326 seconds
[2026-04-28T10:22:18.928+0000] {processor.py:161} INFO - Started process (PID=984) to work on /opt/airflow/dags/pipeline_dag.py
[2026-04-28T10:22:18.930+0000] {processor.py:830} INFO - Processing file /opt/airflow/dags/pipeline_dag.py for tasks to queue
[2026-04-28T10:22:18.932+0000] {logging_mixin.py:188} INFO - [2026-04-28T10:22:18.931+0000] {dagbag.py:538} INFO - Filling up the DagBag from /opt/airflow/dags/pipeline_dag.py
[2026-04-28T10:22:18.944+0000] {processor.py:840} INFO - DAG(s) 'energy_pipeline' retrieved from /opt/airflow/dags/pipeline_dag.py
[2026-04-28T10:22:18.984+0000] {logging_mixin.py:188} INFO - [2026-04-28T10:22:18.984+0000] {dag.py:3036} INFO - Sync 1 DAGs
[2026-04-28T10:22:19.018+0000] {logging_mixin.py:188} INFO - [2026-04-28T10:22:19.018+0000] {dag.py:3823} INFO - Setting next_dagrun for energy_pipeline to 2026-04-28 00:00:00+00:00, run_after=2026-04-29 00:00:00+00:00
[2026-04-28T10:22:19.053+0000] {processor.py:183} INFO - Processing /opt/airflow/dags/pipeline_dag.py took 0.131 seconds
[2026-04-28T10:22:49.313+0000] {processor.py:161} INFO - Started process (PID=985) to work on /opt/airflow/dags/pipeline_dag.py
[2026-04-28T10:22:49.315+0000] {processor.py:830} INFO - Processing file /opt/airflow/dags/pipeline_dag.py for tasks to queue
[2026-04-28T10:22:49.317+0000] {logging_mixin.py:188} INFO - [2026-04-28T10:22:49.316+0000] {dagbag.py:538} INFO - Filling up the DagBag from /opt/airflow/dags/pipeline_dag.py
[2026-04-28T10:22:49.329+0000] {processor.py:840} INFO - DAG(s) 'energy_pipeline' retrieved from /opt/airflow/dags/pipeline_dag.py
[2026-04-28T10:22:49.368+0000] {logging_mixin.py:188} INFO - [2026-04-28T10:22:49.368+0000] {dag.py:3036} INFO - Sync 1 DAGs
[2026-04-28T10:22:49.397+0000] {logging_mixin.py:188} INFO - [2026-04-28T10:22:49.397+0000] {dag.py:3823} INFO - Setting next_dagrun for energy_pipeline to 2026-04-28 00:00:00+00:00, run_after=2026-04-29 00:00:00+00:00
[2026-04-28T10:22:49.438+0000] {processor.py:183} INFO - Processing /opt/airflow/dags/pipeline_dag.py took 0.134 seconds
[2026-04-28T10:23:19.700+0000] {processor.py:161} INFO - Started process (PID=986) to work on /opt/airflow/dags/pipeline_dag.py
[2026-04-28T10:23:19.701+0000] {processor.py:830} INFO - Processing file /opt/airflow/dags/pipeline_dag.py for tasks to queue
[2026-04-28T10:23:19.703+0000] {logging_mixin.py:188} INFO - [2026-04-28T10:23:19.702+0000] {dagbag.py:538} INFO - Filling up the DagBag from /opt/airflow/dags/pipeline_dag.py
[2026-04-28T10:23:19.715+0000] {processor.py:840} INFO - DAG(s) 'energy_pipeline' retrieved from /opt/airflow/dags/pipeline_dag.py
[2026-04-28T10:23:19.753+0000] {logging_mixin.py:188} INFO - [2026-04-28T10:23:19.753+0000] {dag.py:3036} INFO - Sync 1 DAGs
[2026-04-28T10:23:19.782+0000] {logging_mixin.py:188} INFO - [2026-04-28T10:23:19.782+0000] {dag.py:3823} INFO - Setting next_dagrun for energy_pipeline to 2026-04-28 00:00:00+00:00, run_after=2026-04-29 00:00:00+00:00
[2026-04-28T10:23:19.839+0000] {processor.py:183} INFO - Processing /opt/airflow/dags/pipeline_dag.py took 0.145 seconds
[2026-04-28T10:24:21.413+0000] {processor.py:161} INFO - Started process (PID=1022) to work on /opt/airflow/dags/pipeline_dag.py
[2026-04-28T10:24:21.415+0000] {processor.py:830} INFO - Processing file /opt/airflow/dags/pipeline_dag.py for tasks to queue
[2026-04-28T10:24:21.416+0000] {logging_mixin.py:188} INFO - [2026-04-28T10:24:21.416+0000] {dagbag.py:538} INFO - Filling up the DagBag from /opt/airflow/dags/pipeline_dag.py
[2026-04-28T10:24:21.431+0000] {processor.py:840} INFO - DAG(s) 'energy_pipeline' retrieved from /opt/airflow/dags/pipeline_dag.py
[2026-04-28T10:24:21.469+0000] {logging_mixin.py:188} INFO - [2026-04-28T10:24:21.469+0000] {dag.py:3036} INFO - Sync 1 DAGs
[2026-04-28T10:24:21.497+0000] {logging_mixin.py:188} INFO - [2026-04-28T10:24:21.496+0000] {dag.py:3823} INFO - Setting next_dagrun for energy_pipeline to 2026-04-28 00:00:00+00:00, run_after=2026-04-29 00:00:00+00:00
[2026-04-28T10:24:21.531+0000] {processor.py:183} INFO - Processing /opt/airflow/dags/pipeline_dag.py took 0.123 seconds
[2026-04-28T10:25:07.500+0000] {processor.py:161} INFO - Started process (PID=1058) to work on /opt/airflow/dags/pipeline_dag.py
[2026-04-28T10:25:07.503+0000] {processor.py:830} INFO - Processing file /opt/airflow/dags/pipeline_dag.py for tasks to queue
[2026-04-28T10:25:07.505+0000] {logging_mixin.py:188} INFO - [2026-04-28T10:25:07.504+0000] {dagbag.py:538} INFO - Filling up the DagBag from /opt/airflow/dags/pipeline_dag.py
[2026-04-28T10:25:07.523+0000] {processor.py:840} INFO - DAG(s) 'energy_pipeline' retrieved from /opt/airflow/dags/pipeline_dag.py
[2026-04-28T10:25:07.579+0000] {logging_mixin.py:188} INFO - [2026-04-28T10:25:07.579+0000] {dag.py:3036} INFO - Sync 1 DAGs
[2026-04-28T10:25:07.618+0000] {logging_mixin.py:188} INFO - [2026-04-28T10:25:07.618+0000] {dag.py:3823} INFO - Setting next_dagrun for energy_pipeline to 2026-04-28 00:00:00+00:00, run_after=2026-04-29 00:00:00+00:00
[2026-04-28T10:25:07.658+0000] {processor.py:183} INFO - Processing /opt/airflow/dags/pipeline_dag.py took 0.164 seconds
[2026-04-28T10:25:38.724+0000] {processor.py:161} INFO - Started process (PID=1230) to work on /opt/airflow/dags/pipeline_dag.py
[2026-04-28T10:25:38.726+0000] {processor.py:830} INFO - Processing file /opt/airflow/dags/pipeline_dag.py for tasks to queue
[2026-04-28T10:25:38.728+0000] {logging_mixin.py:188} INFO - [2026-04-28T10:25:38.727+0000] {dagbag.py:538} INFO - Filling up the DagBag from /opt/airflow/dags/pipeline_dag.py
[2026-04-28T10:25:38.741+0000] {processor.py:840} INFO - DAG(s) 'energy_pipeline' retrieved from /opt/airflow/dags/pipeline_dag.py
[2026-04-28T10:25:38.781+0000] {logging_mixin.py:188} INFO - [2026-04-28T10:25:38.781+0000] {dag.py:3036} INFO - Sync 1 DAGs
[2026-04-28T10:25:38.810+0000] {logging_mixin.py:188} INFO - [2026-04-28T10:25:38.809+0000] {dag.py:3823} INFO - Setting next_dagrun for energy_pipeline to 2026-04-28 00:00:00+00:00, run_after=2026-04-29 00:00:00+00:00
[2026-04-28T10:25:38.846+0000] {processor.py:183} INFO - Processing /opt/airflow/dags/pipeline_dag.py took 0.127 seconds
[2026-04-28T10:26:09.244+0000] {processor.py:161} INFO - Started process (PID=1231) to work on /opt/airflow/dags/pipeline_dag.py
[2026-04-28T10:26:09.247+0000] {processor.py:830} INFO - Processing file /opt/airflow/dags/pipeline_dag.py for tasks to queue
[2026-04-28T10:26:09.249+0000] {logging_mixin.py:188} INFO - [2026-04-28T10:26:09.248+0000] {dagbag.py:538} INFO - Filling up the DagBag from /opt/airflow/dags/pipeline_dag.py
[2026-04-28T10:26:09.268+0000] {processor.py:840} INFO - DAG(s) 'energy_pipeline' retrieved from /opt/airflow/dags/pipeline_dag.py
[2026-04-28T10:26:09.322+0000] {logging_mixin.py:188} INFO - [2026-04-28T10:26:09.321+0000] {dag.py:3036} INFO - Sync 1 DAGs
[2026-04-28T10:26:09.368+0000] {logging_mixin.py:188} INFO - [2026-04-28T10:26:09.367+0000] {dag.py:3823} INFO - Setting next_dagrun for energy_pipeline to 2026-04-28 00:00:00+00:00, run_after=2026-04-29 00:00:00+00:00
[2026-04-28T10:26:09.408+0000] {processor.py:183} INFO - Processing /opt/airflow/dags/pipeline_dag.py took 0.172 seconds
[2026-04-28T10:26:39.930+0000] {processor.py:161} INFO - Started process (PID=1232) to work on /opt/airflow/dags/pipeline_dag.py
[2026-04-28T10:26:39.955+0000] {processor.py:830} INFO - Processing file /opt/airflow/dags/pipeline_dag.py for tasks to queue
[2026-04-28T10:26:39.960+0000] {logging_mixin.py:188} INFO - [2026-04-28T10:26:39.958+0000] {dagbag.py:538} INFO - Filling up the DagBag from /opt/airflow/dags/pipeline_dag.py
[2026-04-28T10:26:39.985+0000] {processor.py:840} INFO - DAG(s) 'energy_pipeline' retrieved from /opt/airflow/dags/pipeline_dag.py
[2026-04-28T10:26:40.058+0000] {logging_mixin.py:188} INFO - [2026-04-28T10:26:40.057+0000] {dag.py:3036} INFO - Sync 1 DAGs
[2026-04-28T10:26:40.124+0000] {logging_mixin.py:188} INFO - [2026-04-28T10:26:40.123+0000] {dag.py:3823} INFO - Setting next_dagrun for energy_pipeline to 2026-04-28 00:00:00+00:00, run_after=2026-04-29 00:00:00+00:00
[2026-04-28T10:26:40.202+0000] {processor.py:183} INFO - Processing /opt/airflow/dags/pipeline_dag.py took 0.343 seconds
[2026-04-28T10:27:11.331+0000] {processor.py:161} INFO - Started process (PID=1233) to work on /opt/airflow/dags/pipeline_dag.py
[2026-04-28T10:27:11.334+0000] {processor.py:830} INFO - Processing file /opt/airflow/dags/pipeline_dag.py for tasks to queue
[2026-04-28T10:27:11.337+0000] {logging_mixin.py:188} INFO - [2026-04-28T10:27:11.335+0000] {dagbag.py:538} INFO - Filling up the DagBag from /opt/airflow/dags/pipeline_dag.py
[2026-04-28T10:27:11.353+0000] {processor.py:840} INFO - DAG(s) 'energy_pipeline' retrieved from /opt/airflow/dags/pipeline_dag.py
[2026-04-28T10:27:11.406+0000] {logging_mixin.py:188} INFO - [2026-04-28T10:27:11.405+0000] {dag.py:3036} INFO - Sync 1 DAGs
[2026-04-28T10:27:11.441+0000] {logging_mixin.py:188} INFO - [2026-04-28T10:27:11.440+0000] {dag.py:3823} INFO - Setting next_dagrun for energy_pipeline to 2026-04-28 00:00:00+00:00, run_after=2026-04-29 00:00:00+00:00
[2026-04-28T10:27:11.479+0000] {processor.py:183} INFO - Processing /opt/airflow/dags/pipeline_dag.py took 0.154 seconds
[2026-04-28T10:28:24.972+0000] {processor.py:161} INFO - Started process (PID=1304) to work on /opt/airflow/dags/pipeline_dag.py
[2026-04-28T10:28:24.975+0000] {processor.py:830} INFO - Processing file /opt/airflow/dags/pipeline_dag.py for tasks to queue
[2026-04-28T10:28:24.977+0000] {logging_mixin.py:188} INFO - [2026-04-28T10:28:24.976+0000] {dagbag.py:538} INFO - Filling up the DagBag from /opt/airflow/dags/pipeline_dag.py
[2026-04-28T10:28:24.989+0000] {processor.py:840} INFO - DAG(s) 'energy_pipeline' retrieved from /opt/airflow/dags/pipeline_dag.py
[2026-04-28T10:28:25.031+0000] {logging_mixin.py:188} INFO - [2026-04-28T10:28:25.031+0000] {dag.py:3036} INFO - Sync 1 DAGs
[2026-04-28T10:28:25.067+0000] {logging_mixin.py:188} INFO - [2026-04-28T10:28:25.067+0000] {dag.py:3823} INFO - Setting next_dagrun for energy_pipeline to 2026-04-28 00:00:00+00:00, run_after=2026-04-29 00:00:00+00:00
[2026-04-28T10:28:25.107+0000] {processor.py:183} INFO - Processing /opt/airflow/dags/pipeline_dag.py took 0.140 seconds
[2026-04-28T10:28:55.247+0000] {processor.py:161} INFO - Started process (PID=1430) to work on /opt/airflow/dags/pipeline_dag.py
[2026-04-28T10:28:55.249+0000] {processor.py:830} INFO - Processing file /opt/airflow/dags/pipeline_dag.py for tasks to queue
[2026-04-28T10:28:55.251+0000] {logging_mixin.py:188} INFO - [2026-04-28T10:28:55.250+0000] {dagbag.py:538} INFO - Filling up the DagBag from /opt/airflow/dags/pipeline_dag.py
[2026-04-28T10:28:55.268+0000] {processor.py:840} INFO - DAG(s) 'energy_pipeline' retrieved from /opt/airflow/dags/pipeline_dag.py
[2026-04-28T10:28:55.313+0000] {logging_mixin.py:188} INFO - [2026-04-28T10:28:55.313+0000] {dag.py:3036} INFO - Sync 1 DAGs
[2026-04-28T10:28:55.347+0000] {logging_mixin.py:188} INFO - [2026-04-28T10:28:55.347+0000] {dag.py:3823} INFO - Setting next_dagrun for energy_pipeline to 2026-04-28 00:00:00+00:00, run_after=2026-04-29 00:00:00+00:00
[2026-04-28T10:28:55.385+0000] {processor.py:183} INFO - Processing /opt/airflow/dags/pipeline_dag.py took 0.144 seconds
[2026-04-28T10:29:26.048+0000] {processor.py:161} INFO - Started process (PID=1508) to work on /opt/airflow/dags/pipeline_dag.py
[2026-04-28T10:29:26.052+0000] {processor.py:830} INFO - Processing file /opt/airflow/dags/pipeline_dag.py for tasks to queue
[2026-04-28T10:29:26.053+0000] {logging_mixin.py:188} INFO - [2026-04-28T10:29:26.053+0000] {dagbag.py:538} INFO - Filling up the DagBag from /opt/airflow/dags/pipeline_dag.py
[2026-04-28T10:29:26.067+0000] {processor.py:840} INFO - DAG(s) 'energy_pipeline' retrieved from /opt/airflow/dags/pipeline_dag.py
[2026-04-28T10:29:26.106+0000] {logging_mixin.py:188} INFO - [2026-04-28T10:29:26.106+0000] {dag.py:3036} INFO - Sync 1 DAGs
[2026-04-28T10:29:26.140+0000] {logging_mixin.py:188} INFO - [2026-04-28T10:29:26.138+0000] {dag.py:3823} INFO - Setting next_dagrun for energy_pipeline to 2026-04-28 00:00:00+00:00, run_after=2026-04-29 00:00:00+00:00
[2026-04-28T10:29:26.195+0000] {processor.py:183} INFO - Processing /opt/airflow/dags/pipeline_dag.py took 0.152 seconds
[2026-04-28T10:29:56.344+0000] {processor.py:161} INFO - Started process (PID=1509) to work on /opt/airflow/dags/pipeline_dag.py
[2026-04-28T10:29:56.346+0000] {processor.py:830} INFO - Processing file /opt/airflow/dags/pipeline_dag.py for tasks to queue
[2026-04-28T10:29:56.349+0000] {logging_mixin.py:188} INFO - [2026-04-28T10:29:56.348+0000] {dagbag.py:538} INFO - Filling up the DagBag from /opt/airflow/dags/pipeline_dag.py
[2026-04-28T10:29:56.363+0000] {processor.py:840} INFO - DAG(s) 'energy_pipeline' retrieved from /opt/airflow/dags/pipeline_dag.py
[2026-04-28T10:29:56.412+0000] {logging_mixin.py:188} INFO - [2026-04-28T10:29:56.411+0000] {dag.py:3036} INFO - Sync 1 DAGs
[2026-04-28T10:29:56.442+0000] {logging_mixin.py:188} INFO - [2026-04-28T10:29:56.442+0000] {dag.py:3823} INFO - Setting next_dagrun for energy_pipeline to 2026-04-28 00:00:00+00:00, run_after=2026-04-29 00:00:00+00:00
[2026-04-28T10:29:56.491+0000] {processor.py:183} INFO - Processing /opt/airflow/dags/pipeline_dag.py took 0.152 seconds
[2026-04-28T10:30:27.198+0000] {processor.py:161} INFO - Started process (PID=1587) to work on /opt/airflow/dags/pipeline_dag.py
[2026-04-28T10:30:27.200+0000] {processor.py:830} INFO - Processing file /opt/airflow/dags/pipeline_dag.py for tasks to queue
[2026-04-28T10:30:27.201+0000] {logging_mixin.py:188} INFO - [2026-04-28T10:30:27.201+0000] {dagbag.py:538} INFO - Filling up the DagBag from /opt/airflow/dags/pipeline_dag.py
[2026-04-28T10:30:27.218+0000] {processor.py:840} INFO - DAG(s) 'energy_pipeline' retrieved from /opt/airflow/dags/pipeline_dag.py
[2026-04-28T10:30:27.262+0000] {logging_mixin.py:188} INFO - [2026-04-28T10:30:27.262+0000] {dag.py:3036} INFO - Sync 1 DAGs
[2026-04-28T10:30:27.294+0000] {logging_mixin.py:188} INFO - [2026-04-28T10:30:27.293+0000] {dag.py:3823} INFO - Setting next_dagrun for energy_pipeline to 2026-04-28 00:00:00+00:00, run_after=2026-04-29 00:00:00+00:00
[2026-04-28T10:30:27.334+0000] {processor.py:183} INFO - Processing /opt/airflow/dags/pipeline_dag.py took 0.141 seconds
[2026-04-28T10:30:57.472+0000] {processor.py:161} INFO - Started process (PID=1627) to work on /opt/airflow/dags/pipeline_dag.py
[2026-04-28T10:30:57.473+0000] {processor.py:830} INFO - Processing file /opt/airflow/dags/pipeline_dag.py for tasks to queue
[2026-04-28T10:30:57.475+0000] {logging_mixin.py:188} INFO - [2026-04-28T10:30:57.474+0000] {dagbag.py:538} INFO - Filling up the DagBag from /opt/airflow/dags/pipeline_dag.py
[2026-04-28T10:30:57.487+0000] {processor.py:840} INFO - DAG(s) 'energy_pipeline' retrieved from /opt/airflow/dags/pipeline_dag.py
[2026-04-28T10:30:57.527+0000] {logging_mixin.py:188} INFO - [2026-04-28T10:30:57.527+0000] {dag.py:3036} INFO - Sync 1 DAGs
[2026-04-28T10:30:57.567+0000] {logging_mixin.py:188} INFO - [2026-04-28T10:30:57.566+0000] {dag.py:3823} INFO - Setting next_dagrun for energy_pipeline to 2026-04-28 00:00:00+00:00, run_after=2026-04-29 00:00:00+00:00
[2026-04-28T10:30:57.611+0000] {processor.py:183} INFO - Processing /opt/airflow/dags/pipeline_dag.py took 0.143 seconds
[2026-04-28T10:31:28.456+0000] {processor.py:161} INFO - Started process (PID=1666) to work on /opt/airflow/dags/pipeline_dag.py
[2026-04-28T10:31:28.461+0000] {processor.py:830} INFO - Processing file /opt/airflow/dags/pipeline_dag.py for tasks to queue
[2026-04-28T10:31:28.464+0000] {logging_mixin.py:188} INFO - [2026-04-28T10:31:28.463+0000] {dagbag.py:538} INFO - Filling up the DagBag from /opt/airflow/dags/pipeline_dag.py
[2026-04-28T10:31:28.489+0000] {processor.py:840} INFO - DAG(s) 'energy_pipeline' retrieved from /opt/airflow/dags/pipeline_dag.py
[2026-04-28T10:31:28.560+0000] {logging_mixin.py:188} INFO - [2026-04-28T10:31:28.560+0000] {dag.py:3036} INFO - Sync 1 DAGs
[2026-04-28T10:31:28.598+0000] {logging_mixin.py:188} INFO - [2026-04-28T10:31:28.598+0000] {dag.py:3823} INFO - Setting next_dagrun for energy_pipeline to 2026-04-28 00:00:00+00:00, run_after=2026-04-29 00:00:00+00:00
[2026-04-28T10:31:28.635+0000] {processor.py:183} INFO - Processing /opt/airflow/dags/pipeline_dag.py took 0.196 seconds
[2026-04-28T10:31:59.347+0000] {processor.py:161} INFO - Started process (PID=1667) to work on /opt/airflow/dags/pipeline_dag.py
[2026-04-28T10:31:59.349+0000] {processor.py:830} INFO - Processing file /opt/airflow/dags/pipeline_dag.py for tasks to queue
[2026-04-28T10:31:59.350+0000] {logging_mixin.py:188} INFO - [2026-04-28T10:31:59.350+0000] {dagbag.py:538} INFO - Filling up the DagBag from /opt/airflow/dags/pipeline_dag.py
[2026-04-28T10:31:59.364+0000] {processor.py:840} INFO - DAG(s) 'energy_pipeline' retrieved from /opt/airflow/dags/pipeline_dag.py
[2026-04-28T10:31:59.404+0000] {logging_mixin.py:188} INFO - [2026-04-28T10:31:59.404+0000] {dag.py:3036} INFO - Sync 1 DAGs
[2026-04-28T10:31:59.439+0000] {logging_mixin.py:188} INFO - [2026-04-28T10:31:59.439+0000] {dag.py:3823} INFO - Setting next_dagrun for energy_pipeline to 2026-04-28 00:00:00+00:00, run_after=2026-04-29 00:00:00+00:00
[2026-04-28T10:31:59.478+0000] {processor.py:183} INFO - Processing /opt/airflow/dags/pipeline_dag.py took 0.136 seconds
[2026-04-28T10:32:30.032+0000] {processor.py:161} INFO - Started process (PID=1668) to work on /opt/airflow/dags/pipeline_dag.py
[2026-04-28T10:32:30.034+0000] {processor.py:830} INFO - Processing file /opt/airflow/dags/pipeline_dag.py for tasks to queue
[2026-04-28T10:32:30.035+0000] {logging_mixin.py:188} INFO - [2026-04-28T10:32:30.035+0000] {dagbag.py:538} INFO - Filling up the DagBag from /opt/airflow/dags/pipeline_dag.py
[2026-04-28T10:32:30.050+0000] {processor.py:840} INFO - DAG(s) 'energy_pipeline' retrieved from /opt/airflow/dags/pipeline_dag.py
[2026-04-28T10:32:30.094+0000] {logging_mixin.py:188} INFO - [2026-04-28T10:32:30.094+0000] {dag.py:3036} INFO - Sync 1 DAGs
[2026-04-28T10:32:30.129+0000] {logging_mixin.py:188} INFO - [2026-04-28T10:32:30.128+0000] {dag.py:3823} INFO - Setting next_dagrun for energy_pipeline to 2026-04-28 00:00:00+00:00, run_after=2026-04-29 00:00:00+00:00
[2026-04-28T10:32:30.165+0000] {processor.py:183} INFO - Processing /opt/airflow/dags/pipeline_dag.py took 0.143 seconds
[2026-04-28T10:33:00.528+0000] {processor.py:161} INFO - Started process (PID=1669) to work on /opt/airflow/dags/pipeline_dag.py
[2026-04-28T10:33:00.533+0000] {processor.py:830} INFO - Processing file /opt/airflow/dags/pipeline_dag.py for tasks to queue
[2026-04-28T10:33:00.536+0000] {logging_mixin.py:188} INFO - [2026-04-28T10:33:00.535+0000] {dagbag.py:538} INFO - Filling up the DagBag from /opt/airflow/dags/pipeline_dag.py
[2026-04-28T10:33:00.560+0000] {processor.py:840} INFO - DAG(s) 'energy_pipeline' retrieved from /opt/airflow/dags/pipeline_dag.py
[2026-04-28T10:33:00.625+0000] {logging_mixin.py:188} INFO - [2026-04-28T10:33:00.625+0000] {dag.py:3036} INFO - Sync 1 DAGs
[2026-04-28T10:33:00.671+0000] {logging_mixin.py:188} INFO - [2026-04-28T10:33:00.671+0000] {dag.py:3823} INFO - Setting next_dagrun for energy_pipeline to 2026-04-28 00:00:00+00:00, run_after=2026-04-29 00:00:00+00:00
[2026-04-28T10:33:00.734+0000] {processor.py:183} INFO - Processing /opt/airflow/dags/pipeline_dag.py took 0.225 seconds
[2026-04-28T10:33:30.898+0000] {processor.py:161} INFO - Started process (PID=1709) to work on /opt/airflow/dags/pipeline_dag.py
[2026-04-28T10:33:30.900+0000] {processor.py:830} INFO - Processing file /opt/airflow/dags/pipeline_dag.py for tasks to queue
[2026-04-28T10:33:30.902+0000] {logging_mixin.py:188} INFO - [2026-04-28T10:33:30.901+0000] {dagbag.py:538} INFO - Filling up the DagBag from /opt/airflow/dags/pipeline_dag.py
[2026-04-28T10:33:30.914+0000] {processor.py:840} INFO - DAG(s) 'energy_pipeline' retrieved from /opt/airflow/dags/pipeline_dag.py
[2026-04-28T10:33:30.954+0000] {logging_mixin.py:188} INFO - [2026-04-28T10:33:30.953+0000] {dag.py:3036} INFO - Sync 1 DAGs
[2026-04-28T10:33:30.987+0000] {logging_mixin.py:188} INFO - [2026-04-28T10:33:30.985+0000] {dag.py:3823} INFO - Setting next_dagrun for energy_pipeline to 2026-04-28 00:00:00+00:00, run_after=2026-04-29 00:00:00+00:00
[2026-04-28T10:33:31.038+0000] {processor.py:183} INFO - Processing /opt/airflow/dags/pipeline_dag.py took 0.146 seconds
[2026-04-28T10:34:04.524+0000] {processor.py:161} INFO - Started process (PID=1762) to work on /opt/airflow/dags/pipeline_dag.py
[2026-04-28T10:34:04.526+0000] {processor.py:830} INFO - Processing file /opt/airflow/dags/pipeline_dag.py for tasks to queue
[2026-04-28T10:34:04.528+0000] {logging_mixin.py:188} INFO - [2026-04-28T10:34:04.527+0000] {dagbag.py:538} INFO - Filling up the DagBag from /opt/airflow/dags/pipeline_dag.py
[2026-04-28T10:34:04.541+0000] {processor.py:840} INFO - DAG(s) 'energy_pipeline' retrieved from /opt/airflow/dags/pipeline_dag.py
[2026-04-28T10:34:04.584+0000] {logging_mixin.py:188} INFO - [2026-04-28T10:34:04.584+0000] {dag.py:3036} INFO - Sync 1 DAGs
[2026-04-28T10:34:04.616+0000] {logging_mixin.py:188} INFO - [2026-04-28T10:34:04.616+0000] {dag.py:3823} INFO - Setting next_dagrun for energy_pipeline to 2026-04-28 00:00:00+00:00, run_after=2026-04-29 00:00:00+00:00
[2026-04-28T10:34:04.653+0000] {processor.py:183} INFO - Processing /opt/airflow/dags/pipeline_dag.py took 0.134 seconds
[2026-04-28T10:34:34.875+0000] {processor.py:161} INFO - Started process (PID=1763) to work on /opt/airflow/dags/pipeline_dag.py
[2026-04-28T10:34:34.876+0000] {processor.py:830} INFO - Processing file /opt/airflow/dags/pipeline_dag.py for tasks to queue
[2026-04-28T10:34:34.878+0000] {logging_mixin.py:188} INFO - [2026-04-28T10:34:34.877+0000] {dagbag.py:538} INFO - Filling up the DagBag from /opt/airflow/dags/pipeline_dag.py
[2026-04-28T10:34:34.890+0000] {processor.py:840} INFO - DAG(s) 'energy_pipeline' retrieved from /opt/airflow/dags/pipeline_dag.py
[2026-04-28T10:34:34.928+0000] {logging_mixin.py:188} INFO - [2026-04-28T10:34:34.928+0000] {dag.py:3036} INFO - Sync 1 DAGs
[2026-04-28T10:34:34.956+0000] {logging_mixin.py:188} INFO - [2026-04-28T10:34:34.955+0000] {dag.py:3823} INFO - Setting next_dagrun for energy_pipeline to 2026-04-28 00:00:00+00:00, run_after=2026-04-29 00:00:00+00:00
[2026-04-28T10:34:34.991+0000] {processor.py:183} INFO - Processing /opt/airflow/dags/pipeline_dag.py took 0.130 seconds
[2026-04-28T10:35:23.175+0000] {processor.py:161} INFO - Started process (PID=159) to work on /opt/airflow/dags/pipeline_dag.py
[2026-04-28T10:35:23.180+0000] {processor.py:830} INFO - Processing file /opt/airflow/dags/pipeline_dag.py for tasks to queue
[2026-04-28T10:35:23.183+0000] {logging_mixin.py:188} INFO - [2026-04-28T10:35:23.182+0000] {dagbag.py:538} INFO - Filling up the DagBag from /opt/airflow/dags/pipeline_dag.py
[2026-04-28T10:35:23.260+0000] {processor.py:840} INFO - DAG(s) 'energy_pipeline' retrieved from /opt/airflow/dags/pipeline_dag.py
[2026-04-28T10:35:23.391+0000] {logging_mixin.py:188} INFO - [2026-04-28T10:35:23.376+0000] {dag.py:3036} INFO - Sync 1 DAGs
[2026-04-28T10:35:24.170+0000] {logging_mixin.py:188} INFO - [2026-04-28T10:35:24.168+0000] {dag.py:3823} INFO - Setting next_dagrun for energy_pipeline to 2026-04-28 00:00:00+00:00, run_after=2026-04-29 00:00:00+00:00
[2026-04-28T10:35:24.241+0000] {processor.py:183} INFO - Processing /opt/airflow/dags/pipeline_dag.py took 1.093 seconds
[2026-04-28T10:36:26.308+0000] {processor.py:161} INFO - Started process (PID=159) to work on /opt/airflow/dags/pipeline_dag.py
[2026-04-28T10:36:26.311+0000] {processor.py:830} INFO - Processing file /opt/airflow/dags/pipeline_dag.py for tasks to queue
[2026-04-28T10:36:26.312+0000] {logging_mixin.py:188} INFO - [2026-04-28T10:36:26.312+0000] {dagbag.py:538} INFO - Filling up the DagBag from /opt/airflow/dags/pipeline_dag.py
[2026-04-28T10:36:26.336+0000] {processor.py:840} INFO - DAG(s) 'energy_pipeline' retrieved from /opt/airflow/dags/pipeline_dag.py
[2026-04-28T10:36:26.367+0000] {logging_mixin.py:188} INFO - [2026-04-28T10:36:26.362+0000] {dag.py:3036} INFO - Sync 1 DAGs
[2026-04-28T10:36:26.620+0000] {logging_mixin.py:188} INFO - [2026-04-28T10:36:26.619+0000] {dag.py:3823} INFO - Setting next_dagrun for energy_pipeline to 2026-04-28 00:00:00+00:00, run_after=2026-04-29 00:00:00+00:00
[2026-04-28T10:36:26.653+0000] {processor.py:183} INFO - Processing /opt/airflow/dags/pipeline_dag.py took 0.349 seconds
[2026-04-28T10:36:58.611+0000] {processor.py:161} INFO - Started process (PID=183) to work on /opt/airflow/dags/pipeline_dag.py
[2026-04-28T10:36:58.624+0000] {processor.py:830} INFO - Processing file /opt/airflow/dags/pipeline_dag.py for tasks to queue
[2026-04-28T10:36:58.629+0000] {logging_mixin.py:188} INFO - [2026-04-28T10:36:58.626+0000] {dagbag.py:538} INFO - Filling up the DagBag from /opt/airflow/dags/pipeline_dag.py
[2026-04-28T10:36:58.729+0000] {processor.py:840} INFO - DAG(s) 'energy_pipeline' retrieved from /opt/airflow/dags/pipeline_dag.py
[2026-04-28T10:36:58.933+0000] {logging_mixin.py:188} INFO - [2026-04-28T10:36:58.933+0000] {dag.py:3036} INFO - Sync 1 DAGs
[2026-04-28T10:36:58.958+0000] {logging_mixin.py:188} INFO - [2026-04-28T10:36:58.958+0000] {dag.py:3823} INFO - Setting next_dagrun for energy_pipeline to 2026-04-28 00:00:00+00:00, run_after=2026-04-29 00:00:00+00:00
[2026-04-28T10:36:58.994+0000] {processor.py:183} INFO - Processing /opt/airflow/dags/pipeline_dag.py took 0.436 seconds
[2026-04-28T10:37:29.395+0000] {processor.py:161} INFO - Started process (PID=184) to work on /opt/airflow/dags/pipeline_dag.py
[2026-04-28T10:37:29.396+0000] {processor.py:830} INFO - Processing file /opt/airflow/dags/pipeline_dag.py for tasks to queue
[2026-04-28T10:37:29.398+0000] {logging_mixin.py:188} INFO - [2026-04-28T10:37:29.397+0000] {dagbag.py:538} INFO - Filling up the DagBag from /opt/airflow/dags/pipeline_dag.py
[2026-04-28T10:37:29.425+0000] {processor.py:840} INFO - DAG(s) 'energy_pipeline' retrieved from /opt/airflow/dags/pipeline_dag.py
[2026-04-28T10:37:29.467+0000] {logging_mixin.py:188} INFO - [2026-04-28T10:37:29.467+0000] {dag.py:3036} INFO - Sync 1 DAGs
[2026-04-28T10:37:29.499+0000] {logging_mixin.py:188} INFO - [2026-04-28T10:37:29.499+0000] {dag.py:3823} INFO - Setting next_dagrun for energy_pipeline to 2026-04-28 00:00:00+00:00, run_after=2026-04-29 00:00:00+00:00
[2026-04-28T10:37:29.536+0000] {processor.py:183} INFO - Processing /opt/airflow/dags/pipeline_dag.py took 0.162 seconds
[2026-04-28T10:37:59.933+0000] {processor.py:161} INFO - Started process (PID=185) to work on /opt/airflow/dags/pipeline_dag.py
[2026-04-28T10:37:59.948+0000] {processor.py:830} INFO - Processing file /opt/airflow/dags/pipeline_dag.py for tasks to queue
[2026-04-28T10:37:59.950+0000] {logging_mixin.py:188} INFO - [2026-04-28T10:37:59.949+0000] {dagbag.py:538} INFO - Filling up the DagBag from /opt/airflow/dags/pipeline_dag.py
[2026-04-28T10:37:59.971+0000] {processor.py:840} INFO - DAG(s) 'energy_pipeline' retrieved from /opt/airflow/dags/pipeline_dag.py
[2026-04-28T10:38:00.012+0000] {logging_mixin.py:188} INFO - [2026-04-28T10:38:00.011+0000] {dag.py:3036} INFO - Sync 1 DAGs
[2026-04-28T10:38:00.048+0000] {logging_mixin.py:188} INFO - [2026-04-28T10:38:00.047+0000] {dag.py:3823} INFO - Setting next_dagrun for energy_pipeline to 2026-04-28 00:00:00+00:00, run_after=2026-04-29 00:00:00+00:00
[2026-04-28T10:38:00.085+0000] {processor.py:183} INFO - Processing /opt/airflow/dags/pipeline_dag.py took 0.173 seconds
[2026-04-28T10:38:30.341+0000] {processor.py:161} INFO - Started process (PID=186) to work on /opt/airflow/dags/pipeline_dag.py
[2026-04-28T10:38:30.342+0000] {processor.py:830} INFO - Processing file /opt/airflow/dags/pipeline_dag.py for tasks to queue
[2026-04-28T10:38:30.344+0000] {logging_mixin.py:188} INFO - [2026-04-28T10:38:30.344+0000] {dagbag.py:538} INFO - Filling up the DagBag from /opt/airflow/dags/pipeline_dag.py
[2026-04-28T10:38:30.372+0000] {processor.py:840} INFO - DAG(s) 'energy_pipeline' retrieved from /opt/airflow/dags/pipeline_dag.py
[2026-04-28T10:38:30.503+0000] {logging_mixin.py:188} INFO - [2026-04-28T10:38:30.503+0000] {dag.py:3036} INFO - Sync 1 DAGs
[2026-04-28T10:38:30.550+0000] {logging_mixin.py:188} INFO - [2026-04-28T10:38:30.550+0000] {dag.py:3823} INFO - Setting next_dagrun for energy_pipeline to 2026-04-28 00:00:00+00:00, run_after=2026-04-29 00:00:00+00:00
[2026-04-28T10:38:30.597+0000] {processor.py:183} INFO - Processing /opt/airflow/dags/pipeline_dag.py took 0.261 seconds
[2026-04-28T10:39:00.912+0000] {processor.py:161} INFO - Started process (PID=187) to work on /opt/airflow/dags/pipeline_dag.py
[2026-04-28T10:39:00.914+0000] {processor.py:830} INFO - Processing file /opt/airflow/dags/pipeline_dag.py for tasks to queue
[2026-04-28T10:39:00.919+0000] {logging_mixin.py:188} INFO - [2026-04-28T10:39:00.917+0000] {dagbag.py:538} INFO - Filling up the DagBag from /opt/airflow/dags/pipeline_dag.py
[2026-04-28T10:39:00.941+0000] {processor.py:840} INFO - DAG(s) 'energy_pipeline' retrieved from /opt/airflow/dags/pipeline_dag.py
[2026-04-28T10:39:00.981+0000] {logging_mixin.py:188} INFO - [2026-04-28T10:39:00.981+0000] {dag.py:3036} INFO - Sync 1 DAGs
[2026-04-28T10:39:01.022+0000] {logging_mixin.py:188} INFO - [2026-04-28T10:39:01.021+0000] {dag.py:3823} INFO - Setting next_dagrun for energy_pipeline to 2026-04-28 00:00:00+00:00, run_after=2026-04-29 00:00:00+00:00
[2026-04-28T10:39:01.062+0000] {processor.py:183} INFO - Processing /opt/airflow/dags/pipeline_dag.py took 0.156 seconds
[2026-04-28T10:40:04.766+0000] {processor.py:161} INFO - Started process (PID=83) to work on /opt/airflow/dags/pipeline_dag.py
[2026-04-28T10:40:04.770+0000] {processor.py:830} INFO - Processing file /opt/airflow/dags/pipeline_dag.py for tasks to queue
[2026-04-28T10:40:04.772+0000] {logging_mixin.py:188} INFO - [2026-04-28T10:40:04.771+0000] {dagbag.py:538} INFO - Filling up the DagBag from /opt/airflow/dags/pipeline_dag.py
[2026-04-28T10:40:04.793+0000] {processor.py:840} INFO - DAG(s) 'energy_pipeline' retrieved from /opt/airflow/dags/pipeline_dag.py
[2026-04-28T10:40:04.814+0000] {logging_mixin.py:188} INFO - [2026-04-28T10:40:04.810+0000] {dag.py:3036} INFO - Sync 1 DAGs
[2026-04-28T10:40:05.079+0000] {logging_mixin.py:188} INFO - [2026-04-28T10:40:05.079+0000] {dag.py:3823} INFO - Setting next_dagrun for energy_pipeline to 2026-04-28 00:00:00+00:00, run_after=2026-04-29 00:00:00+00:00
[2026-04-28T10:40:05.122+0000] {processor.py:183} INFO - Processing /opt/airflow/dags/pipeline_dag.py took 0.361 seconds
[2026-04-28T10:40:36.299+0000] {processor.py:161} INFO - Started process (PID=146) to work on /opt/airflow/dags/pipeline_dag.py
[2026-04-28T10:40:36.301+0000] {processor.py:830} INFO - Processing file /opt/airflow/dags/pipeline_dag.py for tasks to queue
[2026-04-28T10:40:36.302+0000] {logging_mixin.py:188} INFO - [2026-04-28T10:40:36.302+0000] {dagbag.py:538} INFO - Filling up the DagBag from /opt/airflow/dags/pipeline_dag.py
[2026-04-28T10:40:36.323+0000] {processor.py:840} INFO - DAG(s) 'energy_pipeline' retrieved from /opt/airflow/dags/pipeline_dag.py
[2026-04-28T10:40:36.469+0000] {logging_mixin.py:188} INFO - [2026-04-28T10:40:36.469+0000] {dag.py:3036} INFO - Sync 1 DAGs
[2026-04-28T10:40:36.500+0000] {logging_mixin.py:188} INFO - [2026-04-28T10:40:36.500+0000] {dag.py:3823} INFO - Setting next_dagrun for energy_pipeline to 2026-04-28 00:00:00+00:00, run_after=2026-04-29 00:00:00+00:00
[2026-04-28T10:40:36.539+0000] {processor.py:183} INFO - Processing /opt/airflow/dags/pipeline_dag.py took 0.244 seconds
[2026-04-28T10:41:07.595+0000] {processor.py:161} INFO - Started process (PID=147) to work on /opt/airflow/dags/pipeline_dag.py
[2026-04-28T10:41:07.597+0000] {processor.py:830} INFO - Processing file /opt/airflow/dags/pipeline_dag.py for tasks to queue
[2026-04-28T10:41:07.598+0000] {logging_mixin.py:188} INFO - [2026-04-28T10:41:07.598+0000] {dagbag.py:538} INFO - Filling up the DagBag from /opt/airflow/dags/pipeline_dag.py
[2026-04-28T10:41:07.618+0000] {processor.py:840} INFO - DAG(s) 'energy_pipeline' retrieved from /opt/airflow/dags/pipeline_dag.py
[2026-04-28T10:41:07.655+0000] {logging_mixin.py:188} INFO - [2026-04-28T10:41:07.654+0000] {dag.py:3036} INFO - Sync 1 DAGs
[2026-04-28T10:41:07.687+0000] {logging_mixin.py:188} INFO - [2026-04-28T10:41:07.686+0000] {dag.py:3823} INFO - Setting next_dagrun for energy_pipeline to 2026-04-28 00:00:00+00:00, run_after=2026-04-29 00:00:00+00:00
[2026-04-28T10:41:07.721+0000] {processor.py:183} INFO - Processing /opt/airflow/dags/pipeline_dag.py took 0.131 seconds
[2026-04-28T10:41:37.996+0000] {processor.py:161} INFO - Started process (PID=149) to work on /opt/airflow/dags/pipeline_dag.py
[2026-04-28T10:41:37.998+0000] {processor.py:830} INFO - Processing file /opt/airflow/dags/pipeline_dag.py for tasks to queue
[2026-04-28T10:41:38.000+0000] {logging_mixin.py:188} INFO - [2026-04-28T10:41:37.999+0000] {dagbag.py:538} INFO - Filling up the DagBag from /opt/airflow/dags/pipeline_dag.py
[2026-04-28T10:41:38.021+0000] {processor.py:840} INFO - DAG(s) 'energy_pipeline' retrieved from /opt/airflow/dags/pipeline_dag.py
[2026-04-28T10:41:38.068+0000] {logging_mixin.py:188} INFO - [2026-04-28T10:41:38.068+0000] {dag.py:3036} INFO - Sync 1 DAGs
[2026-04-28T10:41:38.119+0000] {logging_mixin.py:188} INFO - [2026-04-28T10:41:38.119+0000] {dag.py:3823} INFO - Setting next_dagrun for energy_pipeline to 2026-04-28 00:00:00+00:00, run_after=2026-04-29 00:00:00+00:00
[2026-04-28T10:41:38.156+0000] {processor.py:183} INFO - Processing /opt/airflow/dags/pipeline_dag.py took 0.165 seconds
[2026-04-28T10:42:08.473+0000] {processor.py:161} INFO - Started process (PID=150) to work on /opt/airflow/dags/pipeline_dag.py
[2026-04-28T10:42:08.475+0000] {processor.py:830} INFO - Processing file /opt/airflow/dags/pipeline_dag.py for tasks to queue
[2026-04-28T10:42:08.477+0000] {logging_mixin.py:188} INFO - [2026-04-28T10:42:08.476+0000] {dagbag.py:538} INFO - Filling up the DagBag from /opt/airflow/dags/pipeline_dag.py
[2026-04-28T10:42:08.499+0000] {processor.py:840} INFO - DAG(s) 'energy_pipeline' retrieved from /opt/airflow/dags/pipeline_dag.py
[2026-04-28T10:42:08.539+0000] {logging_mixin.py:188} INFO - [2026-04-28T10:42:08.539+0000] {dag.py:3036} INFO - Sync 1 DAGs
[2026-04-28T10:42:08.575+0000] {logging_mixin.py:188} INFO - [2026-04-28T10:42:08.575+0000] {dag.py:3823} INFO - Setting next_dagrun for energy_pipeline to 2026-04-28 00:00:00+00:00, run_after=2026-04-29 00:00:00+00:00
[2026-04-28T10:42:08.612+0000] {processor.py:183} INFO - Processing /opt/airflow/dags/pipeline_dag.py took 0.144 seconds
[2026-04-28T10:42:38.828+0000] {processor.py:161} INFO - Started process (PID=151) to work on /opt/airflow/dags/pipeline_dag.py
[2026-04-28T10:42:38.829+0000] {processor.py:830} INFO - Processing file /opt/airflow/dags/pipeline_dag.py for tasks to queue
[2026-04-28T10:42:38.831+0000] {logging_mixin.py:188} INFO - [2026-04-28T10:42:38.830+0000] {dagbag.py:538} INFO - Filling up the DagBag from /opt/airflow/dags/pipeline_dag.py
[2026-04-28T10:42:38.850+0000] {processor.py:840} INFO - DAG(s) 'energy_pipeline' retrieved from /opt/airflow/dags/pipeline_dag.py
[2026-04-28T10:42:38.887+0000] {logging_mixin.py:188} INFO - [2026-04-28T10:42:38.886+0000] {dag.py:3036} INFO - Sync 1 DAGs
[2026-04-28T10:42:38.920+0000] {logging_mixin.py:188} INFO - [2026-04-28T10:42:38.920+0000] {dag.py:3823} INFO - Setting next_dagrun for energy_pipeline to 2026-04-28 00:00:00+00:00, run_after=2026-04-29 00:00:00+00:00
[2026-04-28T10:42:38.955+0000] {processor.py:183} INFO - Processing /opt/airflow/dags/pipeline_dag.py took 0.132 seconds
[2026-04-28T10:43:09.197+0000] {processor.py:161} INFO - Started process (PID=152) to work on /opt/airflow/dags/pipeline_dag.py
[2026-04-28T10:43:09.198+0000] {processor.py:830} INFO - Processing file /opt/airflow/dags/pipeline_dag.py for tasks to queue
[2026-04-28T10:43:09.200+0000] {logging_mixin.py:188} INFO - [2026-04-28T10:43:09.200+0000] {dagbag.py:538} INFO - Filling up the DagBag from /opt/airflow/dags/pipeline_dag.py
[2026-04-28T10:43:09.221+0000] {processor.py:840} INFO - DAG(s) 'energy_pipeline' retrieved from /opt/airflow/dags/pipeline_dag.py
[2026-04-28T10:43:09.259+0000] {logging_mixin.py:188} INFO - [2026-04-28T10:43:09.258+0000] {dag.py:3036} INFO - Sync 1 DAGs
[2026-04-28T10:43:09.291+0000] {logging_mixin.py:188} INFO - [2026-04-28T10:43:09.291+0000] {dag.py:3823} INFO - Setting next_dagrun for energy_pipeline to 2026-04-28 00:00:00+00:00, run_after=2026-04-29 00:00:00+00:00
[2026-04-28T10:43:09.326+0000] {processor.py:183} INFO - Processing /opt/airflow/dags/pipeline_dag.py took 0.133 seconds
[2026-04-28T10:43:42.333+0000] {processor.py:161} INFO - Started process (PID=82) to work on /opt/airflow/dags/pipeline_dag.py
[2026-04-28T10:43:42.335+0000] {processor.py:830} INFO - Processing file /opt/airflow/dags/pipeline_dag.py for tasks to queue
[2026-04-28T10:43:42.336+0000] {logging_mixin.py:188} INFO - [2026-04-28T10:43:42.335+0000] {dagbag.py:538} INFO - Filling up the DagBag from /opt/airflow/dags/pipeline_dag.py
[2026-04-28T10:43:42.361+0000] {processor.py:840} INFO - DAG(s) 'energy_pipeline' retrieved from /opt/airflow/dags/pipeline_dag.py
[2026-04-28T10:43:42.385+0000] {logging_mixin.py:188} INFO - [2026-04-28T10:43:42.379+0000] {dag.py:3036} INFO - Sync 1 DAGs
[2026-04-28T10:43:42.616+0000] {logging_mixin.py:188} INFO - [2026-04-28T10:43:42.615+0000] {dag.py:3823} INFO - Setting next_dagrun for energy_pipeline to 2026-04-28 00:00:00+00:00, run_after=2026-04-29 00:00:00+00:00
[2026-04-28T10:43:42.648+0000] {processor.py:183} INFO - Processing /opt/airflow/dags/pipeline_dag.py took 0.319 seconds
[2026-04-28T10:44:14.096+0000] {processor.py:161} INFO - Started process (PID=106) to work on /opt/airflow/dags/pipeline_dag.py
[2026-04-28T10:44:14.099+0000] {processor.py:830} INFO - Processing file /opt/airflow/dags/pipeline_dag.py for tasks to queue
[2026-04-28T10:44:14.102+0000] {logging_mixin.py:188} INFO - [2026-04-28T10:44:14.100+0000] {dagbag.py:538} INFO - Filling up the DagBag from /opt/airflow/dags/pipeline_dag.py
[2026-04-28T10:44:14.142+0000] {processor.py:840} INFO - DAG(s) 'energy_pipeline' retrieved from /opt/airflow/dags/pipeline_dag.py
[2026-04-28T10:44:14.380+0000] {logging_mixin.py:188} INFO - [2026-04-28T10:44:14.380+0000] {dag.py:3036} INFO - Sync 1 DAGs
[2026-04-28T10:44:14.417+0000] {logging_mixin.py:188} INFO - [2026-04-28T10:44:14.417+0000] {dag.py:3823} INFO - Setting next_dagrun for energy_pipeline to 2026-04-28 00:00:00+00:00, run_after=2026-04-29 00:00:00+00:00
[2026-04-28T10:44:14.458+0000] {processor.py:183} INFO - Processing /opt/airflow/dags/pipeline_dag.py took 0.372 seconds
[2026-04-28T10:44:45.390+0000] {processor.py:161} INFO - Started process (PID=108) to work on /opt/airflow/dags/pipeline_dag.py
[2026-04-28T10:44:45.400+0000] {processor.py:830} INFO - Processing file /opt/airflow/dags/pipeline_dag.py for tasks to queue
[2026-04-28T10:44:45.407+0000] {logging_mixin.py:188} INFO - [2026-04-28T10:44:45.406+0000] {dagbag.py:538} INFO - Filling up the DagBag from /opt/airflow/dags/pipeline_dag.py
[2026-04-28T10:44:45.556+0000] {processor.py:840} INFO - DAG(s) 'energy_pipeline' retrieved from /opt/airflow/dags/pipeline_dag.py
[2026-04-28T10:44:45.638+0000] {logging_mixin.py:188} INFO - [2026-04-28T10:44:45.638+0000] {dag.py:3036} INFO - Sync 1 DAGs
[2026-04-28T10:44:45.697+0000] {logging_mixin.py:188} INFO - [2026-04-28T10:44:45.697+0000] {dag.py:3823} INFO - Setting next_dagrun for energy_pipeline to 2026-04-28 00:00:00+00:00, run_after=2026-04-29 00:00:00+00:00
[2026-04-28T10:44:45.745+0000] {processor.py:183} INFO - Processing /opt/airflow/dags/pipeline_dag.py took 0.373 seconds
[2026-04-28T10:45:21.569+0000] {processor.py:161} INFO - Started process (PID=144) to work on /opt/airflow/dags/pipeline_dag.py
[2026-04-28T10:45:21.571+0000] {processor.py:830} INFO - Processing file /opt/airflow/dags/pipeline_dag.py for tasks to queue
[2026-04-28T10:45:21.573+0000] {logging_mixin.py:188} INFO - [2026-04-28T10:45:21.572+0000] {dagbag.py:538} INFO - Filling up the DagBag from /opt/airflow/dags/pipeline_dag.py
[2026-04-28T10:45:21.592+0000] {processor.py:840} INFO - DAG(s) 'energy_pipeline' retrieved from /opt/airflow/dags/pipeline_dag.py
[2026-04-28T10:45:21.628+0000] {logging_mixin.py:188} INFO - [2026-04-28T10:45:21.628+0000] {dag.py:3036} INFO - Sync 1 DAGs
[2026-04-28T10:45:21.676+0000] {logging_mixin.py:188} INFO - [2026-04-28T10:45:21.676+0000] {dag.py:3823} INFO - Setting next_dagrun for energy_pipeline to 2026-04-28 00:00:00+00:00, run_after=2026-04-29 00:00:00+00:00
[2026-04-28T10:45:21.735+0000] {processor.py:183} INFO - Processing /opt/airflow/dags/pipeline_dag.py took 0.170 seconds
[2026-04-28T10:46:04.437+0000] {processor.py:161} INFO - Started process (PID=180) to work on /opt/airflow/dags/pipeline_dag.py
[2026-04-28T10:46:04.439+0000] {processor.py:830} INFO - Processing file /opt/airflow/dags/pipeline_dag.py for tasks to queue
[2026-04-28T10:46:04.440+0000] {logging_mixin.py:188} INFO - [2026-04-28T10:46:04.440+0000] {dagbag.py:538} INFO - Filling up the DagBag from /opt/airflow/dags/pipeline_dag.py
[2026-04-28T10:46:04.461+0000] {processor.py:840} INFO - DAG(s) 'energy_pipeline' retrieved from /opt/airflow/dags/pipeline_dag.py
[2026-04-28T10:46:04.507+0000] {logging_mixin.py:188} INFO - [2026-04-28T10:46:04.506+0000] {dag.py:3036} INFO - Sync 1 DAGs
[2026-04-28T10:46:04.540+0000] {logging_mixin.py:188} INFO - [2026-04-28T10:46:04.540+0000] {dag.py:3823} INFO - Setting next_dagrun for energy_pipeline to 2026-04-28 00:00:00+00:00, run_after=2026-04-29 00:00:00+00:00
[2026-04-28T10:46:04.579+0000] {processor.py:183} INFO - Processing /opt/airflow/dags/pipeline_dag.py took 0.146 seconds
[2026-04-28T10:50:28.930+0000] {processor.py:161} INFO - Started process (PID=82) to work on /opt/airflow/dags/pipeline_dag.py
[2026-04-28T10:50:28.936+0000] {processor.py:830} INFO - Processing file /opt/airflow/dags/pipeline_dag.py for tasks to queue
[2026-04-28T10:50:28.943+0000] {logging_mixin.py:188} INFO - [2026-04-28T10:50:28.939+0000] {dagbag.py:538} INFO - Filling up the DagBag from /opt/airflow/dags/pipeline_dag.py
[2026-04-28T10:50:29.065+0000] {processor.py:840} INFO - DAG(s) 'energy_pipeline' retrieved from /opt/airflow/dags/pipeline_dag.py
[2026-04-28T10:50:29.136+0000] {logging_mixin.py:188} INFO - [2026-04-28T10:50:29.114+0000] {dag.py:3036} INFO - Sync 1 DAGs
[2026-04-28T10:50:29.611+0000] {logging_mixin.py:188} INFO - [2026-04-28T10:50:29.611+0000] {dag.py:3823} INFO - Setting next_dagrun for energy_pipeline to 2026-04-28 00:00:00+00:00, run_after=2026-04-29 00:00:00+00:00
[2026-04-28T10:50:29.656+0000] {processor.py:183} INFO - Processing /opt/airflow/dags/pipeline_dag.py took 0.741 seconds
[2026-04-28T10:51:50.937+0000] {processor.py:161} INFO - Started process (PID=82) to work on /opt/airflow/dags/pipeline_dag.py
[2026-04-28T10:51:50.939+0000] {processor.py:830} INFO - Processing file /opt/airflow/dags/pipeline_dag.py for tasks to queue
[2026-04-28T10:51:50.941+0000] {logging_mixin.py:188} INFO - [2026-04-28T10:51:50.940+0000] {dagbag.py:538} INFO - Filling up the DagBag from /opt/airflow/dags/pipeline_dag.py
[2026-04-28T10:51:50.969+0000] {processor.py:840} INFO - DAG(s) 'energy_pipeline' retrieved from /opt/airflow/dags/pipeline_dag.py
[2026-04-28T10:51:50.991+0000] {logging_mixin.py:188} INFO - [2026-04-28T10:51:50.986+0000] {dag.py:3036} INFO - Sync 1 DAGs
[2026-04-28T10:51:51.261+0000] {logging_mixin.py:188} INFO - [2026-04-28T10:51:51.261+0000] {dag.py:3823} INFO - Setting next_dagrun for energy_pipeline to 2026-04-28 00:00:00+00:00, run_after=2026-04-29 00:00:00+00:00
[2026-04-28T10:51:51.301+0000] {processor.py:183} INFO - Processing /opt/airflow/dags/pipeline_dag.py took 0.370 seconds
[2026-04-28T10:52:23.674+0000] {processor.py:161} INFO - Started process (PID=192) to work on /opt/airflow/dags/pipeline_dag.py
[2026-04-28T10:52:23.678+0000] {processor.py:830} INFO - Processing file /opt/airflow/dags/pipeline_dag.py for tasks to queue
[2026-04-28T10:52:23.681+0000] {logging_mixin.py:188} INFO - [2026-04-28T10:52:23.681+0000] {dagbag.py:538} INFO - Filling up the DagBag from /opt/airflow/dags/pipeline_dag.py
[2026-04-28T10:52:23.719+0000] {processor.py:840} INFO - DAG(s) 'energy_pipeline' retrieved from /opt/airflow/dags/pipeline_dag.py
[2026-04-28T10:52:24.373+0000] {logging_mixin.py:188} INFO - [2026-04-28T10:52:24.373+0000] {dag.py:3036} INFO - Sync 1 DAGs
[2026-04-28T10:52:24.412+0000] {logging_mixin.py:188} INFO - [2026-04-28T10:52:24.411+0000] {dag.py:3823} INFO - Setting next_dagrun for energy_pipeline to 2026-04-28 00:00:00+00:00, run_after=2026-04-29 00:00:00+00:00
[2026-04-28T10:52:24.459+0000] {processor.py:183} INFO - Processing /opt/airflow/dags/pipeline_dag.py took 0.793 seconds
[2026-04-28T10:53:41.009+0000] {processor.py:161} INFO - Started process (PID=80) to work on /opt/airflow/dags/pipeline_dag.py
[2026-04-28T10:53:41.012+0000] {processor.py:830} INFO - Processing file /opt/airflow/dags/pipeline_dag.py for tasks to queue
[2026-04-28T10:53:41.013+0000] {logging_mixin.py:188} INFO - [2026-04-28T10:53:41.012+0000] {dagbag.py:538} INFO - Filling up the DagBag from /opt/airflow/dags/pipeline_dag.py
[2026-04-28T10:53:41.044+0000] {processor.py:840} INFO - DAG(s) 'energy_pipeline' retrieved from /opt/airflow/dags/pipeline_dag.py
[2026-04-28T10:53:41.087+0000] {logging_mixin.py:188} INFO - [2026-04-28T10:53:41.078+0000] {dag.py:3036} INFO - Sync 1 DAGs
[2026-04-28T10:53:41.372+0000] {logging_mixin.py:188} INFO - [2026-04-28T10:53:41.372+0000] {dag.py:3823} INFO - Setting next_dagrun for energy_pipeline to 2026-04-28 00:00:00+00:00, run_after=2026-04-29 00:00:00+00:00
[2026-04-28T10:53:41.418+0000] {processor.py:183} INFO - Processing /opt/airflow/dags/pipeline_dag.py took 0.415 seconds
[2026-04-28T10:54:11.799+0000] {processor.py:161} INFO - Started process (PID=107) to work on /opt/airflow/dags/pipeline_dag.py
[2026-04-28T10:54:11.801+0000] {processor.py:830} INFO - Processing file /opt/airflow/dags/pipeline_dag.py for tasks to queue
[2026-04-28T10:54:11.802+0000] {logging_mixin.py:188} INFO - [2026-04-28T10:54:11.802+0000] {dagbag.py:538} INFO - Filling up the DagBag from /opt/airflow/dags/pipeline_dag.py
[2026-04-28T10:54:11.821+0000] {processor.py:840} INFO - DAG(s) 'energy_pipeline' retrieved from /opt/airflow/dags/pipeline_dag.py
[2026-04-28T10:54:12.046+0000] {logging_mixin.py:188} INFO - [2026-04-28T10:54:12.046+0000] {dag.py:3036} INFO - Sync 1 DAGs
[2026-04-28T10:54:12.072+0000] {logging_mixin.py:188} INFO - [2026-04-28T10:54:12.072+0000] {dag.py:3823} INFO - Setting next_dagrun for energy_pipeline to 2026-04-28 00:00:00+00:00, run_after=2026-04-29 00:00:00+00:00
[2026-04-28T10:54:12.107+0000] {processor.py:183} INFO - Processing /opt/airflow/dags/pipeline_dag.py took 0.312 seconds
[2026-04-28T10:56:00.400+0000] {processor.py:161} INFO - Started process (PID=144) to work on /opt/airflow/dags/pipeline_dag.py
[2026-04-28T10:56:00.402+0000] {processor.py:830} INFO - Processing file /opt/airflow/dags/pipeline_dag.py for tasks to queue
[2026-04-28T10:56:00.405+0000] {logging_mixin.py:188} INFO - [2026-04-28T10:56:00.404+0000] {dagbag.py:538} INFO - Filling up the DagBag from /opt/airflow/dags/pipeline_dag.py
[2026-04-28T10:56:00.432+0000] {processor.py:840} INFO - DAG(s) 'energy_pipeline' retrieved from /opt/airflow/dags/pipeline_dag.py
[2026-04-28T10:56:00.511+0000] {logging_mixin.py:188} INFO - [2026-04-28T10:56:00.510+0000] {dag.py:3036} INFO - Sync 1 DAGs
[2026-04-28T10:56:00.548+0000] {logging_mixin.py:188} INFO - [2026-04-28T10:56:00.548+0000] {dag.py:3823} INFO - Setting next_dagrun for energy_pipeline to 2026-04-28 00:00:00+00:00, run_after=2026-04-29 00:00:00+00:00
[2026-04-28T10:56:00.593+0000] {processor.py:183} INFO - Processing /opt/airflow/dags/pipeline_dag.py took 0.199 seconds
[2026-04-28T10:57:07.445+0000] {processor.py:161} INFO - Started process (PID=181) to work on /opt/airflow/dags/pipeline_dag.py
[2026-04-28T10:57:07.447+0000] {processor.py:830} INFO - Processing file /opt/airflow/dags/pipeline_dag.py for tasks to queue
[2026-04-28T10:57:07.449+0000] {logging_mixin.py:188} INFO - [2026-04-28T10:57:07.448+0000] {dagbag.py:538} INFO - Filling up the DagBag from /opt/airflow/dags/pipeline_dag.py
[2026-04-28T10:57:07.462+0000] {processor.py:840} INFO - DAG(s) 'energy_pipeline' retrieved from /opt/airflow/dags/pipeline_dag.py
[2026-04-28T10:57:07.507+0000] {logging_mixin.py:188} INFO - [2026-04-28T10:57:07.507+0000] {dag.py:3036} INFO - Sync 1 DAGs
[2026-04-28T10:57:07.534+0000] {logging_mixin.py:188} INFO - [2026-04-28T10:57:07.533+0000] {dag.py:3823} INFO - Setting next_dagrun for energy_pipeline to 2026-04-28 00:00:00+00:00, run_after=2026-04-29 00:00:00+00:00
[2026-04-28T10:57:07.577+0000] {processor.py:183} INFO - Processing /opt/airflow/dags/pipeline_dag.py took 0.136 seconds
[2026-04-28T10:57:37.715+0000] {processor.py:161} INFO - Started process (PID=307) to work on /opt/airflow/dags/pipeline_dag.py
[2026-04-28T10:57:37.717+0000] {processor.py:830} INFO - Processing file /opt/airflow/dags/pipeline_dag.py for tasks to queue
[2026-04-28T10:57:37.719+0000] {logging_mixin.py:188} INFO - [2026-04-28T10:57:37.718+0000] {dagbag.py:538} INFO - Filling up the DagBag from /opt/airflow/dags/pipeline_dag.py
[2026-04-28T10:57:37.732+0000] {processor.py:840} INFO - DAG(s) 'energy_pipeline' retrieved from /opt/airflow/dags/pipeline_dag.py
[2026-04-28T10:57:37.773+0000] {logging_mixin.py:188} INFO - [2026-04-28T10:57:37.772+0000] {dag.py:3036} INFO - Sync 1 DAGs
[2026-04-28T10:57:37.801+0000] {logging_mixin.py:188} INFO - [2026-04-28T10:57:37.801+0000] {dag.py:3823} INFO - Setting next_dagrun for energy_pipeline to 2026-04-28 00:00:00+00:00, run_after=2026-04-29 00:00:00+00:00
[2026-04-28T10:57:37.838+0000] {processor.py:183} INFO - Processing /opt/airflow/dags/pipeline_dag.py took 0.128 seconds
[2026-04-28T10:58:08.502+0000] {processor.py:161} INFO - Started process (PID=308) to work on /opt/airflow/dags/pipeline_dag.py
[2026-04-28T10:58:08.503+0000] {processor.py:830} INFO - Processing file /opt/airflow/dags/pipeline_dag.py for tasks to queue
[2026-04-28T10:58:08.505+0000] {logging_mixin.py:188} INFO - [2026-04-28T10:58:08.504+0000] {dagbag.py:538} INFO - Filling up the DagBag from /opt/airflow/dags/pipeline_dag.py
[2026-04-28T10:58:08.517+0000] {processor.py:840} INFO - DAG(s) 'energy_pipeline' retrieved from /opt/airflow/dags/pipeline_dag.py
[2026-04-28T10:58:08.555+0000] {logging_mixin.py:188} INFO - [2026-04-28T10:58:08.555+0000] {dag.py:3036} INFO - Sync 1 DAGs
[2026-04-28T10:58:08.583+0000] {logging_mixin.py:188} INFO - [2026-04-28T10:58:08.583+0000] {dag.py:3823} INFO - Setting next_dagrun for energy_pipeline to 2026-04-28 00:00:00+00:00, run_after=2026-04-29 00:00:00+00:00
[2026-04-28T10:58:08.622+0000] {processor.py:183} INFO - Processing /opt/airflow/dags/pipeline_dag.py took 0.126 seconds
[2026-04-28T10:58:38.917+0000] {processor.py:161} INFO - Started process (PID=309) to work on /opt/airflow/dags/pipeline_dag.py
[2026-04-28T10:58:38.918+0000] {processor.py:830} INFO - Processing file /opt/airflow/dags/pipeline_dag.py for tasks to queue
[2026-04-28T10:58:38.920+0000] {logging_mixin.py:188} INFO - [2026-04-28T10:58:38.919+0000] {dagbag.py:538} INFO - Filling up the DagBag from /opt/airflow/dags/pipeline_dag.py
[2026-04-28T10:58:38.933+0000] {processor.py:840} INFO - DAG(s) 'energy_pipeline' retrieved from /opt/airflow/dags/pipeline_dag.py
[2026-04-28T10:58:38.970+0000] {logging_mixin.py:188} INFO - [2026-04-28T10:58:38.970+0000] {dag.py:3036} INFO - Sync 1 DAGs
[2026-04-28T10:58:39.006+0000] {logging_mixin.py:188} INFO - [2026-04-28T10:58:39.006+0000] {dag.py:3823} INFO - Setting next_dagrun for energy_pipeline to 2026-04-28 00:00:00+00:00, run_after=2026-04-29 00:00:00+00:00
[2026-04-28T10:58:39.063+0000] {processor.py:183} INFO - Processing /opt/airflow/dags/pipeline_dag.py took 0.151 seconds
[2026-04-28T10:59:09.635+0000] {processor.py:161} INFO - Started process (PID=310) to work on /opt/airflow/dags/pipeline_dag.py
[2026-04-28T10:59:09.636+0000] {processor.py:830} INFO - Processing file /opt/airflow/dags/pipeline_dag.py for tasks to queue
[2026-04-28T10:59:09.638+0000] {logging_mixin.py:188} INFO - [2026-04-28T10:59:09.637+0000] {dagbag.py:538} INFO - Filling up the DagBag from /opt/airflow/dags/pipeline_dag.py
[2026-04-28T10:59:09.650+0000] {processor.py:840} INFO - DAG(s) 'energy_pipeline' retrieved from /opt/airflow/dags/pipeline_dag.py
[2026-04-28T10:59:09.686+0000] {logging_mixin.py:188} INFO - [2026-04-28T10:59:09.685+0000] {dag.py:3036} INFO - Sync 1 DAGs
[2026-04-28T10:59:09.713+0000] {logging_mixin.py:188} INFO - [2026-04-28T10:59:09.713+0000] {dag.py:3823} INFO - Setting next_dagrun for energy_pipeline to 2026-04-28 00:00:00+00:00, run_after=2026-04-29 00:00:00+00:00
[2026-04-28T10:59:09.748+0000] {processor.py:183} INFO - Processing /opt/airflow/dags/pipeline_dag.py took 0.118 seconds
[2026-04-28T10:59:39.933+0000] {processor.py:161} INFO - Started process (PID=311) to work on /opt/airflow/dags/pipeline_dag.py
[2026-04-28T10:59:39.935+0000] {processor.py:830} INFO - Processing file /opt/airflow/dags/pipeline_dag.py for tasks to queue
[2026-04-28T10:59:39.937+0000] {logging_mixin.py:188} INFO - [2026-04-28T10:59:39.937+0000] {dagbag.py:538} INFO - Filling up the DagBag from /opt/airflow/dags/pipeline_dag.py
[2026-04-28T10:59:39.985+0000] {processor.py:840} INFO - DAG(s) 'energy_pipeline' retrieved from /opt/airflow/dags/pipeline_dag.py
[2026-04-28T10:59:40.067+0000] {logging_mixin.py:188} INFO - [2026-04-28T10:59:40.066+0000] {dag.py:3036} INFO - Sync 1 DAGs
[2026-04-28T10:59:40.127+0000] {logging_mixin.py:188} INFO - [2026-04-28T10:59:40.127+0000] {dag.py:3823} INFO - Setting next_dagrun for energy_pipeline to 2026-04-28 00:00:00+00:00, run_after=2026-04-29 00:00:00+00:00
[2026-04-28T10:59:40.173+0000] {processor.py:183} INFO - Processing /opt/airflow/dags/pipeline_dag.py took 0.257 seconds
[2026-04-28T11:00:10.413+0000] {processor.py:161} INFO - Started process (PID=312) to work on /opt/airflow/dags/pipeline_dag.py
[2026-04-28T11:00:10.416+0000] {processor.py:830} INFO - Processing file /opt/airflow/dags/pipeline_dag.py for tasks to queue
[2026-04-28T11:00:10.418+0000] {logging_mixin.py:188} INFO - [2026-04-28T11:00:10.417+0000] {dagbag.py:538} INFO - Filling up the DagBag from /opt/airflow/dags/pipeline_dag.py
[2026-04-28T11:00:10.439+0000] {processor.py:840} INFO - DAG(s) 'energy_pipeline' retrieved from /opt/airflow/dags/pipeline_dag.py
[2026-04-28T11:00:10.481+0000] {logging_mixin.py:188} INFO - [2026-04-28T11:00:10.481+0000] {dag.py:3036} INFO - Sync 1 DAGs
[2026-04-28T11:00:10.515+0000] {logging_mixin.py:188} INFO - [2026-04-28T11:00:10.515+0000] {dag.py:3823} INFO - Setting next_dagrun for energy_pipeline to 2026-04-28 00:00:00+00:00, run_after=2026-04-29 00:00:00+00:00
[2026-04-28T11:00:10.552+0000] {processor.py:183} INFO - Processing /opt/airflow/dags/pipeline_dag.py took 0.146 seconds
[2026-04-28T11:00:40.912+0000] {processor.py:161} INFO - Started process (PID=313) to work on /opt/airflow/dags/pipeline_dag.py
[2026-04-28T11:00:40.915+0000] {processor.py:830} INFO - Processing file /opt/airflow/dags/pipeline_dag.py for tasks to queue
[2026-04-28T11:00:40.918+0000] {logging_mixin.py:188} INFO - [2026-04-28T11:00:40.916+0000] {dagbag.py:538} INFO - Filling up the DagBag from /opt/airflow/dags/pipeline_dag.py
[2026-04-28T11:00:40.938+0000] {processor.py:840} INFO - DAG(s) 'energy_pipeline' retrieved from /opt/airflow/dags/pipeline_dag.py
[2026-04-28T11:00:40.998+0000] {logging_mixin.py:188} INFO - [2026-04-28T11:00:40.997+0000] {dag.py:3036} INFO - Sync 1 DAGs
[2026-04-28T11:00:41.036+0000] {logging_mixin.py:188} INFO - [2026-04-28T11:00:41.035+0000] {dag.py:3823} INFO - Setting next_dagrun for energy_pipeline to 2026-04-28 00:00:00+00:00, run_after=2026-04-29 00:00:00+00:00
[2026-04-28T11:00:41.074+0000] {processor.py:183} INFO - Processing /opt/airflow/dags/pipeline_dag.py took 0.171 seconds
[2026-04-28T11:01:11.535+0000] {processor.py:161} INFO - Started process (PID=314) to work on /opt/airflow/dags/pipeline_dag.py
[2026-04-28T11:01:11.537+0000] {processor.py:830} INFO - Processing file /opt/airflow/dags/pipeline_dag.py for tasks to queue
[2026-04-28T11:01:11.538+0000] {logging_mixin.py:188} INFO - [2026-04-28T11:01:11.538+0000] {dagbag.py:538} INFO - Filling up the DagBag from /opt/airflow/dags/pipeline_dag.py
[2026-04-28T11:01:11.560+0000] {processor.py:840} INFO - DAG(s) 'energy_pipeline' retrieved from /opt/airflow/dags/pipeline_dag.py
[2026-04-28T11:01:11.649+0000] {logging_mixin.py:188} INFO - [2026-04-28T11:01:11.648+0000] {dag.py:3036} INFO - Sync 1 DAGs
[2026-04-28T11:01:11.691+0000] {logging_mixin.py:188} INFO - [2026-04-28T11:01:11.691+0000] {dag.py:3823} INFO - Setting next_dagrun for energy_pipeline to 2026-04-28 00:00:00+00:00, run_after=2026-04-29 00:00:00+00:00
[2026-04-28T11:01:11.741+0000] {processor.py:183} INFO - Processing /opt/airflow/dags/pipeline_dag.py took 0.211 seconds
[2026-04-28T11:01:42.090+0000] {processor.py:161} INFO - Started process (PID=315) to work on /opt/airflow/dags/pipeline_dag.py
[2026-04-28T11:01:42.092+0000] {processor.py:830} INFO - Processing file /opt/airflow/dags/pipeline_dag.py for tasks to queue
[2026-04-28T11:01:42.094+0000] {logging_mixin.py:188} INFO - [2026-04-28T11:01:42.093+0000] {dagbag.py:538} INFO - Filling up the DagBag from /opt/airflow/dags/pipeline_dag.py
[2026-04-28T11:01:42.112+0000] {processor.py:840} INFO - DAG(s) 'energy_pipeline' retrieved from /opt/airflow/dags/pipeline_dag.py
[2026-04-28T11:01:42.197+0000] {logging_mixin.py:188} INFO - [2026-04-28T11:01:42.196+0000] {dag.py:3036} INFO - Sync 1 DAGs
[2026-04-28T11:01:42.242+0000] {logging_mixin.py:188} INFO - [2026-04-28T11:01:42.242+0000] {dag.py:3823} INFO - Setting next_dagrun for energy_pipeline to 2026-04-28 00:00:00+00:00, run_after=2026-04-29 00:00:00+00:00
[2026-04-28T11:01:42.297+0000] {processor.py:183} INFO - Processing /opt/airflow/dags/pipeline_dag.py took 0.221 seconds
[2026-04-28T11:02:12.646+0000] {processor.py:161} INFO - Started process (PID=316) to work on /opt/airflow/dags/pipeline_dag.py
[2026-04-28T11:02:12.647+0000] {processor.py:830} INFO - Processing file /opt/airflow/dags/pipeline_dag.py for tasks to queue
[2026-04-28T11:02:12.649+0000] {logging_mixin.py:188} INFO - [2026-04-28T11:02:12.648+0000] {dagbag.py:538} INFO - Filling up the DagBag from /opt/airflow/dags/pipeline_dag.py
[2026-04-28T11:02:12.660+0000] {processor.py:840} INFO - DAG(s) 'energy_pipeline' retrieved from /opt/airflow/dags/pipeline_dag.py
[2026-04-28T11:02:12.696+0000] {logging_mixin.py:188} INFO - [2026-04-28T11:02:12.696+0000] {dag.py:3036} INFO - Sync 1 DAGs
[2026-04-28T11:02:12.723+0000] {logging_mixin.py:188} INFO - [2026-04-28T11:02:12.723+0000] {dag.py:3823} INFO - Setting next_dagrun for energy_pipeline to 2026-04-28 00:00:00+00:00, run_after=2026-04-29 00:00:00+00:00
[2026-04-28T11:02:12.760+0000] {processor.py:183} INFO - Processing /opt/airflow/dags/pipeline_dag.py took 0.118 seconds
[2026-04-28T11:02:47.804+0000] {processor.py:161} INFO - Started process (PID=407) to work on /opt/airflow/dags/pipeline_dag.py
[2026-04-28T11:02:47.806+0000] {processor.py:830} INFO - Processing file /opt/airflow/dags/pipeline_dag.py for tasks to queue
[2026-04-28T11:02:47.808+0000] {logging_mixin.py:188} INFO - [2026-04-28T11:02:47.807+0000] {dagbag.py:538} INFO - Filling up the DagBag from /opt/airflow/dags/pipeline_dag.py
[2026-04-28T11:02:47.820+0000] {processor.py:840} INFO - DAG(s) 'energy_pipeline' retrieved from /opt/airflow/dags/pipeline_dag.py
[2026-04-28T11:02:47.857+0000] {logging_mixin.py:188} INFO - [2026-04-28T11:02:47.856+0000] {dag.py:3036} INFO - Sync 1 DAGs
[2026-04-28T11:02:47.884+0000] {logging_mixin.py:188} INFO - [2026-04-28T11:02:47.884+0000] {dag.py:3823} INFO - Setting next_dagrun for energy_pipeline to 2026-04-28 00:00:00+00:00, run_after=2026-04-29 00:00:00+00:00
[2026-04-28T11:02:47.917+0000] {processor.py:183} INFO - Processing /opt/airflow/dags/pipeline_dag.py took 0.117 seconds
[2026-04-28T11:03:18.170+0000] {processor.py:161} INFO - Started process (PID=408) to work on /opt/airflow/dags/pipeline_dag.py
[2026-04-28T11:03:18.172+0000] {processor.py:830} INFO - Processing file /opt/airflow/dags/pipeline_dag.py for tasks to queue
[2026-04-28T11:03:18.174+0000] {logging_mixin.py:188} INFO - [2026-04-28T11:03:18.173+0000] {dagbag.py:538} INFO - Filling up the DagBag from /opt/airflow/dags/pipeline_dag.py
[2026-04-28T11:03:18.187+0000] {processor.py:840} INFO - DAG(s) 'energy_pipeline' retrieved from /opt/airflow/dags/pipeline_dag.py
[2026-04-28T11:03:18.236+0000] {logging_mixin.py:188} INFO - [2026-04-28T11:03:18.236+0000] {dag.py:3036} INFO - Sync 1 DAGs
[2026-04-28T11:03:18.293+0000] {logging_mixin.py:188} INFO - [2026-04-28T11:03:18.293+0000] {dag.py:3823} INFO - Setting next_dagrun for energy_pipeline to 2026-04-28 00:00:00+00:00, run_after=2026-04-29 00:00:00+00:00
[2026-04-28T11:03:18.336+0000] {processor.py:183} INFO - Processing /opt/airflow/dags/pipeline_dag.py took 0.172 seconds
[2026-04-28T11:03:49.277+0000] {processor.py:161} INFO - Started process (PID=409) to work on /opt/airflow/dags/pipeline_dag.py
[2026-04-28T11:03:49.281+0000] {processor.py:830} INFO - Processing file /opt/airflow/dags/pipeline_dag.py for tasks to queue
[2026-04-28T11:03:49.286+0000] {logging_mixin.py:188} INFO - [2026-04-28T11:03:49.283+0000] {dagbag.py:538} INFO - Filling up the DagBag from /opt/airflow/dags/pipeline_dag.py
[2026-04-28T11:03:49.316+0000] {processor.py:840} INFO - DAG(s) 'energy_pipeline' retrieved from /opt/airflow/dags/pipeline_dag.py
[2026-04-28T11:03:49.406+0000] {logging_mixin.py:188} INFO - [2026-04-28T11:03:49.406+0000] {dag.py:3036} INFO - Sync 1 DAGs
[2026-04-28T11:03:49.449+0000] {logging_mixin.py:188} INFO - [2026-04-28T11:03:49.449+0000] {dag.py:3823} INFO - Setting next_dagrun for energy_pipeline to 2026-04-28 00:00:00+00:00, run_after=2026-04-29 00:00:00+00:00
[2026-04-28T11:03:49.501+0000] {processor.py:183} INFO - Processing /opt/airflow/dags/pipeline_dag.py took 0.240 seconds
[2026-04-28T11:04:20.533+0000] {processor.py:161} INFO - Started process (PID=410) to work on /opt/airflow/dags/pipeline_dag.py
[2026-04-28T11:04:20.535+0000] {processor.py:830} INFO - Processing file /opt/airflow/dags/pipeline_dag.py for tasks to queue
[2026-04-28T11:04:20.536+0000] {logging_mixin.py:188} INFO - [2026-04-28T11:04:20.535+0000] {dagbag.py:538} INFO - Filling up the DagBag from /opt/airflow/dags/pipeline_dag.py
[2026-04-28T11:04:20.552+0000] {processor.py:840} INFO - DAG(s) 'energy_pipeline' retrieved from /opt/airflow/dags/pipeline_dag.py
[2026-04-28T11:04:20.602+0000] {logging_mixin.py:188} INFO - [2026-04-28T11:04:20.601+0000] {dag.py:3036} INFO - Sync 1 DAGs
[2026-04-28T11:04:20.639+0000] {logging_mixin.py:188} INFO - [2026-04-28T11:04:20.638+0000] {dag.py:3823} INFO - Setting next_dagrun for energy_pipeline to 2026-04-28 00:00:00+00:00, run_after=2026-04-29 00:00:00+00:00
[2026-04-28T11:04:20.678+0000] {processor.py:183} INFO - Processing /opt/airflow/dags/pipeline_dag.py took 0.150 seconds
[2026-04-28T11:04:50.775+0000] {processor.py:161} INFO - Started process (PID=411) to work on /opt/airflow/dags/pipeline_dag.py
[2026-04-28T11:04:50.780+0000] {processor.py:830} INFO - Processing file /opt/airflow/dags/pipeline_dag.py for tasks to queue
[2026-04-28T11:04:50.782+0000] {logging_mixin.py:188} INFO - [2026-04-28T11:04:50.781+0000] {dagbag.py:538} INFO - Filling up the DagBag from /opt/airflow/dags/pipeline_dag.py
[2026-04-28T11:04:50.800+0000] {processor.py:840} INFO - DAG(s) 'energy_pipeline' retrieved from /opt/airflow/dags/pipeline_dag.py
[2026-04-28T11:04:50.856+0000] {logging_mixin.py:188} INFO - [2026-04-28T11:04:50.856+0000] {dag.py:3036} INFO - Sync 1 DAGs
[2026-04-28T11:04:50.893+0000] {logging_mixin.py:188} INFO - [2026-04-28T11:04:50.893+0000] {dag.py:3823} INFO - Setting next_dagrun for energy_pipeline to 2026-04-28 00:00:00+00:00, run_after=2026-04-29 00:00:00+00:00
[2026-04-28T11:04:50.931+0000] {processor.py:183} INFO - Processing /opt/airflow/dags/pipeline_dag.py took 0.165 seconds
[2026-04-28T11:05:21.055+0000] {processor.py:161} INFO - Started process (PID=412) to work on /opt/airflow/dags/pipeline_dag.py
[2026-04-28T11:05:21.061+0000] {processor.py:830} INFO - Processing file /opt/airflow/dags/pipeline_dag.py for tasks to queue
[2026-04-28T11:05:21.066+0000] {logging_mixin.py:188} INFO - [2026-04-28T11:05:21.064+0000] {dagbag.py:538} INFO - Filling up the DagBag from /opt/airflow/dags/pipeline_dag.py
[2026-04-28T11:05:21.082+0000] {processor.py:840} INFO - DAG(s) 'energy_pipeline' retrieved from /opt/airflow/dags/pipeline_dag.py
[2026-04-28T11:05:21.124+0000] {logging_mixin.py:188} INFO - [2026-04-28T11:05:21.124+0000] {dag.py:3036} INFO - Sync 1 DAGs
[2026-04-28T11:05:21.162+0000] {logging_mixin.py:188} INFO - [2026-04-28T11:05:21.162+0000] {dag.py:3823} INFO - Setting next_dagrun for energy_pipeline to 2026-04-28 00:00:00+00:00, run_after=2026-04-29 00:00:00+00:00
[2026-04-28T11:05:21.207+0000] {processor.py:183} INFO - Processing /opt/airflow/dags/pipeline_dag.py took 0.157 seconds
[2026-04-28T11:05:51.792+0000] {processor.py:161} INFO - Started process (PID=413) to work on /opt/airflow/dags/pipeline_dag.py
[2026-04-28T11:05:51.794+0000] {processor.py:830} INFO - Processing file /opt/airflow/dags/pipeline_dag.py for tasks to queue
[2026-04-28T11:05:51.795+0000] {logging_mixin.py:188} INFO - [2026-04-28T11:05:51.795+0000] {dagbag.py:538} INFO - Filling up the DagBag from /opt/airflow/dags/pipeline_dag.py
[2026-04-28T11:05:51.808+0000] {processor.py:840} INFO - DAG(s) 'energy_pipeline' retrieved from /opt/airflow/dags/pipeline_dag.py
[2026-04-28T11:05:51.850+0000] {logging_mixin.py:188} INFO - [2026-04-28T11:05:51.849+0000] {dag.py:3036} INFO - Sync 1 DAGs
[2026-04-28T11:05:51.884+0000] {logging_mixin.py:188} INFO - [2026-04-28T11:05:51.884+0000] {dag.py:3823} INFO - Setting next_dagrun for energy_pipeline to 2026-04-28 00:00:00+00:00, run_after=2026-04-29 00:00:00+00:00
[2026-04-28T11:05:51.928+0000] {processor.py:183} INFO - Processing /opt/airflow/dags/pipeline_dag.py took 0.142 seconds
[2026-04-28T11:06:22.109+0000] {processor.py:161} INFO - Started process (PID=414) to work on /opt/airflow/dags/pipeline_dag.py
[2026-04-28T11:06:22.111+0000] {processor.py:830} INFO - Processing file /opt/airflow/dags/pipeline_dag.py for tasks to queue
[2026-04-28T11:06:22.113+0000] {logging_mixin.py:188} INFO - [2026-04-28T11:06:22.112+0000] {dagbag.py:538} INFO - Filling up the DagBag from /opt/airflow/dags/pipeline_dag.py
[2026-04-28T11:06:22.125+0000] {processor.py:840} INFO - DAG(s) 'energy_pipeline' retrieved from /opt/airflow/dags/pipeline_dag.py
[2026-04-28T11:06:22.165+0000] {logging_mixin.py:188} INFO - [2026-04-28T11:06:22.165+0000] {dag.py:3036} INFO - Sync 1 DAGs
[2026-04-28T11:06:22.192+0000] {logging_mixin.py:188} INFO - [2026-04-28T11:06:22.191+0000] {dag.py:3823} INFO - Setting next_dagrun for energy_pipeline to 2026-04-28 00:00:00+00:00, run_after=2026-04-29 00:00:00+00:00
[2026-04-28T11:06:22.226+0000] {processor.py:183} INFO - Processing /opt/airflow/dags/pipeline_dag.py took 0.121 seconds
[2026-04-28T11:06:52.480+0000] {processor.py:161} INFO - Started process (PID=415) to work on /opt/airflow/dags/pipeline_dag.py
[2026-04-28T11:06:52.482+0000] {processor.py:830} INFO - Processing file /opt/airflow/dags/pipeline_dag.py for tasks to queue
[2026-04-28T11:06:52.484+0000] {logging_mixin.py:188} INFO - [2026-04-28T11:06:52.483+0000] {dagbag.py:538} INFO - Filling up the DagBag from /opt/airflow/dags/pipeline_dag.py
[2026-04-28T11:06:52.498+0000] {processor.py:840} INFO - DAG(s) 'energy_pipeline' retrieved from /opt/airflow/dags/pipeline_dag.py
[2026-04-28T11:06:52.549+0000] {logging_mixin.py:188} INFO - [2026-04-28T11:06:52.548+0000] {dag.py:3036} INFO - Sync 1 DAGs
[2026-04-28T11:06:52.579+0000] {logging_mixin.py:188} INFO - [2026-04-28T11:06:52.579+0000] {dag.py:3823} INFO - Setting next_dagrun for energy_pipeline to 2026-04-28 00:00:00+00:00, run_after=2026-04-29 00:00:00+00:00
[2026-04-28T11:06:52.621+0000] {processor.py:183} INFO - Processing /opt/airflow/dags/pipeline_dag.py took 0.153 seconds
[2026-04-28T11:07:22.849+0000] {processor.py:161} INFO - Started process (PID=416) to work on /opt/airflow/dags/pipeline_dag.py
[2026-04-28T11:07:22.851+0000] {processor.py:830} INFO - Processing file /opt/airflow/dags/pipeline_dag.py for tasks to queue
[2026-04-28T11:07:22.853+0000] {logging_mixin.py:188} INFO - [2026-04-28T11:07:22.852+0000] {dagbag.py:538} INFO - Filling up the DagBag from /opt/airflow/dags/pipeline_dag.py
[2026-04-28T11:07:22.865+0000] {processor.py:840} INFO - DAG(s) 'energy_pipeline' retrieved from /opt/airflow/dags/pipeline_dag.py
[2026-04-28T11:07:22.902+0000] {logging_mixin.py:188} INFO - [2026-04-28T11:07:22.902+0000] {dag.py:3036} INFO - Sync 1 DAGs
[2026-04-28T11:07:22.929+0000] {logging_mixin.py:188} INFO - [2026-04-28T11:07:22.928+0000] {dag.py:3823} INFO - Setting next_dagrun for energy_pipeline to 2026-04-28 00:00:00+00:00, run_after=2026-04-29 00:00:00+00:00
[2026-04-28T11:07:22.963+0000] {processor.py:183} INFO - Processing /opt/airflow/dags/pipeline_dag.py took 0.119 seconds
[2026-04-28T11:08:03.364+0000] {processor.py:161} INFO - Started process (PID=507) to work on /opt/airflow/dags/pipeline_dag.py
[2026-04-28T11:08:03.366+0000] {processor.py:830} INFO - Processing file /opt/airflow/dags/pipeline_dag.py for tasks to queue
[2026-04-28T11:08:03.367+0000] {logging_mixin.py:188} INFO - [2026-04-28T11:08:03.367+0000] {dagbag.py:538} INFO - Filling up the DagBag from /opt/airflow/dags/pipeline_dag.py
[2026-04-28T11:08:03.379+0000] {processor.py:840} INFO - DAG(s) 'energy_pipeline' retrieved from /opt/airflow/dags/pipeline_dag.py
[2026-04-28T11:08:03.496+0000] {logging_mixin.py:188} INFO - [2026-04-28T11:08:03.495+0000] {dag.py:3036} INFO - Sync 1 DAGs
[2026-04-28T11:08:03.532+0000] {logging_mixin.py:188} INFO - [2026-04-28T11:08:03.532+0000] {dag.py:3823} INFO - Setting next_dagrun for energy_pipeline to 2026-04-28 00:00:00+00:00, run_after=2026-04-29 00:00:00+00:00
[2026-04-28T11:08:03.572+0000] {processor.py:183} INFO - Processing /opt/airflow/dags/pipeline_dag.py took 0.213 seconds
[2026-04-28T13:35:34.605+0000] {processor.py:161} INFO - Started process (PID=82) to work on /opt/airflow/dags/pipeline_dag.py
[2026-04-28T13:35:34.634+0000] {processor.py:830} INFO - Processing file /opt/airflow/dags/pipeline_dag.py for tasks to queue
[2026-04-28T13:35:34.650+0000] {logging_mixin.py:188} INFO - [2026-04-28T13:35:34.643+0000] {dagbag.py:538} INFO - Filling up the DagBag from /opt/airflow/dags/pipeline_dag.py
[2026-04-28T13:35:34.925+0000] {processor.py:840} INFO - DAG(s) 'energy_pipeline' retrieved from /opt/airflow/dags/pipeline_dag.py
[2026-04-28T13:35:39.545+0000] {logging_mixin.py:188} INFO - [2026-04-28T13:35:39.542+0000] {dag.py:3036} INFO - Sync 1 DAGs
[2026-04-28T13:35:39.763+0000] {logging_mixin.py:188} INFO - [2026-04-28T13:35:39.762+0000] {dag.py:3823} INFO - Setting next_dagrun for energy_pipeline to 2026-04-28 00:00:00+00:00, run_after=2026-04-29 00:00:00+00:00
[2026-04-28T13:35:39.975+0000] {processor.py:183} INFO - Processing /opt/airflow/dags/pipeline_dag.py took 5.461 seconds
[2026-04-28T13:36:10.675+0000] {processor.py:161} INFO - Started process (PID=100) to work on /opt/airflow/dags/pipeline_dag.py
[2026-04-28T13:36:10.721+0000] {processor.py:830} INFO - Processing file /opt/airflow/dags/pipeline_dag.py for tasks to queue
[2026-04-28T13:36:10.729+0000] {logging_mixin.py:188} INFO - [2026-04-28T13:36:10.726+0000] {dagbag.py:538} INFO - Filling up the DagBag from /opt/airflow/dags/pipeline_dag.py
[2026-04-28T13:36:12.695+0000] {processor.py:840} INFO - DAG(s) 'energy_pipeline' retrieved from /opt/airflow/dags/pipeline_dag.py
[2026-04-28T13:36:12.831+0000] {logging_mixin.py:188} INFO - [2026-04-28T13:36:12.829+0000] {dag.py:3036} INFO - Sync 1 DAGs
[2026-04-28T13:36:12.992+0000] {logging_mixin.py:188} INFO - [2026-04-28T13:36:12.992+0000] {dag.py:3823} INFO - Setting next_dagrun for energy_pipeline to 2026-04-28 00:00:00+00:00, run_after=2026-04-29 00:00:00+00:00
[2026-04-28T13:36:13.340+0000] {processor.py:183} INFO - Processing /opt/airflow/dags/pipeline_dag.py took 2.696 seconds
[2026-04-28T13:38:25.734+0000] {processor.py:161} INFO - Started process (PID=82) to work on /opt/airflow/dags/pipeline_dag.py
[2026-04-28T13:38:25.742+0000] {processor.py:830} INFO - Processing file /opt/airflow/dags/pipeline_dag.py for tasks to queue
[2026-04-28T13:38:25.751+0000] {logging_mixin.py:188} INFO - [2026-04-28T13:38:25.747+0000] {dagbag.py:538} INFO - Filling up the DagBag from /opt/airflow/dags/pipeline_dag.py
[2026-04-28T13:38:25.874+0000] {processor.py:840} INFO - DAG(s) 'energy_pipeline' retrieved from /opt/airflow/dags/pipeline_dag.py
[2026-04-28T13:38:25.977+0000] {logging_mixin.py:188} INFO - [2026-04-28T13:38:25.961+0000] {dag.py:3036} INFO - Sync 1 DAGs
[2026-04-28T13:38:27.199+0000] {logging_mixin.py:188} INFO - [2026-04-28T13:38:27.198+0000] {dag.py:3823} INFO - Setting next_dagrun for energy_pipeline to 2026-04-28 00:00:00+00:00, run_after=2026-04-29 00:00:00+00:00
[2026-04-28T13:38:27.321+0000] {processor.py:183} INFO - Processing /opt/airflow/dags/pipeline_dag.py took 1.622 seconds
[2026-04-28T13:38:59.338+0000] {processor.py:161} INFO - Started process (PID=101) to work on /opt/airflow/dags/pipeline_dag.py
[2026-04-28T13:38:59.353+0000] {processor.py:830} INFO - Processing file /opt/airflow/dags/pipeline_dag.py for tasks to queue
[2026-04-28T13:38:59.364+0000] {logging_mixin.py:188} INFO - [2026-04-28T13:38:59.359+0000] {dagbag.py:538} INFO - Filling up the DagBag from /opt/airflow/dags/pipeline_dag.py
[2026-04-28T13:38:59.469+0000] {processor.py:840} INFO - DAG(s) 'energy_pipeline' retrieved from /opt/airflow/dags/pipeline_dag.py
[2026-04-28T13:39:00.180+0000] {logging_mixin.py:188} INFO - [2026-04-28T13:39:00.180+0000] {dag.py:3036} INFO - Sync 1 DAGs
[2026-04-28T13:39:00.307+0000] {logging_mixin.py:188} INFO - [2026-04-28T13:39:00.306+0000] {dag.py:3823} INFO - Setting next_dagrun for energy_pipeline to 2026-04-28 00:00:00+00:00, run_after=2026-04-29 00:00:00+00:00
[2026-04-28T13:39:00.411+0000] {processor.py:183} INFO - Processing /opt/airflow/dags/pipeline_dag.py took 1.132 seconds
[2026-04-28T13:39:30.673+0000] {processor.py:161} INFO - Started process (PID=107) to work on /opt/airflow/dags/pipeline_dag.py
[2026-04-28T13:39:30.675+0000] {processor.py:830} INFO - Processing file /opt/airflow/dags/pipeline_dag.py for tasks to queue
[2026-04-28T13:39:30.677+0000] {logging_mixin.py:188} INFO - [2026-04-28T13:39:30.677+0000] {dagbag.py:538} INFO - Filling up the DagBag from /opt/airflow/dags/pipeline_dag.py
[2026-04-28T13:39:30.706+0000] {processor.py:840} INFO - DAG(s) 'energy_pipeline' retrieved from /opt/airflow/dags/pipeline_dag.py
[2026-04-28T13:39:30.756+0000] {logging_mixin.py:188} INFO - [2026-04-28T13:39:30.756+0000] {dag.py:3036} INFO - Sync 1 DAGs
[2026-04-28T13:39:30.842+0000] {logging_mixin.py:188} INFO - [2026-04-28T13:39:30.842+0000] {dag.py:3823} INFO - Setting next_dagrun for energy_pipeline to 2026-04-28 00:00:00+00:00, run_after=2026-04-29 00:00:00+00:00
[2026-04-28T13:39:30.995+0000] {processor.py:183} INFO - Processing /opt/airflow/dags/pipeline_dag.py took 0.327 seconds
[2026-04-28T13:40:01.993+0000] {processor.py:161} INFO - Started process (PID=108) to work on /opt/airflow/dags/pipeline_dag.py
[2026-04-28T13:40:02.010+0000] {processor.py:830} INFO - Processing file /opt/airflow/dags/pipeline_dag.py for tasks to queue
[2026-04-28T13:40:02.020+0000] {logging_mixin.py:188} INFO - [2026-04-28T13:40:02.014+0000] {dagbag.py:538} INFO - Filling up the DagBag from /opt/airflow/dags/pipeline_dag.py
[2026-04-28T13:40:02.092+0000] {processor.py:840} INFO - DAG(s) 'energy_pipeline' retrieved from /opt/airflow/dags/pipeline_dag.py
[2026-04-28T13:40:02.132+0000] {logging_mixin.py:188} INFO - [2026-04-28T13:40:02.131+0000] {dag.py:3036} INFO - Sync 1 DAGs
[2026-04-28T13:40:02.164+0000] {logging_mixin.py:188} INFO - [2026-04-28T13:40:02.164+0000] {dag.py:3823} INFO - Setting next_dagrun for energy_pipeline to 2026-04-28 00:00:00+00:00, run_after=2026-04-29 00:00:00+00:00
[2026-04-28T13:40:02.202+0000] {processor.py:183} INFO - Processing /opt/airflow/dags/pipeline_dag.py took 0.246 seconds
[2026-04-28T13:40:32.553+0000] {processor.py:161} INFO - Started process (PID=109) to work on /opt/airflow/dags/pipeline_dag.py
[2026-04-28T13:40:32.555+0000] {processor.py:830} INFO - Processing file /opt/airflow/dags/pipeline_dag.py for tasks to queue
[2026-04-28T13:40:32.556+0000] {logging_mixin.py:188} INFO - [2026-04-28T13:40:32.555+0000] {dagbag.py:538} INFO - Filling up the DagBag from /opt/airflow/dags/pipeline_dag.py
[2026-04-28T13:40:32.571+0000] {processor.py:840} INFO - DAG(s) 'energy_pipeline' retrieved from /opt/airflow/dags/pipeline_dag.py
[2026-04-28T13:40:32.598+0000] {logging_mixin.py:188} INFO - [2026-04-28T13:40:32.598+0000] {dag.py:3036} INFO - Sync 1 DAGs
[2026-04-28T13:40:32.638+0000] {logging_mixin.py:188} INFO - [2026-04-28T13:40:32.638+0000] {dag.py:3823} INFO - Setting next_dagrun for energy_pipeline to 2026-04-28 00:00:00+00:00, run_after=2026-04-29 00:00:00+00:00
[2026-04-28T13:40:32.694+0000] {processor.py:183} INFO - Processing /opt/airflow/dags/pipeline_dag.py took 0.144 seconds
[2026-04-28T13:41:03.047+0000] {processor.py:161} INFO - Started process (PID=110) to work on /opt/airflow/dags/pipeline_dag.py
[2026-04-28T13:41:03.048+0000] {processor.py:830} INFO - Processing file /opt/airflow/dags/pipeline_dag.py for tasks to queue
[2026-04-28T13:41:03.049+0000] {logging_mixin.py:188} INFO - [2026-04-28T13:41:03.049+0000] {dagbag.py:538} INFO - Filling up the DagBag from /opt/airflow/dags/pipeline_dag.py
[2026-04-28T13:41:03.064+0000] {processor.py:840} INFO - DAG(s) 'energy_pipeline' retrieved from /opt/airflow/dags/pipeline_dag.py
[2026-04-28T13:41:03.100+0000] {logging_mixin.py:188} INFO - [2026-04-28T13:41:03.100+0000] {dag.py:3036} INFO - Sync 1 DAGs
[2026-04-28T13:41:03.132+0000] {logging_mixin.py:188} INFO - [2026-04-28T13:41:03.132+0000] {dag.py:3823} INFO - Setting next_dagrun for energy_pipeline to 2026-04-28 00:00:00+00:00, run_after=2026-04-29 00:00:00+00:00
[2026-04-28T13:41:03.178+0000] {processor.py:183} INFO - Processing /opt/airflow/dags/pipeline_dag.py took 0.135 seconds
[2026-04-28T13:41:33.760+0000] {processor.py:161} INFO - Started process (PID=111) to work on /opt/airflow/dags/pipeline_dag.py
[2026-04-28T13:41:33.765+0000] {processor.py:830} INFO - Processing file /opt/airflow/dags/pipeline_dag.py for tasks to queue
[2026-04-28T13:41:33.770+0000] {logging_mixin.py:188} INFO - [2026-04-28T13:41:33.768+0000] {dagbag.py:538} INFO - Filling up the DagBag from /opt/airflow/dags/pipeline_dag.py
[2026-04-28T13:41:33.842+0000] {processor.py:840} INFO - DAG(s) 'energy_pipeline' retrieved from /opt/airflow/dags/pipeline_dag.py
[2026-04-28T13:41:33.976+0000] {logging_mixin.py:188} INFO - [2026-04-28T13:41:33.975+0000] {dag.py:3036} INFO - Sync 1 DAGs
[2026-04-28T13:41:34.061+0000] {logging_mixin.py:188} INFO - [2026-04-28T13:41:34.060+0000] {dag.py:3823} INFO - Setting next_dagrun for energy_pipeline to 2026-04-28 00:00:00+00:00, run_after=2026-04-29 00:00:00+00:00
[2026-04-28T13:41:34.135+0000] {processor.py:183} INFO - Processing /opt/airflow/dags/pipeline_dag.py took 0.400 seconds
[2026-04-28T13:42:04.723+0000] {processor.py:161} INFO - Started process (PID=112) to work on /opt/airflow/dags/pipeline_dag.py
[2026-04-28T13:42:04.727+0000] {processor.py:830} INFO - Processing file /opt/airflow/dags/pipeline_dag.py for tasks to queue
[2026-04-28T13:42:04.730+0000] {logging_mixin.py:188} INFO - [2026-04-28T13:42:04.729+0000] {dagbag.py:538} INFO - Filling up the DagBag from /opt/airflow/dags/pipeline_dag.py
[2026-04-28T13:42:04.766+0000] {processor.py:840} INFO - DAG(s) 'energy_pipeline' retrieved from /opt/airflow/dags/pipeline_dag.py
[2026-04-28T13:42:04.858+0000] {logging_mixin.py:188} INFO - [2026-04-28T13:42:04.857+0000] {dag.py:3036} INFO - Sync 1 DAGs
[2026-04-28T13:42:04.924+0000] {logging_mixin.py:188} INFO - [2026-04-28T13:42:04.924+0000] {dag.py:3823} INFO - Setting next_dagrun for energy_pipeline to 2026-04-28 00:00:00+00:00, run_after=2026-04-29 00:00:00+00:00
[2026-04-28T13:42:04.985+0000] {processor.py:183} INFO - Processing /opt/airflow/dags/pipeline_dag.py took 0.279 seconds
[2026-04-28T13:42:35.448+0000] {processor.py:161} INFO - Started process (PID=113) to work on /opt/airflow/dags/pipeline_dag.py
[2026-04-28T13:42:35.451+0000] {processor.py:830} INFO - Processing file /opt/airflow/dags/pipeline_dag.py for tasks to queue
[2026-04-28T13:42:35.456+0000] {logging_mixin.py:188} INFO - [2026-04-28T13:42:35.455+0000] {dagbag.py:538} INFO - Filling up the DagBag from /opt/airflow/dags/pipeline_dag.py
[2026-04-28T13:42:35.499+0000] {processor.py:840} INFO - DAG(s) 'energy_pipeline' retrieved from /opt/airflow/dags/pipeline_dag.py
[2026-04-28T13:42:35.580+0000] {logging_mixin.py:188} INFO - [2026-04-28T13:42:35.579+0000] {dag.py:3036} INFO - Sync 1 DAGs
[2026-04-28T13:42:35.636+0000] {logging_mixin.py:188} INFO - [2026-04-28T13:42:35.636+0000] {dag.py:3823} INFO - Setting next_dagrun for energy_pipeline to 2026-04-28 00:00:00+00:00, run_after=2026-04-29 00:00:00+00:00
[2026-04-28T13:42:35.694+0000] {processor.py:183} INFO - Processing /opt/airflow/dags/pipeline_dag.py took 0.258 seconds
[2026-04-28T13:43:06.168+0000] {processor.py:161} INFO - Started process (PID=114) to work on /opt/airflow/dags/pipeline_dag.py
[2026-04-28T13:43:06.170+0000] {processor.py:830} INFO - Processing file /opt/airflow/dags/pipeline_dag.py for tasks to queue
[2026-04-28T13:43:06.172+0000] {logging_mixin.py:188} INFO - [2026-04-28T13:43:06.171+0000] {dagbag.py:538} INFO - Filling up the DagBag from /opt/airflow/dags/pipeline_dag.py
[2026-04-28T13:43:06.213+0000] {processor.py:840} INFO - DAG(s) 'energy_pipeline' retrieved from /opt/airflow/dags/pipeline_dag.py
[2026-04-28T13:43:06.285+0000] {logging_mixin.py:188} INFO - [2026-04-28T13:43:06.284+0000] {dag.py:3036} INFO - Sync 1 DAGs
[2026-04-28T13:43:06.338+0000] {logging_mixin.py:188} INFO - [2026-04-28T13:43:06.338+0000] {dag.py:3823} INFO - Setting next_dagrun for energy_pipeline to 2026-04-28 00:00:00+00:00, run_after=2026-04-29 00:00:00+00:00
[2026-04-28T13:43:06.394+0000] {processor.py:183} INFO - Processing /opt/airflow/dags/pipeline_dag.py took 0.238 seconds
[2026-04-28T13:43:36.875+0000] {processor.py:161} INFO - Started process (PID=115) to work on /opt/airflow/dags/pipeline_dag.py
[2026-04-28T13:43:36.876+0000] {processor.py:830} INFO - Processing file /opt/airflow/dags/pipeline_dag.py for tasks to queue
[2026-04-28T13:43:36.878+0000] {logging_mixin.py:188} INFO - [2026-04-28T13:43:36.878+0000] {dagbag.py:538} INFO - Filling up the DagBag from /opt/airflow/dags/pipeline_dag.py
[2026-04-28T13:43:36.903+0000] {processor.py:840} INFO - DAG(s) 'energy_pipeline' retrieved from /opt/airflow/dags/pipeline_dag.py
[2026-04-28T13:43:36.949+0000] {logging_mixin.py:188} INFO - [2026-04-28T13:43:36.949+0000] {dag.py:3036} INFO - Sync 1 DAGs
[2026-04-28T13:43:36.988+0000] {logging_mixin.py:188} INFO - [2026-04-28T13:43:36.988+0000] {dag.py:3823} INFO - Setting next_dagrun for energy_pipeline to 2026-04-28 00:00:00+00:00, run_after=2026-04-29 00:00:00+00:00
[2026-04-28T13:43:37.034+0000] {processor.py:183} INFO - Processing /opt/airflow/dags/pipeline_dag.py took 0.165 seconds
[2026-04-28T13:44:07.534+0000] {processor.py:161} INFO - Started process (PID=116) to work on /opt/airflow/dags/pipeline_dag.py
[2026-04-28T13:44:07.536+0000] {processor.py:830} INFO - Processing file /opt/airflow/dags/pipeline_dag.py for tasks to queue
[2026-04-28T13:44:07.538+0000] {logging_mixin.py:188} INFO - [2026-04-28T13:44:07.537+0000] {dagbag.py:538} INFO - Filling up the DagBag from /opt/airflow/dags/pipeline_dag.py
[2026-04-28T13:44:07.565+0000] {processor.py:840} INFO - DAG(s) 'energy_pipeline' retrieved from /opt/airflow/dags/pipeline_dag.py
[2026-04-28T13:44:07.612+0000] {logging_mixin.py:188} INFO - [2026-04-28T13:44:07.612+0000] {dag.py:3036} INFO - Sync 1 DAGs
[2026-04-28T13:44:07.658+0000] {logging_mixin.py:188} INFO - [2026-04-28T13:44:07.657+0000] {dag.py:3823} INFO - Setting next_dagrun for energy_pipeline to 2026-04-28 00:00:00+00:00, run_after=2026-04-29 00:00:00+00:00
[2026-04-28T13:44:07.709+0000] {processor.py:183} INFO - Processing /opt/airflow/dags/pipeline_dag.py took 0.181 seconds
[2026-04-28T13:44:38.195+0000] {processor.py:161} INFO - Started process (PID=117) to work on /opt/airflow/dags/pipeline_dag.py
[2026-04-28T13:44:38.197+0000] {processor.py:830} INFO - Processing file /opt/airflow/dags/pipeline_dag.py for tasks to queue
[2026-04-28T13:44:38.199+0000] {logging_mixin.py:188} INFO - [2026-04-28T13:44:38.198+0000] {dagbag.py:538} INFO - Filling up the DagBag from /opt/airflow/dags/pipeline_dag.py
[2026-04-28T13:44:38.228+0000] {processor.py:840} INFO - DAG(s) 'energy_pipeline' retrieved from /opt/airflow/dags/pipeline_dag.py
[2026-04-28T13:44:38.281+0000] {logging_mixin.py:188} INFO - [2026-04-28T13:44:38.281+0000] {dag.py:3036} INFO - Sync 1 DAGs
[2026-04-28T13:44:38.335+0000] {logging_mixin.py:188} INFO - [2026-04-28T13:44:38.335+0000] {dag.py:3823} INFO - Setting next_dagrun for energy_pipeline to 2026-04-28 00:00:00+00:00, run_after=2026-04-29 00:00:00+00:00
[2026-04-28T13:44:38.380+0000] {processor.py:183} INFO - Processing /opt/airflow/dags/pipeline_dag.py took 0.194 seconds
[2026-04-28T13:45:08.848+0000] {processor.py:161} INFO - Started process (PID=118) to work on /opt/airflow/dags/pipeline_dag.py
[2026-04-28T13:45:08.850+0000] {processor.py:830} INFO - Processing file /opt/airflow/dags/pipeline_dag.py for tasks to queue
[2026-04-28T13:45:08.852+0000] {logging_mixin.py:188} INFO - [2026-04-28T13:45:08.851+0000] {dagbag.py:538} INFO - Filling up the DagBag from /opt/airflow/dags/pipeline_dag.py
[2026-04-28T13:45:08.876+0000] {processor.py:840} INFO - DAG(s) 'energy_pipeline' retrieved from /opt/airflow/dags/pipeline_dag.py
[2026-04-28T13:45:08.936+0000] {logging_mixin.py:188} INFO - [2026-04-28T13:45:08.935+0000] {dag.py:3036} INFO - Sync 1 DAGs
[2026-04-28T13:45:08.984+0000] {logging_mixin.py:188} INFO - [2026-04-28T13:45:08.983+0000] {dag.py:3823} INFO - Setting next_dagrun for energy_pipeline to 2026-04-28 00:00:00+00:00, run_after=2026-04-29 00:00:00+00:00
[2026-04-28T13:45:09.034+0000] {processor.py:183} INFO - Processing /opt/airflow/dags/pipeline_dag.py took 0.193 seconds
[2026-04-28T13:45:39.576+0000] {processor.py:161} INFO - Started process (PID=119) to work on /opt/airflow/dags/pipeline_dag.py
[2026-04-28T13:45:39.578+0000] {processor.py:830} INFO - Processing file /opt/airflow/dags/pipeline_dag.py for tasks to queue
[2026-04-28T13:45:39.579+0000] {logging_mixin.py:188} INFO - [2026-04-28T13:45:39.579+0000] {dagbag.py:538} INFO - Filling up the DagBag from /opt/airflow/dags/pipeline_dag.py
[2026-04-28T13:45:39.600+0000] {processor.py:840} INFO - DAG(s) 'energy_pipeline' retrieved from /opt/airflow/dags/pipeline_dag.py
[2026-04-28T13:45:39.641+0000] {logging_mixin.py:188} INFO - [2026-04-28T13:45:39.641+0000] {dag.py:3036} INFO - Sync 1 DAGs
[2026-04-28T13:45:39.683+0000] {logging_mixin.py:188} INFO - [2026-04-28T13:45:39.683+0000] {dag.py:3823} INFO - Setting next_dagrun for energy_pipeline to 2026-04-28 00:00:00+00:00, run_after=2026-04-29 00:00:00+00:00
[2026-04-28T13:45:39.724+0000] {processor.py:183} INFO - Processing /opt/airflow/dags/pipeline_dag.py took 0.153 seconds
[2026-04-28T13:46:10.193+0000] {processor.py:161} INFO - Started process (PID=120) to work on /opt/airflow/dags/pipeline_dag.py
[2026-04-28T13:46:10.195+0000] {processor.py:830} INFO - Processing file /opt/airflow/dags/pipeline_dag.py for tasks to queue
[2026-04-28T13:46:10.196+0000] {logging_mixin.py:188} INFO - [2026-04-28T13:46:10.196+0000] {dagbag.py:538} INFO - Filling up the DagBag from /opt/airflow/dags/pipeline_dag.py
[2026-04-28T13:46:10.221+0000] {processor.py:840} INFO - DAG(s) 'energy_pipeline' retrieved from /opt/airflow/dags/pipeline_dag.py
[2026-04-28T13:46:10.262+0000] {logging_mixin.py:188} INFO - [2026-04-28T13:46:10.262+0000] {dag.py:3036} INFO - Sync 1 DAGs
[2026-04-28T13:46:10.297+0000] {logging_mixin.py:188} INFO - [2026-04-28T13:46:10.297+0000] {dag.py:3823} INFO - Setting next_dagrun for energy_pipeline to 2026-04-28 00:00:00+00:00, run_after=2026-04-29 00:00:00+00:00
[2026-04-28T13:46:10.335+0000] {processor.py:183} INFO - Processing /opt/airflow/dags/pipeline_dag.py took 0.149 seconds
[2026-04-28T13:46:40.876+0000] {processor.py:161} INFO - Started process (PID=121) to work on /opt/airflow/dags/pipeline_dag.py
[2026-04-28T13:46:40.883+0000] {processor.py:830} INFO - Processing file /opt/airflow/dags/pipeline_dag.py for tasks to queue
[2026-04-28T13:46:40.891+0000] {logging_mixin.py:188} INFO - [2026-04-28T13:46:40.887+0000] {dagbag.py:538} INFO - Filling up the DagBag from /opt/airflow/dags/pipeline_dag.py
[2026-04-28T13:46:40.990+0000] {processor.py:840} INFO - DAG(s) 'energy_pipeline' retrieved from /opt/airflow/dags/pipeline_dag.py
[2026-04-28T13:46:41.187+0000] {logging_mixin.py:188} INFO - [2026-04-28T13:46:41.186+0000] {dag.py:3036} INFO - Sync 1 DAGs
[2026-04-28T13:46:41.337+0000] {logging_mixin.py:188} INFO - [2026-04-28T13:46:41.336+0000] {dag.py:3823} INFO - Setting next_dagrun for energy_pipeline to 2026-04-28 00:00:00+00:00, run_after=2026-04-29 00:00:00+00:00
[2026-04-28T13:46:41.407+0000] {processor.py:183} INFO - Processing /opt/airflow/dags/pipeline_dag.py took 0.560 seconds
[2026-04-28T13:47:11.728+0000] {processor.py:161} INFO - Started process (PID=122) to work on /opt/airflow/dags/pipeline_dag.py
[2026-04-28T13:47:11.731+0000] {processor.py:830} INFO - Processing file /opt/airflow/dags/pipeline_dag.py for tasks to queue
[2026-04-28T13:47:11.732+0000] {logging_mixin.py:188} INFO - [2026-04-28T13:47:11.732+0000] {dagbag.py:538} INFO - Filling up the DagBag from /opt/airflow/dags/pipeline_dag.py
[2026-04-28T13:47:11.756+0000] {processor.py:840} INFO - DAG(s) 'energy_pipeline' retrieved from /opt/airflow/dags/pipeline_dag.py
[2026-04-28T13:47:11.798+0000] {logging_mixin.py:188} INFO - [2026-04-28T13:47:11.797+0000] {dag.py:3036} INFO - Sync 1 DAGs
[2026-04-28T13:47:11.834+0000] {logging_mixin.py:188} INFO - [2026-04-28T13:47:11.834+0000] {dag.py:3823} INFO - Setting next_dagrun for energy_pipeline to 2026-04-28 00:00:00+00:00, run_after=2026-04-29 00:00:00+00:00
[2026-04-28T13:47:11.867+0000] {processor.py:183} INFO - Processing /opt/airflow/dags/pipeline_dag.py took 0.144 seconds
[2026-04-28T13:47:42.097+0000] {processor.py:161} INFO - Started process (PID=123) to work on /opt/airflow/dags/pipeline_dag.py
[2026-04-28T13:47:42.098+0000] {processor.py:830} INFO - Processing file /opt/airflow/dags/pipeline_dag.py for tasks to queue
[2026-04-28T13:47:42.099+0000] {logging_mixin.py:188} INFO - [2026-04-28T13:47:42.099+0000] {dagbag.py:538} INFO - Filling up the DagBag from /opt/airflow/dags/pipeline_dag.py
[2026-04-28T13:47:42.115+0000] {processor.py:840} INFO - DAG(s) 'energy_pipeline' retrieved from /opt/airflow/dags/pipeline_dag.py
[2026-04-28T13:47:42.145+0000] {logging_mixin.py:188} INFO - [2026-04-28T13:47:42.144+0000] {dag.py:3036} INFO - Sync 1 DAGs
[2026-04-28T13:47:42.175+0000] {logging_mixin.py:188} INFO - [2026-04-28T13:47:42.175+0000] {dag.py:3823} INFO - Setting next_dagrun for energy_pipeline to 2026-04-28 00:00:00+00:00, run_after=2026-04-29 00:00:00+00:00
[2026-04-28T13:47:42.203+0000] {processor.py:183} INFO - Processing /opt/airflow/dags/pipeline_dag.py took 0.110 seconds
[2026-04-28T13:48:12.443+0000] {processor.py:161} INFO - Started process (PID=124) to work on /opt/airflow/dags/pipeline_dag.py
[2026-04-28T13:48:12.444+0000] {processor.py:830} INFO - Processing file /opt/airflow/dags/pipeline_dag.py for tasks to queue
[2026-04-28T13:48:12.445+0000] {logging_mixin.py:188} INFO - [2026-04-28T13:48:12.445+0000] {dagbag.py:538} INFO - Filling up the DagBag from /opt/airflow/dags/pipeline_dag.py
[2026-04-28T13:48:12.461+0000] {processor.py:840} INFO - DAG(s) 'energy_pipeline' retrieved from /opt/airflow/dags/pipeline_dag.py
[2026-04-28T13:48:12.488+0000] {logging_mixin.py:188} INFO - [2026-04-28T13:48:12.488+0000] {dag.py:3036} INFO - Sync 1 DAGs
[2026-04-28T13:48:12.512+0000] {logging_mixin.py:188} INFO - [2026-04-28T13:48:12.512+0000] {dag.py:3823} INFO - Setting next_dagrun for energy_pipeline to 2026-04-28 00:00:00+00:00, run_after=2026-04-29 00:00:00+00:00
[2026-04-28T13:48:12.541+0000] {processor.py:183} INFO - Processing /opt/airflow/dags/pipeline_dag.py took 0.102 seconds
[2026-04-28T13:48:42.790+0000] {processor.py:161} INFO - Started process (PID=125) to work on /opt/airflow/dags/pipeline_dag.py
[2026-04-28T13:48:42.791+0000] {processor.py:830} INFO - Processing file /opt/airflow/dags/pipeline_dag.py for tasks to queue
[2026-04-28T13:48:42.792+0000] {logging_mixin.py:188} INFO - [2026-04-28T13:48:42.792+0000] {dagbag.py:538} INFO - Filling up the DagBag from /opt/airflow/dags/pipeline_dag.py
[2026-04-28T13:48:42.807+0000] {processor.py:840} INFO - DAG(s) 'energy_pipeline' retrieved from /opt/airflow/dags/pipeline_dag.py
[2026-04-28T13:48:42.838+0000] {logging_mixin.py:188} INFO - [2026-04-28T13:48:42.838+0000] {dag.py:3036} INFO - Sync 1 DAGs
[2026-04-28T13:48:42.863+0000] {logging_mixin.py:188} INFO - [2026-04-28T13:48:42.863+0000] {dag.py:3823} INFO - Setting next_dagrun for energy_pipeline to 2026-04-28 00:00:00+00:00, run_after=2026-04-29 00:00:00+00:00
[2026-04-28T13:48:42.889+0000] {processor.py:183} INFO - Processing /opt/airflow/dags/pipeline_dag.py took 0.103 seconds
[2026-04-28T13:49:13.126+0000] {processor.py:161} INFO - Started process (PID=126) to work on /opt/airflow/dags/pipeline_dag.py
[2026-04-28T13:49:13.127+0000] {processor.py:830} INFO - Processing file /opt/airflow/dags/pipeline_dag.py for tasks to queue
[2026-04-28T13:49:13.128+0000] {logging_mixin.py:188} INFO - [2026-04-28T13:49:13.128+0000] {dagbag.py:538} INFO - Filling up the DagBag from /opt/airflow/dags/pipeline_dag.py
[2026-04-28T13:49:13.144+0000] {processor.py:840} INFO - DAG(s) 'energy_pipeline' retrieved from /opt/airflow/dags/pipeline_dag.py
[2026-04-28T13:49:13.173+0000] {logging_mixin.py:188} INFO - [2026-04-28T13:49:13.173+0000] {dag.py:3036} INFO - Sync 1 DAGs
[2026-04-28T13:49:13.201+0000] {logging_mixin.py:188} INFO - [2026-04-28T13:49:13.200+0000] {dag.py:3823} INFO - Setting next_dagrun for energy_pipeline to 2026-04-28 00:00:00+00:00, run_after=2026-04-29 00:00:00+00:00
[2026-04-28T13:49:13.229+0000] {processor.py:183} INFO - Processing /opt/airflow/dags/pipeline_dag.py took 0.107 seconds
[2026-04-28T13:49:43.472+0000] {processor.py:161} INFO - Started process (PID=127) to work on /opt/airflow/dags/pipeline_dag.py
[2026-04-28T13:49:43.474+0000] {processor.py:830} INFO - Processing file /opt/airflow/dags/pipeline_dag.py for tasks to queue
[2026-04-28T13:49:43.475+0000] {logging_mixin.py:188} INFO - [2026-04-28T13:49:43.475+0000] {dagbag.py:538} INFO - Filling up the DagBag from /opt/airflow/dags/pipeline_dag.py
[2026-04-28T13:49:43.493+0000] {processor.py:840} INFO - DAG(s) 'energy_pipeline' retrieved from /opt/airflow/dags/pipeline_dag.py
[2026-04-28T13:49:43.525+0000] {logging_mixin.py:188} INFO - [2026-04-28T13:49:43.525+0000] {dag.py:3036} INFO - Sync 1 DAGs
[2026-04-28T13:49:43.555+0000] {logging_mixin.py:188} INFO - [2026-04-28T13:49:43.555+0000] {dag.py:3823} INFO - Setting next_dagrun for energy_pipeline to 2026-04-28 00:00:00+00:00, run_after=2026-04-29 00:00:00+00:00
[2026-04-28T13:49:43.595+0000] {processor.py:183} INFO - Processing /opt/airflow/dags/pipeline_dag.py took 0.126 seconds
[2026-04-28T13:50:13.856+0000] {processor.py:161} INFO - Started process (PID=128) to work on /opt/airflow/dags/pipeline_dag.py
[2026-04-28T13:50:13.858+0000] {processor.py:830} INFO - Processing file /opt/airflow/dags/pipeline_dag.py for tasks to queue
[2026-04-28T13:50:13.860+0000] {logging_mixin.py:188} INFO - [2026-04-28T13:50:13.859+0000] {dagbag.py:538} INFO - Filling up the DagBag from /opt/airflow/dags/pipeline_dag.py
[2026-04-28T13:50:13.886+0000] {processor.py:840} INFO - DAG(s) 'energy_pipeline' retrieved from /opt/airflow/dags/pipeline_dag.py
[2026-04-28T13:50:13.930+0000] {logging_mixin.py:188} INFO - [2026-04-28T13:50:13.930+0000] {dag.py:3036} INFO - Sync 1 DAGs
[2026-04-28T13:50:13.967+0000] {logging_mixin.py:188} INFO - [2026-04-28T13:50:13.967+0000] {dag.py:3823} INFO - Setting next_dagrun for energy_pipeline to 2026-04-28 00:00:00+00:00, run_after=2026-04-29 00:00:00+00:00
[2026-04-28T13:50:14.009+0000] {processor.py:183} INFO - Processing /opt/airflow/dags/pipeline_dag.py took 0.159 seconds
[2026-04-28T13:50:44.276+0000] {processor.py:161} INFO - Started process (PID=129) to work on /opt/airflow/dags/pipeline_dag.py
[2026-04-28T13:50:44.278+0000] {processor.py:830} INFO - Processing file /opt/airflow/dags/pipeline_dag.py for tasks to queue
[2026-04-28T13:50:44.280+0000] {logging_mixin.py:188} INFO - [2026-04-28T13:50:44.279+0000] {dagbag.py:538} INFO - Filling up the DagBag from /opt/airflow/dags/pipeline_dag.py
[2026-04-28T13:50:44.304+0000] {processor.py:840} INFO - DAG(s) 'energy_pipeline' retrieved from /opt/airflow/dags/pipeline_dag.py
[2026-04-28T13:50:44.351+0000] {logging_mixin.py:188} INFO - [2026-04-28T13:50:44.351+0000] {dag.py:3036} INFO - Sync 1 DAGs
[2026-04-28T13:50:44.390+0000] {logging_mixin.py:188} INFO - [2026-04-28T13:50:44.389+0000] {dag.py:3823} INFO - Setting next_dagrun for energy_pipeline to 2026-04-28 00:00:00+00:00, run_after=2026-04-29 00:00:00+00:00
[2026-04-28T13:50:44.434+0000] {processor.py:183} INFO - Processing /opt/airflow/dags/pipeline_dag.py took 0.164 seconds
[2026-04-28T13:51:14.657+0000] {processor.py:161} INFO - Started process (PID=130) to work on /opt/airflow/dags/pipeline_dag.py
[2026-04-28T13:51:14.658+0000] {processor.py:830} INFO - Processing file /opt/airflow/dags/pipeline_dag.py for tasks to queue
[2026-04-28T13:51:14.659+0000] {logging_mixin.py:188} INFO - [2026-04-28T13:51:14.659+0000] {dagbag.py:538} INFO - Filling up the DagBag from /opt/airflow/dags/pipeline_dag.py
[2026-04-28T13:51:14.676+0000] {processor.py:840} INFO - DAG(s) 'energy_pipeline' retrieved from /opt/airflow/dags/pipeline_dag.py
[2026-04-28T13:51:14.706+0000] {logging_mixin.py:188} INFO - [2026-04-28T13:51:14.706+0000] {dag.py:3036} INFO - Sync 1 DAGs
[2026-04-28T13:51:14.734+0000] {logging_mixin.py:188} INFO - [2026-04-28T13:51:14.734+0000] {dag.py:3823} INFO - Setting next_dagrun for energy_pipeline to 2026-04-28 00:00:00+00:00, run_after=2026-04-29 00:00:00+00:00
[2026-04-28T13:51:14.762+0000] {processor.py:183} INFO - Processing /opt/airflow/dags/pipeline_dag.py took 0.109 seconds
[2026-04-28T13:51:45.011+0000] {processor.py:161} INFO - Started process (PID=131) to work on /opt/airflow/dags/pipeline_dag.py
[2026-04-28T13:51:45.013+0000] {processor.py:830} INFO - Processing file /opt/airflow/dags/pipeline_dag.py for tasks to queue
[2026-04-28T13:51:45.014+0000] {logging_mixin.py:188} INFO - [2026-04-28T13:51:45.014+0000] {dagbag.py:538} INFO - Filling up the DagBag from /opt/airflow/dags/pipeline_dag.py
[2026-04-28T13:51:45.031+0000] {processor.py:840} INFO - DAG(s) 'energy_pipeline' retrieved from /opt/airflow/dags/pipeline_dag.py
[2026-04-28T13:51:45.065+0000] {logging_mixin.py:188} INFO - [2026-04-28T13:51:45.065+0000] {dag.py:3036} INFO - Sync 1 DAGs
[2026-04-28T13:51:45.099+0000] {logging_mixin.py:188} INFO - [2026-04-28T13:51:45.098+0000] {dag.py:3823} INFO - Setting next_dagrun for energy_pipeline to 2026-04-28 00:00:00+00:00, run_after=2026-04-29 00:00:00+00:00
[2026-04-28T13:51:45.130+0000] {processor.py:183} INFO - Processing /opt/airflow/dags/pipeline_dag.py took 0.122 seconds
[2026-04-28T13:52:15.370+0000] {processor.py:161} INFO - Started process (PID=132) to work on /opt/airflow/dags/pipeline_dag.py
[2026-04-28T13:52:15.371+0000] {processor.py:830} INFO - Processing file /opt/airflow/dags/pipeline_dag.py for tasks to queue
[2026-04-28T13:52:15.372+0000] {logging_mixin.py:188} INFO - [2026-04-28T13:52:15.372+0000] {dagbag.py:538} INFO - Filling up the DagBag from /opt/airflow/dags/pipeline_dag.py
[2026-04-28T13:52:15.387+0000] {processor.py:840} INFO - DAG(s) 'energy_pipeline' retrieved from /opt/airflow/dags/pipeline_dag.py
[2026-04-28T13:52:15.413+0000] {logging_mixin.py:188} INFO - [2026-04-28T13:52:15.413+0000] {dag.py:3036} INFO - Sync 1 DAGs
[2026-04-28T13:52:15.437+0000] {logging_mixin.py:188} INFO - [2026-04-28T13:52:15.437+0000] {dag.py:3823} INFO - Setting next_dagrun for energy_pipeline to 2026-04-28 00:00:00+00:00, run_after=2026-04-29 00:00:00+00:00
[2026-04-28T13:52:15.463+0000] {processor.py:183} INFO - Processing /opt/airflow/dags/pipeline_dag.py took 0.096 seconds
[2026-04-28T13:52:45.721+0000] {processor.py:161} INFO - Started process (PID=133) to work on /opt/airflow/dags/pipeline_dag.py
[2026-04-28T13:52:45.732+0000] {processor.py:830} INFO - Processing file /opt/airflow/dags/pipeline_dag.py for tasks to queue
[2026-04-28T13:52:45.735+0000] {logging_mixin.py:188} INFO - [2026-04-28T13:52:45.734+0000] {dagbag.py:538} INFO - Filling up the DagBag from /opt/airflow/dags/pipeline_dag.py
[2026-04-28T13:52:45.766+0000] {processor.py:840} INFO - DAG(s) 'energy_pipeline' retrieved from /opt/airflow/dags/pipeline_dag.py
[2026-04-28T13:52:45.799+0000] {logging_mixin.py:188} INFO - [2026-04-28T13:52:45.799+0000] {dag.py:3036} INFO - Sync 1 DAGs
[2026-04-28T13:52:45.828+0000] {logging_mixin.py:188} INFO - [2026-04-28T13:52:45.827+0000] {dag.py:3823} INFO - Setting next_dagrun for energy_pipeline to 2026-04-28 00:00:00+00:00, run_after=2026-04-29 00:00:00+00:00
[2026-04-28T13:52:45.856+0000] {processor.py:183} INFO - Processing /opt/airflow/dags/pipeline_dag.py took 0.143 seconds
[2026-04-28T13:53:16.052+0000] {processor.py:161} INFO - Started process (PID=134) to work on /opt/airflow/dags/pipeline_dag.py
[2026-04-28T13:53:16.053+0000] {processor.py:830} INFO - Processing file /opt/airflow/dags/pipeline_dag.py for tasks to queue
[2026-04-28T13:53:16.054+0000] {logging_mixin.py:188} INFO - [2026-04-28T13:53:16.053+0000] {dagbag.py:538} INFO - Filling up the DagBag from /opt/airflow/dags/pipeline_dag.py
[2026-04-28T13:53:16.068+0000] {processor.py:840} INFO - DAG(s) 'energy_pipeline' retrieved from /opt/airflow/dags/pipeline_dag.py
[2026-04-28T13:53:16.094+0000] {logging_mixin.py:188} INFO - [2026-04-28T13:53:16.093+0000] {dag.py:3036} INFO - Sync 1 DAGs
[2026-04-28T13:53:16.117+0000] {logging_mixin.py:188} INFO - [2026-04-28T13:53:16.117+0000] {dag.py:3823} INFO - Setting next_dagrun for energy_pipeline to 2026-04-28 00:00:00+00:00, run_after=2026-04-29 00:00:00+00:00
[2026-04-28T13:53:16.144+0000] {processor.py:183} INFO - Processing /opt/airflow/dags/pipeline_dag.py took 0.096 seconds
[2026-04-28T13:53:46.285+0000] {processor.py:161} INFO - Started process (PID=135) to work on /opt/airflow/dags/pipeline_dag.py
[2026-04-28T13:53:46.286+0000] {processor.py:830} INFO - Processing file /opt/airflow/dags/pipeline_dag.py for tasks to queue
[2026-04-28T13:53:46.287+0000] {logging_mixin.py:188} INFO - [2026-04-28T13:53:46.287+0000] {dagbag.py:538} INFO - Filling up the DagBag from /opt/airflow/dags/pipeline_dag.py
[2026-04-28T13:53:46.301+0000] {processor.py:840} INFO - DAG(s) 'energy_pipeline' retrieved from /opt/airflow/dags/pipeline_dag.py
[2026-04-28T13:53:46.329+0000] {logging_mixin.py:188} INFO - [2026-04-28T13:53:46.329+0000] {dag.py:3036} INFO - Sync 1 DAGs
[2026-04-28T13:53:46.358+0000] {logging_mixin.py:188} INFO - [2026-04-28T13:53:46.358+0000] {dag.py:3823} INFO - Setting next_dagrun for energy_pipeline to 2026-04-28 00:00:00+00:00, run_after=2026-04-29 00:00:00+00:00
[2026-04-28T13:53:46.383+0000] {processor.py:183} INFO - Processing /opt/airflow/dags/pipeline_dag.py took 0.101 seconds
[2026-04-28T13:54:16.596+0000] {processor.py:161} INFO - Started process (PID=136) to work on /opt/airflow/dags/pipeline_dag.py
[2026-04-28T13:54:16.597+0000] {processor.py:830} INFO - Processing file /opt/airflow/dags/pipeline_dag.py for tasks to queue
[2026-04-28T13:54:16.598+0000] {logging_mixin.py:188} INFO - [2026-04-28T13:54:16.598+0000] {dagbag.py:538} INFO - Filling up the DagBag from /opt/airflow/dags/pipeline_dag.py
[2026-04-28T13:54:16.613+0000] {processor.py:840} INFO - DAG(s) 'energy_pipeline' retrieved from /opt/airflow/dags/pipeline_dag.py
[2026-04-28T13:54:16.640+0000] {logging_mixin.py:188} INFO - [2026-04-28T13:54:16.640+0000] {dag.py:3036} INFO - Sync 1 DAGs
[2026-04-28T13:54:16.664+0000] {logging_mixin.py:188} INFO - [2026-04-28T13:54:16.664+0000] {dag.py:3823} INFO - Setting next_dagrun for energy_pipeline to 2026-04-28 00:00:00+00:00, run_after=2026-04-29 00:00:00+00:00
[2026-04-28T13:54:16.689+0000] {processor.py:183} INFO - Processing /opt/airflow/dags/pipeline_dag.py took 0.096 seconds
[2026-04-28T13:54:46.797+0000] {processor.py:161} INFO - Started process (PID=137) to work on /opt/airflow/dags/pipeline_dag.py
[2026-04-28T13:54:46.799+0000] {processor.py:830} INFO - Processing file /opt/airflow/dags/pipeline_dag.py for tasks to queue
[2026-04-28T13:54:46.800+0000] {logging_mixin.py:188} INFO - [2026-04-28T13:54:46.799+0000] {dagbag.py:538} INFO - Filling up the DagBag from /opt/airflow/dags/pipeline_dag.py
[2026-04-28T13:54:46.816+0000] {processor.py:840} INFO - DAG(s) 'energy_pipeline' retrieved from /opt/airflow/dags/pipeline_dag.py
[2026-04-28T13:54:46.843+0000] {logging_mixin.py:188} INFO - [2026-04-28T13:54:46.842+0000] {dag.py:3036} INFO - Sync 1 DAGs
[2026-04-28T13:54:46.867+0000] {logging_mixin.py:188} INFO - [2026-04-28T13:54:46.867+0000] {dag.py:3823} INFO - Setting next_dagrun for energy_pipeline to 2026-04-28 00:00:00+00:00, run_after=2026-04-29 00:00:00+00:00
[2026-04-28T13:54:46.892+0000] {processor.py:183} INFO - Processing /opt/airflow/dags/pipeline_dag.py took 0.099 seconds
[2026-04-28T13:55:17.081+0000] {processor.py:161} INFO - Started process (PID=138) to work on /opt/airflow/dags/pipeline_dag.py
[2026-04-28T13:55:17.082+0000] {processor.py:830} INFO - Processing file /opt/airflow/dags/pipeline_dag.py for tasks to queue
[2026-04-28T13:55:17.083+0000] {logging_mixin.py:188} INFO - [2026-04-28T13:55:17.082+0000] {dagbag.py:538} INFO - Filling up the DagBag from /opt/airflow/dags/pipeline_dag.py
[2026-04-28T13:55:17.098+0000] {processor.py:840} INFO - DAG(s) 'energy_pipeline' retrieved from /opt/airflow/dags/pipeline_dag.py
[2026-04-28T13:55:17.125+0000] {logging_mixin.py:188} INFO - [2026-04-28T13:55:17.124+0000] {dag.py:3036} INFO - Sync 1 DAGs
[2026-04-28T13:55:17.148+0000] {logging_mixin.py:188} INFO - [2026-04-28T13:55:17.148+0000] {dag.py:3823} INFO - Setting next_dagrun for energy_pipeline to 2026-04-28 00:00:00+00:00, run_after=2026-04-29 00:00:00+00:00
[2026-04-28T13:55:17.172+0000] {processor.py:183} INFO - Processing /opt/airflow/dags/pipeline_dag.py took 0.095 seconds
[2026-04-28T13:55:47.283+0000] {processor.py:161} INFO - Started process (PID=139) to work on /opt/airflow/dags/pipeline_dag.py
[2026-04-28T13:55:47.286+0000] {processor.py:830} INFO - Processing file /opt/airflow/dags/pipeline_dag.py for tasks to queue
[2026-04-28T13:55:47.287+0000] {logging_mixin.py:188} INFO - [2026-04-28T13:55:47.286+0000] {dagbag.py:538} INFO - Filling up the DagBag from /opt/airflow/dags/pipeline_dag.py
[2026-04-28T13:55:47.305+0000] {processor.py:840} INFO - DAG(s) 'energy_pipeline' retrieved from /opt/airflow/dags/pipeline_dag.py
[2026-04-28T13:55:47.347+0000] {logging_mixin.py:188} INFO - [2026-04-28T13:55:47.347+0000] {dag.py:3036} INFO - Sync 1 DAGs
[2026-04-28T13:55:47.375+0000] {logging_mixin.py:188} INFO - [2026-04-28T13:55:47.375+0000] {dag.py:3823} INFO - Setting next_dagrun for energy_pipeline to 2026-04-28 00:00:00+00:00, run_after=2026-04-29 00:00:00+00:00
[2026-04-28T13:55:47.410+0000] {processor.py:183} INFO - Processing /opt/airflow/dags/pipeline_dag.py took 0.131 seconds
[2026-04-28T13:56:17.586+0000] {processor.py:161} INFO - Started process (PID=140) to work on /opt/airflow/dags/pipeline_dag.py
[2026-04-28T13:56:17.588+0000] {processor.py:830} INFO - Processing file /opt/airflow/dags/pipeline_dag.py for tasks to queue
[2026-04-28T13:56:17.589+0000] {logging_mixin.py:188} INFO - [2026-04-28T13:56:17.588+0000] {dagbag.py:538} INFO - Filling up the DagBag from /opt/airflow/dags/pipeline_dag.py
[2026-04-28T13:56:17.604+0000] {processor.py:840} INFO - DAG(s) 'energy_pipeline' retrieved from /opt/airflow/dags/pipeline_dag.py
[2026-04-28T13:56:17.633+0000] {logging_mixin.py:188} INFO - [2026-04-28T13:56:17.633+0000] {dag.py:3036} INFO - Sync 1 DAGs
[2026-04-28T13:56:17.658+0000] {logging_mixin.py:188} INFO - [2026-04-28T13:56:17.658+0000] {dag.py:3823} INFO - Setting next_dagrun for energy_pipeline to 2026-04-28 00:00:00+00:00, run_after=2026-04-29 00:00:00+00:00
[2026-04-28T13:56:17.686+0000] {processor.py:183} INFO - Processing /opt/airflow/dags/pipeline_dag.py took 0.103 seconds
[2026-04-28T13:56:47.887+0000] {processor.py:161} INFO - Started process (PID=141) to work on /opt/airflow/dags/pipeline_dag.py
[2026-04-28T13:56:47.888+0000] {processor.py:830} INFO - Processing file /opt/airflow/dags/pipeline_dag.py for tasks to queue
[2026-04-28T13:56:47.889+0000] {logging_mixin.py:188} INFO - [2026-04-28T13:56:47.889+0000] {dagbag.py:538} INFO - Filling up the DagBag from /opt/airflow/dags/pipeline_dag.py
[2026-04-28T13:56:47.906+0000] {processor.py:840} INFO - DAG(s) 'energy_pipeline' retrieved from /opt/airflow/dags/pipeline_dag.py
[2026-04-28T13:56:47.934+0000] {logging_mixin.py:188} INFO - [2026-04-28T13:56:47.934+0000] {dag.py:3036} INFO - Sync 1 DAGs
[2026-04-28T13:56:47.959+0000] {logging_mixin.py:188} INFO - [2026-04-28T13:56:47.959+0000] {dag.py:3823} INFO - Setting next_dagrun for energy_pipeline to 2026-04-28 00:00:00+00:00, run_after=2026-04-29 00:00:00+00:00
[2026-04-28T13:56:47.991+0000] {processor.py:183} INFO - Processing /opt/airflow/dags/pipeline_dag.py took 0.108 seconds
[2026-04-28T13:57:18.193+0000] {processor.py:161} INFO - Started process (PID=142) to work on /opt/airflow/dags/pipeline_dag.py
[2026-04-28T13:57:18.194+0000] {processor.py:830} INFO - Processing file /opt/airflow/dags/pipeline_dag.py for tasks to queue
[2026-04-28T13:57:18.195+0000] {logging_mixin.py:188} INFO - [2026-04-28T13:57:18.195+0000] {dagbag.py:538} INFO - Filling up the DagBag from /opt/airflow/dags/pipeline_dag.py
[2026-04-28T13:57:18.210+0000] {processor.py:840} INFO - DAG(s) 'energy_pipeline' retrieved from /opt/airflow/dags/pipeline_dag.py
[2026-04-28T13:57:18.237+0000] {logging_mixin.py:188} INFO - [2026-04-28T13:57:18.236+0000] {dag.py:3036} INFO - Sync 1 DAGs
[2026-04-28T13:57:18.275+0000] {logging_mixin.py:188} INFO - [2026-04-28T13:57:18.275+0000] {dag.py:3823} INFO - Setting next_dagrun for energy_pipeline to 2026-04-28 00:00:00+00:00, run_after=2026-04-29 00:00:00+00:00
[2026-04-28T13:57:18.305+0000] {processor.py:183} INFO - Processing /opt/airflow/dags/pipeline_dag.py took 0.115 seconds
[2026-04-28T13:57:48.501+0000] {processor.py:161} INFO - Started process (PID=143) to work on /opt/airflow/dags/pipeline_dag.py
[2026-04-28T13:57:48.504+0000] {processor.py:830} INFO - Processing file /opt/airflow/dags/pipeline_dag.py for tasks to queue
[2026-04-28T13:57:48.506+0000] {logging_mixin.py:188} INFO - [2026-04-28T13:57:48.505+0000] {dagbag.py:538} INFO - Filling up the DagBag from /opt/airflow/dags/pipeline_dag.py
[2026-04-28T13:57:48.532+0000] {processor.py:840} INFO - DAG(s) 'energy_pipeline' retrieved from /opt/airflow/dags/pipeline_dag.py
[2026-04-28T13:57:48.576+0000] {logging_mixin.py:188} INFO - [2026-04-28T13:57:48.575+0000] {dag.py:3036} INFO - Sync 1 DAGs
[2026-04-28T13:57:48.617+0000] {logging_mixin.py:188} INFO - [2026-04-28T13:57:48.616+0000] {dag.py:3823} INFO - Setting next_dagrun for energy_pipeline to 2026-04-28 00:00:00+00:00, run_after=2026-04-29 00:00:00+00:00
[2026-04-28T13:57:48.660+0000] {processor.py:183} INFO - Processing /opt/airflow/dags/pipeline_dag.py took 0.165 seconds
[2026-04-28T13:58:18.845+0000] {processor.py:161} INFO - Started process (PID=144) to work on /opt/airflow/dags/pipeline_dag.py
[2026-04-28T13:58:18.847+0000] {processor.py:830} INFO - Processing file /opt/airflow/dags/pipeline_dag.py for tasks to queue
[2026-04-28T13:58:18.851+0000] {logging_mixin.py:188} INFO - [2026-04-28T13:58:18.850+0000] {dagbag.py:538} INFO - Filling up the DagBag from /opt/airflow/dags/pipeline_dag.py
[2026-04-28T13:58:18.882+0000] {processor.py:840} INFO - DAG(s) 'energy_pipeline' retrieved from /opt/airflow/dags/pipeline_dag.py
[2026-04-28T13:58:18.937+0000] {logging_mixin.py:188} INFO - [2026-04-28T13:58:18.936+0000] {dag.py:3036} INFO - Sync 1 DAGs
[2026-04-28T13:58:18.986+0000] {logging_mixin.py:188} INFO - [2026-04-28T13:58:18.986+0000] {dag.py:3823} INFO - Setting next_dagrun for energy_pipeline to 2026-04-28 00:00:00+00:00, run_after=2026-04-29 00:00:00+00:00
[2026-04-28T13:58:19.037+0000] {processor.py:183} INFO - Processing /opt/airflow/dags/pipeline_dag.py took 0.198 seconds
[2026-04-28T13:58:49.297+0000] {processor.py:161} INFO - Started process (PID=145) to work on /opt/airflow/dags/pipeline_dag.py
[2026-04-28T13:58:49.300+0000] {processor.py:830} INFO - Processing file /opt/airflow/dags/pipeline_dag.py for tasks to queue
[2026-04-28T13:58:49.302+0000] {logging_mixin.py:188} INFO - [2026-04-28T13:58:49.301+0000] {dagbag.py:538} INFO - Filling up the DagBag from /opt/airflow/dags/pipeline_dag.py
[2026-04-28T13:58:49.332+0000] {processor.py:840} INFO - DAG(s) 'energy_pipeline' retrieved from /opt/airflow/dags/pipeline_dag.py
[2026-04-28T13:58:49.390+0000] {logging_mixin.py:188} INFO - [2026-04-28T13:58:49.389+0000] {dag.py:3036} INFO - Sync 1 DAGs
[2026-04-28T13:58:49.444+0000] {logging_mixin.py:188} INFO - [2026-04-28T13:58:49.443+0000] {dag.py:3823} INFO - Setting next_dagrun for energy_pipeline to 2026-04-28 00:00:00+00:00, run_after=2026-04-29 00:00:00+00:00
[2026-04-28T13:58:49.496+0000] {processor.py:183} INFO - Processing /opt/airflow/dags/pipeline_dag.py took 0.206 seconds
[2026-04-28T13:59:19.763+0000] {processor.py:161} INFO - Started process (PID=146) to work on /opt/airflow/dags/pipeline_dag.py
[2026-04-28T13:59:19.766+0000] {processor.py:830} INFO - Processing file /opt/airflow/dags/pipeline_dag.py for tasks to queue
[2026-04-28T13:59:19.768+0000] {logging_mixin.py:188} INFO - [2026-04-28T13:59:19.767+0000] {dagbag.py:538} INFO - Filling up the DagBag from /opt/airflow/dags/pipeline_dag.py
[2026-04-28T13:59:19.801+0000] {processor.py:840} INFO - DAG(s) 'energy_pipeline' retrieved from /opt/airflow/dags/pipeline_dag.py
[2026-04-28T13:59:19.859+0000] {logging_mixin.py:188} INFO - [2026-04-28T13:59:19.858+0000] {dag.py:3036} INFO - Sync 1 DAGs
[2026-04-28T13:59:19.912+0000] {logging_mixin.py:188} INFO - [2026-04-28T13:59:19.912+0000] {dag.py:3823} INFO - Setting next_dagrun for energy_pipeline to 2026-04-28 00:00:00+00:00, run_after=2026-04-29 00:00:00+00:00
[2026-04-28T13:59:19.971+0000] {processor.py:183} INFO - Processing /opt/airflow/dags/pipeline_dag.py took 0.216 seconds
[2026-04-28T13:59:50.236+0000] {processor.py:161} INFO - Started process (PID=147) to work on /opt/airflow/dags/pipeline_dag.py
[2026-04-28T13:59:50.238+0000] {processor.py:830} INFO - Processing file /opt/airflow/dags/pipeline_dag.py for tasks to queue
[2026-04-28T13:59:50.241+0000] {logging_mixin.py:188} INFO - [2026-04-28T13:59:50.240+0000] {dagbag.py:538} INFO - Filling up the DagBag from /opt/airflow/dags/pipeline_dag.py
[2026-04-28T13:59:50.272+0000] {processor.py:840} INFO - DAG(s) 'energy_pipeline' retrieved from /opt/airflow/dags/pipeline_dag.py
[2026-04-28T13:59:50.338+0000] {logging_mixin.py:188} INFO - [2026-04-28T13:59:50.338+0000] {dag.py:3036} INFO - Sync 1 DAGs
[2026-04-28T13:59:50.391+0000] {logging_mixin.py:188} INFO - [2026-04-28T13:59:50.391+0000] {dag.py:3823} INFO - Setting next_dagrun for energy_pipeline to 2026-04-28 00:00:00+00:00, run_after=2026-04-29 00:00:00+00:00
[2026-04-28T13:59:50.452+0000] {processor.py:183} INFO - Processing /opt/airflow/dags/pipeline_dag.py took 0.224 seconds
[2026-04-28T14:00:20.714+0000] {processor.py:161} INFO - Started process (PID=148) to work on /opt/airflow/dags/pipeline_dag.py
[2026-04-28T14:00:20.722+0000] {processor.py:830} INFO - Processing file /opt/airflow/dags/pipeline_dag.py for tasks to queue
[2026-04-28T14:00:20.726+0000] {logging_mixin.py:188} INFO - [2026-04-28T14:00:20.725+0000] {dagbag.py:538} INFO - Filling up the DagBag from /opt/airflow/dags/pipeline_dag.py
[2026-04-28T14:00:20.770+0000] {processor.py:840} INFO - DAG(s) 'energy_pipeline' retrieved from /opt/airflow/dags/pipeline_dag.py
[2026-04-28T14:00:21.001+0000] {logging_mixin.py:188} INFO - [2026-04-28T14:00:21.000+0000] {dag.py:3036} INFO - Sync 1 DAGs
[2026-04-28T14:00:21.065+0000] {logging_mixin.py:188} INFO - [2026-04-28T14:00:21.064+0000] {dag.py:3823} INFO - Setting next_dagrun for energy_pipeline to 2026-04-28 00:00:00+00:00, run_after=2026-04-29 00:00:00+00:00
[2026-04-28T14:00:21.133+0000] {processor.py:183} INFO - Processing /opt/airflow/dags/pipeline_dag.py took 0.427 seconds
[2026-04-28T14:00:51.398+0000] {processor.py:161} INFO - Started process (PID=149) to work on /opt/airflow/dags/pipeline_dag.py
[2026-04-28T14:00:51.401+0000] {processor.py:830} INFO - Processing file /opt/airflow/dags/pipeline_dag.py for tasks to queue
[2026-04-28T14:00:51.404+0000] {logging_mixin.py:188} INFO - [2026-04-28T14:00:51.403+0000] {dagbag.py:538} INFO - Filling up the DagBag from /opt/airflow/dags/pipeline_dag.py
[2026-04-28T14:00:51.437+0000] {processor.py:840} INFO - DAG(s) 'energy_pipeline' retrieved from /opt/airflow/dags/pipeline_dag.py
[2026-04-28T14:00:51.500+0000] {logging_mixin.py:188} INFO - [2026-04-28T14:00:51.499+0000] {dag.py:3036} INFO - Sync 1 DAGs
[2026-04-28T14:00:51.559+0000] {logging_mixin.py:188} INFO - [2026-04-28T14:00:51.558+0000] {dag.py:3823} INFO - Setting next_dagrun for energy_pipeline to 2026-04-28 00:00:00+00:00, run_after=2026-04-29 00:00:00+00:00
[2026-04-28T14:00:51.625+0000] {processor.py:183} INFO - Processing /opt/airflow/dags/pipeline_dag.py took 0.234 seconds
[2026-04-28T14:01:21.861+0000] {processor.py:161} INFO - Started process (PID=150) to work on /opt/airflow/dags/pipeline_dag.py
[2026-04-28T14:01:21.863+0000] {processor.py:830} INFO - Processing file /opt/airflow/dags/pipeline_dag.py for tasks to queue
[2026-04-28T14:01:21.866+0000] {logging_mixin.py:188} INFO - [2026-04-28T14:01:21.864+0000] {dagbag.py:538} INFO - Filling up the DagBag from /opt/airflow/dags/pipeline_dag.py
[2026-04-28T14:01:21.895+0000] {processor.py:840} INFO - DAG(s) 'energy_pipeline' retrieved from /opt/airflow/dags/pipeline_dag.py
[2026-04-28T14:01:21.951+0000] {logging_mixin.py:188} INFO - [2026-04-28T14:01:21.951+0000] {dag.py:3036} INFO - Sync 1 DAGs
[2026-04-28T14:01:22.001+0000] {logging_mixin.py:188} INFO - [2026-04-28T14:01:22.000+0000] {dag.py:3823} INFO - Setting next_dagrun for energy_pipeline to 2026-04-28 00:00:00+00:00, run_after=2026-04-29 00:00:00+00:00
[2026-04-28T14:01:22.056+0000] {processor.py:183} INFO - Processing /opt/airflow/dags/pipeline_dag.py took 0.202 seconds
[2026-04-28T14:01:52.318+0000] {processor.py:161} INFO - Started process (PID=151) to work on /opt/airflow/dags/pipeline_dag.py
[2026-04-28T14:01:52.320+0000] {processor.py:830} INFO - Processing file /opt/airflow/dags/pipeline_dag.py for tasks to queue
[2026-04-28T14:01:52.322+0000] {logging_mixin.py:188} INFO - [2026-04-28T14:01:52.322+0000] {dagbag.py:538} INFO - Filling up the DagBag from /opt/airflow/dags/pipeline_dag.py
[2026-04-28T14:01:52.359+0000] {processor.py:840} INFO - DAG(s) 'energy_pipeline' retrieved from /opt/airflow/dags/pipeline_dag.py
[2026-04-28T14:01:52.409+0000] {logging_mixin.py:188} INFO - [2026-04-28T14:01:52.409+0000] {dag.py:3036} INFO - Sync 1 DAGs
[2026-04-28T14:01:52.456+0000] {logging_mixin.py:188} INFO - [2026-04-28T14:01:52.456+0000] {dag.py:3823} INFO - Setting next_dagrun for energy_pipeline to 2026-04-28 00:00:00+00:00, run_after=2026-04-29 00:00:00+00:00
[2026-04-28T14:01:52.505+0000] {processor.py:183} INFO - Processing /opt/airflow/dags/pipeline_dag.py took 0.193 seconds
[2026-04-28T14:02:22.666+0000] {processor.py:161} INFO - Started process (PID=152) to work on /opt/airflow/dags/pipeline_dag.py
[2026-04-28T14:02:22.668+0000] {processor.py:830} INFO - Processing file /opt/airflow/dags/pipeline_dag.py for tasks to queue
[2026-04-28T14:02:22.670+0000] {logging_mixin.py:188} INFO - [2026-04-28T14:02:22.669+0000] {dagbag.py:538} INFO - Filling up the DagBag from /opt/airflow/dags/pipeline_dag.py
[2026-04-28T14:02:22.695+0000] {processor.py:840} INFO - DAG(s) 'energy_pipeline' retrieved from /opt/airflow/dags/pipeline_dag.py
[2026-04-28T14:02:22.744+0000] {logging_mixin.py:188} INFO - [2026-04-28T14:02:22.743+0000] {dag.py:3036} INFO - Sync 1 DAGs
[2026-04-28T14:02:22.785+0000] {logging_mixin.py:188} INFO - [2026-04-28T14:02:22.785+0000] {dag.py:3823} INFO - Setting next_dagrun for energy_pipeline to 2026-04-28 00:00:00+00:00, run_after=2026-04-29 00:00:00+00:00
[2026-04-28T14:02:22.831+0000] {processor.py:183} INFO - Processing /opt/airflow/dags/pipeline_dag.py took 0.170 seconds
[2026-04-28T14:02:53.005+0000] {processor.py:161} INFO - Started process (PID=153) to work on /opt/airflow/dags/pipeline_dag.py
[2026-04-28T14:02:53.008+0000] {processor.py:830} INFO - Processing file /opt/airflow/dags/pipeline_dag.py for tasks to queue
[2026-04-28T14:02:53.010+0000] {logging_mixin.py:188} INFO - [2026-04-28T14:02:53.009+0000] {dagbag.py:538} INFO - Filling up the DagBag from /opt/airflow/dags/pipeline_dag.py
[2026-04-28T14:02:53.033+0000] {processor.py:840} INFO - DAG(s) 'energy_pipeline' retrieved from /opt/airflow/dags/pipeline_dag.py
[2026-04-28T14:02:53.082+0000] {logging_mixin.py:188} INFO - [2026-04-28T14:02:53.082+0000] {dag.py:3036} INFO - Sync 1 DAGs
[2026-04-28T14:02:53.122+0000] {logging_mixin.py:188} INFO - [2026-04-28T14:02:53.122+0000] {dag.py:3823} INFO - Setting next_dagrun for energy_pipeline to 2026-04-28 00:00:00+00:00, run_after=2026-04-29 00:00:00+00:00
[2026-04-28T14:02:53.166+0000] {processor.py:183} INFO - Processing /opt/airflow/dags/pipeline_dag.py took 0.167 seconds
[2026-04-28T14:03:23.345+0000] {processor.py:161} INFO - Started process (PID=154) to work on /opt/airflow/dags/pipeline_dag.py
[2026-04-28T14:03:23.347+0000] {processor.py:830} INFO - Processing file /opt/airflow/dags/pipeline_dag.py for tasks to queue
[2026-04-28T14:03:23.349+0000] {logging_mixin.py:188} INFO - [2026-04-28T14:03:23.348+0000] {dagbag.py:538} INFO - Filling up the DagBag from /opt/airflow/dags/pipeline_dag.py
[2026-04-28T14:03:23.374+0000] {processor.py:840} INFO - DAG(s) 'energy_pipeline' retrieved from /opt/airflow/dags/pipeline_dag.py
[2026-04-28T14:03:23.417+0000] {logging_mixin.py:188} INFO - [2026-04-28T14:03:23.417+0000] {dag.py:3036} INFO - Sync 1 DAGs
[2026-04-28T14:03:23.462+0000] {logging_mixin.py:188} INFO - [2026-04-28T14:03:23.461+0000] {dag.py:3823} INFO - Setting next_dagrun for energy_pipeline to 2026-04-28 00:00:00+00:00, run_after=2026-04-29 00:00:00+00:00
[2026-04-28T14:03:23.511+0000] {processor.py:183} INFO - Processing /opt/airflow/dags/pipeline_dag.py took 0.171 seconds
[2026-04-28T14:03:53.677+0000] {processor.py:161} INFO - Started process (PID=155) to work on /opt/airflow/dags/pipeline_dag.py
[2026-04-28T14:03:53.679+0000] {processor.py:830} INFO - Processing file /opt/airflow/dags/pipeline_dag.py for tasks to queue
[2026-04-28T14:03:53.681+0000] {logging_mixin.py:188} INFO - [2026-04-28T14:03:53.681+0000] {dagbag.py:538} INFO - Filling up the DagBag from /opt/airflow/dags/pipeline_dag.py
[2026-04-28T14:03:53.704+0000] {processor.py:840} INFO - DAG(s) 'energy_pipeline' retrieved from /opt/airflow/dags/pipeline_dag.py
[2026-04-28T14:03:53.748+0000] {logging_mixin.py:188} INFO - [2026-04-28T14:03:53.748+0000] {dag.py:3036} INFO - Sync 1 DAGs
[2026-04-28T14:03:53.792+0000] {logging_mixin.py:188} INFO - [2026-04-28T14:03:53.792+0000] {dag.py:3823} INFO - Setting next_dagrun for energy_pipeline to 2026-04-28 00:00:00+00:00, run_after=2026-04-29 00:00:00+00:00
[2026-04-28T14:03:53.835+0000] {processor.py:183} INFO - Processing /opt/airflow/dags/pipeline_dag.py took 0.163 seconds
[2026-04-28T14:04:24.000+0000] {processor.py:161} INFO - Started process (PID=156) to work on /opt/airflow/dags/pipeline_dag.py
[2026-04-28T14:04:24.002+0000] {processor.py:830} INFO - Processing file /opt/airflow/dags/pipeline_dag.py for tasks to queue
[2026-04-28T14:04:24.004+0000] {logging_mixin.py:188} INFO - [2026-04-28T14:04:24.003+0000] {dagbag.py:538} INFO - Filling up the DagBag from /opt/airflow/dags/pipeline_dag.py
[2026-04-28T14:04:24.028+0000] {processor.py:840} INFO - DAG(s) 'energy_pipeline' retrieved from /opt/airflow/dags/pipeline_dag.py
[2026-04-28T14:04:24.070+0000] {logging_mixin.py:188} INFO - [2026-04-28T14:04:24.070+0000] {dag.py:3036} INFO - Sync 1 DAGs
[2026-04-28T14:04:24.109+0000] {logging_mixin.py:188} INFO - [2026-04-28T14:04:24.108+0000] {dag.py:3823} INFO - Setting next_dagrun for energy_pipeline to 2026-04-28 00:00:00+00:00, run_after=2026-04-29 00:00:00+00:00
[2026-04-28T14:04:24.160+0000] {processor.py:183} INFO - Processing /opt/airflow/dags/pipeline_dag.py took 0.165 seconds
[2026-04-28T14:04:54.326+0000] {processor.py:161} INFO - Started process (PID=157) to work on /opt/airflow/dags/pipeline_dag.py
[2026-04-28T14:04:54.328+0000] {processor.py:830} INFO - Processing file /opt/airflow/dags/pipeline_dag.py for tasks to queue
[2026-04-28T14:04:54.330+0000] {logging_mixin.py:188} INFO - [2026-04-28T14:04:54.329+0000] {dagbag.py:538} INFO - Filling up the DagBag from /opt/airflow/dags/pipeline_dag.py
[2026-04-28T14:04:54.353+0000] {processor.py:840} INFO - DAG(s) 'energy_pipeline' retrieved from /opt/airflow/dags/pipeline_dag.py
[2026-04-28T14:04:54.407+0000] {logging_mixin.py:188} INFO - [2026-04-28T14:04:54.407+0000] {dag.py:3036} INFO - Sync 1 DAGs
[2026-04-28T14:04:54.462+0000] {logging_mixin.py:188} INFO - [2026-04-28T14:04:54.461+0000] {dag.py:3823} INFO - Setting next_dagrun for energy_pipeline to 2026-04-28 00:00:00+00:00, run_after=2026-04-29 00:00:00+00:00
[2026-04-28T14:04:54.516+0000] {processor.py:183} INFO - Processing /opt/airflow/dags/pipeline_dag.py took 0.195 seconds
[2026-04-28T14:05:24.663+0000] {processor.py:161} INFO - Started process (PID=158) to work on /opt/airflow/dags/pipeline_dag.py
[2026-04-28T14:05:24.665+0000] {processor.py:830} INFO - Processing file /opt/airflow/dags/pipeline_dag.py for tasks to queue
[2026-04-28T14:05:24.667+0000] {logging_mixin.py:188} INFO - [2026-04-28T14:05:24.666+0000] {dagbag.py:538} INFO - Filling up the DagBag from /opt/airflow/dags/pipeline_dag.py
[2026-04-28T14:05:24.691+0000] {processor.py:840} INFO - DAG(s) 'energy_pipeline' retrieved from /opt/airflow/dags/pipeline_dag.py
[2026-04-28T14:05:24.741+0000] {logging_mixin.py:188} INFO - [2026-04-28T14:05:24.740+0000] {dag.py:3036} INFO - Sync 1 DAGs
[2026-04-28T14:05:24.784+0000] {logging_mixin.py:188} INFO - [2026-04-28T14:05:24.784+0000] {dag.py:3823} INFO - Setting next_dagrun for energy_pipeline to 2026-04-28 00:00:00+00:00, run_after=2026-04-29 00:00:00+00:00
[2026-04-28T14:05:24.825+0000] {processor.py:183} INFO - Processing /opt/airflow/dags/pipeline_dag.py took 0.167 seconds
[2026-04-28T14:05:54.989+0000] {processor.py:161} INFO - Started process (PID=159) to work on /opt/airflow/dags/pipeline_dag.py
[2026-04-28T14:05:54.991+0000] {processor.py:830} INFO - Processing file /opt/airflow/dags/pipeline_dag.py for tasks to queue
[2026-04-28T14:05:54.992+0000] {logging_mixin.py:188} INFO - [2026-04-28T14:05:54.991+0000] {dagbag.py:538} INFO - Filling up the DagBag from /opt/airflow/dags/pipeline_dag.py
[2026-04-28T14:05:55.015+0000] {processor.py:840} INFO - DAG(s) 'energy_pipeline' retrieved from /opt/airflow/dags/pipeline_dag.py
[2026-04-28T14:05:55.056+0000] {logging_mixin.py:188} INFO - [2026-04-28T14:05:55.055+0000] {dag.py:3036} INFO - Sync 1 DAGs
[2026-04-28T14:05:55.095+0000] {logging_mixin.py:188} INFO - [2026-04-28T14:05:55.094+0000] {dag.py:3823} INFO - Setting next_dagrun for energy_pipeline to 2026-04-28 00:00:00+00:00, run_after=2026-04-29 00:00:00+00:00
[2026-04-28T14:05:55.138+0000] {processor.py:183} INFO - Processing /opt/airflow/dags/pipeline_dag.py took 0.154 seconds
[2026-04-28T14:06:25.262+0000] {processor.py:161} INFO - Started process (PID=160) to work on /opt/airflow/dags/pipeline_dag.py
[2026-04-28T14:06:25.264+0000] {processor.py:830} INFO - Processing file /opt/airflow/dags/pipeline_dag.py for tasks to queue
[2026-04-28T14:06:25.266+0000] {logging_mixin.py:188} INFO - [2026-04-28T14:06:25.265+0000] {dagbag.py:538} INFO - Filling up the DagBag from /opt/airflow/dags/pipeline_dag.py
[2026-04-28T14:06:25.292+0000] {processor.py:840} INFO - DAG(s) 'energy_pipeline' retrieved from /opt/airflow/dags/pipeline_dag.py
[2026-04-28T14:06:25.338+0000] {logging_mixin.py:188} INFO - [2026-04-28T14:06:25.337+0000] {dag.py:3036} INFO - Sync 1 DAGs
[2026-04-28T14:06:25.383+0000] {logging_mixin.py:188} INFO - [2026-04-28T14:06:25.382+0000] {dag.py:3823} INFO - Setting next_dagrun for energy_pipeline to 2026-04-28 00:00:00+00:00, run_after=2026-04-29 00:00:00+00:00
[2026-04-28T14:06:25.422+0000] {processor.py:183} INFO - Processing /opt/airflow/dags/pipeline_dag.py took 0.173 seconds
[2026-04-28T14:06:55.574+0000] {processor.py:161} INFO - Started process (PID=161) to work on /opt/airflow/dags/pipeline_dag.py
[2026-04-28T14:06:55.577+0000] {processor.py:830} INFO - Processing file /opt/airflow/dags/pipeline_dag.py for tasks to queue
[2026-04-28T14:06:55.579+0000] {logging_mixin.py:188} INFO - [2026-04-28T14:06:55.578+0000] {dagbag.py:538} INFO - Filling up the DagBag from /opt/airflow/dags/pipeline_dag.py
[2026-04-28T14:06:55.600+0000] {processor.py:840} INFO - DAG(s) 'energy_pipeline' retrieved from /opt/airflow/dags/pipeline_dag.py
[2026-04-28T14:06:55.643+0000] {logging_mixin.py:188} INFO - [2026-04-28T14:06:55.642+0000] {dag.py:3036} INFO - Sync 1 DAGs
[2026-04-28T14:06:55.693+0000] {logging_mixin.py:188} INFO - [2026-04-28T14:06:55.693+0000] {dag.py:3823} INFO - Setting next_dagrun for energy_pipeline to 2026-04-28 00:00:00+00:00, run_after=2026-04-29 00:00:00+00:00
[2026-04-28T14:06:55.732+0000] {processor.py:183} INFO - Processing /opt/airflow/dags/pipeline_dag.py took 0.163 seconds
[2026-04-28T14:07:25.897+0000] {processor.py:161} INFO - Started process (PID=162) to work on /opt/airflow/dags/pipeline_dag.py
[2026-04-28T14:07:25.899+0000] {processor.py:830} INFO - Processing file /opt/airflow/dags/pipeline_dag.py for tasks to queue
[2026-04-28T14:07:25.900+0000] {logging_mixin.py:188} INFO - [2026-04-28T14:07:25.899+0000] {dagbag.py:538} INFO - Filling up the DagBag from /opt/airflow/dags/pipeline_dag.py
[2026-04-28T14:07:25.923+0000] {processor.py:840} INFO - DAG(s) 'energy_pipeline' retrieved from /opt/airflow/dags/pipeline_dag.py
[2026-04-28T14:07:25.962+0000] {logging_mixin.py:188} INFO - [2026-04-28T14:07:25.962+0000] {dag.py:3036} INFO - Sync 1 DAGs
[2026-04-28T14:07:26.008+0000] {logging_mixin.py:188} INFO - [2026-04-28T14:07:26.008+0000] {dag.py:3823} INFO - Setting next_dagrun for energy_pipeline to 2026-04-28 00:00:00+00:00, run_after=2026-04-29 00:00:00+00:00
[2026-04-28T14:07:26.046+0000] {processor.py:183} INFO - Processing /opt/airflow/dags/pipeline_dag.py took 0.154 seconds
[2026-04-28T14:07:56.224+0000] {processor.py:161} INFO - Started process (PID=163) to work on /opt/airflow/dags/pipeline_dag.py
[2026-04-28T14:07:56.225+0000] {processor.py:830} INFO - Processing file /opt/airflow/dags/pipeline_dag.py for tasks to queue
[2026-04-28T14:07:56.227+0000] {logging_mixin.py:188} INFO - [2026-04-28T14:07:56.226+0000] {dagbag.py:538} INFO - Filling up the DagBag from /opt/airflow/dags/pipeline_dag.py
[2026-04-28T14:07:56.251+0000] {processor.py:840} INFO - DAG(s) 'energy_pipeline' retrieved from /opt/airflow/dags/pipeline_dag.py
[2026-04-28T14:07:56.298+0000] {logging_mixin.py:188} INFO - [2026-04-28T14:07:56.297+0000] {dag.py:3036} INFO - Sync 1 DAGs
[2026-04-28T14:07:56.385+0000] {logging_mixin.py:188} INFO - [2026-04-28T14:07:56.384+0000] {dag.py:3823} INFO - Setting next_dagrun for energy_pipeline to 2026-04-28 00:00:00+00:00, run_after=2026-04-29 00:00:00+00:00
[2026-04-28T14:07:56.428+0000] {processor.py:183} INFO - Processing /opt/airflow/dags/pipeline_dag.py took 0.209 seconds
[2026-04-28T14:08:26.657+0000] {processor.py:161} INFO - Started process (PID=164) to work on /opt/airflow/dags/pipeline_dag.py
[2026-04-28T14:08:26.659+0000] {processor.py:830} INFO - Processing file /opt/airflow/dags/pipeline_dag.py for tasks to queue
[2026-04-28T14:08:26.661+0000] {logging_mixin.py:188} INFO - [2026-04-28T14:08:26.660+0000] {dagbag.py:538} INFO - Filling up the DagBag from /opt/airflow/dags/pipeline_dag.py
[2026-04-28T14:08:26.685+0000] {processor.py:840} INFO - DAG(s) 'energy_pipeline' retrieved from /opt/airflow/dags/pipeline_dag.py
[2026-04-28T14:08:26.729+0000] {logging_mixin.py:188} INFO - [2026-04-28T14:08:26.729+0000] {dag.py:3036} INFO - Sync 1 DAGs
[2026-04-28T14:08:26.798+0000] {logging_mixin.py:188} INFO - [2026-04-28T14:08:26.798+0000] {dag.py:3823} INFO - Setting next_dagrun for energy_pipeline to 2026-04-28 00:00:00+00:00, run_after=2026-04-29 00:00:00+00:00
[2026-04-28T14:08:26.841+0000] {processor.py:183} INFO - Processing /opt/airflow/dags/pipeline_dag.py took 0.189 seconds
[2026-04-28T14:08:56.996+0000] {processor.py:161} INFO - Started process (PID=165) to work on /opt/airflow/dags/pipeline_dag.py
[2026-04-28T14:08:56.998+0000] {processor.py:830} INFO - Processing file /opt/airflow/dags/pipeline_dag.py for tasks to queue
[2026-04-28T14:08:57.000+0000] {logging_mixin.py:188} INFO - [2026-04-28T14:08:56.999+0000] {dagbag.py:538} INFO - Filling up the DagBag from /opt/airflow/dags/pipeline_dag.py
[2026-04-28T14:08:57.024+0000] {processor.py:840} INFO - DAG(s) 'energy_pipeline' retrieved from /opt/airflow/dags/pipeline_dag.py
[2026-04-28T14:08:57.067+0000] {logging_mixin.py:188} INFO - [2026-04-28T14:08:57.066+0000] {dag.py:3036} INFO - Sync 1 DAGs
[2026-04-28T14:08:57.106+0000] {logging_mixin.py:188} INFO - [2026-04-28T14:08:57.105+0000] {dag.py:3823} INFO - Setting next_dagrun for energy_pipeline to 2026-04-28 00:00:00+00:00, run_after=2026-04-29 00:00:00+00:00
[2026-04-28T14:08:57.153+0000] {processor.py:183} INFO - Processing /opt/airflow/dags/pipeline_dag.py took 0.162 seconds
[2026-04-28T14:09:27.334+0000] {processor.py:161} INFO - Started process (PID=166) to work on /opt/airflow/dags/pipeline_dag.py
[2026-04-28T14:09:27.336+0000] {processor.py:830} INFO - Processing file /opt/airflow/dags/pipeline_dag.py for tasks to queue
[2026-04-28T14:09:27.338+0000] {logging_mixin.py:188} INFO - [2026-04-28T14:09:27.337+0000] {dagbag.py:538} INFO - Filling up the DagBag from /opt/airflow/dags/pipeline_dag.py
[2026-04-28T14:09:27.363+0000] {processor.py:840} INFO - DAG(s) 'energy_pipeline' retrieved from /opt/airflow/dags/pipeline_dag.py
[2026-04-28T14:09:27.406+0000] {logging_mixin.py:188} INFO - [2026-04-28T14:09:27.406+0000] {dag.py:3036} INFO - Sync 1 DAGs
[2026-04-28T14:09:27.445+0000] {logging_mixin.py:188} INFO - [2026-04-28T14:09:27.444+0000] {dag.py:3823} INFO - Setting next_dagrun for energy_pipeline to 2026-04-28 00:00:00+00:00, run_after=2026-04-29 00:00:00+00:00
[2026-04-28T14:09:27.492+0000] {processor.py:183} INFO - Processing /opt/airflow/dags/pipeline_dag.py took 0.163 seconds
[2026-04-28T14:09:57.683+0000] {processor.py:161} INFO - Started process (PID=167) to work on /opt/airflow/dags/pipeline_dag.py
[2026-04-28T14:09:57.691+0000] {processor.py:830} INFO - Processing file /opt/airflow/dags/pipeline_dag.py for tasks to queue
[2026-04-28T14:09:57.701+0000] {logging_mixin.py:188} INFO - [2026-04-28T14:09:57.700+0000] {dagbag.py:538} INFO - Filling up the DagBag from /opt/airflow/dags/pipeline_dag.py
[2026-04-28T14:09:57.746+0000] {processor.py:840} INFO - DAG(s) 'energy_pipeline' retrieved from /opt/airflow/dags/pipeline_dag.py
[2026-04-28T14:09:57.812+0000] {logging_mixin.py:188} INFO - [2026-04-28T14:09:57.811+0000] {dag.py:3036} INFO - Sync 1 DAGs
[2026-04-28T14:09:57.869+0000] {logging_mixin.py:188} INFO - [2026-04-28T14:09:57.868+0000] {dag.py:3823} INFO - Setting next_dagrun for energy_pipeline to 2026-04-28 00:00:00+00:00, run_after=2026-04-29 00:00:00+00:00
[2026-04-28T14:09:57.979+0000] {processor.py:183} INFO - Processing /opt/airflow/dags/pipeline_dag.py took 0.302 seconds
[2026-04-28T14:10:28.182+0000] {processor.py:161} INFO - Started process (PID=168) to work on /opt/airflow/dags/pipeline_dag.py
[2026-04-28T14:10:28.184+0000] {processor.py:830} INFO - Processing file /opt/airflow/dags/pipeline_dag.py for tasks to queue
[2026-04-28T14:10:28.186+0000] {logging_mixin.py:188} INFO - [2026-04-28T14:10:28.186+0000] {dagbag.py:538} INFO - Filling up the DagBag from /opt/airflow/dags/pipeline_dag.py
[2026-04-28T14:10:28.216+0000] {processor.py:840} INFO - DAG(s) 'energy_pipeline' retrieved from /opt/airflow/dags/pipeline_dag.py
[2026-04-28T14:10:28.265+0000] {logging_mixin.py:188} INFO - [2026-04-28T14:10:28.264+0000] {dag.py:3036} INFO - Sync 1 DAGs
[2026-04-28T14:10:28.309+0000] {logging_mixin.py:188} INFO - [2026-04-28T14:10:28.309+0000] {dag.py:3823} INFO - Setting next_dagrun for energy_pipeline to 2026-04-28 00:00:00+00:00, run_after=2026-04-29 00:00:00+00:00
[2026-04-28T14:10:28.355+0000] {processor.py:183} INFO - Processing /opt/airflow/dags/pipeline_dag.py took 0.178 seconds
[2026-04-28T14:10:58.522+0000] {processor.py:161} INFO - Started process (PID=169) to work on /opt/airflow/dags/pipeline_dag.py
[2026-04-28T14:10:58.524+0000] {processor.py:830} INFO - Processing file /opt/airflow/dags/pipeline_dag.py for tasks to queue
[2026-04-28T14:10:58.526+0000] {logging_mixin.py:188} INFO - [2026-04-28T14:10:58.525+0000] {dagbag.py:538} INFO - Filling up the DagBag from /opt/airflow/dags/pipeline_dag.py
[2026-04-28T14:10:58.552+0000] {processor.py:840} INFO - DAG(s) 'energy_pipeline' retrieved from /opt/airflow/dags/pipeline_dag.py
[2026-04-28T14:10:58.599+0000] {logging_mixin.py:188} INFO - [2026-04-28T14:10:58.599+0000] {dag.py:3036} INFO - Sync 1 DAGs
[2026-04-28T14:10:58.644+0000] {logging_mixin.py:188} INFO - [2026-04-28T14:10:58.644+0000] {dag.py:3823} INFO - Setting next_dagrun for energy_pipeline to 2026-04-28 00:00:00+00:00, run_after=2026-04-29 00:00:00+00:00
[2026-04-28T14:10:58.693+0000] {processor.py:183} INFO - Processing /opt/airflow/dags/pipeline_dag.py took 0.177 seconds
[2026-04-28T14:11:28.869+0000] {processor.py:161} INFO - Started process (PID=170) to work on /opt/airflow/dags/pipeline_dag.py
[2026-04-28T14:11:28.871+0000] {processor.py:830} INFO - Processing file /opt/airflow/dags/pipeline_dag.py for tasks to queue
[2026-04-28T14:11:28.873+0000] {logging_mixin.py:188} INFO - [2026-04-28T14:11:28.872+0000] {dagbag.py:538} INFO - Filling up the DagBag from /opt/airflow/dags/pipeline_dag.py
[2026-04-28T14:11:28.902+0000] {processor.py:840} INFO - DAG(s) 'energy_pipeline' retrieved from /opt/airflow/dags/pipeline_dag.py
[2026-04-28T14:11:29.055+0000] {logging_mixin.py:188} INFO - [2026-04-28T14:11:29.055+0000] {dag.py:3036} INFO - Sync 1 DAGs
[2026-04-28T14:11:29.104+0000] {logging_mixin.py:188} INFO - [2026-04-28T14:11:29.103+0000] {dag.py:3823} INFO - Setting next_dagrun for energy_pipeline to 2026-04-28 00:00:00+00:00, run_after=2026-04-29 00:00:00+00:00
[2026-04-28T14:11:29.154+0000] {processor.py:183} INFO - Processing /opt/airflow/dags/pipeline_dag.py took 0.292 seconds
[2026-04-28T14:11:59.328+0000] {processor.py:161} INFO - Started process (PID=171) to work on /opt/airflow/dags/pipeline_dag.py
[2026-04-28T14:11:59.330+0000] {processor.py:830} INFO - Processing file /opt/airflow/dags/pipeline_dag.py for tasks to queue
[2026-04-28T14:11:59.333+0000] {logging_mixin.py:188} INFO - [2026-04-28T14:11:59.332+0000] {dagbag.py:538} INFO - Filling up the DagBag from /opt/airflow/dags/pipeline_dag.py
[2026-04-28T14:11:59.359+0000] {processor.py:840} INFO - DAG(s) 'energy_pipeline' retrieved from /opt/airflow/dags/pipeline_dag.py
[2026-04-28T14:11:59.411+0000] {logging_mixin.py:188} INFO - [2026-04-28T14:11:59.410+0000] {dag.py:3036} INFO - Sync 1 DAGs
[2026-04-28T14:11:59.454+0000] {logging_mixin.py:188} INFO - [2026-04-28T14:11:59.453+0000] {dag.py:3823} INFO - Setting next_dagrun for energy_pipeline to 2026-04-28 00:00:00+00:00, run_after=2026-04-29 00:00:00+00:00
[2026-04-28T14:11:59.501+0000] {processor.py:183} INFO - Processing /opt/airflow/dags/pipeline_dag.py took 0.180 seconds
[2026-04-28T14:12:29.585+0000] {processor.py:161} INFO - Started process (PID=172) to work on /opt/airflow/dags/pipeline_dag.py
[2026-04-28T14:12:29.587+0000] {processor.py:830} INFO - Processing file /opt/airflow/dags/pipeline_dag.py for tasks to queue
[2026-04-28T14:12:29.590+0000] {logging_mixin.py:188} INFO - [2026-04-28T14:12:29.589+0000] {dagbag.py:538} INFO - Filling up the DagBag from /opt/airflow/dags/pipeline_dag.py
[2026-04-28T14:12:29.615+0000] {processor.py:840} INFO - DAG(s) 'energy_pipeline' retrieved from /opt/airflow/dags/pipeline_dag.py
[2026-04-28T14:12:29.662+0000] {logging_mixin.py:188} INFO - [2026-04-28T14:12:29.661+0000] {dag.py:3036} INFO - Sync 1 DAGs
[2026-04-28T14:12:29.703+0000] {logging_mixin.py:188} INFO - [2026-04-28T14:12:29.702+0000] {dag.py:3823} INFO - Setting next_dagrun for energy_pipeline to 2026-04-28 00:00:00+00:00, run_after=2026-04-29 00:00:00+00:00
[2026-04-28T14:12:29.747+0000] {processor.py:183} INFO - Processing /opt/airflow/dags/pipeline_dag.py took 0.168 seconds
[2026-04-28T14:12:59.880+0000] {processor.py:161} INFO - Started process (PID=173) to work on /opt/airflow/dags/pipeline_dag.py
[2026-04-28T14:12:59.884+0000] {processor.py:830} INFO - Processing file /opt/airflow/dags/pipeline_dag.py for tasks to queue
[2026-04-28T14:12:59.886+0000] {logging_mixin.py:188} INFO - [2026-04-28T14:12:59.885+0000] {dagbag.py:538} INFO - Filling up the DagBag from /opt/airflow/dags/pipeline_dag.py
[2026-04-28T14:12:59.918+0000] {processor.py:840} INFO - DAG(s) 'energy_pipeline' retrieved from /opt/airflow/dags/pipeline_dag.py
[2026-04-28T14:12:59.968+0000] {logging_mixin.py:188} INFO - [2026-04-28T14:12:59.967+0000] {dag.py:3036} INFO - Sync 1 DAGs
[2026-04-28T14:13:00.009+0000] {logging_mixin.py:188} INFO - [2026-04-28T14:13:00.008+0000] {dag.py:3823} INFO - Setting next_dagrun for energy_pipeline to 2026-04-28 00:00:00+00:00, run_after=2026-04-29 00:00:00+00:00
[2026-04-28T14:13:00.064+0000] {processor.py:183} INFO - Processing /opt/airflow/dags/pipeline_dag.py took 0.195 seconds
[2026-04-28T14:13:30.220+0000] {processor.py:161} INFO - Started process (PID=174) to work on /opt/airflow/dags/pipeline_dag.py
[2026-04-28T14:13:30.222+0000] {processor.py:830} INFO - Processing file /opt/airflow/dags/pipeline_dag.py for tasks to queue
[2026-04-28T14:13:30.224+0000] {logging_mixin.py:188} INFO - [2026-04-28T14:13:30.223+0000] {dagbag.py:538} INFO - Filling up the DagBag from /opt/airflow/dags/pipeline_dag.py
[2026-04-28T14:13:30.253+0000] {processor.py:840} INFO - DAG(s) 'energy_pipeline' retrieved from /opt/airflow/dags/pipeline_dag.py
[2026-04-28T14:13:30.299+0000] {logging_mixin.py:188} INFO - [2026-04-28T14:13:30.299+0000] {dag.py:3036} INFO - Sync 1 DAGs
[2026-04-28T14:13:30.341+0000] {logging_mixin.py:188} INFO - [2026-04-28T14:13:30.341+0000] {dag.py:3823} INFO - Setting next_dagrun for energy_pipeline to 2026-04-28 00:00:00+00:00, run_after=2026-04-29 00:00:00+00:00
[2026-04-28T14:13:30.404+0000] {processor.py:183} INFO - Processing /opt/airflow/dags/pipeline_dag.py took 0.190 seconds
[2026-04-28T14:14:00.599+0000] {processor.py:161} INFO - Started process (PID=175) to work on /opt/airflow/dags/pipeline_dag.py
[2026-04-28T14:14:00.601+0000] {processor.py:830} INFO - Processing file /opt/airflow/dags/pipeline_dag.py for tasks to queue
[2026-04-28T14:14:00.603+0000] {logging_mixin.py:188} INFO - [2026-04-28T14:14:00.602+0000] {dagbag.py:538} INFO - Filling up the DagBag from /opt/airflow/dags/pipeline_dag.py
[2026-04-28T14:14:00.631+0000] {processor.py:840} INFO - DAG(s) 'energy_pipeline' retrieved from /opt/airflow/dags/pipeline_dag.py
[2026-04-28T14:14:00.701+0000] {logging_mixin.py:188} INFO - [2026-04-28T14:14:00.700+0000] {dag.py:3036} INFO - Sync 1 DAGs
[2026-04-28T14:14:00.749+0000] {logging_mixin.py:188} INFO - [2026-04-28T14:14:00.749+0000] {dag.py:3823} INFO - Setting next_dagrun for energy_pipeline to 2026-04-28 00:00:00+00:00, run_after=2026-04-29 00:00:00+00:00
[2026-04-28T14:14:00.804+0000] {processor.py:183} INFO - Processing /opt/airflow/dags/pipeline_dag.py took 0.211 seconds
[2026-04-28T14:14:31.044+0000] {processor.py:161} INFO - Started process (PID=176) to work on /opt/airflow/dags/pipeline_dag.py
[2026-04-28T14:14:31.045+0000] {processor.py:830} INFO - Processing file /opt/airflow/dags/pipeline_dag.py for tasks to queue
[2026-04-28T14:14:31.047+0000] {logging_mixin.py:188} INFO - [2026-04-28T14:14:31.046+0000] {dagbag.py:538} INFO - Filling up the DagBag from /opt/airflow/dags/pipeline_dag.py
[2026-04-28T14:14:31.074+0000] {processor.py:840} INFO - DAG(s) 'energy_pipeline' retrieved from /opt/airflow/dags/pipeline_dag.py
[2026-04-28T14:14:31.137+0000] {logging_mixin.py:188} INFO - [2026-04-28T14:14:31.136+0000] {dag.py:3036} INFO - Sync 1 DAGs
[2026-04-28T14:14:31.252+0000] {logging_mixin.py:188} INFO - [2026-04-28T14:14:31.252+0000] {dag.py:3823} INFO - Setting next_dagrun for energy_pipeline to 2026-04-28 00:00:00+00:00, run_after=2026-04-29 00:00:00+00:00
[2026-04-28T14:14:31.378+0000] {processor.py:183} INFO - Processing /opt/airflow/dags/pipeline_dag.py took 0.340 seconds
[2026-04-28T14:15:01.578+0000] {processor.py:161} INFO - Started process (PID=177) to work on /opt/airflow/dags/pipeline_dag.py
[2026-04-28T14:15:01.580+0000] {processor.py:830} INFO - Processing file /opt/airflow/dags/pipeline_dag.py for tasks to queue
[2026-04-28T14:15:01.582+0000] {logging_mixin.py:188} INFO - [2026-04-28T14:15:01.581+0000] {dagbag.py:538} INFO - Filling up the DagBag from /opt/airflow/dags/pipeline_dag.py
[2026-04-28T14:15:01.606+0000] {processor.py:840} INFO - DAG(s) 'energy_pipeline' retrieved from /opt/airflow/dags/pipeline_dag.py
[2026-04-28T14:15:01.649+0000] {logging_mixin.py:188} INFO - [2026-04-28T14:15:01.649+0000] {dag.py:3036} INFO - Sync 1 DAGs
[2026-04-28T14:15:01.692+0000] {logging_mixin.py:188} INFO - [2026-04-28T14:15:01.692+0000] {dag.py:3823} INFO - Setting next_dagrun for energy_pipeline to 2026-04-28 00:00:00+00:00, run_after=2026-04-29 00:00:00+00:00
[2026-04-28T14:15:01.738+0000] {processor.py:183} INFO - Processing /opt/airflow/dags/pipeline_dag.py took 0.166 seconds
[2026-04-28T14:15:31.912+0000] {processor.py:161} INFO - Started process (PID=178) to work on /opt/airflow/dags/pipeline_dag.py
[2026-04-28T14:15:31.914+0000] {processor.py:830} INFO - Processing file /opt/airflow/dags/pipeline_dag.py for tasks to queue
[2026-04-28T14:15:31.916+0000] {logging_mixin.py:188} INFO - [2026-04-28T14:15:31.915+0000] {dagbag.py:538} INFO - Filling up the DagBag from /opt/airflow/dags/pipeline_dag.py
[2026-04-28T14:15:31.940+0000] {processor.py:840} INFO - DAG(s) 'energy_pipeline' retrieved from /opt/airflow/dags/pipeline_dag.py
[2026-04-28T14:15:31.985+0000] {logging_mixin.py:188} INFO - [2026-04-28T14:15:31.984+0000] {dag.py:3036} INFO - Sync 1 DAGs
[2026-04-28T14:15:32.026+0000] {logging_mixin.py:188} INFO - [2026-04-28T14:15:32.025+0000] {dag.py:3823} INFO - Setting next_dagrun for energy_pipeline to 2026-04-28 00:00:00+00:00, run_after=2026-04-29 00:00:00+00:00
[2026-04-28T14:15:32.070+0000] {processor.py:183} INFO - Processing /opt/airflow/dags/pipeline_dag.py took 0.163 seconds
[2026-04-28T14:16:02.247+0000] {processor.py:161} INFO - Started process (PID=179) to work on /opt/airflow/dags/pipeline_dag.py
[2026-04-28T14:16:02.249+0000] {processor.py:830} INFO - Processing file /opt/airflow/dags/pipeline_dag.py for tasks to queue
[2026-04-28T14:16:02.250+0000] {logging_mixin.py:188} INFO - [2026-04-28T14:16:02.250+0000] {dagbag.py:538} INFO - Filling up the DagBag from /opt/airflow/dags/pipeline_dag.py
[2026-04-28T14:16:02.276+0000] {processor.py:840} INFO - DAG(s) 'energy_pipeline' retrieved from /opt/airflow/dags/pipeline_dag.py
[2026-04-28T14:16:02.320+0000] {logging_mixin.py:188} INFO - [2026-04-28T14:16:02.319+0000] {dag.py:3036} INFO - Sync 1 DAGs
[2026-04-28T14:16:02.357+0000] {logging_mixin.py:188} INFO - [2026-04-28T14:16:02.357+0000] {dag.py:3823} INFO - Setting next_dagrun for energy_pipeline to 2026-04-28 00:00:00+00:00, run_after=2026-04-29 00:00:00+00:00
[2026-04-28T14:16:02.399+0000] {processor.py:183} INFO - Processing /opt/airflow/dags/pipeline_dag.py took 0.157 seconds
[2026-04-28T14:16:32.570+0000] {processor.py:161} INFO - Started process (PID=180) to work on /opt/airflow/dags/pipeline_dag.py
[2026-04-28T14:16:32.572+0000] {processor.py:830} INFO - Processing file /opt/airflow/dags/pipeline_dag.py for tasks to queue
[2026-04-28T14:16:32.576+0000] {logging_mixin.py:188} INFO - [2026-04-28T14:16:32.573+0000] {dagbag.py:538} INFO - Filling up the DagBag from /opt/airflow/dags/pipeline_dag.py
[2026-04-28T14:16:32.599+0000] {processor.py:840} INFO - DAG(s) 'energy_pipeline' retrieved from /opt/airflow/dags/pipeline_dag.py
[2026-04-28T14:16:32.642+0000] {logging_mixin.py:188} INFO - [2026-04-28T14:16:32.641+0000] {dag.py:3036} INFO - Sync 1 DAGs
[2026-04-28T14:16:32.679+0000] {logging_mixin.py:188} INFO - [2026-04-28T14:16:32.679+0000] {dag.py:3823} INFO - Setting next_dagrun for energy_pipeline to 2026-04-28 00:00:00+00:00, run_after=2026-04-29 00:00:00+00:00
[2026-04-28T14:16:32.720+0000] {processor.py:183} INFO - Processing /opt/airflow/dags/pipeline_dag.py took 0.155 seconds
[2026-04-28T14:17:02.898+0000] {processor.py:161} INFO - Started process (PID=181) to work on /opt/airflow/dags/pipeline_dag.py
[2026-04-28T14:17:02.900+0000] {processor.py:830} INFO - Processing file /opt/airflow/dags/pipeline_dag.py for tasks to queue
[2026-04-28T14:17:02.902+0000] {logging_mixin.py:188} INFO - [2026-04-28T14:17:02.902+0000] {dagbag.py:538} INFO - Filling up the DagBag from /opt/airflow/dags/pipeline_dag.py
[2026-04-28T14:17:02.925+0000] {processor.py:840} INFO - DAG(s) 'energy_pipeline' retrieved from /opt/airflow/dags/pipeline_dag.py
[2026-04-28T14:17:02.967+0000] {logging_mixin.py:188} INFO - [2026-04-28T14:17:02.966+0000] {dag.py:3036} INFO - Sync 1 DAGs
[2026-04-28T14:17:03.004+0000] {logging_mixin.py:188} INFO - [2026-04-28T14:17:03.003+0000] {dag.py:3823} INFO - Setting next_dagrun for energy_pipeline to 2026-04-28 00:00:00+00:00, run_after=2026-04-29 00:00:00+00:00
[2026-04-28T14:17:03.045+0000] {processor.py:183} INFO - Processing /opt/airflow/dags/pipeline_dag.py took 0.152 seconds
[2026-04-28T14:17:33.224+0000] {processor.py:161} INFO - Started process (PID=182) to work on /opt/airflow/dags/pipeline_dag.py
[2026-04-28T14:17:33.226+0000] {processor.py:830} INFO - Processing file /opt/airflow/dags/pipeline_dag.py for tasks to queue
[2026-04-28T14:17:33.227+0000] {logging_mixin.py:188} INFO - [2026-04-28T14:17:33.227+0000] {dagbag.py:538} INFO - Filling up the DagBag from /opt/airflow/dags/pipeline_dag.py
[2026-04-28T14:17:33.250+0000] {processor.py:840} INFO - DAG(s) 'energy_pipeline' retrieved from /opt/airflow/dags/pipeline_dag.py
[2026-04-28T14:17:33.292+0000] {logging_mixin.py:188} INFO - [2026-04-28T14:17:33.292+0000] {dag.py:3036} INFO - Sync 1 DAGs
[2026-04-28T14:17:33.330+0000] {logging_mixin.py:188} INFO - [2026-04-28T14:17:33.330+0000] {dag.py:3823} INFO - Setting next_dagrun for energy_pipeline to 2026-04-28 00:00:00+00:00, run_after=2026-04-29 00:00:00+00:00
[2026-04-28T14:17:33.375+0000] {processor.py:183} INFO - Processing /opt/airflow/dags/pipeline_dag.py took 0.156 seconds
[2026-04-28T14:18:03.543+0000] {processor.py:161} INFO - Started process (PID=183) to work on /opt/airflow/dags/pipeline_dag.py
[2026-04-28T14:18:03.544+0000] {processor.py:830} INFO - Processing file /opt/airflow/dags/pipeline_dag.py for tasks to queue
[2026-04-28T14:18:03.546+0000] {logging_mixin.py:188} INFO - [2026-04-28T14:18:03.546+0000] {dagbag.py:538} INFO - Filling up the DagBag from /opt/airflow/dags/pipeline_dag.py
[2026-04-28T14:18:03.570+0000] {processor.py:840} INFO - DAG(s) 'energy_pipeline' retrieved from /opt/airflow/dags/pipeline_dag.py
[2026-04-28T14:18:03.612+0000] {logging_mixin.py:188} INFO - [2026-04-28T14:18:03.611+0000] {dag.py:3036} INFO - Sync 1 DAGs
[2026-04-28T14:18:03.649+0000] {logging_mixin.py:188} INFO - [2026-04-28T14:18:03.648+0000] {dag.py:3823} INFO - Setting next_dagrun for energy_pipeline to 2026-04-28 00:00:00+00:00, run_after=2026-04-29 00:00:00+00:00
[2026-04-28T14:18:03.692+0000] {processor.py:183} INFO - Processing /opt/airflow/dags/pipeline_dag.py took 0.154 seconds
[2026-04-28T14:18:33.867+0000] {processor.py:161} INFO - Started process (PID=184) to work on /opt/airflow/dags/pipeline_dag.py
[2026-04-28T14:18:33.869+0000] {processor.py:830} INFO - Processing file /opt/airflow/dags/pipeline_dag.py for tasks to queue
[2026-04-28T14:18:33.871+0000] {logging_mixin.py:188} INFO - [2026-04-28T14:18:33.870+0000] {dagbag.py:538} INFO - Filling up the DagBag from /opt/airflow/dags/pipeline_dag.py
[2026-04-28T14:18:33.895+0000] {processor.py:840} INFO - DAG(s) 'energy_pipeline' retrieved from /opt/airflow/dags/pipeline_dag.py
[2026-04-28T14:18:33.937+0000] {logging_mixin.py:188} INFO - [2026-04-28T14:18:33.936+0000] {dag.py:3036} INFO - Sync 1 DAGs
[2026-04-28T14:18:33.976+0000] {logging_mixin.py:188} INFO - [2026-04-28T14:18:33.975+0000] {dag.py:3823} INFO - Setting next_dagrun for energy_pipeline to 2026-04-28 00:00:00+00:00, run_after=2026-04-29 00:00:00+00:00
[2026-04-28T14:18:34.015+0000] {processor.py:183} INFO - Processing /opt/airflow/dags/pipeline_dag.py took 0.153 seconds
[2026-04-28T14:19:04.095+0000] {processor.py:161} INFO - Started process (PID=185) to work on /opt/airflow/dags/pipeline_dag.py
[2026-04-28T14:19:04.097+0000] {processor.py:830} INFO - Processing file /opt/airflow/dags/pipeline_dag.py for tasks to queue
[2026-04-28T14:19:04.099+0000] {logging_mixin.py:188} INFO - [2026-04-28T14:19:04.098+0000] {dagbag.py:538} INFO - Filling up the DagBag from /opt/airflow/dags/pipeline_dag.py
[2026-04-28T14:19:04.123+0000] {processor.py:840} INFO - DAG(s) 'energy_pipeline' retrieved from /opt/airflow/dags/pipeline_dag.py
[2026-04-28T14:19:04.168+0000] {logging_mixin.py:188} INFO - [2026-04-28T14:19:04.167+0000] {dag.py:3036} INFO - Sync 1 DAGs
[2026-04-28T14:19:04.208+0000] {logging_mixin.py:188} INFO - [2026-04-28T14:19:04.207+0000] {dag.py:3823} INFO - Setting next_dagrun for energy_pipeline to 2026-04-28 00:00:00+00:00, run_after=2026-04-29 00:00:00+00:00
[2026-04-28T14:19:04.249+0000] {processor.py:183} INFO - Processing /opt/airflow/dags/pipeline_dag.py took 0.159 seconds
[2026-04-28T14:19:34.424+0000] {processor.py:161} INFO - Started process (PID=186) to work on /opt/airflow/dags/pipeline_dag.py
[2026-04-28T14:19:34.426+0000] {processor.py:830} INFO - Processing file /opt/airflow/dags/pipeline_dag.py for tasks to queue
[2026-04-28T14:19:34.427+0000] {logging_mixin.py:188} INFO - [2026-04-28T14:19:34.427+0000] {dagbag.py:538} INFO - Filling up the DagBag from /opt/airflow/dags/pipeline_dag.py
[2026-04-28T14:19:34.451+0000] {processor.py:840} INFO - DAG(s) 'energy_pipeline' retrieved from /opt/airflow/dags/pipeline_dag.py
[2026-04-28T14:19:34.497+0000] {logging_mixin.py:188} INFO - [2026-04-28T14:19:34.496+0000] {dag.py:3036} INFO - Sync 1 DAGs
[2026-04-28T14:19:34.535+0000] {logging_mixin.py:188} INFO - [2026-04-28T14:19:34.534+0000] {dag.py:3823} INFO - Setting next_dagrun for energy_pipeline to 2026-04-28 00:00:00+00:00, run_after=2026-04-29 00:00:00+00:00
[2026-04-28T14:19:34.579+0000] {processor.py:183} INFO - Processing /opt/airflow/dags/pipeline_dag.py took 0.160 seconds
[2026-04-28T14:20:04.770+0000] {processor.py:161} INFO - Started process (PID=187) to work on /opt/airflow/dags/pipeline_dag.py
[2026-04-28T14:20:04.772+0000] {processor.py:830} INFO - Processing file /opt/airflow/dags/pipeline_dag.py for tasks to queue
[2026-04-28T14:20:04.774+0000] {logging_mixin.py:188} INFO - [2026-04-28T14:20:04.773+0000] {dagbag.py:538} INFO - Filling up the DagBag from /opt/airflow/dags/pipeline_dag.py
[2026-04-28T14:20:04.798+0000] {processor.py:840} INFO - DAG(s) 'energy_pipeline' retrieved from /opt/airflow/dags/pipeline_dag.py
[2026-04-28T14:20:04.845+0000] {logging_mixin.py:188} INFO - [2026-04-28T14:20:04.845+0000] {dag.py:3036} INFO - Sync 1 DAGs
[2026-04-28T14:20:04.884+0000] {logging_mixin.py:188} INFO - [2026-04-28T14:20:04.884+0000] {dag.py:3823} INFO - Setting next_dagrun for energy_pipeline to 2026-04-28 00:00:00+00:00, run_after=2026-04-29 00:00:00+00:00
[2026-04-28T14:20:04.925+0000] {processor.py:183} INFO - Processing /opt/airflow/dags/pipeline_dag.py took 0.161 seconds
[2026-04-28T14:20:35.100+0000] {processor.py:161} INFO - Started process (PID=188) to work on /opt/airflow/dags/pipeline_dag.py
[2026-04-28T14:20:35.102+0000] {processor.py:830} INFO - Processing file /opt/airflow/dags/pipeline_dag.py for tasks to queue
[2026-04-28T14:20:35.104+0000] {logging_mixin.py:188} INFO - [2026-04-28T14:20:35.103+0000] {dagbag.py:538} INFO - Filling up the DagBag from /opt/airflow/dags/pipeline_dag.py
[2026-04-28T14:20:35.129+0000] {processor.py:840} INFO - DAG(s) 'energy_pipeline' retrieved from /opt/airflow/dags/pipeline_dag.py
[2026-04-28T14:20:35.174+0000] {logging_mixin.py:188} INFO - [2026-04-28T14:20:35.174+0000] {dag.py:3036} INFO - Sync 1 DAGs
[2026-04-28T14:20:35.213+0000] {logging_mixin.py:188} INFO - [2026-04-28T14:20:35.213+0000] {dag.py:3823} INFO - Setting next_dagrun for energy_pipeline to 2026-04-28 00:00:00+00:00, run_after=2026-04-29 00:00:00+00:00
[2026-04-28T14:20:35.257+0000] {processor.py:183} INFO - Processing /opt/airflow/dags/pipeline_dag.py took 0.163 seconds
[2026-04-28T14:21:05.428+0000] {processor.py:161} INFO - Started process (PID=189) to work on /opt/airflow/dags/pipeline_dag.py
[2026-04-28T14:21:05.430+0000] {processor.py:830} INFO - Processing file /opt/airflow/dags/pipeline_dag.py for tasks to queue
[2026-04-28T14:21:05.432+0000] {logging_mixin.py:188} INFO - [2026-04-28T14:21:05.431+0000] {dagbag.py:538} INFO - Filling up the DagBag from /opt/airflow/dags/pipeline_dag.py
[2026-04-28T14:21:05.456+0000] {processor.py:840} INFO - DAG(s) 'energy_pipeline' retrieved from /opt/airflow/dags/pipeline_dag.py
[2026-04-28T14:21:05.502+0000] {logging_mixin.py:188} INFO - [2026-04-28T14:21:05.501+0000] {dag.py:3036} INFO - Sync 1 DAGs
[2026-04-28T14:21:05.540+0000] {logging_mixin.py:188} INFO - [2026-04-28T14:21:05.540+0000] {dag.py:3823} INFO - Setting next_dagrun for energy_pipeline to 2026-04-28 00:00:00+00:00, run_after=2026-04-29 00:00:00+00:00
[2026-04-28T14:21:05.663+0000] {processor.py:183} INFO - Processing /opt/airflow/dags/pipeline_dag.py took 0.240 seconds
[2026-04-28T14:21:35.860+0000] {processor.py:161} INFO - Started process (PID=190) to work on /opt/airflow/dags/pipeline_dag.py
[2026-04-28T14:21:35.862+0000] {processor.py:830} INFO - Processing file /opt/airflow/dags/pipeline_dag.py for tasks to queue
[2026-04-28T14:21:35.863+0000] {logging_mixin.py:188} INFO - [2026-04-28T14:21:35.863+0000] {dagbag.py:538} INFO - Filling up the DagBag from /opt/airflow/dags/pipeline_dag.py
[2026-04-28T14:21:35.888+0000] {processor.py:840} INFO - DAG(s) 'energy_pipeline' retrieved from /opt/airflow/dags/pipeline_dag.py
[2026-04-28T14:21:35.930+0000] {logging_mixin.py:188} INFO - [2026-04-28T14:21:35.929+0000] {dag.py:3036} INFO - Sync 1 DAGs
[2026-04-28T14:21:36.158+0000] {logging_mixin.py:188} INFO - [2026-04-28T14:21:36.158+0000] {dag.py:3823} INFO - Setting next_dagrun for energy_pipeline to 2026-04-28 00:00:00+00:00, run_after=2026-04-29 00:00:00+00:00
[2026-04-28T14:21:36.215+0000] {processor.py:183} INFO - Processing /opt/airflow/dags/pipeline_dag.py took 0.360 seconds
[2026-04-28T14:22:06.389+0000] {processor.py:161} INFO - Started process (PID=191) to work on /opt/airflow/dags/pipeline_dag.py
[2026-04-28T14:22:06.390+0000] {processor.py:830} INFO - Processing file /opt/airflow/dags/pipeline_dag.py for tasks to queue
[2026-04-28T14:22:06.392+0000] {logging_mixin.py:188} INFO - [2026-04-28T14:22:06.391+0000] {dagbag.py:538} INFO - Filling up the DagBag from /opt/airflow/dags/pipeline_dag.py
[2026-04-28T14:22:06.418+0000] {processor.py:840} INFO - DAG(s) 'energy_pipeline' retrieved from /opt/airflow/dags/pipeline_dag.py
[2026-04-28T14:22:06.470+0000] {logging_mixin.py:188} INFO - [2026-04-28T14:22:06.470+0000] {dag.py:3036} INFO - Sync 1 DAGs
[2026-04-28T14:22:06.508+0000] {logging_mixin.py:188} INFO - [2026-04-28T14:22:06.508+0000] {dag.py:3823} INFO - Setting next_dagrun for energy_pipeline to 2026-04-28 00:00:00+00:00, run_after=2026-04-29 00:00:00+00:00
[2026-04-28T14:22:06.549+0000] {processor.py:183} INFO - Processing /opt/airflow/dags/pipeline_dag.py took 0.166 seconds
[2026-04-28T14:22:36.716+0000] {processor.py:161} INFO - Started process (PID=192) to work on /opt/airflow/dags/pipeline_dag.py
[2026-04-28T14:22:36.718+0000] {processor.py:830} INFO - Processing file /opt/airflow/dags/pipeline_dag.py for tasks to queue
[2026-04-28T14:22:36.720+0000] {logging_mixin.py:188} INFO - [2026-04-28T14:22:36.719+0000] {dagbag.py:538} INFO - Filling up the DagBag from /opt/airflow/dags/pipeline_dag.py
[2026-04-28T14:22:36.744+0000] {processor.py:840} INFO - DAG(s) 'energy_pipeline' retrieved from /opt/airflow/dags/pipeline_dag.py
[2026-04-28T14:22:36.787+0000] {logging_mixin.py:188} INFO - [2026-04-28T14:22:36.786+0000] {dag.py:3036} INFO - Sync 1 DAGs
[2026-04-28T14:22:36.826+0000] {logging_mixin.py:188} INFO - [2026-04-28T14:22:36.826+0000] {dag.py:3823} INFO - Setting next_dagrun for energy_pipeline to 2026-04-28 00:00:00+00:00, run_after=2026-04-29 00:00:00+00:00
[2026-04-28T14:22:36.867+0000] {processor.py:183} INFO - Processing /opt/airflow/dags/pipeline_dag.py took 0.155 seconds
[2026-04-28T14:23:07.042+0000] {processor.py:161} INFO - Started process (PID=193) to work on /opt/airflow/dags/pipeline_dag.py
[2026-04-28T14:23:07.044+0000] {processor.py:830} INFO - Processing file /opt/airflow/dags/pipeline_dag.py for tasks to queue
[2026-04-28T14:23:07.046+0000] {logging_mixin.py:188} INFO - [2026-04-28T14:23:07.045+0000] {dagbag.py:538} INFO - Filling up the DagBag from /opt/airflow/dags/pipeline_dag.py
[2026-04-28T14:23:07.070+0000] {processor.py:840} INFO - DAG(s) 'energy_pipeline' retrieved from /opt/airflow/dags/pipeline_dag.py
[2026-04-28T14:23:07.115+0000] {logging_mixin.py:188} INFO - [2026-04-28T14:23:07.115+0000] {dag.py:3036} INFO - Sync 1 DAGs
[2026-04-28T14:23:07.159+0000] {logging_mixin.py:188} INFO - [2026-04-28T14:23:07.158+0000] {dag.py:3823} INFO - Setting next_dagrun for energy_pipeline to 2026-04-28 00:00:00+00:00, run_after=2026-04-29 00:00:00+00:00
[2026-04-28T14:23:07.200+0000] {processor.py:183} INFO - Processing /opt/airflow/dags/pipeline_dag.py took 0.163 seconds
[2026-04-28T14:23:37.377+0000] {processor.py:161} INFO - Started process (PID=194) to work on /opt/airflow/dags/pipeline_dag.py
[2026-04-28T14:23:37.379+0000] {processor.py:830} INFO - Processing file /opt/airflow/dags/pipeline_dag.py for tasks to queue
[2026-04-28T14:23:37.380+0000] {logging_mixin.py:188} INFO - [2026-04-28T14:23:37.380+0000] {dagbag.py:538} INFO - Filling up the DagBag from /opt/airflow/dags/pipeline_dag.py
[2026-04-28T14:23:37.404+0000] {processor.py:840} INFO - DAG(s) 'energy_pipeline' retrieved from /opt/airflow/dags/pipeline_dag.py
[2026-04-28T14:23:37.450+0000] {logging_mixin.py:188} INFO - [2026-04-28T14:23:37.449+0000] {dag.py:3036} INFO - Sync 1 DAGs
[2026-04-28T14:23:37.489+0000] {logging_mixin.py:188} INFO - [2026-04-28T14:23:37.488+0000] {dag.py:3823} INFO - Setting next_dagrun for energy_pipeline to 2026-04-28 00:00:00+00:00, run_after=2026-04-29 00:00:00+00:00
[2026-04-28T14:23:37.531+0000] {processor.py:183} INFO - Processing /opt/airflow/dags/pipeline_dag.py took 0.159 seconds
[2026-04-28T14:24:07.715+0000] {processor.py:161} INFO - Started process (PID=195) to work on /opt/airflow/dags/pipeline_dag.py
[2026-04-28T14:24:07.717+0000] {processor.py:830} INFO - Processing file /opt/airflow/dags/pipeline_dag.py for tasks to queue
[2026-04-28T14:24:07.719+0000] {logging_mixin.py:188} INFO - [2026-04-28T14:24:07.718+0000] {dagbag.py:538} INFO - Filling up the DagBag from /opt/airflow/dags/pipeline_dag.py
[2026-04-28T14:24:07.742+0000] {processor.py:840} INFO - DAG(s) 'energy_pipeline' retrieved from /opt/airflow/dags/pipeline_dag.py
[2026-04-28T14:24:07.789+0000] {logging_mixin.py:188} INFO - [2026-04-28T14:24:07.789+0000] {dag.py:3036} INFO - Sync 1 DAGs
[2026-04-28T14:24:07.835+0000] {logging_mixin.py:188} INFO - [2026-04-28T14:24:07.835+0000] {dag.py:3823} INFO - Setting next_dagrun for energy_pipeline to 2026-04-28 00:00:00+00:00, run_after=2026-04-29 00:00:00+00:00
[2026-04-28T14:24:07.884+0000] {processor.py:183} INFO - Processing /opt/airflow/dags/pipeline_dag.py took 0.175 seconds
[2026-04-28T14:24:38.048+0000] {processor.py:161} INFO - Started process (PID=196) to work on /opt/airflow/dags/pipeline_dag.py
[2026-04-28T14:24:38.050+0000] {processor.py:830} INFO - Processing file /opt/airflow/dags/pipeline_dag.py for tasks to queue
[2026-04-28T14:24:38.051+0000] {logging_mixin.py:188} INFO - [2026-04-28T14:24:38.051+0000] {dagbag.py:538} INFO - Filling up the DagBag from /opt/airflow/dags/pipeline_dag.py
[2026-04-28T14:24:38.075+0000] {processor.py:840} INFO - DAG(s) 'energy_pipeline' retrieved from /opt/airflow/dags/pipeline_dag.py
[2026-04-28T14:24:38.121+0000] {logging_mixin.py:188} INFO - [2026-04-28T14:24:38.121+0000] {dag.py:3036} INFO - Sync 1 DAGs
[2026-04-28T14:24:38.160+0000] {logging_mixin.py:188} INFO - [2026-04-28T14:24:38.160+0000] {dag.py:3823} INFO - Setting next_dagrun for energy_pipeline to 2026-04-28 00:00:00+00:00, run_after=2026-04-29 00:00:00+00:00
[2026-04-28T14:24:38.201+0000] {processor.py:183} INFO - Processing /opt/airflow/dags/pipeline_dag.py took 0.160 seconds
[2026-04-28T14:25:08.379+0000] {processor.py:161} INFO - Started process (PID=197) to work on /opt/airflow/dags/pipeline_dag.py
[2026-04-28T14:25:08.382+0000] {processor.py:830} INFO - Processing file /opt/airflow/dags/pipeline_dag.py for tasks to queue
[2026-04-28T14:25:08.384+0000] {logging_mixin.py:188} INFO - [2026-04-28T14:25:08.383+0000] {dagbag.py:538} INFO - Filling up the DagBag from /opt/airflow/dags/pipeline_dag.py
[2026-04-28T14:25:08.412+0000] {processor.py:840} INFO - DAG(s) 'energy_pipeline' retrieved from /opt/airflow/dags/pipeline_dag.py
[2026-04-28T14:25:08.459+0000] {logging_mixin.py:188} INFO - [2026-04-28T14:25:08.458+0000] {dag.py:3036} INFO - Sync 1 DAGs
[2026-04-28T14:25:08.498+0000] {logging_mixin.py:188} INFO - [2026-04-28T14:25:08.497+0000] {dag.py:3823} INFO - Setting next_dagrun for energy_pipeline to 2026-04-28 00:00:00+00:00, run_after=2026-04-29 00:00:00+00:00
[2026-04-28T14:25:08.541+0000] {processor.py:183} INFO - Processing /opt/airflow/dags/pipeline_dag.py took 0.169 seconds
[2026-04-28T14:25:38.707+0000] {processor.py:161} INFO - Started process (PID=198) to work on /opt/airflow/dags/pipeline_dag.py
[2026-04-28T14:25:38.709+0000] {processor.py:830} INFO - Processing file /opt/airflow/dags/pipeline_dag.py for tasks to queue
[2026-04-28T14:25:38.711+0000] {logging_mixin.py:188} INFO - [2026-04-28T14:25:38.710+0000] {dagbag.py:538} INFO - Filling up the DagBag from /opt/airflow/dags/pipeline_dag.py
[2026-04-28T14:25:38.735+0000] {processor.py:840} INFO - DAG(s) 'energy_pipeline' retrieved from /opt/airflow/dags/pipeline_dag.py
[2026-04-28T14:25:38.783+0000] {logging_mixin.py:188} INFO - [2026-04-28T14:25:38.782+0000] {dag.py:3036} INFO - Sync 1 DAGs
[2026-04-28T14:25:38.824+0000] {logging_mixin.py:188} INFO - [2026-04-28T14:25:38.823+0000] {dag.py:3823} INFO - Setting next_dagrun for energy_pipeline to 2026-04-28 00:00:00+00:00, run_after=2026-04-29 00:00:00+00:00
[2026-04-28T14:25:38.868+0000] {processor.py:183} INFO - Processing /opt/airflow/dags/pipeline_dag.py took 0.167 seconds
[2026-04-28T14:26:09.073+0000] {processor.py:161} INFO - Started process (PID=199) to work on /opt/airflow/dags/pipeline_dag.py
[2026-04-28T14:26:09.075+0000] {processor.py:830} INFO - Processing file /opt/airflow/dags/pipeline_dag.py for tasks to queue
[2026-04-28T14:26:09.078+0000] {logging_mixin.py:188} INFO - [2026-04-28T14:26:09.077+0000] {dagbag.py:538} INFO - Filling up the DagBag from /opt/airflow/dags/pipeline_dag.py
[2026-04-28T14:26:09.109+0000] {processor.py:840} INFO - DAG(s) 'energy_pipeline' retrieved from /opt/airflow/dags/pipeline_dag.py
[2026-04-28T14:26:09.160+0000] {logging_mixin.py:188} INFO - [2026-04-28T14:26:09.160+0000] {dag.py:3036} INFO - Sync 1 DAGs
[2026-04-28T14:26:09.206+0000] {logging_mixin.py:188} INFO - [2026-04-28T14:26:09.206+0000] {dag.py:3823} INFO - Setting next_dagrun for energy_pipeline to 2026-04-28 00:00:00+00:00, run_after=2026-04-29 00:00:00+00:00
[2026-04-28T14:26:09.260+0000] {processor.py:183} INFO - Processing /opt/airflow/dags/pipeline_dag.py took 0.193 seconds
[2026-04-28T14:26:39.450+0000] {processor.py:161} INFO - Started process (PID=200) to work on /opt/airflow/dags/pipeline_dag.py
[2026-04-28T14:26:39.452+0000] {processor.py:830} INFO - Processing file /opt/airflow/dags/pipeline_dag.py for tasks to queue
[2026-04-28T14:26:39.454+0000] {logging_mixin.py:188} INFO - [2026-04-28T14:26:39.453+0000] {dagbag.py:538} INFO - Filling up the DagBag from /opt/airflow/dags/pipeline_dag.py
[2026-04-28T14:26:39.480+0000] {processor.py:840} INFO - DAG(s) 'energy_pipeline' retrieved from /opt/airflow/dags/pipeline_dag.py
[2026-04-28T14:26:39.531+0000] {logging_mixin.py:188} INFO - [2026-04-28T14:26:39.530+0000] {dag.py:3036} INFO - Sync 1 DAGs
[2026-04-28T14:26:39.576+0000] {logging_mixin.py:188} INFO - [2026-04-28T14:26:39.575+0000] {dag.py:3823} INFO - Setting next_dagrun for energy_pipeline to 2026-04-28 00:00:00+00:00, run_after=2026-04-29 00:00:00+00:00
[2026-04-28T14:26:39.624+0000] {processor.py:183} INFO - Processing /opt/airflow/dags/pipeline_dag.py took 0.181 seconds
[2026-04-28T14:27:09.794+0000] {processor.py:161} INFO - Started process (PID=201) to work on /opt/airflow/dags/pipeline_dag.py
[2026-04-28T14:27:09.796+0000] {processor.py:830} INFO - Processing file /opt/airflow/dags/pipeline_dag.py for tasks to queue
[2026-04-28T14:27:09.798+0000] {logging_mixin.py:188} INFO - [2026-04-28T14:27:09.797+0000] {dagbag.py:538} INFO - Filling up the DagBag from /opt/airflow/dags/pipeline_dag.py
[2026-04-28T14:27:09.827+0000] {processor.py:840} INFO - DAG(s) 'energy_pipeline' retrieved from /opt/airflow/dags/pipeline_dag.py
[2026-04-28T14:27:09.875+0000] {logging_mixin.py:188} INFO - [2026-04-28T14:27:09.875+0000] {dag.py:3036} INFO - Sync 1 DAGs
[2026-04-28T14:27:09.921+0000] {logging_mixin.py:188} INFO - [2026-04-28T14:27:09.920+0000] {dag.py:3823} INFO - Setting next_dagrun for energy_pipeline to 2026-04-28 00:00:00+00:00, run_after=2026-04-29 00:00:00+00:00
[2026-04-28T14:27:09.969+0000] {processor.py:183} INFO - Processing /opt/airflow/dags/pipeline_dag.py took 0.181 seconds
[2026-04-28T14:27:40.133+0000] {processor.py:161} INFO - Started process (PID=202) to work on /opt/airflow/dags/pipeline_dag.py
[2026-04-28T14:27:40.134+0000] {processor.py:830} INFO - Processing file /opt/airflow/dags/pipeline_dag.py for tasks to queue
[2026-04-28T14:27:40.136+0000] {logging_mixin.py:188} INFO - [2026-04-28T14:27:40.136+0000] {dagbag.py:538} INFO - Filling up the DagBag from /opt/airflow/dags/pipeline_dag.py
[2026-04-28T14:27:40.161+0000] {processor.py:840} INFO - DAG(s) 'energy_pipeline' retrieved from /opt/airflow/dags/pipeline_dag.py
[2026-04-28T14:27:40.208+0000] {logging_mixin.py:188} INFO - [2026-04-28T14:27:40.208+0000] {dag.py:3036} INFO - Sync 1 DAGs
[2026-04-28T14:27:40.252+0000] {logging_mixin.py:188} INFO - [2026-04-28T14:27:40.251+0000] {dag.py:3823} INFO - Setting next_dagrun for energy_pipeline to 2026-04-28 00:00:00+00:00, run_after=2026-04-29 00:00:00+00:00
[2026-04-28T14:27:40.299+0000] {processor.py:183} INFO - Processing /opt/airflow/dags/pipeline_dag.py took 0.172 seconds
[2026-04-28T14:28:10.395+0000] {processor.py:161} INFO - Started process (PID=203) to work on /opt/airflow/dags/pipeline_dag.py
[2026-04-28T14:28:10.397+0000] {processor.py:830} INFO - Processing file /opt/airflow/dags/pipeline_dag.py for tasks to queue
[2026-04-28T14:28:10.399+0000] {logging_mixin.py:188} INFO - [2026-04-28T14:28:10.398+0000] {dagbag.py:538} INFO - Filling up the DagBag from /opt/airflow/dags/pipeline_dag.py
[2026-04-28T14:28:10.426+0000] {processor.py:840} INFO - DAG(s) 'energy_pipeline' retrieved from /opt/airflow/dags/pipeline_dag.py
[2026-04-28T14:28:10.473+0000] {logging_mixin.py:188} INFO - [2026-04-28T14:28:10.473+0000] {dag.py:3036} INFO - Sync 1 DAGs
[2026-04-28T14:28:10.517+0000] {logging_mixin.py:188} INFO - [2026-04-28T14:28:10.517+0000] {dag.py:3823} INFO - Setting next_dagrun for energy_pipeline to 2026-04-28 00:00:00+00:00, run_after=2026-04-29 00:00:00+00:00
[2026-04-28T14:28:10.565+0000] {processor.py:183} INFO - Processing /opt/airflow/dags/pipeline_dag.py took 0.177 seconds
[2026-04-28T14:28:40.696+0000] {processor.py:161} INFO - Started process (PID=204) to work on /opt/airflow/dags/pipeline_dag.py
[2026-04-28T14:28:40.698+0000] {processor.py:830} INFO - Processing file /opt/airflow/dags/pipeline_dag.py for tasks to queue
[2026-04-28T14:28:40.700+0000] {logging_mixin.py:188} INFO - [2026-04-28T14:28:40.699+0000] {dagbag.py:538} INFO - Filling up the DagBag from /opt/airflow/dags/pipeline_dag.py
[2026-04-28T14:28:40.726+0000] {processor.py:840} INFO - DAG(s) 'energy_pipeline' retrieved from /opt/airflow/dags/pipeline_dag.py
[2026-04-28T14:28:40.774+0000] {logging_mixin.py:188} INFO - [2026-04-28T14:28:40.773+0000] {dag.py:3036} INFO - Sync 1 DAGs
[2026-04-28T14:28:40.814+0000] {logging_mixin.py:188} INFO - [2026-04-28T14:28:40.814+0000] {dag.py:3823} INFO - Setting next_dagrun for energy_pipeline to 2026-04-28 00:00:00+00:00, run_after=2026-04-29 00:00:00+00:00
[2026-04-28T14:28:40.860+0000] {processor.py:183} INFO - Processing /opt/airflow/dags/pipeline_dag.py took 0.170 seconds
[2026-04-28T14:29:11.026+0000] {processor.py:161} INFO - Started process (PID=205) to work on /opt/airflow/dags/pipeline_dag.py
[2026-04-28T14:29:11.028+0000] {processor.py:830} INFO - Processing file /opt/airflow/dags/pipeline_dag.py for tasks to queue
[2026-04-28T14:29:11.030+0000] {logging_mixin.py:188} INFO - [2026-04-28T14:29:11.030+0000] {dagbag.py:538} INFO - Filling up the DagBag from /opt/airflow/dags/pipeline_dag.py
[2026-04-28T14:29:11.057+0000] {processor.py:840} INFO - DAG(s) 'energy_pipeline' retrieved from /opt/airflow/dags/pipeline_dag.py
[2026-04-28T14:29:11.102+0000] {logging_mixin.py:188} INFO - [2026-04-28T14:29:11.102+0000] {dag.py:3036} INFO - Sync 1 DAGs
[2026-04-28T14:29:11.143+0000] {logging_mixin.py:188} INFO - [2026-04-28T14:29:11.143+0000] {dag.py:3823} INFO - Setting next_dagrun for energy_pipeline to 2026-04-28 00:00:00+00:00, run_after=2026-04-29 00:00:00+00:00
[2026-04-28T14:29:11.191+0000] {processor.py:183} INFO - Processing /opt/airflow/dags/pipeline_dag.py took 0.171 seconds
[2026-04-28T14:29:41.561+0000] {processor.py:161} INFO - Started process (PID=206) to work on /opt/airflow/dags/pipeline_dag.py
[2026-04-28T14:29:41.566+0000] {processor.py:830} INFO - Processing file /opt/airflow/dags/pipeline_dag.py for tasks to queue
[2026-04-28T14:29:41.575+0000] {logging_mixin.py:188} INFO - [2026-04-28T14:29:41.570+0000] {dagbag.py:538} INFO - Filling up the DagBag from /opt/airflow/dags/pipeline_dag.py
[2026-04-28T14:29:41.674+0000] {processor.py:840} INFO - DAG(s) 'energy_pipeline' retrieved from /opt/airflow/dags/pipeline_dag.py
[2026-04-28T14:29:41.894+0000] {logging_mixin.py:188} INFO - [2026-04-28T14:29:41.893+0000] {dag.py:3036} INFO - Sync 1 DAGs
[2026-04-28T14:29:42.068+0000] {logging_mixin.py:188} INFO - [2026-04-28T14:29:42.067+0000] {dag.py:3823} INFO - Setting next_dagrun for energy_pipeline to 2026-04-28 00:00:00+00:00, run_after=2026-04-29 00:00:00+00:00
[2026-04-28T14:29:42.251+0000] {processor.py:183} INFO - Processing /opt/airflow/dags/pipeline_dag.py took 0.710 seconds
[2026-04-28T14:30:13.867+0000] {processor.py:161} INFO - Started process (PID=207) to work on /opt/airflow/dags/pipeline_dag.py
[2026-04-28T14:30:13.902+0000] {processor.py:830} INFO - Processing file /opt/airflow/dags/pipeline_dag.py for tasks to queue
[2026-04-28T14:30:13.960+0000] {logging_mixin.py:188} INFO - [2026-04-28T14:30:13.947+0000] {dagbag.py:538} INFO - Filling up the DagBag from /opt/airflow/dags/pipeline_dag.py
[2026-04-28T14:30:14.183+0000] {processor.py:840} INFO - DAG(s) 'energy_pipeline' retrieved from /opt/airflow/dags/pipeline_dag.py
[2026-04-28T14:30:14.799+0000] {logging_mixin.py:188} INFO - [2026-04-28T14:30:14.794+0000] {dag.py:3036} INFO - Sync 1 DAGs
[2026-04-28T14:30:15.122+0000] {logging_mixin.py:188} INFO - [2026-04-28T14:30:15.120+0000] {dag.py:3823} INFO - Setting next_dagrun for energy_pipeline to 2026-04-28 00:00:00+00:00, run_after=2026-04-29 00:00:00+00:00
[2026-04-28T14:30:15.352+0000] {processor.py:183} INFO - Processing /opt/airflow/dags/pipeline_dag.py took 1.791 seconds
[2026-04-28T14:30:46.100+0000] {processor.py:161} INFO - Started process (PID=208) to work on /opt/airflow/dags/pipeline_dag.py
[2026-04-28T14:30:46.111+0000] {processor.py:830} INFO - Processing file /opt/airflow/dags/pipeline_dag.py for tasks to queue
[2026-04-28T14:30:46.122+0000] {logging_mixin.py:188} INFO - [2026-04-28T14:30:46.115+0000] {dagbag.py:538} INFO - Filling up the DagBag from /opt/airflow/dags/pipeline_dag.py
[2026-04-28T14:30:46.319+0000] {processor.py:840} INFO - DAG(s) 'energy_pipeline' retrieved from /opt/airflow/dags/pipeline_dag.py
[2026-04-28T14:30:46.788+0000] {logging_mixin.py:188} INFO - [2026-04-28T14:30:46.785+0000] {dag.py:3036} INFO - Sync 1 DAGs
[2026-04-28T14:30:47.087+0000] {logging_mixin.py:188} INFO - [2026-04-28T14:30:47.085+0000] {dag.py:3823} INFO - Setting next_dagrun for energy_pipeline to 2026-04-28 00:00:00+00:00, run_after=2026-04-29 00:00:00+00:00
[2026-04-28T14:30:47.273+0000] {processor.py:183} INFO - Processing /opt/airflow/dags/pipeline_dag.py took 1.242 seconds
[2026-04-28T14:33:48.727+0000] {processor.py:161} INFO - Started process (PID=82) to work on /opt/airflow/dags/pipeline_dag.py
[2026-04-28T14:33:48.759+0000] {processor.py:830} INFO - Processing file /opt/airflow/dags/pipeline_dag.py for tasks to queue
[2026-04-28T14:33:48.770+0000] {logging_mixin.py:188} INFO - [2026-04-28T14:33:48.766+0000] {dagbag.py:538} INFO - Filling up the DagBag from /opt/airflow/dags/pipeline_dag.py
[2026-04-28T14:33:48.896+0000] {processor.py:840} INFO - DAG(s) 'energy_pipeline' retrieved from /opt/airflow/dags/pipeline_dag.py
[2026-04-28T14:33:52.017+0000] {logging_mixin.py:188} INFO - [2026-04-28T14:33:52.016+0000] {dag.py:3036} INFO - Sync 1 DAGs
[2026-04-28T14:33:52.143+0000] {logging_mixin.py:188} INFO - [2026-04-28T14:33:52.142+0000] {dag.py:3823} INFO - Setting next_dagrun for energy_pipeline to 2026-04-28 00:00:00+00:00, run_after=2026-04-29 00:00:00+00:00
[2026-04-28T14:33:52.323+0000] {processor.py:183} INFO - Processing /opt/airflow/dags/pipeline_dag.py took 3.629 seconds
[2026-04-28T14:34:23.353+0000] {processor.py:161} INFO - Started process (PID=100) to work on /opt/airflow/dags/pipeline_dag.py
[2026-04-28T14:34:23.386+0000] {processor.py:830} INFO - Processing file /opt/airflow/dags/pipeline_dag.py for tasks to queue
[2026-04-28T14:34:23.437+0000] {logging_mixin.py:188} INFO - [2026-04-28T14:34:23.413+0000] {dagbag.py:538} INFO - Filling up the DagBag from /opt/airflow/dags/pipeline_dag.py
[2026-04-28T14:34:25.314+0000] {processor.py:840} INFO - DAG(s) 'energy_pipeline' retrieved from /opt/airflow/dags/pipeline_dag.py
[2026-04-28T14:34:25.438+0000] {logging_mixin.py:188} INFO - [2026-04-28T14:34:25.437+0000] {dag.py:3036} INFO - Sync 1 DAGs
[2026-04-28T14:34:25.713+0000] {logging_mixin.py:188} INFO - [2026-04-28T14:34:25.712+0000] {dag.py:3823} INFO - Setting next_dagrun for energy_pipeline to 2026-04-28 00:00:00+00:00, run_after=2026-04-29 00:00:00+00:00
[2026-04-28T14:34:25.882+0000] {processor.py:183} INFO - Processing /opt/airflow/dags/pipeline_dag.py took 2.593 seconds
[2026-04-28T14:34:56.530+0000] {processor.py:161} INFO - Started process (PID=103) to work on /opt/airflow/dags/pipeline_dag.py
[2026-04-28T14:34:56.569+0000] {processor.py:830} INFO - Processing file /opt/airflow/dags/pipeline_dag.py for tasks to queue
[2026-04-28T14:34:56.591+0000] {logging_mixin.py:188} INFO - [2026-04-28T14:34:56.581+0000] {dagbag.py:538} INFO - Filling up the DagBag from /opt/airflow/dags/pipeline_dag.py
[2026-04-28T14:34:56.958+0000] {processor.py:840} INFO - DAG(s) 'energy_pipeline' retrieved from /opt/airflow/dags/pipeline_dag.py
[2026-04-28T14:34:57.359+0000] {logging_mixin.py:188} INFO - [2026-04-28T14:34:57.358+0000] {dag.py:3036} INFO - Sync 1 DAGs
[2026-04-28T14:34:57.531+0000] {logging_mixin.py:188} INFO - [2026-04-28T14:34:57.530+0000] {dag.py:3823} INFO - Setting next_dagrun for energy_pipeline to 2026-04-28 00:00:00+00:00, run_after=2026-04-29 00:00:00+00:00
[2026-04-28T14:34:57.675+0000] {processor.py:183} INFO - Processing /opt/airflow/dags/pipeline_dag.py took 1.243 seconds
[2026-04-28T14:36:32.985+0000] {processor.py:161} INFO - Started process (PID=82) to work on /opt/airflow/dags/pipeline_dag.py
[2026-04-28T14:36:32.988+0000] {processor.py:830} INFO - Processing file /opt/airflow/dags/pipeline_dag.py for tasks to queue
[2026-04-28T14:36:32.994+0000] {logging_mixin.py:188} INFO - [2026-04-28T14:36:32.992+0000] {dagbag.py:538} INFO - Filling up the DagBag from /opt/airflow/dags/pipeline_dag.py
[2026-04-28T14:36:33.044+0000] {processor.py:840} INFO - DAG(s) 'energy_pipeline' retrieved from /opt/airflow/dags/pipeline_dag.py
[2026-04-28T14:36:33.082+0000] {logging_mixin.py:188} INFO - [2026-04-28T14:36:33.071+0000] {dag.py:3036} INFO - Sync 1 DAGs
[2026-04-28T14:36:33.427+0000] {logging_mixin.py:188} INFO - [2026-04-28T14:36:33.426+0000] {dag.py:3823} INFO - Setting next_dagrun for energy_pipeline to 2026-04-28 00:00:00+00:00, run_after=2026-04-29 00:00:00+00:00
[2026-04-28T14:36:33.475+0000] {processor.py:183} INFO - Processing /opt/airflow/dags/pipeline_dag.py took 0.501 seconds
[2026-04-28T14:37:06.159+0000] {processor.py:161} INFO - Started process (PID=106) to work on /opt/airflow/dags/pipeline_dag.py
[2026-04-28T14:37:06.175+0000] {processor.py:830} INFO - Processing file /opt/airflow/dags/pipeline_dag.py for tasks to queue
[2026-04-28T14:37:06.184+0000] {logging_mixin.py:188} INFO - [2026-04-28T14:37:06.181+0000] {dagbag.py:538} INFO - Filling up the DagBag from /opt/airflow/dags/pipeline_dag.py
[2026-04-28T14:37:06.386+0000] {processor.py:840} INFO - DAG(s) 'energy_pipeline' retrieved from /opt/airflow/dags/pipeline_dag.py
[2026-04-28T14:37:06.865+0000] {logging_mixin.py:188} INFO - [2026-04-28T14:37:06.865+0000] {dag.py:3036} INFO - Sync 1 DAGs
[2026-04-28T14:37:06.947+0000] {logging_mixin.py:188} INFO - [2026-04-28T14:37:06.946+0000] {dag.py:3823} INFO - Setting next_dagrun for energy_pipeline to 2026-04-28 00:00:00+00:00, run_after=2026-04-29 00:00:00+00:00
[2026-04-28T14:37:07.085+0000] {processor.py:183} INFO - Processing /opt/airflow/dags/pipeline_dag.py took 1.002 seconds
[2026-04-28T14:37:37.993+0000] {processor.py:161} INFO - Started process (PID=107) to work on /opt/airflow/dags/pipeline_dag.py
[2026-04-28T14:37:37.994+0000] {processor.py:830} INFO - Processing file /opt/airflow/dags/pipeline_dag.py for tasks to queue
[2026-04-28T14:37:37.996+0000] {logging_mixin.py:188} INFO - [2026-04-28T14:37:37.995+0000] {dagbag.py:538} INFO - Filling up the DagBag from /opt/airflow/dags/pipeline_dag.py
[2026-04-28T14:37:38.018+0000] {processor.py:840} INFO - DAG(s) 'energy_pipeline' retrieved from /opt/airflow/dags/pipeline_dag.py
[2026-04-28T14:37:38.057+0000] {logging_mixin.py:188} INFO - [2026-04-28T14:37:38.057+0000] {dag.py:3036} INFO - Sync 1 DAGs
[2026-04-28T14:37:38.097+0000] {logging_mixin.py:188} INFO - [2026-04-28T14:37:38.097+0000] {dag.py:3823} INFO - Setting next_dagrun for energy_pipeline to 2026-04-28 00:00:00+00:00, run_after=2026-04-29 00:00:00+00:00
[2026-04-28T14:37:38.134+0000] {processor.py:183} INFO - Processing /opt/airflow/dags/pipeline_dag.py took 0.146 seconds
[2026-04-28T14:38:08.374+0000] {processor.py:161} INFO - Started process (PID=108) to work on /opt/airflow/dags/pipeline_dag.py
[2026-04-28T14:38:08.376+0000] {processor.py:830} INFO - Processing file /opt/airflow/dags/pipeline_dag.py for tasks to queue
[2026-04-28T14:38:08.377+0000] {logging_mixin.py:188} INFO - [2026-04-28T14:38:08.377+0000] {dagbag.py:538} INFO - Filling up the DagBag from /opt/airflow/dags/pipeline_dag.py
[2026-04-28T14:38:08.399+0000] {processor.py:840} INFO - DAG(s) 'energy_pipeline' retrieved from /opt/airflow/dags/pipeline_dag.py
[2026-04-28T14:38:08.442+0000] {logging_mixin.py:188} INFO - [2026-04-28T14:38:08.442+0000] {dag.py:3036} INFO - Sync 1 DAGs
[2026-04-28T14:38:08.478+0000] {logging_mixin.py:188} INFO - [2026-04-28T14:38:08.478+0000] {dag.py:3823} INFO - Setting next_dagrun for energy_pipeline to 2026-04-28 00:00:00+00:00, run_after=2026-04-29 00:00:00+00:00
[2026-04-28T14:38:08.515+0000] {processor.py:183} INFO - Processing /opt/airflow/dags/pipeline_dag.py took 0.148 seconds
[2026-04-28T14:38:39.410+0000] {processor.py:161} INFO - Started process (PID=109) to work on /opt/airflow/dags/pipeline_dag.py
[2026-04-28T14:38:39.412+0000] {processor.py:830} INFO - Processing file /opt/airflow/dags/pipeline_dag.py for tasks to queue
[2026-04-28T14:38:39.414+0000] {logging_mixin.py:188} INFO - [2026-04-28T14:38:39.413+0000] {dagbag.py:538} INFO - Filling up the DagBag from /opt/airflow/dags/pipeline_dag.py
[2026-04-28T14:38:39.439+0000] {processor.py:840} INFO - DAG(s) 'energy_pipeline' retrieved from /opt/airflow/dags/pipeline_dag.py
[2026-04-28T14:38:39.490+0000] {logging_mixin.py:188} INFO - [2026-04-28T14:38:39.489+0000] {dag.py:3036} INFO - Sync 1 DAGs
[2026-04-28T14:38:39.531+0000] {logging_mixin.py:188} INFO - [2026-04-28T14:38:39.531+0000] {dag.py:3823} INFO - Setting next_dagrun for energy_pipeline to 2026-04-28 00:00:00+00:00, run_after=2026-04-29 00:00:00+00:00
[2026-04-28T14:38:39.571+0000] {processor.py:183} INFO - Processing /opt/airflow/dags/pipeline_dag.py took 0.169 seconds
[2026-04-28T14:39:09.768+0000] {processor.py:161} INFO - Started process (PID=110) to work on /opt/airflow/dags/pipeline_dag.py
[2026-04-28T14:39:09.770+0000] {processor.py:830} INFO - Processing file /opt/airflow/dags/pipeline_dag.py for tasks to queue
[2026-04-28T14:39:09.772+0000] {logging_mixin.py:188} INFO - [2026-04-28T14:39:09.771+0000] {dagbag.py:538} INFO - Filling up the DagBag from /opt/airflow/dags/pipeline_dag.py
[2026-04-28T14:39:09.792+0000] {processor.py:840} INFO - DAG(s) 'energy_pipeline' retrieved from /opt/airflow/dags/pipeline_dag.py
[2026-04-28T14:39:09.836+0000] {logging_mixin.py:188} INFO - [2026-04-28T14:39:09.835+0000] {dag.py:3036} INFO - Sync 1 DAGs
[2026-04-28T14:39:09.871+0000] {logging_mixin.py:188} INFO - [2026-04-28T14:39:09.870+0000] {dag.py:3823} INFO - Setting next_dagrun for energy_pipeline to 2026-04-28 00:00:00+00:00, run_after=2026-04-29 00:00:00+00:00
[2026-04-28T14:39:09.904+0000] {processor.py:183} INFO - Processing /opt/airflow/dags/pipeline_dag.py took 0.142 seconds
[2026-04-28T14:39:40.158+0000] {processor.py:161} INFO - Started process (PID=111) to work on /opt/airflow/dags/pipeline_dag.py
[2026-04-28T14:39:40.160+0000] {processor.py:830} INFO - Processing file /opt/airflow/dags/pipeline_dag.py for tasks to queue
[2026-04-28T14:39:40.162+0000] {logging_mixin.py:188} INFO - [2026-04-28T14:39:40.161+0000] {dagbag.py:538} INFO - Filling up the DagBag from /opt/airflow/dags/pipeline_dag.py
[2026-04-28T14:39:40.192+0000] {processor.py:840} INFO - DAG(s) 'energy_pipeline' retrieved from /opt/airflow/dags/pipeline_dag.py
[2026-04-28T14:39:40.281+0000] {logging_mixin.py:188} INFO - [2026-04-28T14:39:40.280+0000] {dag.py:3036} INFO - Sync 1 DAGs
[2026-04-28T14:39:40.344+0000] {logging_mixin.py:188} INFO - [2026-04-28T14:39:40.344+0000] {dag.py:3823} INFO - Setting next_dagrun for energy_pipeline to 2026-04-28 00:00:00+00:00, run_after=2026-04-29 00:00:00+00:00
[2026-04-28T14:39:40.395+0000] {processor.py:183} INFO - Processing /opt/airflow/dags/pipeline_dag.py took 0.242 seconds
[2026-04-28T14:40:10.845+0000] {processor.py:161} INFO - Started process (PID=112) to work on /opt/airflow/dags/pipeline_dag.py
[2026-04-28T14:40:10.847+0000] {processor.py:830} INFO - Processing file /opt/airflow/dags/pipeline_dag.py for tasks to queue
[2026-04-28T14:40:10.849+0000] {logging_mixin.py:188} INFO - [2026-04-28T14:40:10.848+0000] {dagbag.py:538} INFO - Filling up the DagBag from /opt/airflow/dags/pipeline_dag.py
[2026-04-28T14:40:10.872+0000] {processor.py:840} INFO - DAG(s) 'energy_pipeline' retrieved from /opt/airflow/dags/pipeline_dag.py
[2026-04-28T14:40:10.917+0000] {logging_mixin.py:188} INFO - [2026-04-28T14:40:10.917+0000] {dag.py:3036} INFO - Sync 1 DAGs
[2026-04-28T14:40:10.953+0000] {logging_mixin.py:188} INFO - [2026-04-28T14:40:10.953+0000] {dag.py:3823} INFO - Setting next_dagrun for energy_pipeline to 2026-04-28 00:00:00+00:00, run_after=2026-04-29 00:00:00+00:00
[2026-04-28T14:40:10.988+0000] {processor.py:183} INFO - Processing /opt/airflow/dags/pipeline_dag.py took 0.148 seconds
[2026-04-28T14:41:06.083+0000] {processor.py:161} INFO - Started process (PID=82) to work on /opt/airflow/dags/pipeline_dag.py
[2026-04-28T14:41:06.086+0000] {processor.py:830} INFO - Processing file /opt/airflow/dags/pipeline_dag.py for tasks to queue
[2026-04-28T14:41:06.088+0000] {logging_mixin.py:188} INFO - [2026-04-28T14:41:06.087+0000] {dagbag.py:538} INFO - Filling up the DagBag from /opt/airflow/dags/pipeline_dag.py
[2026-04-28T14:41:06.117+0000] {processor.py:840} INFO - DAG(s) 'energy_pipeline' retrieved from /opt/airflow/dags/pipeline_dag.py
[2026-04-28T14:41:06.152+0000] {logging_mixin.py:188} INFO - [2026-04-28T14:41:06.146+0000] {dag.py:3036} INFO - Sync 1 DAGs
[2026-04-28T14:41:06.466+0000] {logging_mixin.py:188} INFO - [2026-04-28T14:41:06.465+0000] {dag.py:3823} INFO - Setting next_dagrun for energy_pipeline to 2026-04-28 00:00:00+00:00, run_after=2026-04-29 00:00:00+00:00
[2026-04-28T14:41:06.497+0000] {processor.py:183} INFO - Processing /opt/airflow/dags/pipeline_dag.py took 0.426 seconds
[2026-04-28T14:41:37.552+0000] {processor.py:161} INFO - Started process (PID=106) to work on /opt/airflow/dags/pipeline_dag.py
[2026-04-28T14:41:37.557+0000] {processor.py:830} INFO - Processing file /opt/airflow/dags/pipeline_dag.py for tasks to queue
[2026-04-28T14:41:37.559+0000] {logging_mixin.py:188} INFO - [2026-04-28T14:41:37.558+0000] {dagbag.py:538} INFO - Filling up the DagBag from /opt/airflow/dags/pipeline_dag.py
[2026-04-28T14:41:37.599+0000] {processor.py:840} INFO - DAG(s) 'energy_pipeline' retrieved from /opt/airflow/dags/pipeline_dag.py
[2026-04-28T14:41:37.787+0000] {logging_mixin.py:188} INFO - [2026-04-28T14:41:37.787+0000] {dag.py:3036} INFO - Sync 1 DAGs
[2026-04-28T14:41:37.816+0000] {logging_mixin.py:188} INFO - [2026-04-28T14:41:37.816+0000] {dag.py:3823} INFO - Setting next_dagrun for energy_pipeline to 2026-04-28 00:00:00+00:00, run_after=2026-04-29 00:00:00+00:00
[2026-04-28T14:41:37.850+0000] {processor.py:183} INFO - Processing /opt/airflow/dags/pipeline_dag.py took 0.304 seconds
[2026-04-28T14:42:08.764+0000] {processor.py:161} INFO - Started process (PID=107) to work on /opt/airflow/dags/pipeline_dag.py
[2026-04-28T14:42:08.766+0000] {processor.py:830} INFO - Processing file /opt/airflow/dags/pipeline_dag.py for tasks to queue
[2026-04-28T14:42:08.767+0000] {logging_mixin.py:188} INFO - [2026-04-28T14:42:08.767+0000] {dagbag.py:538} INFO - Filling up the DagBag from /opt/airflow/dags/pipeline_dag.py
[2026-04-28T14:42:08.787+0000] {processor.py:840} INFO - DAG(s) 'energy_pipeline' retrieved from /opt/airflow/dags/pipeline_dag.py
[2026-04-28T14:42:08.822+0000] {logging_mixin.py:188} INFO - [2026-04-28T14:42:08.822+0000] {dag.py:3036} INFO - Sync 1 DAGs
[2026-04-28T14:42:08.853+0000] {logging_mixin.py:188} INFO - [2026-04-28T14:42:08.853+0000] {dag.py:3823} INFO - Setting next_dagrun for energy_pipeline to 2026-04-28 00:00:00+00:00, run_after=2026-04-29 00:00:00+00:00
[2026-04-28T14:42:08.886+0000] {processor.py:183} INFO - Processing /opt/airflow/dags/pipeline_dag.py took 0.127 seconds
[2026-04-28T14:42:39.158+0000] {processor.py:161} INFO - Started process (PID=108) to work on /opt/airflow/dags/pipeline_dag.py
[2026-04-28T14:42:39.160+0000] {processor.py:830} INFO - Processing file /opt/airflow/dags/pipeline_dag.py for tasks to queue
[2026-04-28T14:42:39.162+0000] {logging_mixin.py:188} INFO - [2026-04-28T14:42:39.161+0000] {dagbag.py:538} INFO - Filling up the DagBag from /opt/airflow/dags/pipeline_dag.py
[2026-04-28T14:42:39.185+0000] {processor.py:840} INFO - DAG(s) 'energy_pipeline' retrieved from /opt/airflow/dags/pipeline_dag.py
[2026-04-28T14:42:39.224+0000] {logging_mixin.py:188} INFO - [2026-04-28T14:42:39.224+0000] {dag.py:3036} INFO - Sync 1 DAGs
[2026-04-28T14:42:39.257+0000] {logging_mixin.py:188} INFO - [2026-04-28T14:42:39.257+0000] {dag.py:3823} INFO - Setting next_dagrun for energy_pipeline to 2026-04-28 00:00:00+00:00, run_after=2026-04-29 00:00:00+00:00
[2026-04-28T14:42:39.292+0000] {processor.py:183} INFO - Processing /opt/airflow/dags/pipeline_dag.py took 0.139 seconds
[2026-04-28T14:43:09.530+0000] {processor.py:161} INFO - Started process (PID=109) to work on /opt/airflow/dags/pipeline_dag.py
[2026-04-28T14:43:09.532+0000] {processor.py:830} INFO - Processing file /opt/airflow/dags/pipeline_dag.py for tasks to queue
[2026-04-28T14:43:09.533+0000] {logging_mixin.py:188} INFO - [2026-04-28T14:43:09.533+0000] {dagbag.py:538} INFO - Filling up the DagBag from /opt/airflow/dags/pipeline_dag.py
[2026-04-28T14:43:09.556+0000] {processor.py:840} INFO - DAG(s) 'energy_pipeline' retrieved from /opt/airflow/dags/pipeline_dag.py
[2026-04-28T14:43:09.594+0000] {logging_mixin.py:188} INFO - [2026-04-28T14:43:09.594+0000] {dag.py:3036} INFO - Sync 1 DAGs
[2026-04-28T14:43:09.629+0000] {logging_mixin.py:188} INFO - [2026-04-28T14:43:09.629+0000] {dag.py:3823} INFO - Setting next_dagrun for energy_pipeline to 2026-04-28 00:00:00+00:00, run_after=2026-04-29 00:00:00+00:00
[2026-04-28T14:43:09.665+0000] {processor.py:183} INFO - Processing /opt/airflow/dags/pipeline_dag.py took 0.141 seconds
[2026-04-28T14:43:39.878+0000] {processor.py:161} INFO - Started process (PID=110) to work on /opt/airflow/dags/pipeline_dag.py
[2026-04-28T14:43:39.880+0000] {processor.py:830} INFO - Processing file /opt/airflow/dags/pipeline_dag.py for tasks to queue
[2026-04-28T14:43:39.881+0000] {logging_mixin.py:188} INFO - [2026-04-28T14:43:39.881+0000] {dagbag.py:538} INFO - Filling up the DagBag from /opt/airflow/dags/pipeline_dag.py
[2026-04-28T14:43:39.901+0000] {processor.py:840} INFO - DAG(s) 'energy_pipeline' retrieved from /opt/airflow/dags/pipeline_dag.py
[2026-04-28T14:43:39.938+0000] {logging_mixin.py:188} INFO - [2026-04-28T14:43:39.938+0000] {dag.py:3036} INFO - Sync 1 DAGs
[2026-04-28T14:43:39.972+0000] {logging_mixin.py:188} INFO - [2026-04-28T14:43:39.971+0000] {dag.py:3823} INFO - Setting next_dagrun for energy_pipeline to 2026-04-28 00:00:00+00:00, run_after=2026-04-29 00:00:00+00:00
[2026-04-28T14:43:40.008+0000] {processor.py:183} INFO - Processing /opt/airflow/dags/pipeline_dag.py took 0.135 seconds
[2026-04-28T14:44:10.229+0000] {processor.py:161} INFO - Started process (PID=111) to work on /opt/airflow/dags/pipeline_dag.py
[2026-04-28T14:44:10.231+0000] {processor.py:830} INFO - Processing file /opt/airflow/dags/pipeline_dag.py for tasks to queue
[2026-04-28T14:44:10.232+0000] {logging_mixin.py:188} INFO - [2026-04-28T14:44:10.232+0000] {dagbag.py:538} INFO - Filling up the DagBag from /opt/airflow/dags/pipeline_dag.py
[2026-04-28T14:44:10.252+0000] {processor.py:840} INFO - DAG(s) 'energy_pipeline' retrieved from /opt/airflow/dags/pipeline_dag.py
[2026-04-28T14:44:10.288+0000] {logging_mixin.py:188} INFO - [2026-04-28T14:44:10.288+0000] {dag.py:3036} INFO - Sync 1 DAGs
[2026-04-28T14:44:10.319+0000] {logging_mixin.py:188} INFO - [2026-04-28T14:44:10.319+0000] {dag.py:3823} INFO - Setting next_dagrun for energy_pipeline to 2026-04-28 00:00:00+00:00, run_after=2026-04-29 00:00:00+00:00
[2026-04-28T14:44:10.351+0000] {processor.py:183} INFO - Processing /opt/airflow/dags/pipeline_dag.py took 0.126 seconds
[2026-04-28T14:44:40.550+0000] {processor.py:161} INFO - Started process (PID=112) to work on /opt/airflow/dags/pipeline_dag.py
[2026-04-28T14:44:40.552+0000] {processor.py:830} INFO - Processing file /opt/airflow/dags/pipeline_dag.py for tasks to queue
[2026-04-28T14:44:40.553+0000] {logging_mixin.py:188} INFO - [2026-04-28T14:44:40.553+0000] {dagbag.py:538} INFO - Filling up the DagBag from /opt/airflow/dags/pipeline_dag.py
[2026-04-28T14:44:40.574+0000] {processor.py:840} INFO - DAG(s) 'energy_pipeline' retrieved from /opt/airflow/dags/pipeline_dag.py
[2026-04-28T14:44:40.614+0000] {logging_mixin.py:188} INFO - [2026-04-28T14:44:40.614+0000] {dag.py:3036} INFO - Sync 1 DAGs
[2026-04-28T14:44:40.649+0000] {logging_mixin.py:188} INFO - [2026-04-28T14:44:40.648+0000] {dag.py:3823} INFO - Setting next_dagrun for energy_pipeline to 2026-04-28 00:00:00+00:00, run_after=2026-04-29 00:00:00+00:00
[2026-04-28T14:44:40.687+0000] {processor.py:183} INFO - Processing /opt/airflow/dags/pipeline_dag.py took 0.141 seconds
[2026-04-28T15:09:04.790+0000] {processor.py:161} INFO - Started process (PID=82) to work on /opt/airflow/dags/pipeline_dag.py
[2026-04-28T15:09:04.795+0000] {processor.py:830} INFO - Processing file /opt/airflow/dags/pipeline_dag.py for tasks to queue
[2026-04-28T15:09:04.808+0000] {logging_mixin.py:188} INFO - [2026-04-28T15:09:04.802+0000] {dagbag.py:538} INFO - Filling up the DagBag from /opt/airflow/dags/pipeline_dag.py
[2026-04-28T15:09:04.992+0000] {processor.py:840} INFO - DAG(s) 'energy_pipeline' retrieved from /opt/airflow/dags/pipeline_dag.py
[2026-04-28T15:09:05.077+0000] {logging_mixin.py:188} INFO - [2026-04-28T15:09:05.061+0000] {dag.py:3036} INFO - Sync 1 DAGs
[2026-04-28T15:09:05.429+0000] {logging_mixin.py:188} INFO - [2026-04-28T15:09:05.429+0000] {dag.py:3823} INFO - Setting next_dagrun for energy_pipeline to 2026-04-28 00:00:00+00:00, run_after=2026-04-29 00:00:00+00:00
[2026-04-28T15:09:05.466+0000] {processor.py:183} INFO - Processing /opt/airflow/dags/pipeline_dag.py took 0.800 seconds
[2026-04-28T15:09:35.984+0000] {processor.py:161} INFO - Started process (PID=106) to work on /opt/airflow/dags/pipeline_dag.py
[2026-04-28T15:09:35.987+0000] {processor.py:830} INFO - Processing file /opt/airflow/dags/pipeline_dag.py for tasks to queue
[2026-04-28T15:09:35.989+0000] {logging_mixin.py:188} INFO - [2026-04-28T15:09:35.988+0000] {dagbag.py:538} INFO - Filling up the DagBag from /opt/airflow/dags/pipeline_dag.py
[2026-04-28T15:09:36.214+0000] {processor.py:840} INFO - DAG(s) 'energy_pipeline' retrieved from /opt/airflow/dags/pipeline_dag.py
[2026-04-28T15:09:36.955+0000] {logging_mixin.py:188} INFO - [2026-04-28T15:09:36.955+0000] {dag.py:3036} INFO - Sync 1 DAGs
[2026-04-28T15:09:37.057+0000] {logging_mixin.py:188} INFO - [2026-04-28T15:09:37.056+0000] {dag.py:3823} INFO - Setting next_dagrun for energy_pipeline to 2026-04-28 00:00:00+00:00, run_after=2026-04-29 00:00:00+00:00
[2026-04-28T15:09:37.135+0000] {processor.py:183} INFO - Processing /opt/airflow/dags/pipeline_dag.py took 1.156 seconds
[2026-04-28T15:10:07.918+0000] {processor.py:161} INFO - Started process (PID=107) to work on /opt/airflow/dags/pipeline_dag.py
[2026-04-28T15:10:07.950+0000] {processor.py:830} INFO - Processing file /opt/airflow/dags/pipeline_dag.py for tasks to queue
[2026-04-28T15:10:07.972+0000] {logging_mixin.py:188} INFO - [2026-04-28T15:10:07.958+0000] {dagbag.py:538} INFO - Filling up the DagBag from /opt/airflow/dags/pipeline_dag.py
[2026-04-28T15:10:08.080+0000] {processor.py:840} INFO - DAG(s) 'energy_pipeline' retrieved from /opt/airflow/dags/pipeline_dag.py
[2026-04-28T15:10:08.283+0000] {logging_mixin.py:188} INFO - [2026-04-28T15:10:08.283+0000] {dag.py:3036} INFO - Sync 1 DAGs
[2026-04-28T15:10:08.350+0000] {logging_mixin.py:188} INFO - [2026-04-28T15:10:08.349+0000] {dag.py:3823} INFO - Setting next_dagrun for energy_pipeline to 2026-04-28 00:00:00+00:00, run_after=2026-04-29 00:00:00+00:00
[2026-04-28T15:10:08.430+0000] {processor.py:183} INFO - Processing /opt/airflow/dags/pipeline_dag.py took 0.900 seconds
[2026-04-28T15:10:39.313+0000] {processor.py:161} INFO - Started process (PID=108) to work on /opt/airflow/dags/pipeline_dag.py
[2026-04-28T15:10:39.394+0000] {processor.py:830} INFO - Processing file /opt/airflow/dags/pipeline_dag.py for tasks to queue
[2026-04-28T15:10:39.424+0000] {logging_mixin.py:188} INFO - [2026-04-28T15:10:39.414+0000] {dagbag.py:538} INFO - Filling up the DagBag from /opt/airflow/dags/pipeline_dag.py
[2026-04-28T15:10:39.472+0000] {processor.py:840} INFO - DAG(s) 'energy_pipeline' retrieved from /opt/airflow/dags/pipeline_dag.py
[2026-04-28T15:10:39.514+0000] {logging_mixin.py:188} INFO - [2026-04-28T15:10:39.513+0000] {dag.py:3036} INFO - Sync 1 DAGs
[2026-04-28T15:10:39.564+0000] {logging_mixin.py:188} INFO - [2026-04-28T15:10:39.564+0000] {dag.py:3823} INFO - Setting next_dagrun for energy_pipeline to 2026-04-28 00:00:00+00:00, run_after=2026-04-29 00:00:00+00:00
[2026-04-28T15:10:39.628+0000] {processor.py:183} INFO - Processing /opt/airflow/dags/pipeline_dag.py took 0.717 seconds
[2026-04-28T15:19:36.429+0000] {processor.py:161} INFO - Started process (PID=82) to work on /opt/airflow/dags/pipeline_dag.py
[2026-04-28T15:19:36.444+0000] {processor.py:830} INFO - Processing file /opt/airflow/dags/pipeline_dag.py for tasks to queue
[2026-04-28T15:19:36.449+0000] {logging_mixin.py:188} INFO - [2026-04-28T15:19:36.446+0000] {dagbag.py:538} INFO - Filling up the DagBag from /opt/airflow/dags/pipeline_dag.py
[2026-04-28T15:19:36.485+0000] {processor.py:840} INFO - DAG(s) 'energy_pipeline' retrieved from /opt/airflow/dags/pipeline_dag.py
[2026-04-28T15:19:36.558+0000] {logging_mixin.py:188} INFO - [2026-04-28T15:19:36.543+0000] {dag.py:3036} INFO - Sync 1 DAGs
[2026-04-28T15:19:37.510+0000] {logging_mixin.py:188} INFO - [2026-04-28T15:19:37.509+0000] {dag.py:3823} INFO - Setting next_dagrun for energy_pipeline to 2026-04-28 00:00:00+00:00, run_after=2026-04-29 00:00:00+00:00
[2026-04-28T15:19:37.589+0000] {processor.py:183} INFO - Processing /opt/airflow/dags/pipeline_dag.py took 1.168 seconds
[2026-04-28T15:23:19.366+0000] {processor.py:161} INFO - Started process (PID=82) to work on /opt/airflow/dags/pipeline_dag.py
[2026-04-28T15:23:19.370+0000] {processor.py:830} INFO - Processing file /opt/airflow/dags/pipeline_dag.py for tasks to queue
[2026-04-28T15:23:19.372+0000] {logging_mixin.py:188} INFO - [2026-04-28T15:23:19.371+0000] {dagbag.py:538} INFO - Filling up the DagBag from /opt/airflow/dags/pipeline_dag.py
[2026-04-28T15:23:19.481+0000] {processor.py:840} INFO - DAG(s) 'energy_pipeline' retrieved from /opt/airflow/dags/pipeline_dag.py
[2026-04-28T15:23:19.631+0000] {logging_mixin.py:188} INFO - [2026-04-28T15:23:19.598+0000] {dag.py:3036} INFO - Sync 1 DAGs
[2026-04-28T15:23:21.347+0000] {logging_mixin.py:188} INFO - [2026-04-28T15:23:21.347+0000] {dag.py:3823} INFO - Setting next_dagrun for energy_pipeline to 2026-04-28 00:00:00+00:00, run_after=2026-04-29 00:00:00+00:00
[2026-04-28T15:23:21.460+0000] {processor.py:183} INFO - Processing /opt/airflow/dags/pipeline_dag.py took 2.117 seconds
[2026-04-28T15:23:53.045+0000] {processor.py:161} INFO - Started process (PID=102) to work on /opt/airflow/dags/pipeline_dag.py
[2026-04-28T15:23:53.074+0000] {processor.py:830} INFO - Processing file /opt/airflow/dags/pipeline_dag.py for tasks to queue
[2026-04-28T15:23:53.093+0000] {logging_mixin.py:188} INFO - [2026-04-28T15:23:53.083+0000] {dagbag.py:538} INFO - Filling up the DagBag from /opt/airflow/dags/pipeline_dag.py
[2026-04-28T15:23:53.184+0000] {processor.py:840} INFO - DAG(s) 'energy_pipeline' retrieved from /opt/airflow/dags/pipeline_dag.py
[2026-04-28T15:23:53.700+0000] {logging_mixin.py:188} INFO - [2026-04-28T15:23:53.699+0000] {dag.py:3036} INFO - Sync 1 DAGs
[2026-04-28T15:23:53.739+0000] {logging_mixin.py:188} INFO - [2026-04-28T15:23:53.739+0000] {dag.py:3823} INFO - Setting next_dagrun for energy_pipeline to 2026-04-28 00:00:00+00:00, run_after=2026-04-29 00:00:00+00:00
[2026-04-28T15:23:53.792+0000] {processor.py:183} INFO - Processing /opt/airflow/dags/pipeline_dag.py took 0.911 seconds
[2026-04-28T15:24:24.167+0000] {processor.py:161} INFO - Started process (PID=107) to work on /opt/airflow/dags/pipeline_dag.py
[2026-04-28T15:24:24.180+0000] {processor.py:830} INFO - Processing file /opt/airflow/dags/pipeline_dag.py for tasks to queue
[2026-04-28T15:24:24.194+0000] {logging_mixin.py:188} INFO - [2026-04-28T15:24:24.186+0000] {dagbag.py:538} INFO - Filling up the DagBag from /opt/airflow/dags/pipeline_dag.py
[2026-04-28T15:24:24.329+0000] {processor.py:840} INFO - DAG(s) 'energy_pipeline' retrieved from /opt/airflow/dags/pipeline_dag.py
[2026-04-28T15:24:24.434+0000] {logging_mixin.py:188} INFO - [2026-04-28T15:24:24.434+0000] {dag.py:3036} INFO - Sync 1 DAGs
[2026-04-28T15:24:24.517+0000] {logging_mixin.py:188} INFO - [2026-04-28T15:24:24.517+0000] {dag.py:3823} INFO - Setting next_dagrun for energy_pipeline to 2026-04-28 00:00:00+00:00, run_after=2026-04-29 00:00:00+00:00
[2026-04-28T15:24:24.636+0000] {processor.py:183} INFO - Processing /opt/airflow/dags/pipeline_dag.py took 0.475 seconds
[2026-04-28T15:24:55.604+0000] {processor.py:161} INFO - Started process (PID=108) to work on /opt/airflow/dags/pipeline_dag.py
[2026-04-28T15:24:55.622+0000] {processor.py:830} INFO - Processing file /opt/airflow/dags/pipeline_dag.py for tasks to queue
[2026-04-28T15:24:55.635+0000] {logging_mixin.py:188} INFO - [2026-04-28T15:24:55.628+0000] {dagbag.py:538} INFO - Filling up the DagBag from /opt/airflow/dags/pipeline_dag.py
[2026-04-28T15:24:55.876+0000] {processor.py:840} INFO - DAG(s) 'energy_pipeline' retrieved from /opt/airflow/dags/pipeline_dag.py
[2026-04-28T15:24:56.234+0000] {logging_mixin.py:188} INFO - [2026-04-28T15:24:56.234+0000] {dag.py:3036} INFO - Sync 1 DAGs
[2026-04-28T15:24:56.430+0000] {logging_mixin.py:188} INFO - [2026-04-28T15:24:56.429+0000] {dag.py:3823} INFO - Setting next_dagrun for energy_pipeline to 2026-04-28 00:00:00+00:00, run_after=2026-04-29 00:00:00+00:00
[2026-04-28T15:24:56.540+0000] {processor.py:183} INFO - Processing /opt/airflow/dags/pipeline_dag.py took 1.028 seconds
[2026-04-28T15:25:27.031+0000] {processor.py:161} INFO - Started process (PID=109) to work on /opt/airflow/dags/pipeline_dag.py
[2026-04-28T15:25:27.033+0000] {processor.py:830} INFO - Processing file /opt/airflow/dags/pipeline_dag.py for tasks to queue
[2026-04-28T15:25:27.034+0000] {logging_mixin.py:188} INFO - [2026-04-28T15:25:27.034+0000] {dagbag.py:538} INFO - Filling up the DagBag from /opt/airflow/dags/pipeline_dag.py
[2026-04-28T15:25:27.154+0000] {processor.py:840} INFO - DAG(s) 'energy_pipeline' retrieved from /opt/airflow/dags/pipeline_dag.py
[2026-04-28T15:25:27.432+0000] {logging_mixin.py:188} INFO - [2026-04-28T15:25:27.432+0000] {dag.py:3036} INFO - Sync 1 DAGs
[2026-04-28T15:25:27.477+0000] {logging_mixin.py:188} INFO - [2026-04-28T15:25:27.477+0000] {dag.py:3823} INFO - Setting next_dagrun for energy_pipeline to 2026-04-28 00:00:00+00:00, run_after=2026-04-29 00:00:00+00:00
[2026-04-28T15:25:27.542+0000] {processor.py:183} INFO - Processing /opt/airflow/dags/pipeline_dag.py took 0.518 seconds
[2026-04-28T15:25:57.962+0000] {processor.py:161} INFO - Started process (PID=110) to work on /opt/airflow/dags/pipeline_dag.py
[2026-04-28T15:25:57.963+0000] {processor.py:830} INFO - Processing file /opt/airflow/dags/pipeline_dag.py for tasks to queue
[2026-04-28T15:25:57.965+0000] {logging_mixin.py:188} INFO - [2026-04-28T15:25:57.964+0000] {dagbag.py:538} INFO - Filling up the DagBag from /opt/airflow/dags/pipeline_dag.py
[2026-04-28T15:25:57.996+0000] {processor.py:840} INFO - DAG(s) 'energy_pipeline' retrieved from /opt/airflow/dags/pipeline_dag.py
[2026-04-28T15:25:58.195+0000] {logging_mixin.py:188} INFO - [2026-04-28T15:25:58.195+0000] {dag.py:3036} INFO - Sync 1 DAGs
[2026-04-28T15:25:58.246+0000] {logging_mixin.py:188} INFO - [2026-04-28T15:25:58.245+0000] {dag.py:3823} INFO - Setting next_dagrun for energy_pipeline to 2026-04-28 00:00:00+00:00, run_after=2026-04-29 00:00:00+00:00
[2026-04-28T15:25:58.291+0000] {processor.py:183} INFO - Processing /opt/airflow/dags/pipeline_dag.py took 0.334 seconds
[2026-04-28T15:27:06.718+0000] {processor.py:161} INFO - Started process (PID=82) to work on /opt/airflow/dags/pipeline_dag.py
[2026-04-28T15:27:06.720+0000] {processor.py:830} INFO - Processing file /opt/airflow/dags/pipeline_dag.py for tasks to queue
[2026-04-28T15:27:06.721+0000] {logging_mixin.py:188} INFO - [2026-04-28T15:27:06.721+0000] {dagbag.py:538} INFO - Filling up the DagBag from /opt/airflow/dags/pipeline_dag.py
[2026-04-28T15:27:06.745+0000] {processor.py:840} INFO - DAG(s) 'energy_pipeline' retrieved from /opt/airflow/dags/pipeline_dag.py
[2026-04-28T15:27:06.779+0000] {logging_mixin.py:188} INFO - [2026-04-28T15:27:06.771+0000] {dag.py:3036} INFO - Sync 1 DAGs
[2026-04-28T15:27:07.080+0000] {logging_mixin.py:188} INFO - [2026-04-28T15:27:07.080+0000] {dag.py:3823} INFO - Setting next_dagrun for energy_pipeline to 2026-04-28 00:00:00+00:00, run_after=2026-04-29 00:00:00+00:00
[2026-04-28T15:27:07.123+0000] {processor.py:183} INFO - Processing /opt/airflow/dags/pipeline_dag.py took 0.409 seconds
[2026-04-28T15:27:39.624+0000] {processor.py:161} INFO - Started process (PID=106) to work on /opt/airflow/dags/pipeline_dag.py
[2026-04-28T15:27:39.644+0000] {processor.py:830} INFO - Processing file /opt/airflow/dags/pipeline_dag.py for tasks to queue
[2026-04-28T15:27:39.656+0000] {logging_mixin.py:188} INFO - [2026-04-28T15:27:39.649+0000] {dagbag.py:538} INFO - Filling up the DagBag from /opt/airflow/dags/pipeline_dag.py
[2026-04-28T15:27:39.705+0000] {processor.py:840} INFO - DAG(s) 'energy_pipeline' retrieved from /opt/airflow/dags/pipeline_dag.py
[2026-04-28T15:27:40.207+0000] {logging_mixin.py:188} INFO - [2026-04-28T15:27:40.207+0000] {dag.py:3036} INFO - Sync 1 DAGs
[2026-04-28T15:27:40.258+0000] {logging_mixin.py:188} INFO - [2026-04-28T15:27:40.258+0000] {dag.py:3823} INFO - Setting next_dagrun for energy_pipeline to 2026-04-28 00:00:00+00:00, run_after=2026-04-29 00:00:00+00:00
[2026-04-28T15:27:40.328+0000] {processor.py:183} INFO - Processing /opt/airflow/dags/pipeline_dag.py took 0.738 seconds
[2026-04-28T15:28:10.509+0000] {processor.py:161} INFO - Started process (PID=107) to work on /opt/airflow/dags/pipeline_dag.py
[2026-04-28T15:28:10.511+0000] {processor.py:830} INFO - Processing file /opt/airflow/dags/pipeline_dag.py for tasks to queue
[2026-04-28T15:28:10.516+0000] {logging_mixin.py:188} INFO - [2026-04-28T15:28:10.515+0000] {dagbag.py:538} INFO - Filling up the DagBag from /opt/airflow/dags/pipeline_dag.py
[2026-04-28T15:28:10.846+0000] {processor.py:840} INFO - DAG(s) 'energy_pipeline' retrieved from /opt/airflow/dags/pipeline_dag.py
[2026-04-28T15:28:11.297+0000] {logging_mixin.py:188} INFO - [2026-04-28T15:28:11.297+0000] {dag.py:3036} INFO - Sync 1 DAGs
[2026-04-28T15:28:11.478+0000] {logging_mixin.py:188} INFO - [2026-04-28T15:28:11.478+0000] {dag.py:3823} INFO - Setting next_dagrun for energy_pipeline to 2026-04-28 00:00:00+00:00, run_after=2026-04-29 00:00:00+00:00
[2026-04-28T15:28:11.623+0000] {processor.py:183} INFO - Processing /opt/airflow/dags/pipeline_dag.py took 1.119 seconds
[2026-04-28T15:28:41.924+0000] {processor.py:161} INFO - Started process (PID=108) to work on /opt/airflow/dags/pipeline_dag.py
[2026-04-28T15:28:41.927+0000] {processor.py:830} INFO - Processing file /opt/airflow/dags/pipeline_dag.py for tasks to queue
[2026-04-28T15:28:41.931+0000] {logging_mixin.py:188} INFO - [2026-04-28T15:28:41.929+0000] {dagbag.py:538} INFO - Filling up the DagBag from /opt/airflow/dags/pipeline_dag.py
[2026-04-28T15:28:41.961+0000] {processor.py:840} INFO - DAG(s) 'energy_pipeline' retrieved from /opt/airflow/dags/pipeline_dag.py
[2026-04-28T15:28:41.997+0000] {logging_mixin.py:188} INFO - [2026-04-28T15:28:41.996+0000] {dag.py:3036} INFO - Sync 1 DAGs
[2026-04-28T15:28:42.064+0000] {logging_mixin.py:188} INFO - [2026-04-28T15:28:42.064+0000] {dag.py:3823} INFO - Setting next_dagrun for energy_pipeline to 2026-04-28 00:00:00+00:00, run_after=2026-04-29 00:00:00+00:00
[2026-04-28T15:28:42.135+0000] {processor.py:183} INFO - Processing /opt/airflow/dags/pipeline_dag.py took 0.216 seconds
[2026-04-28T15:29:12.293+0000] {processor.py:161} INFO - Started process (PID=109) to work on /opt/airflow/dags/pipeline_dag.py
[2026-04-28T15:29:12.294+0000] {processor.py:830} INFO - Processing file /opt/airflow/dags/pipeline_dag.py for tasks to queue
[2026-04-28T15:29:12.296+0000] {logging_mixin.py:188} INFO - [2026-04-28T15:29:12.295+0000] {dagbag.py:538} INFO - Filling up the DagBag from /opt/airflow/dags/pipeline_dag.py
[2026-04-28T15:29:12.318+0000] {processor.py:840} INFO - DAG(s) 'energy_pipeline' retrieved from /opt/airflow/dags/pipeline_dag.py
[2026-04-28T15:29:12.356+0000] {logging_mixin.py:188} INFO - [2026-04-28T15:29:12.355+0000] {dag.py:3036} INFO - Sync 1 DAGs
[2026-04-28T15:29:12.391+0000] {logging_mixin.py:188} INFO - [2026-04-28T15:29:12.391+0000] {dag.py:3823} INFO - Setting next_dagrun for energy_pipeline to 2026-04-28 00:00:00+00:00, run_after=2026-04-29 00:00:00+00:00
[2026-04-28T15:29:12.449+0000] {processor.py:183} INFO - Processing /opt/airflow/dags/pipeline_dag.py took 0.160 seconds
[2026-04-28T15:29:42.617+0000] {processor.py:161} INFO - Started process (PID=110) to work on /opt/airflow/dags/pipeline_dag.py
[2026-04-28T15:29:42.619+0000] {processor.py:830} INFO - Processing file /opt/airflow/dags/pipeline_dag.py for tasks to queue
[2026-04-28T15:29:42.621+0000] {logging_mixin.py:188} INFO - [2026-04-28T15:29:42.620+0000] {dagbag.py:538} INFO - Filling up the DagBag from /opt/airflow/dags/pipeline_dag.py
[2026-04-28T15:29:42.641+0000] {processor.py:840} INFO - DAG(s) 'energy_pipeline' retrieved from /opt/airflow/dags/pipeline_dag.py
[2026-04-28T15:29:42.679+0000] {logging_mixin.py:188} INFO - [2026-04-28T15:29:42.679+0000] {dag.py:3036} INFO - Sync 1 DAGs
[2026-04-28T15:29:42.715+0000] {logging_mixin.py:188} INFO - [2026-04-28T15:29:42.715+0000] {dag.py:3823} INFO - Setting next_dagrun for energy_pipeline to 2026-04-28 00:00:00+00:00, run_after=2026-04-29 00:00:00+00:00
[2026-04-28T15:29:42.752+0000] {processor.py:183} INFO - Processing /opt/airflow/dags/pipeline_dag.py took 0.140 seconds
[2026-04-28T15:30:13.007+0000] {processor.py:161} INFO - Started process (PID=111) to work on /opt/airflow/dags/pipeline_dag.py
[2026-04-28T15:30:13.017+0000] {processor.py:830} INFO - Processing file /opt/airflow/dags/pipeline_dag.py for tasks to queue
[2026-04-28T15:30:13.024+0000] {logging_mixin.py:188} INFO - [2026-04-28T15:30:13.022+0000] {dagbag.py:538} INFO - Filling up the DagBag from /opt/airflow/dags/pipeline_dag.py
[2026-04-28T15:30:13.161+0000] {processor.py:840} INFO - DAG(s) 'energy_pipeline' retrieved from /opt/airflow/dags/pipeline_dag.py
[2026-04-28T15:30:13.345+0000] {logging_mixin.py:188} INFO - [2026-04-28T15:30:13.345+0000] {dag.py:3036} INFO - Sync 1 DAGs
[2026-04-28T15:30:13.386+0000] {logging_mixin.py:188} INFO - [2026-04-28T15:30:13.386+0000] {dag.py:3823} INFO - Setting next_dagrun for energy_pipeline to 2026-04-28 00:00:00+00:00, run_after=2026-04-29 00:00:00+00:00
[2026-04-28T15:30:13.430+0000] {processor.py:183} INFO - Processing /opt/airflow/dags/pipeline_dag.py took 0.440 seconds
[2026-04-28T15:30:44.215+0000] {processor.py:161} INFO - Started process (PID=112) to work on /opt/airflow/dags/pipeline_dag.py
[2026-04-28T15:30:44.216+0000] {processor.py:830} INFO - Processing file /opt/airflow/dags/pipeline_dag.py for tasks to queue
[2026-04-28T15:30:44.218+0000] {logging_mixin.py:188} INFO - [2026-04-28T15:30:44.217+0000] {dagbag.py:538} INFO - Filling up the DagBag from /opt/airflow/dags/pipeline_dag.py
[2026-04-28T15:30:44.240+0000] {processor.py:840} INFO - DAG(s) 'energy_pipeline' retrieved from /opt/airflow/dags/pipeline_dag.py
[2026-04-28T15:30:44.278+0000] {logging_mixin.py:188} INFO - [2026-04-28T15:30:44.278+0000] {dag.py:3036} INFO - Sync 1 DAGs
[2026-04-28T15:30:44.311+0000] {logging_mixin.py:188} INFO - [2026-04-28T15:30:44.311+0000] {dag.py:3823} INFO - Setting next_dagrun for energy_pipeline to 2026-04-28 00:00:00+00:00, run_after=2026-04-29 00:00:00+00:00
[2026-04-28T15:30:44.389+0000] {processor.py:183} INFO - Processing /opt/airflow/dags/pipeline_dag.py took 0.178 seconds
[2026-04-28T15:31:14.806+0000] {processor.py:161} INFO - Started process (PID=113) to work on /opt/airflow/dags/pipeline_dag.py
[2026-04-28T15:31:14.808+0000] {processor.py:830} INFO - Processing file /opt/airflow/dags/pipeline_dag.py for tasks to queue
[2026-04-28T15:31:14.809+0000] {logging_mixin.py:188} INFO - [2026-04-28T15:31:14.808+0000] {dagbag.py:538} INFO - Filling up the DagBag from /opt/airflow/dags/pipeline_dag.py
[2026-04-28T15:31:14.829+0000] {processor.py:840} INFO - DAG(s) 'energy_pipeline' retrieved from /opt/airflow/dags/pipeline_dag.py
[2026-04-28T15:31:14.866+0000] {logging_mixin.py:188} INFO - [2026-04-28T15:31:14.866+0000] {dag.py:3036} INFO - Sync 1 DAGs
[2026-04-28T15:31:14.898+0000] {logging_mixin.py:188} INFO - [2026-04-28T15:31:14.897+0000] {dag.py:3823} INFO - Setting next_dagrun for energy_pipeline to 2026-04-28 00:00:00+00:00, run_after=2026-04-29 00:00:00+00:00
[2026-04-28T15:31:14.933+0000] {processor.py:183} INFO - Processing /opt/airflow/dags/pipeline_dag.py took 0.131 seconds
[2026-04-28T15:31:45.405+0000] {processor.py:161} INFO - Started process (PID=114) to work on /opt/airflow/dags/pipeline_dag.py
[2026-04-28T15:31:45.407+0000] {processor.py:830} INFO - Processing file /opt/airflow/dags/pipeline_dag.py for tasks to queue
[2026-04-28T15:31:45.409+0000] {logging_mixin.py:188} INFO - [2026-04-28T15:31:45.408+0000] {dagbag.py:538} INFO - Filling up the DagBag from /opt/airflow/dags/pipeline_dag.py
[2026-04-28T15:31:45.458+0000] {processor.py:840} INFO - DAG(s) 'energy_pipeline' retrieved from /opt/airflow/dags/pipeline_dag.py
[2026-04-28T15:31:45.500+0000] {logging_mixin.py:188} INFO - [2026-04-28T15:31:45.500+0000] {dag.py:3036} INFO - Sync 1 DAGs
[2026-04-28T15:31:45.553+0000] {logging_mixin.py:188} INFO - [2026-04-28T15:31:45.553+0000] {dag.py:3823} INFO - Setting next_dagrun for energy_pipeline to 2026-04-28 00:00:00+00:00, run_after=2026-04-29 00:00:00+00:00
[2026-04-28T15:31:45.596+0000] {processor.py:183} INFO - Processing /opt/airflow/dags/pipeline_dag.py took 0.200 seconds
[2026-04-28T15:32:16.539+0000] {processor.py:161} INFO - Started process (PID=115) to work on /opt/airflow/dags/pipeline_dag.py
[2026-04-28T15:32:16.555+0000] {processor.py:830} INFO - Processing file /opt/airflow/dags/pipeline_dag.py for tasks to queue
[2026-04-28T15:32:16.565+0000] {logging_mixin.py:188} INFO - [2026-04-28T15:32:16.560+0000] {dagbag.py:538} INFO - Filling up the DagBag from /opt/airflow/dags/pipeline_dag.py
[2026-04-28T15:32:16.683+0000] {processor.py:840} INFO - DAG(s) 'energy_pipeline' retrieved from /opt/airflow/dags/pipeline_dag.py
[2026-04-28T15:32:16.826+0000] {logging_mixin.py:188} INFO - [2026-04-28T15:32:16.826+0000] {dag.py:3036} INFO - Sync 1 DAGs
[2026-04-28T15:32:16.904+0000] {logging_mixin.py:188} INFO - [2026-04-28T15:32:16.903+0000] {dag.py:3823} INFO - Setting next_dagrun for energy_pipeline to 2026-04-28 00:00:00+00:00, run_after=2026-04-29 00:00:00+00:00
[2026-04-28T15:32:16.969+0000] {processor.py:183} INFO - Processing /opt/airflow/dags/pipeline_dag.py took 0.468 seconds
[2026-04-28T15:32:47.449+0000] {processor.py:161} INFO - Started process (PID=116) to work on /opt/airflow/dags/pipeline_dag.py
[2026-04-28T15:32:47.459+0000] {processor.py:830} INFO - Processing file /opt/airflow/dags/pipeline_dag.py for tasks to queue
[2026-04-28T15:32:47.463+0000] {logging_mixin.py:188} INFO - [2026-04-28T15:32:47.461+0000] {dagbag.py:538} INFO - Filling up the DagBag from /opt/airflow/dags/pipeline_dag.py
[2026-04-28T15:32:47.542+0000] {processor.py:840} INFO - DAG(s) 'energy_pipeline' retrieved from /opt/airflow/dags/pipeline_dag.py
[2026-04-28T15:32:47.658+0000] {logging_mixin.py:188} INFO - [2026-04-28T15:32:47.658+0000] {dag.py:3036} INFO - Sync 1 DAGs
[2026-04-28T15:32:47.744+0000] {logging_mixin.py:188} INFO - [2026-04-28T15:32:47.743+0000] {dag.py:3823} INFO - Setting next_dagrun for energy_pipeline to 2026-04-28 00:00:00+00:00, run_after=2026-04-29 00:00:00+00:00
[2026-04-28T15:32:47.800+0000] {processor.py:183} INFO - Processing /opt/airflow/dags/pipeline_dag.py took 0.385 seconds
[2026-04-28T15:33:18.295+0000] {processor.py:161} INFO - Started process (PID=117) to work on /opt/airflow/dags/pipeline_dag.py
[2026-04-28T15:33:18.297+0000] {processor.py:830} INFO - Processing file /opt/airflow/dags/pipeline_dag.py for tasks to queue
[2026-04-28T15:33:18.299+0000] {logging_mixin.py:188} INFO - [2026-04-28T15:33:18.298+0000] {dagbag.py:538} INFO - Filling up the DagBag from /opt/airflow/dags/pipeline_dag.py
[2026-04-28T15:33:18.320+0000] {processor.py:840} INFO - DAG(s) 'energy_pipeline' retrieved from /opt/airflow/dags/pipeline_dag.py
[2026-04-28T15:33:18.384+0000] {logging_mixin.py:188} INFO - [2026-04-28T15:33:18.384+0000] {dag.py:3036} INFO - Sync 1 DAGs
[2026-04-28T15:33:18.447+0000] {logging_mixin.py:188} INFO - [2026-04-28T15:33:18.447+0000] {dag.py:3823} INFO - Setting next_dagrun for energy_pipeline to 2026-04-28 00:00:00+00:00, run_after=2026-04-29 00:00:00+00:00
[2026-04-28T15:33:18.499+0000] {processor.py:183} INFO - Processing /opt/airflow/dags/pipeline_dag.py took 0.210 seconds
[2026-04-28T15:33:48.858+0000] {processor.py:161} INFO - Started process (PID=118) to work on /opt/airflow/dags/pipeline_dag.py
[2026-04-28T15:33:48.862+0000] {processor.py:830} INFO - Processing file /opt/airflow/dags/pipeline_dag.py for tasks to queue
[2026-04-28T15:33:48.865+0000] {logging_mixin.py:188} INFO - [2026-04-28T15:33:48.864+0000] {dagbag.py:538} INFO - Filling up the DagBag from /opt/airflow/dags/pipeline_dag.py
[2026-04-28T15:33:48.918+0000] {processor.py:840} INFO - DAG(s) 'energy_pipeline' retrieved from /opt/airflow/dags/pipeline_dag.py
[2026-04-28T15:33:49.017+0000] {logging_mixin.py:188} INFO - [2026-04-28T15:33:49.017+0000] {dag.py:3036} INFO - Sync 1 DAGs
[2026-04-28T15:33:49.090+0000] {logging_mixin.py:188} INFO - [2026-04-28T15:33:49.089+0000] {dag.py:3823} INFO - Setting next_dagrun for energy_pipeline to 2026-04-28 00:00:00+00:00, run_after=2026-04-29 00:00:00+00:00
[2026-04-28T15:33:49.142+0000] {processor.py:183} INFO - Processing /opt/airflow/dags/pipeline_dag.py took 0.295 seconds
[2026-04-28T15:34:19.936+0000] {processor.py:161} INFO - Started process (PID=119) to work on /opt/airflow/dags/pipeline_dag.py
[2026-04-28T15:34:19.958+0000] {processor.py:830} INFO - Processing file /opt/airflow/dags/pipeline_dag.py for tasks to queue
[2026-04-28T15:34:19.967+0000] {logging_mixin.py:188} INFO - [2026-04-28T15:34:19.963+0000] {dagbag.py:538} INFO - Filling up the DagBag from /opt/airflow/dags/pipeline_dag.py
[2026-04-28T15:34:20.051+0000] {processor.py:840} INFO - DAG(s) 'energy_pipeline' retrieved from /opt/airflow/dags/pipeline_dag.py
[2026-04-28T15:34:20.145+0000] {logging_mixin.py:188} INFO - [2026-04-28T15:34:20.145+0000] {dag.py:3036} INFO - Sync 1 DAGs
[2026-04-28T15:34:20.222+0000] {logging_mixin.py:188} INFO - [2026-04-28T15:34:20.222+0000] {dag.py:3823} INFO - Setting next_dagrun for energy_pipeline to 2026-04-28 00:00:00+00:00, run_after=2026-04-29 00:00:00+00:00
[2026-04-28T15:34:20.280+0000] {processor.py:183} INFO - Processing /opt/airflow/dags/pipeline_dag.py took 0.412 seconds
[2026-04-28T15:34:50.689+0000] {processor.py:161} INFO - Started process (PID=120) to work on /opt/airflow/dags/pipeline_dag.py
[2026-04-28T15:34:50.695+0000] {processor.py:830} INFO - Processing file /opt/airflow/dags/pipeline_dag.py for tasks to queue
[2026-04-28T15:34:50.701+0000] {logging_mixin.py:188} INFO - [2026-04-28T15:34:50.698+0000] {dagbag.py:538} INFO - Filling up the DagBag from /opt/airflow/dags/pipeline_dag.py
[2026-04-28T15:34:50.783+0000] {processor.py:840} INFO - DAG(s) 'energy_pipeline' retrieved from /opt/airflow/dags/pipeline_dag.py
[2026-04-28T15:34:50.971+0000] {logging_mixin.py:188} INFO - [2026-04-28T15:34:50.970+0000] {dag.py:3036} INFO - Sync 1 DAGs
[2026-04-28T15:34:51.037+0000] {logging_mixin.py:188} INFO - [2026-04-28T15:34:51.036+0000] {dag.py:3823} INFO - Setting next_dagrun for energy_pipeline to 2026-04-28 00:00:00+00:00, run_after=2026-04-29 00:00:00+00:00
[2026-04-28T15:34:51.088+0000] {processor.py:183} INFO - Processing /opt/airflow/dags/pipeline_dag.py took 0.417 seconds
[2026-04-28T15:35:21.307+0000] {processor.py:161} INFO - Started process (PID=121) to work on /opt/airflow/dags/pipeline_dag.py
[2026-04-28T15:35:21.308+0000] {processor.py:830} INFO - Processing file /opt/airflow/dags/pipeline_dag.py for tasks to queue
[2026-04-28T15:35:21.310+0000] {logging_mixin.py:188} INFO - [2026-04-28T15:35:21.309+0000] {dagbag.py:538} INFO - Filling up the DagBag from /opt/airflow/dags/pipeline_dag.py
[2026-04-28T15:35:21.332+0000] {processor.py:840} INFO - DAG(s) 'energy_pipeline' retrieved from /opt/airflow/dags/pipeline_dag.py
[2026-04-28T15:35:21.370+0000] {logging_mixin.py:188} INFO - [2026-04-28T15:35:21.370+0000] {dag.py:3036} INFO - Sync 1 DAGs
[2026-04-28T15:35:21.399+0000] {logging_mixin.py:188} INFO - [2026-04-28T15:35:21.399+0000] {dag.py:3823} INFO - Setting next_dagrun for energy_pipeline to 2026-04-28 00:00:00+00:00, run_after=2026-04-29 00:00:00+00:00
[2026-04-28T15:35:21.429+0000] {processor.py:183} INFO - Processing /opt/airflow/dags/pipeline_dag.py took 0.127 seconds
[2026-04-28T15:35:51.789+0000] {processor.py:161} INFO - Started process (PID=122) to work on /opt/airflow/dags/pipeline_dag.py
[2026-04-28T15:35:51.805+0000] {processor.py:830} INFO - Processing file /opt/airflow/dags/pipeline_dag.py for tasks to queue
[2026-04-28T15:35:51.812+0000] {logging_mixin.py:188} INFO - [2026-04-28T15:35:51.810+0000] {dagbag.py:538} INFO - Filling up the DagBag from /opt/airflow/dags/pipeline_dag.py
[2026-04-28T15:35:51.925+0000] {processor.py:840} INFO - DAG(s) 'energy_pipeline' retrieved from /opt/airflow/dags/pipeline_dag.py
[2026-04-28T15:35:52.015+0000] {logging_mixin.py:188} INFO - [2026-04-28T15:35:52.015+0000] {dag.py:3036} INFO - Sync 1 DAGs
[2026-04-28T15:35:52.068+0000] {logging_mixin.py:188} INFO - [2026-04-28T15:35:52.068+0000] {dag.py:3823} INFO - Setting next_dagrun for energy_pipeline to 2026-04-28 00:00:00+00:00, run_after=2026-04-29 00:00:00+00:00
[2026-04-28T15:35:52.110+0000] {processor.py:183} INFO - Processing /opt/airflow/dags/pipeline_dag.py took 0.370 seconds
[2026-04-28T15:36:22.359+0000] {processor.py:161} INFO - Started process (PID=123) to work on /opt/airflow/dags/pipeline_dag.py
[2026-04-28T15:36:22.367+0000] {processor.py:830} INFO - Processing file /opt/airflow/dags/pipeline_dag.py for tasks to queue
[2026-04-28T15:36:22.375+0000] {logging_mixin.py:188} INFO - [2026-04-28T15:36:22.373+0000] {dagbag.py:538} INFO - Filling up the DagBag from /opt/airflow/dags/pipeline_dag.py
[2026-04-28T15:36:22.510+0000] {processor.py:840} INFO - DAG(s) 'energy_pipeline' retrieved from /opt/airflow/dags/pipeline_dag.py
[2026-04-28T15:36:22.673+0000] {logging_mixin.py:188} INFO - [2026-04-28T15:36:22.673+0000] {dag.py:3036} INFO - Sync 1 DAGs
[2026-04-28T15:36:22.760+0000] {logging_mixin.py:188} INFO - [2026-04-28T15:36:22.759+0000] {dag.py:3823} INFO - Setting next_dagrun for energy_pipeline to 2026-04-28 00:00:00+00:00, run_after=2026-04-29 00:00:00+00:00
[2026-04-28T15:36:22.828+0000] {processor.py:183} INFO - Processing /opt/airflow/dags/pipeline_dag.py took 0.476 seconds
[2026-04-28T15:36:53.045+0000] {processor.py:161} INFO - Started process (PID=124) to work on /opt/airflow/dags/pipeline_dag.py
[2026-04-28T15:36:53.047+0000] {processor.py:830} INFO - Processing file /opt/airflow/dags/pipeline_dag.py for tasks to queue
[2026-04-28T15:36:53.048+0000] {logging_mixin.py:188} INFO - [2026-04-28T15:36:53.048+0000] {dagbag.py:538} INFO - Filling up the DagBag from /opt/airflow/dags/pipeline_dag.py
[2026-04-28T15:36:53.069+0000] {processor.py:840} INFO - DAG(s) 'energy_pipeline' retrieved from /opt/airflow/dags/pipeline_dag.py
[2026-04-28T15:36:53.262+0000] {logging_mixin.py:188} INFO - [2026-04-28T15:36:53.259+0000] {dag.py:3036} INFO - Sync 1 DAGs
[2026-04-28T15:36:53.384+0000] {logging_mixin.py:188} INFO - [2026-04-28T15:36:53.384+0000] {dag.py:3823} INFO - Setting next_dagrun for energy_pipeline to 2026-04-28 00:00:00+00:00, run_after=2026-04-29 00:00:00+00:00
[2026-04-28T15:36:53.427+0000] {processor.py:183} INFO - Processing /opt/airflow/dags/pipeline_dag.py took 0.388 seconds
[2026-04-28T15:37:23.770+0000] {processor.py:161} INFO - Started process (PID=125) to work on /opt/airflow/dags/pipeline_dag.py
[2026-04-28T15:37:23.782+0000] {processor.py:830} INFO - Processing file /opt/airflow/dags/pipeline_dag.py for tasks to queue
[2026-04-28T15:37:23.789+0000] {logging_mixin.py:188} INFO - [2026-04-28T15:37:23.784+0000] {dagbag.py:538} INFO - Filling up the DagBag from /opt/airflow/dags/pipeline_dag.py
[2026-04-28T15:37:23.837+0000] {processor.py:840} INFO - DAG(s) 'energy_pipeline' retrieved from /opt/airflow/dags/pipeline_dag.py
[2026-04-28T15:37:23.931+0000] {logging_mixin.py:188} INFO - [2026-04-28T15:37:23.930+0000] {dag.py:3036} INFO - Sync 1 DAGs
[2026-04-28T15:37:23.965+0000] {logging_mixin.py:188} INFO - [2026-04-28T15:37:23.964+0000] {dag.py:3823} INFO - Setting next_dagrun for energy_pipeline to 2026-04-28 00:00:00+00:00, run_after=2026-04-29 00:00:00+00:00
[2026-04-28T15:37:24.000+0000] {processor.py:183} INFO - Processing /opt/airflow/dags/pipeline_dag.py took 0.277 seconds
[2026-04-28T15:37:54.198+0000] {processor.py:161} INFO - Started process (PID=126) to work on /opt/airflow/dags/pipeline_dag.py
[2026-04-28T15:37:54.200+0000] {processor.py:830} INFO - Processing file /opt/airflow/dags/pipeline_dag.py for tasks to queue
[2026-04-28T15:37:54.202+0000] {logging_mixin.py:188} INFO - [2026-04-28T15:37:54.202+0000] {dagbag.py:538} INFO - Filling up the DagBag from /opt/airflow/dags/pipeline_dag.py
[2026-04-28T15:37:54.260+0000] {processor.py:840} INFO - DAG(s) 'energy_pipeline' retrieved from /opt/airflow/dags/pipeline_dag.py
[2026-04-28T15:37:54.304+0000] {logging_mixin.py:188} INFO - [2026-04-28T15:37:54.303+0000] {dag.py:3036} INFO - Sync 1 DAGs
[2026-04-28T15:37:54.353+0000] {logging_mixin.py:188} INFO - [2026-04-28T15:37:54.352+0000] {dag.py:3823} INFO - Setting next_dagrun for energy_pipeline to 2026-04-28 00:00:00+00:00, run_after=2026-04-29 00:00:00+00:00
[2026-04-28T15:37:54.405+0000] {processor.py:183} INFO - Processing /opt/airflow/dags/pipeline_dag.py took 0.213 seconds
[2026-04-28T15:38:24.724+0000] {processor.py:161} INFO - Started process (PID=127) to work on /opt/airflow/dags/pipeline_dag.py
[2026-04-28T15:38:24.729+0000] {processor.py:830} INFO - Processing file /opt/airflow/dags/pipeline_dag.py for tasks to queue
[2026-04-28T15:38:24.731+0000] {logging_mixin.py:188} INFO - [2026-04-28T15:38:24.730+0000] {dagbag.py:538} INFO - Filling up the DagBag from /opt/airflow/dags/pipeline_dag.py
[2026-04-28T15:38:24.779+0000] {processor.py:840} INFO - DAG(s) 'energy_pipeline' retrieved from /opt/airflow/dags/pipeline_dag.py
[2026-04-28T15:38:24.981+0000] {logging_mixin.py:188} INFO - [2026-04-28T15:38:24.981+0000] {dag.py:3036} INFO - Sync 1 DAGs
[2026-04-28T15:38:25.130+0000] {logging_mixin.py:188} INFO - [2026-04-28T15:38:25.129+0000] {dag.py:3823} INFO - Setting next_dagrun for energy_pipeline to 2026-04-28 00:00:00+00:00, run_after=2026-04-29 00:00:00+00:00
[2026-04-28T15:38:25.167+0000] {processor.py:183} INFO - Processing /opt/airflow/dags/pipeline_dag.py took 0.461 seconds
[2026-04-28T15:38:55.364+0000] {processor.py:161} INFO - Started process (PID=128) to work on /opt/airflow/dags/pipeline_dag.py
[2026-04-28T15:38:55.366+0000] {processor.py:830} INFO - Processing file /opt/airflow/dags/pipeline_dag.py for tasks to queue
[2026-04-28T15:38:55.367+0000] {logging_mixin.py:188} INFO - [2026-04-28T15:38:55.367+0000] {dagbag.py:538} INFO - Filling up the DagBag from /opt/airflow/dags/pipeline_dag.py
[2026-04-28T15:38:55.389+0000] {processor.py:840} INFO - DAG(s) 'energy_pipeline' retrieved from /opt/airflow/dags/pipeline_dag.py
[2026-04-28T15:38:55.423+0000] {logging_mixin.py:188} INFO - [2026-04-28T15:38:55.423+0000] {dag.py:3036} INFO - Sync 1 DAGs
[2026-04-28T15:38:55.453+0000] {logging_mixin.py:188} INFO - [2026-04-28T15:38:55.453+0000] {dag.py:3823} INFO - Setting next_dagrun for energy_pipeline to 2026-04-28 00:00:00+00:00, run_after=2026-04-29 00:00:00+00:00
[2026-04-28T15:38:55.497+0000] {processor.py:183} INFO - Processing /opt/airflow/dags/pipeline_dag.py took 0.138 seconds
[2026-04-28T15:39:25.718+0000] {processor.py:161} INFO - Started process (PID=129) to work on /opt/airflow/dags/pipeline_dag.py
[2026-04-28T15:39:25.719+0000] {processor.py:830} INFO - Processing file /opt/airflow/dags/pipeline_dag.py for tasks to queue
[2026-04-28T15:39:25.721+0000] {logging_mixin.py:188} INFO - [2026-04-28T15:39:25.720+0000] {dagbag.py:538} INFO - Filling up the DagBag from /opt/airflow/dags/pipeline_dag.py
[2026-04-28T15:39:25.737+0000] {processor.py:840} INFO - DAG(s) 'energy_pipeline' retrieved from /opt/airflow/dags/pipeline_dag.py
[2026-04-28T15:39:25.766+0000] {logging_mixin.py:188} INFO - [2026-04-28T15:39:25.766+0000] {dag.py:3036} INFO - Sync 1 DAGs
[2026-04-28T15:39:25.790+0000] {logging_mixin.py:188} INFO - [2026-04-28T15:39:25.790+0000] {dag.py:3823} INFO - Setting next_dagrun for energy_pipeline to 2026-04-28 00:00:00+00:00, run_after=2026-04-29 00:00:00+00:00
[2026-04-28T15:39:25.817+0000] {processor.py:183} INFO - Processing /opt/airflow/dags/pipeline_dag.py took 0.104 seconds
[2026-04-28T15:39:56.076+0000] {processor.py:161} INFO - Started process (PID=130) to work on /opt/airflow/dags/pipeline_dag.py
[2026-04-28T15:39:56.077+0000] {processor.py:830} INFO - Processing file /opt/airflow/dags/pipeline_dag.py for tasks to queue
[2026-04-28T15:39:56.079+0000] {logging_mixin.py:188} INFO - [2026-04-28T15:39:56.078+0000] {dagbag.py:538} INFO - Filling up the DagBag from /opt/airflow/dags/pipeline_dag.py
[2026-04-28T15:39:56.095+0000] {processor.py:840} INFO - DAG(s) 'energy_pipeline' retrieved from /opt/airflow/dags/pipeline_dag.py
[2026-04-28T15:39:56.134+0000] {logging_mixin.py:188} INFO - [2026-04-28T15:39:56.134+0000] {dag.py:3036} INFO - Sync 1 DAGs
[2026-04-28T15:39:56.179+0000] {logging_mixin.py:188} INFO - [2026-04-28T15:39:56.178+0000] {dag.py:3823} INFO - Setting next_dagrun for energy_pipeline to 2026-04-28 00:00:00+00:00, run_after=2026-04-29 00:00:00+00:00
[2026-04-28T15:39:56.215+0000] {processor.py:183} INFO - Processing /opt/airflow/dags/pipeline_dag.py took 0.143 seconds
[2026-04-28T15:40:26.384+0000] {processor.py:161} INFO - Started process (PID=131) to work on /opt/airflow/dags/pipeline_dag.py
[2026-04-28T15:40:26.385+0000] {processor.py:830} INFO - Processing file /opt/airflow/dags/pipeline_dag.py for tasks to queue
[2026-04-28T15:40:26.386+0000] {logging_mixin.py:188} INFO - [2026-04-28T15:40:26.386+0000] {dagbag.py:538} INFO - Filling up the DagBag from /opt/airflow/dags/pipeline_dag.py
[2026-04-28T15:40:26.400+0000] {processor.py:840} INFO - DAG(s) 'energy_pipeline' retrieved from /opt/airflow/dags/pipeline_dag.py
[2026-04-28T15:40:26.424+0000] {logging_mixin.py:188} INFO - [2026-04-28T15:40:26.423+0000] {dag.py:3036} INFO - Sync 1 DAGs
[2026-04-28T15:40:26.443+0000] {logging_mixin.py:188} INFO - [2026-04-28T15:40:26.443+0000] {dag.py:3823} INFO - Setting next_dagrun for energy_pipeline to 2026-04-28 00:00:00+00:00, run_after=2026-04-29 00:00:00+00:00
[2026-04-28T15:40:26.467+0000] {processor.py:183} INFO - Processing /opt/airflow/dags/pipeline_dag.py took 0.087 seconds
[2026-04-28T15:40:56.576+0000] {processor.py:161} INFO - Started process (PID=132) to work on /opt/airflow/dags/pipeline_dag.py
[2026-04-28T15:40:56.577+0000] {processor.py:830} INFO - Processing file /opt/airflow/dags/pipeline_dag.py for tasks to queue
[2026-04-28T15:40:56.578+0000] {logging_mixin.py:188} INFO - [2026-04-28T15:40:56.578+0000] {dagbag.py:538} INFO - Filling up the DagBag from /opt/airflow/dags/pipeline_dag.py
[2026-04-28T15:40:56.593+0000] {processor.py:840} INFO - DAG(s) 'energy_pipeline' retrieved from /opt/airflow/dags/pipeline_dag.py
[2026-04-28T15:40:56.620+0000] {logging_mixin.py:188} INFO - [2026-04-28T15:40:56.620+0000] {dag.py:3036} INFO - Sync 1 DAGs
[2026-04-28T15:40:56.645+0000] {logging_mixin.py:188} INFO - [2026-04-28T15:40:56.645+0000] {dag.py:3823} INFO - Setting next_dagrun for energy_pipeline to 2026-04-28 00:00:00+00:00, run_after=2026-04-29 00:00:00+00:00
[2026-04-28T15:40:56.673+0000] {processor.py:183} INFO - Processing /opt/airflow/dags/pipeline_dag.py took 0.101 seconds
[2026-04-28T15:41:26.867+0000] {processor.py:161} INFO - Started process (PID=133) to work on /opt/airflow/dags/pipeline_dag.py
[2026-04-28T15:41:26.869+0000] {processor.py:830} INFO - Processing file /opt/airflow/dags/pipeline_dag.py for tasks to queue
[2026-04-28T15:41:26.870+0000] {logging_mixin.py:188} INFO - [2026-04-28T15:41:26.869+0000] {dagbag.py:538} INFO - Filling up the DagBag from /opt/airflow/dags/pipeline_dag.py
[2026-04-28T15:41:26.886+0000] {processor.py:840} INFO - DAG(s) 'energy_pipeline' retrieved from /opt/airflow/dags/pipeline_dag.py
[2026-04-28T15:41:26.916+0000] {logging_mixin.py:188} INFO - [2026-04-28T15:41:26.915+0000] {dag.py:3036} INFO - Sync 1 DAGs
[2026-04-28T15:41:26.943+0000] {logging_mixin.py:188} INFO - [2026-04-28T15:41:26.943+0000] {dag.py:3823} INFO - Setting next_dagrun for energy_pipeline to 2026-04-28 00:00:00+00:00, run_after=2026-04-29 00:00:00+00:00
[2026-04-28T15:41:26.971+0000] {processor.py:183} INFO - Processing /opt/airflow/dags/pipeline_dag.py took 0.107 seconds
[2026-04-28T15:41:58.086+0000] {processor.py:161} INFO - Started process (PID=135) to work on /opt/airflow/dags/pipeline_dag.py
[2026-04-28T15:41:58.133+0000] {processor.py:830} INFO - Processing file /opt/airflow/dags/pipeline_dag.py for tasks to queue
[2026-04-28T15:41:58.158+0000] {logging_mixin.py:188} INFO - [2026-04-28T15:41:58.150+0000] {dagbag.py:538} INFO - Filling up the DagBag from /opt/airflow/dags/pipeline_dag.py
[2026-04-28T15:41:58.670+0000] {processor.py:840} INFO - DAG(s) 'energy_pipeline' retrieved from /opt/airflow/dags/pipeline_dag.py
[2026-04-28T15:41:59.397+0000] {logging_mixin.py:188} INFO - [2026-04-28T15:41:59.396+0000] {dag.py:3036} INFO - Sync 1 DAGs
[2026-04-28T15:41:59.725+0000] {logging_mixin.py:188} INFO - [2026-04-28T15:41:59.723+0000] {dag.py:3823} INFO - Setting next_dagrun for energy_pipeline to 2026-04-28 00:00:00+00:00, run_after=2026-04-29 00:00:00+00:00
[2026-04-28T15:41:59.955+0000] {processor.py:183} INFO - Processing /opt/airflow/dags/pipeline_dag.py took 2.072 seconds
[2026-04-28T15:42:30.491+0000] {processor.py:161} INFO - Started process (PID=136) to work on /opt/airflow/dags/pipeline_dag.py
[2026-04-28T15:42:30.552+0000] {processor.py:830} INFO - Processing file /opt/airflow/dags/pipeline_dag.py for tasks to queue
[2026-04-28T15:42:30.584+0000] {logging_mixin.py:188} INFO - [2026-04-28T15:42:30.568+0000] {dagbag.py:538} INFO - Filling up the DagBag from /opt/airflow/dags/pipeline_dag.py
[2026-04-28T15:42:30.883+0000] {processor.py:840} INFO - DAG(s) 'energy_pipeline' retrieved from /opt/airflow/dags/pipeline_dag.py
[2026-04-28T15:42:31.224+0000] {logging_mixin.py:188} INFO - [2026-04-28T15:42:31.224+0000] {dag.py:3036} INFO - Sync 1 DAGs
[2026-04-28T15:42:31.369+0000] {logging_mixin.py:188} INFO - [2026-04-28T15:42:31.369+0000] {dag.py:3823} INFO - Setting next_dagrun for energy_pipeline to 2026-04-28 00:00:00+00:00, run_after=2026-04-29 00:00:00+00:00
[2026-04-28T15:42:31.456+0000] {processor.py:183} INFO - Processing /opt/airflow/dags/pipeline_dag.py took 1.136 seconds
[2026-04-28T15:43:01.698+0000] {processor.py:161} INFO - Started process (PID=137) to work on /opt/airflow/dags/pipeline_dag.py
[2026-04-28T15:43:01.700+0000] {processor.py:830} INFO - Processing file /opt/airflow/dags/pipeline_dag.py for tasks to queue
[2026-04-28T15:43:01.701+0000] {logging_mixin.py:188} INFO - [2026-04-28T15:43:01.700+0000] {dagbag.py:538} INFO - Filling up the DagBag from /opt/airflow/dags/pipeline_dag.py
[2026-04-28T15:43:01.723+0000] {processor.py:840} INFO - DAG(s) 'energy_pipeline' retrieved from /opt/airflow/dags/pipeline_dag.py
[2026-04-28T15:43:01.758+0000] {logging_mixin.py:188} INFO - [2026-04-28T15:43:01.758+0000] {dag.py:3036} INFO - Sync 1 DAGs
[2026-04-28T15:43:01.841+0000] {logging_mixin.py:188} INFO - [2026-04-28T15:43:01.840+0000] {dag.py:3823} INFO - Setting next_dagrun for energy_pipeline to 2026-04-28 00:00:00+00:00, run_after=2026-04-29 00:00:00+00:00
[2026-04-28T15:43:01.864+0000] {processor.py:183} INFO - Processing /opt/airflow/dags/pipeline_dag.py took 0.172 seconds
[2026-04-28T15:43:32.061+0000] {processor.py:161} INFO - Started process (PID=138) to work on /opt/airflow/dags/pipeline_dag.py
[2026-04-28T15:43:32.063+0000] {processor.py:830} INFO - Processing file /opt/airflow/dags/pipeline_dag.py for tasks to queue
[2026-04-28T15:43:32.066+0000] {logging_mixin.py:188} INFO - [2026-04-28T15:43:32.065+0000] {dagbag.py:538} INFO - Filling up the DagBag from /opt/airflow/dags/pipeline_dag.py
[2026-04-28T15:43:32.097+0000] {processor.py:840} INFO - DAG(s) 'energy_pipeline' retrieved from /opt/airflow/dags/pipeline_dag.py
[2026-04-28T15:43:32.163+0000] {logging_mixin.py:188} INFO - [2026-04-28T15:43:32.163+0000] {dag.py:3036} INFO - Sync 1 DAGs
[2026-04-28T15:43:32.209+0000] {logging_mixin.py:188} INFO - [2026-04-28T15:43:32.208+0000] {dag.py:3823} INFO - Setting next_dagrun for energy_pipeline to 2026-04-28 00:00:00+00:00, run_after=2026-04-29 00:00:00+00:00
[2026-04-28T15:43:32.257+0000] {processor.py:183} INFO - Processing /opt/airflow/dags/pipeline_dag.py took 0.201 seconds
[2026-04-28T15:45:01.864+0000] {processor.py:161} INFO - Started process (PID=82) to work on /opt/airflow/dags/pipeline_dag.py
[2026-04-28T15:45:01.869+0000] {processor.py:830} INFO - Processing file /opt/airflow/dags/pipeline_dag.py for tasks to queue
[2026-04-28T15:45:01.874+0000] {logging_mixin.py:188} INFO - [2026-04-28T15:45:01.872+0000] {dagbag.py:538} INFO - Filling up the DagBag from /opt/airflow/dags/pipeline_dag.py
[2026-04-28T15:45:01.943+0000] {processor.py:840} INFO - DAG(s) 'energy_pipeline' retrieved from /opt/airflow/dags/pipeline_dag.py
[2026-04-28T15:45:02.027+0000] {logging_mixin.py:188} INFO - [2026-04-28T15:45:02.006+0000] {dag.py:3036} INFO - Sync 1 DAGs
[2026-04-28T15:45:02.744+0000] {logging_mixin.py:188} INFO - [2026-04-28T15:45:02.744+0000] {dag.py:3823} INFO - Setting next_dagrun for energy_pipeline to 2026-04-28 00:00:00+00:00, run_after=2026-04-29 00:00:00+00:00
[2026-04-28T15:45:02.799+0000] {processor.py:183} INFO - Processing /opt/airflow/dags/pipeline_dag.py took 0.951 seconds
[2026-04-28T15:45:33.276+0000] {processor.py:161} INFO - Started process (PID=106) to work on /opt/airflow/dags/pipeline_dag.py
[2026-04-28T15:45:33.278+0000] {processor.py:830} INFO - Processing file /opt/airflow/dags/pipeline_dag.py for tasks to queue
[2026-04-28T15:45:33.282+0000] {logging_mixin.py:188} INFO - [2026-04-28T15:45:33.281+0000] {dagbag.py:538} INFO - Filling up the DagBag from /opt/airflow/dags/pipeline_dag.py
[2026-04-28T15:45:33.306+0000] {processor.py:840} INFO - DAG(s) 'energy_pipeline' retrieved from /opt/airflow/dags/pipeline_dag.py
[2026-04-28T15:45:33.663+0000] {logging_mixin.py:188} INFO - [2026-04-28T15:45:33.662+0000] {dag.py:3036} INFO - Sync 1 DAGs
[2026-04-28T15:45:33.753+0000] {logging_mixin.py:188} INFO - [2026-04-28T15:45:33.752+0000] {dag.py:3823} INFO - Setting next_dagrun for energy_pipeline to 2026-04-28 00:00:00+00:00, run_after=2026-04-29 00:00:00+00:00
[2026-04-28T15:45:33.872+0000] {processor.py:183} INFO - Processing /opt/airflow/dags/pipeline_dag.py took 0.600 seconds
[2026-04-28T15:46:04.440+0000] {processor.py:161} INFO - Started process (PID=107) to work on /opt/airflow/dags/pipeline_dag.py
[2026-04-28T15:46:04.441+0000] {processor.py:830} INFO - Processing file /opt/airflow/dags/pipeline_dag.py for tasks to queue
[2026-04-28T15:46:04.442+0000] {logging_mixin.py:188} INFO - [2026-04-28T15:46:04.441+0000] {dagbag.py:538} INFO - Filling up the DagBag from /opt/airflow/dags/pipeline_dag.py
[2026-04-28T15:46:04.787+0000] {processor.py:840} INFO - DAG(s) 'energy_pipeline' retrieved from /opt/airflow/dags/pipeline_dag.py
[2026-04-28T15:46:05.108+0000] {logging_mixin.py:188} INFO - [2026-04-28T15:46:05.107+0000] {dag.py:3036} INFO - Sync 1 DAGs
[2026-04-28T15:46:05.306+0000] {logging_mixin.py:188} INFO - [2026-04-28T15:46:05.306+0000] {dag.py:3823} INFO - Setting next_dagrun for energy_pipeline to 2026-04-28 00:00:00+00:00, run_after=2026-04-29 00:00:00+00:00
[2026-04-28T15:46:05.433+0000] {processor.py:183} INFO - Processing /opt/airflow/dags/pipeline_dag.py took 0.997 seconds
[2026-04-28T15:46:35.782+0000] {processor.py:161} INFO - Started process (PID=108) to work on /opt/airflow/dags/pipeline_dag.py
[2026-04-28T15:46:35.783+0000] {processor.py:830} INFO - Processing file /opt/airflow/dags/pipeline_dag.py for tasks to queue
[2026-04-28T15:46:35.784+0000] {logging_mixin.py:188} INFO - [2026-04-28T15:46:35.784+0000] {dagbag.py:538} INFO - Filling up the DagBag from /opt/airflow/dags/pipeline_dag.py
[2026-04-28T15:46:35.799+0000] {processor.py:840} INFO - DAG(s) 'energy_pipeline' retrieved from /opt/airflow/dags/pipeline_dag.py
[2026-04-28T15:46:35.913+0000] {logging_mixin.py:188} INFO - [2026-04-28T15:46:35.912+0000] {dag.py:3036} INFO - Sync 1 DAGs
[2026-04-28T15:46:35.985+0000] {logging_mixin.py:188} INFO - [2026-04-28T15:46:35.984+0000] {dag.py:3823} INFO - Setting next_dagrun for energy_pipeline to 2026-04-28 00:00:00+00:00, run_after=2026-04-29 00:00:00+00:00
[2026-04-28T15:46:36.020+0000] {processor.py:183} INFO - Processing /opt/airflow/dags/pipeline_dag.py took 0.241 seconds
[2026-04-28T15:47:06.115+0000] {processor.py:161} INFO - Started process (PID=109) to work on /opt/airflow/dags/pipeline_dag.py
[2026-04-28T15:47:06.116+0000] {processor.py:830} INFO - Processing file /opt/airflow/dags/pipeline_dag.py for tasks to queue
[2026-04-28T15:47:06.119+0000] {logging_mixin.py:188} INFO - [2026-04-28T15:47:06.118+0000] {dagbag.py:538} INFO - Filling up the DagBag from /opt/airflow/dags/pipeline_dag.py
[2026-04-28T15:47:06.139+0000] {processor.py:840} INFO - DAG(s) 'energy_pipeline' retrieved from /opt/airflow/dags/pipeline_dag.py
[2026-04-28T15:47:06.296+0000] {logging_mixin.py:188} INFO - [2026-04-28T15:47:06.296+0000] {dag.py:3036} INFO - Sync 1 DAGs
[2026-04-28T15:47:06.362+0000] {logging_mixin.py:188} INFO - [2026-04-28T15:47:06.362+0000] {dag.py:3823} INFO - Setting next_dagrun for energy_pipeline to 2026-04-28 00:00:00+00:00, run_after=2026-04-29 00:00:00+00:00
[2026-04-28T15:47:06.402+0000] {processor.py:183} INFO - Processing /opt/airflow/dags/pipeline_dag.py took 0.291 seconds
[2026-04-28T15:47:36.470+0000] {processor.py:161} INFO - Started process (PID=110) to work on /opt/airflow/dags/pipeline_dag.py
[2026-04-28T15:47:36.472+0000] {processor.py:830} INFO - Processing file /opt/airflow/dags/pipeline_dag.py for tasks to queue
[2026-04-28T15:47:36.474+0000] {logging_mixin.py:188} INFO - [2026-04-28T15:47:36.473+0000] {dagbag.py:538} INFO - Filling up the DagBag from /opt/airflow/dags/pipeline_dag.py
[2026-04-28T15:47:36.496+0000] {processor.py:840} INFO - DAG(s) 'energy_pipeline' retrieved from /opt/airflow/dags/pipeline_dag.py
[2026-04-28T15:47:36.531+0000] {logging_mixin.py:188} INFO - [2026-04-28T15:47:36.531+0000] {dag.py:3036} INFO - Sync 1 DAGs
[2026-04-28T15:47:36.565+0000] {logging_mixin.py:188} INFO - [2026-04-28T15:47:36.565+0000] {dag.py:3823} INFO - Setting next_dagrun for energy_pipeline to 2026-04-28 00:00:00+00:00, run_after=2026-04-29 00:00:00+00:00
[2026-04-28T15:47:36.593+0000] {processor.py:183} INFO - Processing /opt/airflow/dags/pipeline_dag.py took 0.128 seconds
[2026-04-28T15:48:06.759+0000] {processor.py:161} INFO - Started process (PID=111) to work on /opt/airflow/dags/pipeline_dag.py
[2026-04-28T15:48:06.760+0000] {processor.py:830} INFO - Processing file /opt/airflow/dags/pipeline_dag.py for tasks to queue
[2026-04-28T15:48:06.762+0000] {logging_mixin.py:188} INFO - [2026-04-28T15:48:06.761+0000] {dagbag.py:538} INFO - Filling up the DagBag from /opt/airflow/dags/pipeline_dag.py
[2026-04-28T15:48:06.780+0000] {processor.py:840} INFO - DAG(s) 'energy_pipeline' retrieved from /opt/airflow/dags/pipeline_dag.py
[2026-04-28T15:48:07.175+0000] {logging_mixin.py:188} INFO - [2026-04-28T15:48:07.175+0000] {dag.py:3036} INFO - Sync 1 DAGs
[2026-04-28T15:48:07.371+0000] {logging_mixin.py:188} INFO - [2026-04-28T15:48:07.370+0000] {dag.py:3823} INFO - Setting next_dagrun for energy_pipeline to 2026-04-28 00:00:00+00:00, run_after=2026-04-29 00:00:00+00:00
[2026-04-28T15:48:07.396+0000] {processor.py:183} INFO - Processing /opt/airflow/dags/pipeline_dag.py took 0.641 seconds
[2026-04-28T15:48:38.145+0000] {processor.py:161} INFO - Started process (PID=112) to work on /opt/airflow/dags/pipeline_dag.py
[2026-04-28T15:48:38.147+0000] {processor.py:830} INFO - Processing file /opt/airflow/dags/pipeline_dag.py for tasks to queue
[2026-04-28T15:48:38.149+0000] {logging_mixin.py:188} INFO - [2026-04-28T15:48:38.148+0000] {dagbag.py:538} INFO - Filling up the DagBag from /opt/airflow/dags/pipeline_dag.py
[2026-04-28T15:48:38.179+0000] {processor.py:840} INFO - DAG(s) 'energy_pipeline' retrieved from /opt/airflow/dags/pipeline_dag.py
[2026-04-28T15:48:38.240+0000] {logging_mixin.py:188} INFO - [2026-04-28T15:48:38.240+0000] {dag.py:3036} INFO - Sync 1 DAGs
[2026-04-28T15:48:38.448+0000] {logging_mixin.py:188} INFO - [2026-04-28T15:48:38.448+0000] {dag.py:3823} INFO - Setting next_dagrun for energy_pipeline to 2026-04-28 00:00:00+00:00, run_after=2026-04-29 00:00:00+00:00
[2026-04-28T15:48:38.608+0000] {processor.py:183} INFO - Processing /opt/airflow/dags/pipeline_dag.py took 0.468 seconds
[2026-04-28T15:49:09.304+0000] {processor.py:161} INFO - Started process (PID=113) to work on /opt/airflow/dags/pipeline_dag.py
[2026-04-28T15:49:09.308+0000] {processor.py:830} INFO - Processing file /opt/airflow/dags/pipeline_dag.py for tasks to queue
[2026-04-28T15:49:09.324+0000] {logging_mixin.py:188} INFO - [2026-04-28T15:49:09.311+0000] {dagbag.py:538} INFO - Filling up the DagBag from /opt/airflow/dags/pipeline_dag.py
[2026-04-28T15:49:09.367+0000] {processor.py:840} INFO - DAG(s) 'energy_pipeline' retrieved from /opt/airflow/dags/pipeline_dag.py
[2026-04-28T15:49:09.429+0000] {logging_mixin.py:188} INFO - [2026-04-28T15:49:09.429+0000] {dag.py:3036} INFO - Sync 1 DAGs
[2026-04-28T15:49:09.554+0000] {logging_mixin.py:188} INFO - [2026-04-28T15:49:09.553+0000] {dag.py:3823} INFO - Setting next_dagrun for energy_pipeline to 2026-04-28 00:00:00+00:00, run_after=2026-04-29 00:00:00+00:00
[2026-04-28T15:49:09.651+0000] {processor.py:183} INFO - Processing /opt/airflow/dags/pipeline_dag.py took 0.358 seconds
[2026-04-28T15:49:40.008+0000] {processor.py:161} INFO - Started process (PID=114) to work on /opt/airflow/dags/pipeline_dag.py
[2026-04-28T15:49:40.010+0000] {processor.py:830} INFO - Processing file /opt/airflow/dags/pipeline_dag.py for tasks to queue
[2026-04-28T15:49:40.011+0000] {logging_mixin.py:188} INFO - [2026-04-28T15:49:40.011+0000] {dagbag.py:538} INFO - Filling up the DagBag from /opt/airflow/dags/pipeline_dag.py
[2026-04-28T15:49:40.030+0000] {processor.py:840} INFO - DAG(s) 'energy_pipeline' retrieved from /opt/airflow/dags/pipeline_dag.py
[2026-04-28T15:49:40.061+0000] {logging_mixin.py:188} INFO - [2026-04-28T15:49:40.060+0000] {dag.py:3036} INFO - Sync 1 DAGs
[2026-04-28T15:49:40.093+0000] {logging_mixin.py:188} INFO - [2026-04-28T15:49:40.093+0000] {dag.py:3823} INFO - Setting next_dagrun for energy_pipeline to 2026-04-28 00:00:00+00:00, run_after=2026-04-29 00:00:00+00:00
[2026-04-28T15:49:40.123+0000] {processor.py:183} INFO - Processing /opt/airflow/dags/pipeline_dag.py took 0.119 seconds
[2026-04-28T15:50:10.556+0000] {processor.py:161} INFO - Started process (PID=115) to work on /opt/airflow/dags/pipeline_dag.py
[2026-04-28T15:50:10.557+0000] {processor.py:830} INFO - Processing file /opt/airflow/dags/pipeline_dag.py for tasks to queue
[2026-04-28T15:50:10.558+0000] {logging_mixin.py:188} INFO - [2026-04-28T15:50:10.558+0000] {dagbag.py:538} INFO - Filling up the DagBag from /opt/airflow/dags/pipeline_dag.py
[2026-04-28T15:50:10.589+0000] {processor.py:840} INFO - DAG(s) 'energy_pipeline' retrieved from /opt/airflow/dags/pipeline_dag.py
[2026-04-28T15:50:10.628+0000] {logging_mixin.py:188} INFO - [2026-04-28T15:50:10.628+0000] {dag.py:3036} INFO - Sync 1 DAGs
[2026-04-28T15:50:10.678+0000] {logging_mixin.py:188} INFO - [2026-04-28T15:50:10.677+0000] {dag.py:3823} INFO - Setting next_dagrun for energy_pipeline to 2026-04-28 00:00:00+00:00, run_after=2026-04-29 00:00:00+00:00
[2026-04-28T15:50:10.717+0000] {processor.py:183} INFO - Processing /opt/airflow/dags/pipeline_dag.py took 0.166 seconds
[2026-04-28T15:50:41.135+0000] {processor.py:161} INFO - Started process (PID=116) to work on /opt/airflow/dags/pipeline_dag.py
[2026-04-28T15:50:41.136+0000] {processor.py:830} INFO - Processing file /opt/airflow/dags/pipeline_dag.py for tasks to queue
[2026-04-28T15:50:41.138+0000] {logging_mixin.py:188} INFO - [2026-04-28T15:50:41.137+0000] {dagbag.py:538} INFO - Filling up the DagBag from /opt/airflow/dags/pipeline_dag.py
[2026-04-28T15:50:41.159+0000] {processor.py:840} INFO - DAG(s) 'energy_pipeline' retrieved from /opt/airflow/dags/pipeline_dag.py
[2026-04-28T15:50:41.261+0000] {logging_mixin.py:188} INFO - [2026-04-28T15:50:41.261+0000] {dag.py:3036} INFO - Sync 1 DAGs
[2026-04-28T15:50:41.286+0000] {logging_mixin.py:188} INFO - [2026-04-28T15:50:41.286+0000] {dag.py:3823} INFO - Setting next_dagrun for energy_pipeline to 2026-04-28 00:00:00+00:00, run_after=2026-04-29 00:00:00+00:00
[2026-04-28T15:50:41.330+0000] {processor.py:183} INFO - Processing /opt/airflow/dags/pipeline_dag.py took 0.198 seconds
[2026-04-28T15:51:11.832+0000] {processor.py:161} INFO - Started process (PID=117) to work on /opt/airflow/dags/pipeline_dag.py
[2026-04-28T15:51:11.833+0000] {processor.py:830} INFO - Processing file /opt/airflow/dags/pipeline_dag.py for tasks to queue
[2026-04-28T15:51:11.835+0000] {logging_mixin.py:188} INFO - [2026-04-28T15:51:11.834+0000] {dagbag.py:538} INFO - Filling up the DagBag from /opt/airflow/dags/pipeline_dag.py
[2026-04-28T15:51:11.852+0000] {processor.py:840} INFO - DAG(s) 'energy_pipeline' retrieved from /opt/airflow/dags/pipeline_dag.py
[2026-04-28T15:51:11.882+0000] {logging_mixin.py:188} INFO - [2026-04-28T15:51:11.882+0000] {dag.py:3036} INFO - Sync 1 DAGs
[2026-04-28T15:51:11.910+0000] {logging_mixin.py:188} INFO - [2026-04-28T15:51:11.909+0000] {dag.py:3823} INFO - Setting next_dagrun for energy_pipeline to 2026-04-28 00:00:00+00:00, run_after=2026-04-29 00:00:00+00:00
[2026-04-28T15:51:11.943+0000] {processor.py:183} INFO - Processing /opt/airflow/dags/pipeline_dag.py took 0.115 seconds
[2026-04-28T15:51:42.365+0000] {processor.py:161} INFO - Started process (PID=118) to work on /opt/airflow/dags/pipeline_dag.py
[2026-04-28T15:51:42.366+0000] {processor.py:830} INFO - Processing file /opt/airflow/dags/pipeline_dag.py for tasks to queue
[2026-04-28T15:51:42.367+0000] {logging_mixin.py:188} INFO - [2026-04-28T15:51:42.367+0000] {dagbag.py:538} INFO - Filling up the DagBag from /opt/airflow/dags/pipeline_dag.py
[2026-04-28T15:51:42.386+0000] {processor.py:840} INFO - DAG(s) 'energy_pipeline' retrieved from /opt/airflow/dags/pipeline_dag.py
[2026-04-28T15:51:42.442+0000] {logging_mixin.py:188} INFO - [2026-04-28T15:51:42.442+0000] {dag.py:3036} INFO - Sync 1 DAGs
[2026-04-28T15:51:42.498+0000] {logging_mixin.py:188} INFO - [2026-04-28T15:51:42.497+0000] {dag.py:3823} INFO - Setting next_dagrun for energy_pipeline to 2026-04-28 00:00:00+00:00, run_after=2026-04-29 00:00:00+00:00
[2026-04-28T15:51:42.528+0000] {processor.py:183} INFO - Processing /opt/airflow/dags/pipeline_dag.py took 0.167 seconds
[2026-04-28T15:52:30.233+0000] {processor.py:161} INFO - Started process (PID=82) to work on /opt/airflow/dags/pipeline_dag.py
[2026-04-28T15:52:30.236+0000] {processor.py:830} INFO - Processing file /opt/airflow/dags/pipeline_dag.py for tasks to queue
[2026-04-28T15:52:30.240+0000] {logging_mixin.py:188} INFO - [2026-04-28T15:52:30.239+0000] {dagbag.py:538} INFO - Filling up the DagBag from /opt/airflow/dags/pipeline_dag.py
[2026-04-28T15:52:30.283+0000] {processor.py:840} INFO - DAG(s) 'energy_pipeline' retrieved from /opt/airflow/dags/pipeline_dag.py
[2026-04-28T15:52:30.329+0000] {logging_mixin.py:188} INFO - [2026-04-28T15:52:30.316+0000] {dag.py:3036} INFO - Sync 1 DAGs
[2026-04-28T15:52:30.899+0000] {logging_mixin.py:188} INFO - [2026-04-28T15:52:30.899+0000] {dag.py:3823} INFO - Setting next_dagrun for energy_pipeline to 2026-04-28 00:00:00+00:00, run_after=2026-04-29 00:00:00+00:00
[2026-04-28T15:52:30.947+0000] {processor.py:183} INFO - Processing /opt/airflow/dags/pipeline_dag.py took 0.741 seconds
[2026-04-28T15:53:28.392+0000] {processor.py:161} INFO - Started process (PID=82) to work on /opt/airflow/dags/pipeline_dag.py
[2026-04-28T15:53:28.394+0000] {processor.py:830} INFO - Processing file /opt/airflow/dags/pipeline_dag.py for tasks to queue
[2026-04-28T15:53:28.395+0000] {logging_mixin.py:188} INFO - [2026-04-28T15:53:28.394+0000] {dagbag.py:538} INFO - Filling up the DagBag from /opt/airflow/dags/pipeline_dag.py
[2026-04-28T15:53:28.410+0000] {processor.py:840} INFO - DAG(s) 'energy_pipeline' retrieved from /opt/airflow/dags/pipeline_dag.py
[2026-04-28T15:53:28.425+0000] {logging_mixin.py:188} INFO - [2026-04-28T15:53:28.421+0000] {dag.py:3036} INFO - Sync 1 DAGs
[2026-04-28T15:53:28.658+0000] {logging_mixin.py:188} INFO - [2026-04-28T15:53:28.658+0000] {dag.py:3823} INFO - Setting next_dagrun for energy_pipeline to 2026-04-28 00:00:00+00:00, run_after=2026-04-29 00:00:00+00:00
[2026-04-28T15:53:28.687+0000] {processor.py:183} INFO - Processing /opt/airflow/dags/pipeline_dag.py took 0.298 seconds
[2026-04-28T15:54:00.138+0000] {processor.py:161} INFO - Started process (PID=106) to work on /opt/airflow/dags/pipeline_dag.py
[2026-04-28T15:54:00.259+0000] {processor.py:830} INFO - Processing file /opt/airflow/dags/pipeline_dag.py for tasks to queue
[2026-04-28T15:54:00.304+0000] {logging_mixin.py:188} INFO - [2026-04-28T15:54:00.282+0000] {dagbag.py:538} INFO - Filling up the DagBag from /opt/airflow/dags/pipeline_dag.py
[2026-04-28T15:54:00.665+0000] {processor.py:840} INFO - DAG(s) 'energy_pipeline' retrieved from /opt/airflow/dags/pipeline_dag.py
[2026-04-28T15:54:01.444+0000] {logging_mixin.py:188} INFO - [2026-04-28T15:54:01.444+0000] {dag.py:3036} INFO - Sync 1 DAGs
[2026-04-28T15:54:01.496+0000] {logging_mixin.py:188} INFO - [2026-04-28T15:54:01.496+0000] {dag.py:3823} INFO - Setting next_dagrun for energy_pipeline to 2026-04-28 00:00:00+00:00, run_after=2026-04-29 00:00:00+00:00
[2026-04-28T15:54:01.629+0000] {processor.py:183} INFO - Processing /opt/airflow/dags/pipeline_dag.py took 1.612 seconds
[2026-04-28T16:02:50.252+0000] {processor.py:161} INFO - Started process (PID=82) to work on /opt/airflow/dags/pipeline_dag.py
[2026-04-28T16:02:50.256+0000] {processor.py:830} INFO - Processing file /opt/airflow/dags/pipeline_dag.py for tasks to queue
[2026-04-28T16:02:50.257+0000] {logging_mixin.py:188} INFO - [2026-04-28T16:02:50.257+0000] {dagbag.py:538} INFO - Filling up the DagBag from /opt/airflow/dags/pipeline_dag.py
[2026-04-28T16:02:50.293+0000] {processor.py:840} INFO - DAG(s) 'energy_pipeline' retrieved from /opt/airflow/dags/pipeline_dag.py
[2026-04-28T16:02:50.336+0000] {logging_mixin.py:188} INFO - [2026-04-28T16:02:50.326+0000] {dag.py:3036} INFO - Sync 1 DAGs
[2026-04-28T16:02:50.746+0000] {logging_mixin.py:188} INFO - [2026-04-28T16:02:50.746+0000] {dag.py:3823} INFO - Setting next_dagrun for energy_pipeline to 2026-04-28 00:00:00+00:00, run_after=2026-04-29 00:00:00+00:00
[2026-04-28T16:02:50.789+0000] {processor.py:183} INFO - Processing /opt/airflow/dags/pipeline_dag.py took 0.544 seconds
[2026-04-28T16:03:22.017+0000] {processor.py:161} INFO - Started process (PID=106) to work on /opt/airflow/dags/pipeline_dag.py
[2026-04-28T16:03:22.020+0000] {processor.py:830} INFO - Processing file /opt/airflow/dags/pipeline_dag.py for tasks to queue
[2026-04-28T16:03:22.028+0000] {logging_mixin.py:188} INFO - [2026-04-28T16:03:22.022+0000] {dagbag.py:538} INFO - Filling up the DagBag from /opt/airflow/dags/pipeline_dag.py
[2026-04-28T16:03:22.079+0000] {processor.py:840} INFO - DAG(s) 'energy_pipeline' retrieved from /opt/airflow/dags/pipeline_dag.py
[2026-04-28T16:03:22.276+0000] {logging_mixin.py:188} INFO - [2026-04-28T16:03:22.276+0000] {dag.py:3036} INFO - Sync 1 DAGs
[2026-04-28T16:03:22.308+0000] {logging_mixin.py:188} INFO - [2026-04-28T16:03:22.308+0000] {dag.py:3823} INFO - Setting next_dagrun for energy_pipeline to 2026-04-28 00:00:00+00:00, run_after=2026-04-29 00:00:00+00:00
[2026-04-28T16:03:22.335+0000] {processor.py:183} INFO - Processing /opt/airflow/dags/pipeline_dag.py took 0.338 seconds
[2026-04-28T16:03:52.888+0000] {processor.py:161} INFO - Started process (PID=107) to work on /opt/airflow/dags/pipeline_dag.py
[2026-04-28T16:03:52.889+0000] {processor.py:830} INFO - Processing file /opt/airflow/dags/pipeline_dag.py for tasks to queue
[2026-04-28T16:03:52.891+0000] {logging_mixin.py:188} INFO - [2026-04-28T16:03:52.890+0000] {dagbag.py:538} INFO - Filling up the DagBag from /opt/airflow/dags/pipeline_dag.py
[2026-04-28T16:03:52.908+0000] {processor.py:840} INFO - DAG(s) 'energy_pipeline' retrieved from /opt/airflow/dags/pipeline_dag.py
[2026-04-28T16:03:52.939+0000] {logging_mixin.py:188} INFO - [2026-04-28T16:03:52.939+0000] {dag.py:3036} INFO - Sync 1 DAGs
[2026-04-28T16:03:52.964+0000] {logging_mixin.py:188} INFO - [2026-04-28T16:03:52.964+0000] {dag.py:3823} INFO - Setting next_dagrun for energy_pipeline to 2026-04-28 00:00:00+00:00, run_after=2026-04-29 00:00:00+00:00
[2026-04-28T16:03:52.991+0000] {processor.py:183} INFO - Processing /opt/airflow/dags/pipeline_dag.py took 0.107 seconds
[2026-04-28T16:04:23.241+0000] {processor.py:161} INFO - Started process (PID=108) to work on /opt/airflow/dags/pipeline_dag.py
[2026-04-28T16:04:23.242+0000] {processor.py:830} INFO - Processing file /opt/airflow/dags/pipeline_dag.py for tasks to queue
[2026-04-28T16:04:23.244+0000] {logging_mixin.py:188} INFO - [2026-04-28T16:04:23.243+0000] {dagbag.py:538} INFO - Filling up the DagBag from /opt/airflow/dags/pipeline_dag.py
[2026-04-28T16:04:23.263+0000] {processor.py:840} INFO - DAG(s) 'energy_pipeline' retrieved from /opt/airflow/dags/pipeline_dag.py
[2026-04-28T16:04:23.298+0000] {logging_mixin.py:188} INFO - [2026-04-28T16:04:23.298+0000] {dag.py:3036} INFO - Sync 1 DAGs
[2026-04-28T16:04:23.324+0000] {logging_mixin.py:188} INFO - [2026-04-28T16:04:23.324+0000] {dag.py:3823} INFO - Setting next_dagrun for energy_pipeline to 2026-04-28 00:00:00+00:00, run_after=2026-04-29 00:00:00+00:00
[2026-04-28T16:04:23.352+0000] {processor.py:183} INFO - Processing /opt/airflow/dags/pipeline_dag.py took 0.116 seconds
[2026-04-28T16:04:53.785+0000] {processor.py:161} INFO - Started process (PID=109) to work on /opt/airflow/dags/pipeline_dag.py
[2026-04-28T16:04:53.789+0000] {processor.py:830} INFO - Processing file /opt/airflow/dags/pipeline_dag.py for tasks to queue
[2026-04-28T16:04:53.792+0000] {logging_mixin.py:188} INFO - [2026-04-28T16:04:53.791+0000] {dagbag.py:538} INFO - Filling up the DagBag from /opt/airflow/dags/pipeline_dag.py
[2026-04-28T16:04:53.836+0000] {processor.py:840} INFO - DAG(s) 'energy_pipeline' retrieved from /opt/airflow/dags/pipeline_dag.py
[2026-04-28T16:04:53.956+0000] {logging_mixin.py:188} INFO - [2026-04-28T16:04:53.956+0000] {dag.py:3036} INFO - Sync 1 DAGs
[2026-04-28T16:04:54.010+0000] {logging_mixin.py:188} INFO - [2026-04-28T16:04:54.009+0000] {dag.py:3823} INFO - Setting next_dagrun for energy_pipeline to 2026-04-28 00:00:00+00:00, run_after=2026-04-29 00:00:00+00:00
[2026-04-28T16:04:54.080+0000] {processor.py:183} INFO - Processing /opt/airflow/dags/pipeline_dag.py took 0.313 seconds
[2026-04-28T16:05:25.192+0000] {processor.py:161} INFO - Started process (PID=110) to work on /opt/airflow/dags/pipeline_dag.py
[2026-04-28T16:05:25.195+0000] {processor.py:830} INFO - Processing file /opt/airflow/dags/pipeline_dag.py for tasks to queue
[2026-04-28T16:05:25.197+0000] {logging_mixin.py:188} INFO - [2026-04-28T16:05:25.196+0000] {dagbag.py:538} INFO - Filling up the DagBag from /opt/airflow/dags/pipeline_dag.py
[2026-04-28T16:05:25.225+0000] {processor.py:840} INFO - DAG(s) 'energy_pipeline' retrieved from /opt/airflow/dags/pipeline_dag.py
[2026-04-28T16:05:25.274+0000] {logging_mixin.py:188} INFO - [2026-04-28T16:05:25.274+0000] {dag.py:3036} INFO - Sync 1 DAGs
[2026-04-28T16:05:25.309+0000] {logging_mixin.py:188} INFO - [2026-04-28T16:05:25.309+0000] {dag.py:3823} INFO - Setting next_dagrun for energy_pipeline to 2026-04-28 00:00:00+00:00, run_after=2026-04-29 00:00:00+00:00
[2026-04-28T16:05:25.348+0000] {processor.py:183} INFO - Processing /opt/airflow/dags/pipeline_dag.py took 0.164 seconds
[2026-04-28T16:05:55.505+0000] {processor.py:161} INFO - Started process (PID=111) to work on /opt/airflow/dags/pipeline_dag.py
[2026-04-28T16:05:55.521+0000] {processor.py:830} INFO - Processing file /opt/airflow/dags/pipeline_dag.py for tasks to queue
[2026-04-28T16:05:55.524+0000] {logging_mixin.py:188} INFO - [2026-04-28T16:05:55.523+0000] {dagbag.py:538} INFO - Filling up the DagBag from /opt/airflow/dags/pipeline_dag.py
[2026-04-28T16:05:55.548+0000] {processor.py:840} INFO - DAG(s) 'energy_pipeline' retrieved from /opt/airflow/dags/pipeline_dag.py
[2026-04-28T16:05:55.763+0000] {logging_mixin.py:188} INFO - [2026-04-28T16:05:55.763+0000] {dag.py:3036} INFO - Sync 1 DAGs
[2026-04-28T16:05:55.830+0000] {logging_mixin.py:188} INFO - [2026-04-28T16:05:55.829+0000] {dag.py:3823} INFO - Setting next_dagrun for energy_pipeline to 2026-04-28 00:00:00+00:00, run_after=2026-04-29 00:00:00+00:00
[2026-04-28T16:05:55.859+0000] {processor.py:183} INFO - Processing /opt/airflow/dags/pipeline_dag.py took 0.366 seconds
[2026-04-28T16:07:10.729+0000] {processor.py:161} INFO - Started process (PID=82) to work on /opt/airflow/dags/pipeline_dag.py
[2026-04-28T16:07:10.731+0000] {processor.py:830} INFO - Processing file /opt/airflow/dags/pipeline_dag.py for tasks to queue
[2026-04-28T16:07:10.733+0000] {logging_mixin.py:188} INFO - [2026-04-28T16:07:10.732+0000] {dagbag.py:538} INFO - Filling up the DagBag from /opt/airflow/dags/pipeline_dag.py
[2026-04-28T16:07:10.752+0000] {processor.py:840} INFO - DAG(s) 'energy_pipeline' retrieved from /opt/airflow/dags/pipeline_dag.py
[2026-04-28T16:07:10.768+0000] {logging_mixin.py:188} INFO - [2026-04-28T16:07:10.768+0000] {dag.py:3036} INFO - Sync 1 DAGs
[2026-04-28T16:07:10.960+0000] {logging_mixin.py:188} INFO - [2026-04-28T16:07:10.960+0000] {dag.py:3823} INFO - Setting next_dagrun for energy_pipeline to 2026-04-28 00:00:00+00:00, run_after=2026-04-29 00:00:00+00:00
[2026-04-28T16:07:10.983+0000] {processor.py:183} INFO - Processing /opt/airflow/dags/pipeline_dag.py took 0.258 seconds
[2026-04-28T16:07:42.064+0000] {processor.py:161} INFO - Started process (PID=100) to work on /opt/airflow/dags/pipeline_dag.py
[2026-04-28T16:07:42.065+0000] {processor.py:830} INFO - Processing file /opt/airflow/dags/pipeline_dag.py for tasks to queue
[2026-04-28T16:07:42.066+0000] {logging_mixin.py:188} INFO - [2026-04-28T16:07:42.066+0000] {dagbag.py:538} INFO - Filling up the DagBag from /opt/airflow/dags/pipeline_dag.py
[2026-04-28T16:07:42.083+0000] {processor.py:840} INFO - DAG(s) 'energy_pipeline' retrieved from /opt/airflow/dags/pipeline_dag.py
[2026-04-28T16:07:42.186+0000] {logging_mixin.py:188} INFO - [2026-04-28T16:07:42.186+0000] {dag.py:3036} INFO - Sync 1 DAGs
[2026-04-28T16:07:42.205+0000] {logging_mixin.py:188} INFO - [2026-04-28T16:07:42.205+0000] {dag.py:3823} INFO - Setting next_dagrun for energy_pipeline to 2026-04-28 00:00:00+00:00, run_after=2026-04-29 00:00:00+00:00
[2026-04-28T16:07:42.227+0000] {processor.py:183} INFO - Processing /opt/airflow/dags/pipeline_dag.py took 0.169 seconds
[2026-04-28T16:08:13.287+0000] {processor.py:161} INFO - Started process (PID=101) to work on /opt/airflow/dags/pipeline_dag.py
[2026-04-28T16:08:13.288+0000] {processor.py:830} INFO - Processing file /opt/airflow/dags/pipeline_dag.py for tasks to queue
[2026-04-28T16:08:13.290+0000] {logging_mixin.py:188} INFO - [2026-04-28T16:08:13.289+0000] {dagbag.py:538} INFO - Filling up the DagBag from /opt/airflow/dags/pipeline_dag.py
[2026-04-28T16:08:13.304+0000] {processor.py:840} INFO - DAG(s) 'energy_pipeline' retrieved from /opt/airflow/dags/pipeline_dag.py
[2026-04-28T16:08:13.331+0000] {logging_mixin.py:188} INFO - [2026-04-28T16:08:13.331+0000] {dag.py:3036} INFO - Sync 1 DAGs
[2026-04-28T16:08:13.354+0000] {logging_mixin.py:188} INFO - [2026-04-28T16:08:13.353+0000] {dag.py:3823} INFO - Setting next_dagrun for energy_pipeline to 2026-04-28 00:00:00+00:00, run_after=2026-04-29 00:00:00+00:00
[2026-04-28T16:08:13.376+0000] {processor.py:183} INFO - Processing /opt/airflow/dags/pipeline_dag.py took 0.092 seconds
[2026-04-28T16:08:43.591+0000] {processor.py:161} INFO - Started process (PID=102) to work on /opt/airflow/dags/pipeline_dag.py
[2026-04-28T16:08:43.592+0000] {processor.py:830} INFO - Processing file /opt/airflow/dags/pipeline_dag.py for tasks to queue
[2026-04-28T16:08:43.594+0000] {logging_mixin.py:188} INFO - [2026-04-28T16:08:43.594+0000] {dagbag.py:538} INFO - Filling up the DagBag from /opt/airflow/dags/pipeline_dag.py
[2026-04-28T16:08:43.612+0000] {processor.py:840} INFO - DAG(s) 'energy_pipeline' retrieved from /opt/airflow/dags/pipeline_dag.py
[2026-04-28T16:08:43.639+0000] {logging_mixin.py:188} INFO - [2026-04-28T16:08:43.639+0000] {dag.py:3036} INFO - Sync 1 DAGs
[2026-04-28T16:08:43.661+0000] {logging_mixin.py:188} INFO - [2026-04-28T16:08:43.661+0000] {dag.py:3823} INFO - Setting next_dagrun for energy_pipeline to 2026-04-28 00:00:00+00:00, run_after=2026-04-29 00:00:00+00:00
[2026-04-28T16:08:43.686+0000] {processor.py:183} INFO - Processing /opt/airflow/dags/pipeline_dag.py took 0.099 seconds
[2026-04-28T16:09:13.920+0000] {processor.py:161} INFO - Started process (PID=103) to work on /opt/airflow/dags/pipeline_dag.py
[2026-04-28T16:09:13.921+0000] {processor.py:830} INFO - Processing file /opt/airflow/dags/pipeline_dag.py for tasks to queue
[2026-04-28T16:09:13.922+0000] {logging_mixin.py:188} INFO - [2026-04-28T16:09:13.922+0000] {dagbag.py:538} INFO - Filling up the DagBag from /opt/airflow/dags/pipeline_dag.py
[2026-04-28T16:09:13.938+0000] {processor.py:840} INFO - DAG(s) 'energy_pipeline' retrieved from /opt/airflow/dags/pipeline_dag.py
[2026-04-28T16:09:13.968+0000] {logging_mixin.py:188} INFO - [2026-04-28T16:09:13.968+0000] {dag.py:3036} INFO - Sync 1 DAGs
[2026-04-28T16:09:13.995+0000] {logging_mixin.py:188} INFO - [2026-04-28T16:09:13.995+0000] {dag.py:3823} INFO - Setting next_dagrun for energy_pipeline to 2026-04-28 00:00:00+00:00, run_after=2026-04-29 00:00:00+00:00
[2026-04-28T16:09:14.022+0000] {processor.py:183} INFO - Processing /opt/airflow/dags/pipeline_dag.py took 0.106 seconds
[2026-04-28T16:09:44.248+0000] {processor.py:161} INFO - Started process (PID=104) to work on /opt/airflow/dags/pipeline_dag.py
[2026-04-28T16:09:44.250+0000] {processor.py:830} INFO - Processing file /opt/airflow/dags/pipeline_dag.py for tasks to queue
[2026-04-28T16:09:44.251+0000] {logging_mixin.py:188} INFO - [2026-04-28T16:09:44.251+0000] {dagbag.py:538} INFO - Filling up the DagBag from /opt/airflow/dags/pipeline_dag.py
[2026-04-28T16:09:44.281+0000] {processor.py:840} INFO - DAG(s) 'energy_pipeline' retrieved from /opt/airflow/dags/pipeline_dag.py
[2026-04-28T16:09:44.310+0000] {logging_mixin.py:188} INFO - [2026-04-28T16:09:44.310+0000] {dag.py:3036} INFO - Sync 1 DAGs
[2026-04-28T16:09:44.333+0000] {logging_mixin.py:188} INFO - [2026-04-28T16:09:44.333+0000] {dag.py:3823} INFO - Setting next_dagrun for energy_pipeline to 2026-04-28 00:00:00+00:00, run_after=2026-04-29 00:00:00+00:00
[2026-04-28T16:09:44.357+0000] {processor.py:183} INFO - Processing /opt/airflow/dags/pipeline_dag.py took 0.112 seconds
[2026-04-28T16:10:14.557+0000] {processor.py:161} INFO - Started process (PID=105) to work on /opt/airflow/dags/pipeline_dag.py
[2026-04-28T16:10:14.558+0000] {processor.py:830} INFO - Processing file /opt/airflow/dags/pipeline_dag.py for tasks to queue
[2026-04-28T16:10:14.559+0000] {logging_mixin.py:188} INFO - [2026-04-28T16:10:14.558+0000] {dagbag.py:538} INFO - Filling up the DagBag from /opt/airflow/dags/pipeline_dag.py
[2026-04-28T16:10:14.574+0000] {processor.py:840} INFO - DAG(s) 'energy_pipeline' retrieved from /opt/airflow/dags/pipeline_dag.py
[2026-04-28T16:10:14.607+0000] {logging_mixin.py:188} INFO - [2026-04-28T16:10:14.606+0000] {dag.py:3036} INFO - Sync 1 DAGs
[2026-04-28T16:10:14.630+0000] {logging_mixin.py:188} INFO - [2026-04-28T16:10:14.630+0000] {dag.py:3823} INFO - Setting next_dagrun for energy_pipeline to 2026-04-28 00:00:00+00:00, run_after=2026-04-29 00:00:00+00:00
[2026-04-28T16:10:14.659+0000] {processor.py:183} INFO - Processing /opt/airflow/dags/pipeline_dag.py took 0.106 seconds
[2026-04-28T16:12:11.758+0000] {processor.py:161} INFO - Started process (PID=82) to work on /opt/airflow/dags/pipeline_dag.py
[2026-04-28T16:12:11.759+0000] {processor.py:830} INFO - Processing file /opt/airflow/dags/pipeline_dag.py for tasks to queue
[2026-04-28T16:12:11.760+0000] {logging_mixin.py:188} INFO - [2026-04-28T16:12:11.760+0000] {dagbag.py:538} INFO - Filling up the DagBag from /opt/airflow/dags/pipeline_dag.py
[2026-04-28T16:12:11.773+0000] {processor.py:840} INFO - DAG(s) 'energy_pipeline' retrieved from /opt/airflow/dags/pipeline_dag.py
[2026-04-28T16:12:11.787+0000] {logging_mixin.py:188} INFO - [2026-04-28T16:12:11.784+0000] {dag.py:3036} INFO - Sync 1 DAGs
[2026-04-28T16:12:11.945+0000] {logging_mixin.py:188} INFO - [2026-04-28T16:12:11.945+0000] {dag.py:3823} INFO - Setting next_dagrun for energy_pipeline to 2026-04-28 00:00:00+00:00, run_after=2026-04-29 00:00:00+00:00
[2026-04-28T16:12:11.971+0000] {processor.py:183} INFO - Processing /opt/airflow/dags/pipeline_dag.py took 0.216 seconds
[2026-04-28T16:12:43.652+0000] {processor.py:161} INFO - Started process (PID=106) to work on /opt/airflow/dags/pipeline_dag.py
[2026-04-28T16:12:43.659+0000] {processor.py:830} INFO - Processing file /opt/airflow/dags/pipeline_dag.py for tasks to queue
[2026-04-28T16:12:43.661+0000] {logging_mixin.py:188} INFO - [2026-04-28T16:12:43.660+0000] {dagbag.py:538} INFO - Filling up the DagBag from /opt/airflow/dags/pipeline_dag.py
[2026-04-28T16:12:43.689+0000] {processor.py:840} INFO - DAG(s) 'energy_pipeline' retrieved from /opt/airflow/dags/pipeline_dag.py
[2026-04-28T16:12:44.100+0000] {logging_mixin.py:188} INFO - [2026-04-28T16:12:44.100+0000] {dag.py:3036} INFO - Sync 1 DAGs
[2026-04-28T16:12:44.143+0000] {logging_mixin.py:188} INFO - [2026-04-28T16:12:44.142+0000] {dag.py:3823} INFO - Setting next_dagrun for energy_pipeline to 2026-04-28 00:00:00+00:00, run_after=2026-04-29 00:00:00+00:00
[2026-04-28T16:12:44.202+0000] {processor.py:183} INFO - Processing /opt/airflow/dags/pipeline_dag.py took 0.589 seconds
[2026-04-28T16:13:14.691+0000] {processor.py:161} INFO - Started process (PID=107) to work on /opt/airflow/dags/pipeline_dag.py
[2026-04-28T16:13:14.693+0000] {processor.py:830} INFO - Processing file /opt/airflow/dags/pipeline_dag.py for tasks to queue
[2026-04-28T16:13:14.695+0000] {logging_mixin.py:188} INFO - [2026-04-28T16:13:14.694+0000] {dagbag.py:538} INFO - Filling up the DagBag from /opt/airflow/dags/pipeline_dag.py
[2026-04-28T16:13:15.024+0000] {processor.py:840} INFO - DAG(s) 'energy_pipeline' retrieved from /opt/airflow/dags/pipeline_dag.py
[2026-04-28T16:13:16.127+0000] {logging_mixin.py:188} INFO - [2026-04-28T16:13:16.126+0000] {dag.py:3036} INFO - Sync 1 DAGs
[2026-04-28T16:13:16.658+0000] {logging_mixin.py:188} INFO - [2026-04-28T16:13:16.657+0000] {dag.py:3823} INFO - Setting next_dagrun for energy_pipeline to 2026-04-28 00:00:00+00:00, run_after=2026-04-29 00:00:00+00:00
[2026-04-28T16:13:16.878+0000] {processor.py:183} INFO - Processing /opt/airflow/dags/pipeline_dag.py took 2.219 seconds
[2026-04-28T16:13:47.054+0000] {processor.py:161} INFO - Started process (PID=108) to work on /opt/airflow/dags/pipeline_dag.py
[2026-04-28T16:13:47.102+0000] {processor.py:830} INFO - Processing file /opt/airflow/dags/pipeline_dag.py for tasks to queue
[2026-04-28T16:13:47.107+0000] {logging_mixin.py:188} INFO - [2026-04-28T16:13:47.103+0000] {dagbag.py:538} INFO - Filling up the DagBag from /opt/airflow/dags/pipeline_dag.py
[2026-04-28T16:13:47.609+0000] {processor.py:840} INFO - DAG(s) 'energy_pipeline' retrieved from /opt/airflow/dags/pipeline_dag.py
[2026-04-28T16:13:47.765+0000] {logging_mixin.py:188} INFO - [2026-04-28T16:13:47.765+0000] {dag.py:3036} INFO - Sync 1 DAGs
[2026-04-28T16:13:47.819+0000] {logging_mixin.py:188} INFO - [2026-04-28T16:13:47.818+0000] {dag.py:3823} INFO - Setting next_dagrun for energy_pipeline to 2026-04-28 00:00:00+00:00, run_after=2026-04-29 00:00:00+00:00
[2026-04-28T16:13:47.852+0000] {processor.py:183} INFO - Processing /opt/airflow/dags/pipeline_dag.py took 0.831 seconds
[2026-04-28T16:14:18.456+0000] {processor.py:161} INFO - Started process (PID=109) to work on /opt/airflow/dags/pipeline_dag.py
[2026-04-28T16:14:18.457+0000] {processor.py:830} INFO - Processing file /opt/airflow/dags/pipeline_dag.py for tasks to queue
[2026-04-28T16:14:18.459+0000] {logging_mixin.py:188} INFO - [2026-04-28T16:14:18.458+0000] {dagbag.py:538} INFO - Filling up the DagBag from /opt/airflow/dags/pipeline_dag.py
[2026-04-28T16:14:18.495+0000] {processor.py:840} INFO - DAG(s) 'energy_pipeline' retrieved from /opt/airflow/dags/pipeline_dag.py
[2026-04-28T16:14:18.561+0000] {logging_mixin.py:188} INFO - [2026-04-28T16:14:18.561+0000] {dag.py:3036} INFO - Sync 1 DAGs
[2026-04-28T16:14:18.595+0000] {logging_mixin.py:188} INFO - [2026-04-28T16:14:18.595+0000] {dag.py:3823} INFO - Setting next_dagrun for energy_pipeline to 2026-04-28 00:00:00+00:00, run_after=2026-04-29 00:00:00+00:00
[2026-04-28T16:14:18.622+0000] {processor.py:183} INFO - Processing /opt/airflow/dags/pipeline_dag.py took 0.189 seconds
[2026-04-28T16:14:49.044+0000] {processor.py:161} INFO - Started process (PID=110) to work on /opt/airflow/dags/pipeline_dag.py
[2026-04-28T16:14:49.046+0000] {processor.py:830} INFO - Processing file /opt/airflow/dags/pipeline_dag.py for tasks to queue
[2026-04-28T16:14:49.047+0000] {logging_mixin.py:188} INFO - [2026-04-28T16:14:49.046+0000] {dagbag.py:538} INFO - Filling up the DagBag from /opt/airflow/dags/pipeline_dag.py
[2026-04-28T16:14:49.063+0000] {processor.py:840} INFO - DAG(s) 'energy_pipeline' retrieved from /opt/airflow/dags/pipeline_dag.py
[2026-04-28T16:14:49.101+0000] {logging_mixin.py:188} INFO - [2026-04-28T16:14:49.101+0000] {dag.py:3036} INFO - Sync 1 DAGs
[2026-04-28T16:14:49.132+0000] {logging_mixin.py:188} INFO - [2026-04-28T16:14:49.132+0000] {dag.py:3823} INFO - Setting next_dagrun for energy_pipeline to 2026-04-28 00:00:00+00:00, run_after=2026-04-29 00:00:00+00:00
[2026-04-28T16:14:49.160+0000] {processor.py:183} INFO - Processing /opt/airflow/dags/pipeline_dag.py took 0.123 seconds
[2026-04-28T16:15:19.596+0000] {processor.py:161} INFO - Started process (PID=111) to work on /opt/airflow/dags/pipeline_dag.py
[2026-04-28T16:15:19.598+0000] {processor.py:830} INFO - Processing file /opt/airflow/dags/pipeline_dag.py for tasks to queue
[2026-04-28T16:15:19.599+0000] {logging_mixin.py:188} INFO - [2026-04-28T16:15:19.599+0000] {dagbag.py:538} INFO - Filling up the DagBag from /opt/airflow/dags/pipeline_dag.py
[2026-04-28T16:15:19.618+0000] {processor.py:840} INFO - DAG(s) 'energy_pipeline' retrieved from /opt/airflow/dags/pipeline_dag.py
[2026-04-28T16:15:19.655+0000] {logging_mixin.py:188} INFO - [2026-04-28T16:15:19.654+0000] {dag.py:3036} INFO - Sync 1 DAGs
[2026-04-28T16:15:19.748+0000] {logging_mixin.py:188} INFO - [2026-04-28T16:15:19.748+0000] {dag.py:3823} INFO - Setting next_dagrun for energy_pipeline to 2026-04-28 00:00:00+00:00, run_after=2026-04-29 00:00:00+00:00
[2026-04-28T16:15:19.915+0000] {processor.py:183} INFO - Processing /opt/airflow/dags/pipeline_dag.py took 0.323 seconds
[2026-04-28T16:15:50.373+0000] {processor.py:161} INFO - Started process (PID=112) to work on /opt/airflow/dags/pipeline_dag.py
[2026-04-28T16:15:50.375+0000] {processor.py:830} INFO - Processing file /opt/airflow/dags/pipeline_dag.py for tasks to queue
[2026-04-28T16:15:50.376+0000] {logging_mixin.py:188} INFO - [2026-04-28T16:15:50.376+0000] {dagbag.py:538} INFO - Filling up the DagBag from /opt/airflow/dags/pipeline_dag.py
[2026-04-28T16:15:50.392+0000] {processor.py:840} INFO - DAG(s) 'energy_pipeline' retrieved from /opt/airflow/dags/pipeline_dag.py
[2026-04-28T16:15:50.487+0000] {logging_mixin.py:188} INFO - [2026-04-28T16:15:50.487+0000] {dag.py:3036} INFO - Sync 1 DAGs
[2026-04-28T16:15:50.652+0000] {logging_mixin.py:188} INFO - [2026-04-28T16:15:50.651+0000] {dag.py:3823} INFO - Setting next_dagrun for energy_pipeline to 2026-04-28 00:00:00+00:00, run_after=2026-04-29 00:00:00+00:00
[2026-04-28T16:15:50.716+0000] {processor.py:183} INFO - Processing /opt/airflow/dags/pipeline_dag.py took 0.346 seconds
[2026-04-28T16:16:21.079+0000] {processor.py:161} INFO - Started process (PID=113) to work on /opt/airflow/dags/pipeline_dag.py
[2026-04-28T16:16:21.080+0000] {processor.py:830} INFO - Processing file /opt/airflow/dags/pipeline_dag.py for tasks to queue
[2026-04-28T16:16:21.082+0000] {logging_mixin.py:188} INFO - [2026-04-28T16:16:21.081+0000] {dagbag.py:538} INFO - Filling up the DagBag from /opt/airflow/dags/pipeline_dag.py
[2026-04-28T16:16:21.101+0000] {processor.py:840} INFO - DAG(s) 'energy_pipeline' retrieved from /opt/airflow/dags/pipeline_dag.py
[2026-04-28T16:16:21.130+0000] {logging_mixin.py:188} INFO - [2026-04-28T16:16:21.130+0000] {dag.py:3036} INFO - Sync 1 DAGs
[2026-04-28T16:16:21.153+0000] {logging_mixin.py:188} INFO - [2026-04-28T16:16:21.153+0000] {dag.py:3823} INFO - Setting next_dagrun for energy_pipeline to 2026-04-28 00:00:00+00:00, run_after=2026-04-29 00:00:00+00:00
[2026-04-28T16:16:21.179+0000] {processor.py:183} INFO - Processing /opt/airflow/dags/pipeline_dag.py took 0.104 seconds
[2026-04-28T16:16:51.622+0000] {processor.py:161} INFO - Started process (PID=114) to work on /opt/airflow/dags/pipeline_dag.py
[2026-04-28T16:16:51.624+0000] {processor.py:830} INFO - Processing file /opt/airflow/dags/pipeline_dag.py for tasks to queue
[2026-04-28T16:16:51.626+0000] {logging_mixin.py:188} INFO - [2026-04-28T16:16:51.625+0000] {dagbag.py:538} INFO - Filling up the DagBag from /opt/airflow/dags/pipeline_dag.py
[2026-04-28T16:16:51.649+0000] {processor.py:840} INFO - DAG(s) 'energy_pipeline' retrieved from /opt/airflow/dags/pipeline_dag.py
[2026-04-28T16:16:51.760+0000] {logging_mixin.py:188} INFO - [2026-04-28T16:16:51.759+0000] {dag.py:3036} INFO - Sync 1 DAGs
[2026-04-28T16:16:51.797+0000] {logging_mixin.py:188} INFO - [2026-04-28T16:16:51.797+0000] {dag.py:3823} INFO - Setting next_dagrun for energy_pipeline to 2026-04-28 00:00:00+00:00, run_after=2026-04-29 00:00:00+00:00
[2026-04-28T16:16:51.834+0000] {processor.py:183} INFO - Processing /opt/airflow/dags/pipeline_dag.py took 0.218 seconds
[2026-04-28T16:17:22.243+0000] {processor.py:161} INFO - Started process (PID=115) to work on /opt/airflow/dags/pipeline_dag.py
[2026-04-28T16:17:22.244+0000] {processor.py:830} INFO - Processing file /opt/airflow/dags/pipeline_dag.py for tasks to queue
[2026-04-28T16:17:22.252+0000] {logging_mixin.py:188} INFO - [2026-04-28T16:17:22.251+0000] {dagbag.py:538} INFO - Filling up the DagBag from /opt/airflow/dags/pipeline_dag.py
[2026-04-28T16:17:22.274+0000] {processor.py:840} INFO - DAG(s) 'energy_pipeline' retrieved from /opt/airflow/dags/pipeline_dag.py
[2026-04-28T16:17:22.312+0000] {logging_mixin.py:188} INFO - [2026-04-28T16:17:22.312+0000] {dag.py:3036} INFO - Sync 1 DAGs
[2026-04-28T16:17:22.345+0000] {logging_mixin.py:188} INFO - [2026-04-28T16:17:22.345+0000] {dag.py:3823} INFO - Setting next_dagrun for energy_pipeline to 2026-04-28 00:00:00+00:00, run_after=2026-04-29 00:00:00+00:00
[2026-04-28T16:17:22.388+0000] {processor.py:183} INFO - Processing /opt/airflow/dags/pipeline_dag.py took 0.149 seconds
[2026-04-28T16:17:53.218+0000] {processor.py:161} INFO - Started process (PID=116) to work on /opt/airflow/dags/pipeline_dag.py
[2026-04-28T16:17:53.221+0000] {processor.py:830} INFO - Processing file /opt/airflow/dags/pipeline_dag.py for tasks to queue
[2026-04-28T16:17:53.224+0000] {logging_mixin.py:188} INFO - [2026-04-28T16:17:53.222+0000] {dagbag.py:538} INFO - Filling up the DagBag from /opt/airflow/dags/pipeline_dag.py
[2026-04-28T16:17:53.268+0000] {processor.py:840} INFO - DAG(s) 'energy_pipeline' retrieved from /opt/airflow/dags/pipeline_dag.py
[2026-04-28T16:17:53.425+0000] {logging_mixin.py:188} INFO - [2026-04-28T16:17:53.425+0000] {dag.py:3036} INFO - Sync 1 DAGs
[2026-04-28T16:17:53.458+0000] {logging_mixin.py:188} INFO - [2026-04-28T16:17:53.458+0000] {dag.py:3823} INFO - Setting next_dagrun for energy_pipeline to 2026-04-28 00:00:00+00:00, run_after=2026-04-29 00:00:00+00:00
[2026-04-28T16:17:53.487+0000] {processor.py:183} INFO - Processing /opt/airflow/dags/pipeline_dag.py took 0.281 seconds
[2026-04-28T16:18:23.714+0000] {processor.py:161} INFO - Started process (PID=117) to work on /opt/airflow/dags/pipeline_dag.py
[2026-04-28T16:18:23.721+0000] {processor.py:830} INFO - Processing file /opt/airflow/dags/pipeline_dag.py for tasks to queue
[2026-04-28T16:18:23.724+0000] {logging_mixin.py:188} INFO - [2026-04-28T16:18:23.722+0000] {dagbag.py:538} INFO - Filling up the DagBag from /opt/airflow/dags/pipeline_dag.py
[2026-04-28T16:18:23.746+0000] {processor.py:840} INFO - DAG(s) 'energy_pipeline' retrieved from /opt/airflow/dags/pipeline_dag.py
[2026-04-28T16:18:23.787+0000] {logging_mixin.py:188} INFO - [2026-04-28T16:18:23.787+0000] {dag.py:3036} INFO - Sync 1 DAGs
[2026-04-28T16:18:23.845+0000] {logging_mixin.py:188} INFO - [2026-04-28T16:18:23.845+0000] {dag.py:3823} INFO - Setting next_dagrun for energy_pipeline to 2026-04-28 00:00:00+00:00, run_after=2026-04-29 00:00:00+00:00
[2026-04-28T16:18:23.980+0000] {processor.py:183} INFO - Processing /opt/airflow/dags/pipeline_dag.py took 0.300 seconds
[2026-04-28T16:18:54.356+0000] {processor.py:161} INFO - Started process (PID=118) to work on /opt/airflow/dags/pipeline_dag.py
[2026-04-28T16:18:54.359+0000] {processor.py:830} INFO - Processing file /opt/airflow/dags/pipeline_dag.py for tasks to queue
[2026-04-28T16:18:54.378+0000] {logging_mixin.py:188} INFO - [2026-04-28T16:18:54.363+0000] {dagbag.py:538} INFO - Filling up the DagBag from /opt/airflow/dags/pipeline_dag.py
[2026-04-28T16:18:54.821+0000] {processor.py:840} INFO - DAG(s) 'energy_pipeline' retrieved from /opt/airflow/dags/pipeline_dag.py
[2026-04-28T16:18:55.291+0000] {logging_mixin.py:188} INFO - [2026-04-28T16:18:55.290+0000] {dag.py:3036} INFO - Sync 1 DAGs
[2026-04-28T16:18:55.953+0000] {logging_mixin.py:188} INFO - [2026-04-28T16:18:55.952+0000] {dag.py:3823} INFO - Setting next_dagrun for energy_pipeline to 2026-04-28 00:00:00+00:00, run_after=2026-04-29 00:00:00+00:00
[2026-04-28T16:18:56.188+0000] {processor.py:183} INFO - Processing /opt/airflow/dags/pipeline_dag.py took 1.845 seconds
[2026-04-28T16:19:26.417+0000] {processor.py:161} INFO - Started process (PID=119) to work on /opt/airflow/dags/pipeline_dag.py
[2026-04-28T16:19:26.418+0000] {processor.py:830} INFO - Processing file /opt/airflow/dags/pipeline_dag.py for tasks to queue
[2026-04-28T16:19:26.419+0000] {logging_mixin.py:188} INFO - [2026-04-28T16:19:26.419+0000] {dagbag.py:538} INFO - Filling up the DagBag from /opt/airflow/dags/pipeline_dag.py
[2026-04-28T16:19:26.438+0000] {processor.py:840} INFO - DAG(s) 'energy_pipeline' retrieved from /opt/airflow/dags/pipeline_dag.py
[2026-04-28T16:19:26.484+0000] {logging_mixin.py:188} INFO - [2026-04-28T16:19:26.484+0000] {dag.py:3036} INFO - Sync 1 DAGs
[2026-04-28T16:19:26.690+0000] {logging_mixin.py:188} INFO - [2026-04-28T16:19:26.689+0000] {dag.py:3823} INFO - Setting next_dagrun for energy_pipeline to 2026-04-28 00:00:00+00:00, run_after=2026-04-29 00:00:00+00:00
[2026-04-28T16:19:26.932+0000] {processor.py:183} INFO - Processing /opt/airflow/dags/pipeline_dag.py took 0.518 seconds
[2026-04-28T16:19:57.245+0000] {processor.py:161} INFO - Started process (PID=120) to work on /opt/airflow/dags/pipeline_dag.py
[2026-04-28T16:19:57.248+0000] {processor.py:830} INFO - Processing file /opt/airflow/dags/pipeline_dag.py for tasks to queue
[2026-04-28T16:19:57.250+0000] {logging_mixin.py:188} INFO - [2026-04-28T16:19:57.249+0000] {dagbag.py:538} INFO - Filling up the DagBag from /opt/airflow/dags/pipeline_dag.py
[2026-04-28T16:19:57.276+0000] {processor.py:840} INFO - DAG(s) 'energy_pipeline' retrieved from /opt/airflow/dags/pipeline_dag.py
[2026-04-28T16:19:57.344+0000] {logging_mixin.py:188} INFO - [2026-04-28T16:19:57.344+0000] {dag.py:3036} INFO - Sync 1 DAGs
[2026-04-28T16:19:57.553+0000] {logging_mixin.py:188} INFO - [2026-04-28T16:19:57.553+0000] {dag.py:3823} INFO - Setting next_dagrun for energy_pipeline to 2026-04-28 00:00:00+00:00, run_after=2026-04-29 00:00:00+00:00
[2026-04-28T16:19:57.658+0000] {processor.py:183} INFO - Processing /opt/airflow/dags/pipeline_dag.py took 0.419 seconds
[2026-04-28T16:20:27.961+0000] {processor.py:161} INFO - Started process (PID=121) to work on /opt/airflow/dags/pipeline_dag.py
[2026-04-28T16:20:27.962+0000] {processor.py:830} INFO - Processing file /opt/airflow/dags/pipeline_dag.py for tasks to queue
[2026-04-28T16:20:27.964+0000] {logging_mixin.py:188} INFO - [2026-04-28T16:20:27.963+0000] {dagbag.py:538} INFO - Filling up the DagBag from /opt/airflow/dags/pipeline_dag.py
[2026-04-28T16:20:27.981+0000] {processor.py:840} INFO - DAG(s) 'energy_pipeline' retrieved from /opt/airflow/dags/pipeline_dag.py
[2026-04-28T16:20:28.006+0000] {logging_mixin.py:188} INFO - [2026-04-28T16:20:28.006+0000] {dag.py:3036} INFO - Sync 1 DAGs
[2026-04-28T16:20:28.034+0000] {logging_mixin.py:188} INFO - [2026-04-28T16:20:28.033+0000] {dag.py:3823} INFO - Setting next_dagrun for energy_pipeline to 2026-04-28 00:00:00+00:00, run_after=2026-04-29 00:00:00+00:00
[2026-04-28T16:20:28.077+0000] {processor.py:183} INFO - Processing /opt/airflow/dags/pipeline_dag.py took 0.120 seconds
[2026-04-28T16:20:58.281+0000] {processor.py:161} INFO - Started process (PID=122) to work on /opt/airflow/dags/pipeline_dag.py
[2026-04-28T16:20:58.282+0000] {processor.py:830} INFO - Processing file /opt/airflow/dags/pipeline_dag.py for tasks to queue
[2026-04-28T16:20:58.284+0000] {logging_mixin.py:188} INFO - [2026-04-28T16:20:58.283+0000] {dagbag.py:538} INFO - Filling up the DagBag from /opt/airflow/dags/pipeline_dag.py
[2026-04-28T16:20:58.301+0000] {processor.py:840} INFO - DAG(s) 'energy_pipeline' retrieved from /opt/airflow/dags/pipeline_dag.py
[2026-04-28T16:20:58.335+0000] {logging_mixin.py:188} INFO - [2026-04-28T16:20:58.335+0000] {dag.py:3036} INFO - Sync 1 DAGs
[2026-04-28T16:20:58.377+0000] {logging_mixin.py:188} INFO - [2026-04-28T16:20:58.377+0000] {dag.py:3823} INFO - Setting next_dagrun for energy_pipeline to 2026-04-28 00:00:00+00:00, run_after=2026-04-29 00:00:00+00:00
[2026-04-28T16:20:58.464+0000] {processor.py:183} INFO - Processing /opt/airflow/dags/pipeline_dag.py took 0.187 seconds
[2026-04-28T16:21:28.593+0000] {processor.py:161} INFO - Started process (PID=123) to work on /opt/airflow/dags/pipeline_dag.py
[2026-04-28T16:21:28.594+0000] {processor.py:830} INFO - Processing file /opt/airflow/dags/pipeline_dag.py for tasks to queue
[2026-04-28T16:21:28.595+0000] {logging_mixin.py:188} INFO - [2026-04-28T16:21:28.595+0000] {dagbag.py:538} INFO - Filling up the DagBag from /opt/airflow/dags/pipeline_dag.py
[2026-04-28T16:21:28.613+0000] {processor.py:840} INFO - DAG(s) 'energy_pipeline' retrieved from /opt/airflow/dags/pipeline_dag.py
[2026-04-28T16:21:28.655+0000] {logging_mixin.py:188} INFO - [2026-04-28T16:21:28.655+0000] {dag.py:3036} INFO - Sync 1 DAGs
[2026-04-28T16:21:28.688+0000] {logging_mixin.py:188} INFO - [2026-04-28T16:21:28.688+0000] {dag.py:3823} INFO - Setting next_dagrun for energy_pipeline to 2026-04-28 00:00:00+00:00, run_after=2026-04-29 00:00:00+00:00
[2026-04-28T16:21:28.731+0000] {processor.py:183} INFO - Processing /opt/airflow/dags/pipeline_dag.py took 0.142 seconds
[2026-04-28T16:22:06.013+0000] {processor.py:161} INFO - Started process (PID=82) to work on /opt/airflow/dags/pipeline_dag.py
[2026-04-28T16:22:06.018+0000] {processor.py:830} INFO - Processing file /opt/airflow/dags/pipeline_dag.py for tasks to queue
[2026-04-28T16:22:06.023+0000] {logging_mixin.py:188} INFO - [2026-04-28T16:22:06.022+0000] {dagbag.py:538} INFO - Filling up the DagBag from /opt/airflow/dags/pipeline_dag.py
[2026-04-28T16:22:06.058+0000] {processor.py:840} INFO - DAG(s) 'energy_pipeline' retrieved from /opt/airflow/dags/pipeline_dag.py
[2026-04-28T16:22:06.114+0000] {logging_mixin.py:188} INFO - [2026-04-28T16:22:06.103+0000] {dag.py:3036} INFO - Sync 1 DAGs
[2026-04-28T16:22:06.563+0000] {logging_mixin.py:188} INFO - [2026-04-28T16:22:06.562+0000] {dag.py:3823} INFO - Setting next_dagrun for energy_pipeline to 2026-04-28 00:00:00+00:00, run_after=2026-04-29 00:00:00+00:00
[2026-04-28T16:22:06.610+0000] {processor.py:183} INFO - Processing /opt/airflow/dags/pipeline_dag.py took 0.608 seconds
[2026-04-28T16:22:37.719+0000] {processor.py:161} INFO - Started process (PID=106) to work on /opt/airflow/dags/pipeline_dag.py
[2026-04-28T16:22:37.721+0000] {processor.py:830} INFO - Processing file /opt/airflow/dags/pipeline_dag.py for tasks to queue
[2026-04-28T16:22:37.722+0000] {logging_mixin.py:188} INFO - [2026-04-28T16:22:37.722+0000] {dagbag.py:538} INFO - Filling up the DagBag from /opt/airflow/dags/pipeline_dag.py
[2026-04-28T16:22:37.753+0000] {processor.py:840} INFO - DAG(s) 'energy_pipeline' retrieved from /opt/airflow/dags/pipeline_dag.py
[2026-04-28T16:22:37.962+0000] {logging_mixin.py:188} INFO - [2026-04-28T16:22:37.961+0000] {dag.py:3036} INFO - Sync 1 DAGs
[2026-04-28T16:22:37.996+0000] {logging_mixin.py:188} INFO - [2026-04-28T16:22:37.995+0000] {dag.py:3823} INFO - Setting next_dagrun for energy_pipeline to 2026-04-28 00:00:00+00:00, run_after=2026-04-29 00:00:00+00:00
[2026-04-28T16:22:38.039+0000] {processor.py:183} INFO - Processing /opt/airflow/dags/pipeline_dag.py took 0.324 seconds
[2026-04-28T16:23:08.902+0000] {processor.py:161} INFO - Started process (PID=107) to work on /opt/airflow/dags/pipeline_dag.py
[2026-04-28T16:23:08.904+0000] {processor.py:830} INFO - Processing file /opt/airflow/dags/pipeline_dag.py for tasks to queue
[2026-04-28T16:23:08.905+0000] {logging_mixin.py:188} INFO - [2026-04-28T16:23:08.904+0000] {dagbag.py:538} INFO - Filling up the DagBag from /opt/airflow/dags/pipeline_dag.py
[2026-04-28T16:23:08.919+0000] {processor.py:840} INFO - DAG(s) 'energy_pipeline' retrieved from /opt/airflow/dags/pipeline_dag.py
[2026-04-28T16:23:08.945+0000] {logging_mixin.py:188} INFO - [2026-04-28T16:23:08.945+0000] {dag.py:3036} INFO - Sync 1 DAGs
[2026-04-28T16:23:08.971+0000] {logging_mixin.py:188} INFO - [2026-04-28T16:23:08.971+0000] {dag.py:3823} INFO - Setting next_dagrun for energy_pipeline to 2026-04-28 00:00:00+00:00, run_after=2026-04-29 00:00:00+00:00
[2026-04-28T16:23:09.000+0000] {processor.py:183} INFO - Processing /opt/airflow/dags/pipeline_dag.py took 0.101 seconds
[2026-04-28T16:23:39.242+0000] {processor.py:161} INFO - Started process (PID=108) to work on /opt/airflow/dags/pipeline_dag.py
[2026-04-28T16:23:39.243+0000] {processor.py:830} INFO - Processing file /opt/airflow/dags/pipeline_dag.py for tasks to queue
[2026-04-28T16:23:39.244+0000] {logging_mixin.py:188} INFO - [2026-04-28T16:23:39.243+0000] {dagbag.py:538} INFO - Filling up the DagBag from /opt/airflow/dags/pipeline_dag.py
[2026-04-28T16:23:39.258+0000] {processor.py:840} INFO - DAG(s) 'energy_pipeline' retrieved from /opt/airflow/dags/pipeline_dag.py
[2026-04-28T16:23:39.283+0000] {logging_mixin.py:188} INFO - [2026-04-28T16:23:39.283+0000] {dag.py:3036} INFO - Sync 1 DAGs
[2026-04-28T16:23:39.311+0000] {logging_mixin.py:188} INFO - [2026-04-28T16:23:39.311+0000] {dag.py:3823} INFO - Setting next_dagrun for energy_pipeline to 2026-04-28 00:00:00+00:00, run_after=2026-04-29 00:00:00+00:00
[2026-04-28T16:23:39.337+0000] {processor.py:183} INFO - Processing /opt/airflow/dags/pipeline_dag.py took 0.099 seconds
[2026-04-28T16:24:09.525+0000] {processor.py:161} INFO - Started process (PID=109) to work on /opt/airflow/dags/pipeline_dag.py
[2026-04-28T16:24:09.526+0000] {processor.py:830} INFO - Processing file /opt/airflow/dags/pipeline_dag.py for tasks to queue
[2026-04-28T16:24:09.528+0000] {logging_mixin.py:188} INFO - [2026-04-28T16:24:09.527+0000] {dagbag.py:538} INFO - Filling up the DagBag from /opt/airflow/dags/pipeline_dag.py
[2026-04-28T16:24:09.549+0000] {processor.py:840} INFO - DAG(s) 'energy_pipeline' retrieved from /opt/airflow/dags/pipeline_dag.py
[2026-04-28T16:24:09.593+0000] {logging_mixin.py:188} INFO - [2026-04-28T16:24:09.592+0000] {dag.py:3036} INFO - Sync 1 DAGs
[2026-04-28T16:24:09.625+0000] {logging_mixin.py:188} INFO - [2026-04-28T16:24:09.625+0000] {dag.py:3823} INFO - Setting next_dagrun for energy_pipeline to 2026-04-28 00:00:00+00:00, run_after=2026-04-29 00:00:00+00:00
[2026-04-28T16:24:09.659+0000] {processor.py:183} INFO - Processing /opt/airflow/dags/pipeline_dag.py took 0.139 seconds
[2026-04-28T16:25:17.899+0000] {processor.py:161} INFO - Started process (PID=82) to work on /opt/airflow/dags/pipeline_dag.py
[2026-04-28T16:25:17.906+0000] {processor.py:830} INFO - Processing file /opt/airflow/dags/pipeline_dag.py for tasks to queue
[2026-04-28T16:25:17.911+0000] {logging_mixin.py:188} INFO - [2026-04-28T16:25:17.909+0000] {dagbag.py:538} INFO - Filling up the DagBag from /opt/airflow/dags/pipeline_dag.py
[2026-04-28T16:25:17.963+0000] {processor.py:840} INFO - DAG(s) 'energy_pipeline' retrieved from /opt/airflow/dags/pipeline_dag.py
[2026-04-28T16:25:18.029+0000] {logging_mixin.py:188} INFO - [2026-04-28T16:25:18.011+0000] {dag.py:3036} INFO - Sync 1 DAGs
[2026-04-28T16:25:18.562+0000] {logging_mixin.py:188} INFO - [2026-04-28T16:25:18.561+0000] {dag.py:3823} INFO - Setting next_dagrun for energy_pipeline to 2026-04-28 00:00:00+00:00, run_after=2026-04-29 00:00:00+00:00
[2026-04-28T16:25:18.604+0000] {processor.py:183} INFO - Processing /opt/airflow/dags/pipeline_dag.py took 0.719 seconds
[2026-04-28T16:26:17.565+0000] {processor.py:161} INFO - Started process (PID=82) to work on /opt/airflow/dags/pipeline_dag.py
[2026-04-28T16:26:17.567+0000] {processor.py:830} INFO - Processing file /opt/airflow/dags/pipeline_dag.py for tasks to queue
[2026-04-28T16:26:17.571+0000] {logging_mixin.py:188} INFO - [2026-04-28T16:26:17.568+0000] {dagbag.py:538} INFO - Filling up the DagBag from /opt/airflow/dags/pipeline_dag.py
[2026-04-28T16:26:17.621+0000] {processor.py:840} INFO - DAG(s) 'energy_pipeline' retrieved from /opt/airflow/dags/pipeline_dag.py
[2026-04-28T16:26:17.653+0000] {logging_mixin.py:188} INFO - [2026-04-28T16:26:17.643+0000] {dag.py:3036} INFO - Sync 1 DAGs
[2026-04-28T16:26:17.895+0000] {logging_mixin.py:188} INFO - [2026-04-28T16:26:17.894+0000] {dag.py:3823} INFO - Setting next_dagrun for energy_pipeline to 2026-04-28 00:00:00+00:00, run_after=2026-04-29 00:00:00+00:00
[2026-04-28T16:26:17.937+0000] {processor.py:183} INFO - Processing /opt/airflow/dags/pipeline_dag.py took 0.377 seconds
[2026-04-28T16:26:48.426+0000] {processor.py:161} INFO - Started process (PID=106) to work on /opt/airflow/dags/pipeline_dag.py
[2026-04-28T16:26:48.434+0000] {processor.py:830} INFO - Processing file /opt/airflow/dags/pipeline_dag.py for tasks to queue
[2026-04-28T16:26:48.440+0000] {logging_mixin.py:188} INFO - [2026-04-28T16:26:48.438+0000] {dagbag.py:538} INFO - Filling up the DagBag from /opt/airflow/dags/pipeline_dag.py
[2026-04-28T16:26:48.493+0000] {processor.py:840} INFO - DAG(s) 'energy_pipeline' retrieved from /opt/airflow/dags/pipeline_dag.py
[2026-04-28T16:26:48.865+0000] {logging_mixin.py:188} INFO - [2026-04-28T16:26:48.865+0000] {dag.py:3036} INFO - Sync 1 DAGs
[2026-04-28T16:26:48.915+0000] {logging_mixin.py:188} INFO - [2026-04-28T16:26:48.915+0000] {dag.py:3823} INFO - Setting next_dagrun for energy_pipeline to 2026-04-28 00:00:00+00:00, run_after=2026-04-29 00:00:00+00:00
[2026-04-28T16:26:48.971+0000] {processor.py:183} INFO - Processing /opt/airflow/dags/pipeline_dag.py took 0.556 seconds
[2026-04-28T16:27:19.622+0000] {processor.py:161} INFO - Started process (PID=107) to work on /opt/airflow/dags/pipeline_dag.py
[2026-04-28T16:27:19.625+0000] {processor.py:830} INFO - Processing file /opt/airflow/dags/pipeline_dag.py for tasks to queue
[2026-04-28T16:27:19.626+0000] {logging_mixin.py:188} INFO - [2026-04-28T16:27:19.625+0000] {dagbag.py:538} INFO - Filling up the DagBag from /opt/airflow/dags/pipeline_dag.py
[2026-04-28T16:27:19.671+0000] {processor.py:840} INFO - DAG(s) 'energy_pipeline' retrieved from /opt/airflow/dags/pipeline_dag.py
[2026-04-28T16:27:19.776+0000] {logging_mixin.py:188} INFO - [2026-04-28T16:27:19.776+0000] {dag.py:3036} INFO - Sync 1 DAGs
[2026-04-28T16:27:19.857+0000] {logging_mixin.py:188} INFO - [2026-04-28T16:27:19.855+0000] {dag.py:3823} INFO - Setting next_dagrun for energy_pipeline to 2026-04-28 00:00:00+00:00, run_after=2026-04-29 00:00:00+00:00
[2026-04-28T16:27:19.932+0000] {processor.py:183} INFO - Processing /opt/airflow/dags/pipeline_dag.py took 0.331 seconds
[2026-04-28T16:27:50.334+0000] {processor.py:161} INFO - Started process (PID=108) to work on /opt/airflow/dags/pipeline_dag.py
[2026-04-28T16:27:50.336+0000] {processor.py:830} INFO - Processing file /opt/airflow/dags/pipeline_dag.py for tasks to queue
[2026-04-28T16:27:50.337+0000] {logging_mixin.py:188} INFO - [2026-04-28T16:27:50.337+0000] {dagbag.py:538} INFO - Filling up the DagBag from /opt/airflow/dags/pipeline_dag.py
[2026-04-28T16:27:50.389+0000] {processor.py:840} INFO - DAG(s) 'energy_pipeline' retrieved from /opt/airflow/dags/pipeline_dag.py
[2026-04-28T16:27:50.558+0000] {logging_mixin.py:188} INFO - [2026-04-28T16:27:50.558+0000] {dag.py:3036} INFO - Sync 1 DAGs
[2026-04-28T16:27:50.671+0000] {logging_mixin.py:188} INFO - [2026-04-28T16:27:50.671+0000] {dag.py:3823} INFO - Setting next_dagrun for energy_pipeline to 2026-04-28 00:00:00+00:00, run_after=2026-04-29 00:00:00+00:00
[2026-04-28T16:27:50.721+0000] {processor.py:183} INFO - Processing /opt/airflow/dags/pipeline_dag.py took 0.405 seconds
[2026-04-28T16:28:21.135+0000] {processor.py:161} INFO - Started process (PID=109) to work on /opt/airflow/dags/pipeline_dag.py
[2026-04-28T16:28:21.148+0000] {processor.py:830} INFO - Processing file /opt/airflow/dags/pipeline_dag.py for tasks to queue
[2026-04-28T16:28:21.155+0000] {logging_mixin.py:188} INFO - [2026-04-28T16:28:21.152+0000] {dagbag.py:538} INFO - Filling up the DagBag from /opt/airflow/dags/pipeline_dag.py
[2026-04-28T16:28:21.250+0000] {processor.py:840} INFO - DAG(s) 'energy_pipeline' retrieved from /opt/airflow/dags/pipeline_dag.py
[2026-04-28T16:28:21.353+0000] {logging_mixin.py:188} INFO - [2026-04-28T16:28:21.353+0000] {dag.py:3036} INFO - Sync 1 DAGs
[2026-04-28T16:28:21.389+0000] {logging_mixin.py:188} INFO - [2026-04-28T16:28:21.389+0000] {dag.py:3823} INFO - Setting next_dagrun for energy_pipeline to 2026-04-28 00:00:00+00:00, run_after=2026-04-29 00:00:00+00:00
[2026-04-28T16:28:21.425+0000] {processor.py:183} INFO - Processing /opt/airflow/dags/pipeline_dag.py took 0.311 seconds
[2026-04-28T16:28:51.929+0000] {processor.py:161} INFO - Started process (PID=110) to work on /opt/airflow/dags/pipeline_dag.py
[2026-04-28T16:28:51.931+0000] {processor.py:830} INFO - Processing file /opt/airflow/dags/pipeline_dag.py for tasks to queue
[2026-04-28T16:28:51.933+0000] {logging_mixin.py:188} INFO - [2026-04-28T16:28:51.933+0000] {dagbag.py:538} INFO - Filling up the DagBag from /opt/airflow/dags/pipeline_dag.py
[2026-04-28T16:28:51.967+0000] {processor.py:840} INFO - DAG(s) 'energy_pipeline' retrieved from /opt/airflow/dags/pipeline_dag.py
[2026-04-28T16:28:52.055+0000] {logging_mixin.py:188} INFO - [2026-04-28T16:28:52.054+0000] {dag.py:3036} INFO - Sync 1 DAGs
[2026-04-28T16:28:52.118+0000] {logging_mixin.py:188} INFO - [2026-04-28T16:28:52.117+0000] {dag.py:3823} INFO - Setting next_dagrun for energy_pipeline to 2026-04-28 00:00:00+00:00, run_after=2026-04-29 00:00:00+00:00
[2026-04-28T16:28:52.170+0000] {processor.py:183} INFO - Processing /opt/airflow/dags/pipeline_dag.py took 0.252 seconds
[2026-04-28T16:29:22.480+0000] {processor.py:161} INFO - Started process (PID=111) to work on /opt/airflow/dags/pipeline_dag.py
[2026-04-28T16:29:22.482+0000] {processor.py:830} INFO - Processing file /opt/airflow/dags/pipeline_dag.py for tasks to queue
[2026-04-28T16:29:22.483+0000] {logging_mixin.py:188} INFO - [2026-04-28T16:29:22.482+0000] {dagbag.py:538} INFO - Filling up the DagBag from /opt/airflow/dags/pipeline_dag.py
[2026-04-28T16:29:22.509+0000] {processor.py:840} INFO - DAG(s) 'energy_pipeline' retrieved from /opt/airflow/dags/pipeline_dag.py
[2026-04-28T16:29:22.544+0000] {logging_mixin.py:188} INFO - [2026-04-28T16:29:22.543+0000] {dag.py:3036} INFO - Sync 1 DAGs
[2026-04-28T16:29:22.577+0000] {logging_mixin.py:188} INFO - [2026-04-28T16:29:22.576+0000] {dag.py:3823} INFO - Setting next_dagrun for energy_pipeline to 2026-04-28 00:00:00+00:00, run_after=2026-04-29 00:00:00+00:00
[2026-04-28T16:29:22.612+0000] {processor.py:183} INFO - Processing /opt/airflow/dags/pipeline_dag.py took 0.139 seconds
[2026-04-28T16:29:53.004+0000] {processor.py:161} INFO - Started process (PID=112) to work on /opt/airflow/dags/pipeline_dag.py
[2026-04-28T16:29:53.006+0000] {processor.py:830} INFO - Processing file /opt/airflow/dags/pipeline_dag.py for tasks to queue
[2026-04-28T16:29:53.007+0000] {logging_mixin.py:188} INFO - [2026-04-28T16:29:53.006+0000] {dagbag.py:538} INFO - Filling up the DagBag from /opt/airflow/dags/pipeline_dag.py
[2026-04-28T16:29:53.028+0000] {processor.py:840} INFO - DAG(s) 'energy_pipeline' retrieved from /opt/airflow/dags/pipeline_dag.py
[2026-04-28T16:29:53.060+0000] {logging_mixin.py:188} INFO - [2026-04-28T16:29:53.059+0000] {dag.py:3036} INFO - Sync 1 DAGs
[2026-04-28T16:29:53.089+0000] {logging_mixin.py:188} INFO - [2026-04-28T16:29:53.089+0000] {dag.py:3823} INFO - Setting next_dagrun for energy_pipeline to 2026-04-28 00:00:00+00:00, run_after=2026-04-29 00:00:00+00:00
[2026-04-28T16:29:53.120+0000] {processor.py:183} INFO - Processing /opt/airflow/dags/pipeline_dag.py took 0.120 seconds
[2026-04-28T16:30:23.602+0000] {processor.py:161} INFO - Started process (PID=113) to work on /opt/airflow/dags/pipeline_dag.py
[2026-04-28T16:30:23.603+0000] {processor.py:830} INFO - Processing file /opt/airflow/dags/pipeline_dag.py for tasks to queue
[2026-04-28T16:30:23.605+0000] {logging_mixin.py:188} INFO - [2026-04-28T16:30:23.604+0000] {dagbag.py:538} INFO - Filling up the DagBag from /opt/airflow/dags/pipeline_dag.py
[2026-04-28T16:30:23.667+0000] {processor.py:840} INFO - DAG(s) 'energy_pipeline' retrieved from /opt/airflow/dags/pipeline_dag.py
[2026-04-28T16:30:23.721+0000] {logging_mixin.py:188} INFO - [2026-04-28T16:30:23.720+0000] {dag.py:3036} INFO - Sync 1 DAGs
[2026-04-28T16:30:23.776+0000] {logging_mixin.py:188} INFO - [2026-04-28T16:30:23.776+0000] {dag.py:3823} INFO - Setting next_dagrun for energy_pipeline to 2026-04-28 00:00:00+00:00, run_after=2026-04-29 00:00:00+00:00
[2026-04-28T16:30:23.825+0000] {processor.py:183} INFO - Processing /opt/airflow/dags/pipeline_dag.py took 0.228 seconds
[2026-04-28T16:31:22.033+0000] {processor.py:161} INFO - Started process (PID=82) to work on /opt/airflow/dags/pipeline_dag.py
[2026-04-28T16:31:22.035+0000] {processor.py:830} INFO - Processing file /opt/airflow/dags/pipeline_dag.py for tasks to queue
[2026-04-28T16:31:22.037+0000] {logging_mixin.py:188} INFO - [2026-04-28T16:31:22.036+0000] {dagbag.py:538} INFO - Filling up the DagBag from /opt/airflow/dags/pipeline_dag.py
[2026-04-28T16:31:22.057+0000] {processor.py:840} INFO - DAG(s) 'energy_pipeline' retrieved from /opt/airflow/dags/pipeline_dag.py
[2026-04-28T16:31:22.077+0000] {logging_mixin.py:188} INFO - [2026-04-28T16:31:22.073+0000] {dag.py:3036} INFO - Sync 1 DAGs
[2026-04-28T16:31:22.275+0000] {logging_mixin.py:188} INFO - [2026-04-28T16:31:22.275+0000] {dag.py:3823} INFO - Setting next_dagrun for energy_pipeline to 2026-04-28 00:00:00+00:00, run_after=2026-04-29 00:00:00+00:00
[2026-04-28T16:31:22.307+0000] {processor.py:183} INFO - Processing /opt/airflow/dags/pipeline_dag.py took 0.278 seconds
[2026-04-28T16:31:53.548+0000] {processor.py:161} INFO - Started process (PID=106) to work on /opt/airflow/dags/pipeline_dag.py
[2026-04-28T16:31:53.550+0000] {processor.py:830} INFO - Processing file /opt/airflow/dags/pipeline_dag.py for tasks to queue
[2026-04-28T16:31:53.552+0000] {logging_mixin.py:188} INFO - [2026-04-28T16:31:53.551+0000] {dagbag.py:538} INFO - Filling up the DagBag from /opt/airflow/dags/pipeline_dag.py
[2026-04-28T16:31:53.572+0000] {processor.py:840} INFO - DAG(s) 'energy_pipeline' retrieved from /opt/airflow/dags/pipeline_dag.py
[2026-04-28T16:31:53.731+0000] {logging_mixin.py:188} INFO - [2026-04-28T16:31:53.730+0000] {dag.py:3036} INFO - Sync 1 DAGs
[2026-04-28T16:31:53.758+0000] {logging_mixin.py:188} INFO - [2026-04-28T16:31:53.758+0000] {dag.py:3823} INFO - Setting next_dagrun for energy_pipeline to 2026-04-28 00:00:00+00:00, run_after=2026-04-29 00:00:00+00:00
[2026-04-28T16:31:53.800+0000] {processor.py:183} INFO - Processing /opt/airflow/dags/pipeline_dag.py took 0.258 seconds
[2026-04-28T16:32:24.896+0000] {processor.py:161} INFO - Started process (PID=107) to work on /opt/airflow/dags/pipeline_dag.py
[2026-04-28T16:32:24.898+0000] {processor.py:830} INFO - Processing file /opt/airflow/dags/pipeline_dag.py for tasks to queue
[2026-04-28T16:32:24.899+0000] {logging_mixin.py:188} INFO - [2026-04-28T16:32:24.899+0000] {dagbag.py:538} INFO - Filling up the DagBag from /opt/airflow/dags/pipeline_dag.py
[2026-04-28T16:32:24.918+0000] {processor.py:840} INFO - DAG(s) 'energy_pipeline' retrieved from /opt/airflow/dags/pipeline_dag.py
[2026-04-28T16:32:25.017+0000] {logging_mixin.py:188} INFO - [2026-04-28T16:32:25.017+0000] {dag.py:3036} INFO - Sync 1 DAGs
[2026-04-28T16:32:25.061+0000] {logging_mixin.py:188} INFO - [2026-04-28T16:32:25.061+0000] {dag.py:3823} INFO - Setting next_dagrun for energy_pipeline to 2026-04-28 00:00:00+00:00, run_after=2026-04-29 00:00:00+00:00
[2026-04-28T16:32:25.096+0000] {processor.py:183} INFO - Processing /opt/airflow/dags/pipeline_dag.py took 0.204 seconds
[2026-04-28T16:39:49.362+0000] {processor.py:161} INFO - Started process (PID=82) to work on /opt/airflow/dags/pipeline_dag.py
[2026-04-28T16:39:49.369+0000] {processor.py:830} INFO - Processing file /opt/airflow/dags/pipeline_dag.py for tasks to queue
[2026-04-28T16:39:49.377+0000] {logging_mixin.py:188} INFO - [2026-04-28T16:39:49.371+0000] {dagbag.py:538} INFO - Filling up the DagBag from /opt/airflow/dags/pipeline_dag.py
[2026-04-28T16:39:49.499+0000] {processor.py:840} INFO - DAG(s) 'energy_pipeline' retrieved from /opt/airflow/dags/pipeline_dag.py
[2026-04-28T16:39:49.614+0000] {logging_mixin.py:188} INFO - [2026-04-28T16:39:49.599+0000] {dag.py:3036} INFO - Sync 1 DAGs
[2026-04-28T16:39:50.579+0000] {logging_mixin.py:188} INFO - [2026-04-28T16:39:50.578+0000] {dag.py:3823} INFO - Setting next_dagrun for energy_pipeline to 2026-04-28 00:00:00+00:00, run_after=2026-04-29 00:00:00+00:00
[2026-04-28T16:39:50.673+0000] {processor.py:183} INFO - Processing /opt/airflow/dags/pipeline_dag.py took 1.333 seconds
[2026-04-28T16:40:24.536+0000] {processor.py:161} INFO - Started process (PID=101) to work on /opt/airflow/dags/pipeline_dag.py
[2026-04-28T16:40:24.542+0000] {processor.py:830} INFO - Processing file /opt/airflow/dags/pipeline_dag.py for tasks to queue
[2026-04-28T16:40:24.546+0000] {logging_mixin.py:188} INFO - [2026-04-28T16:40:24.544+0000] {dagbag.py:538} INFO - Filling up the DagBag from /opt/airflow/dags/pipeline_dag.py
[2026-04-28T16:40:24.639+0000] {processor.py:840} INFO - DAG(s) 'energy_pipeline' retrieved from /opt/airflow/dags/pipeline_dag.py
[2026-04-28T16:40:25.968+0000] {logging_mixin.py:188} INFO - [2026-04-28T16:40:25.967+0000] {dag.py:3036} INFO - Sync 1 DAGs
[2026-04-28T16:40:26.154+0000] {logging_mixin.py:188} INFO - [2026-04-28T16:40:26.153+0000] {dag.py:3823} INFO - Setting next_dagrun for energy_pipeline to 2026-04-28 00:00:00+00:00, run_after=2026-04-29 00:00:00+00:00
[2026-04-28T16:40:26.361+0000] {processor.py:183} INFO - Processing /opt/airflow/dags/pipeline_dag.py took 1.861 seconds
[2026-04-28T16:40:57.123+0000] {processor.py:161} INFO - Started process (PID=107) to work on /opt/airflow/dags/pipeline_dag.py
[2026-04-28T16:40:57.136+0000] {processor.py:830} INFO - Processing file /opt/airflow/dags/pipeline_dag.py for tasks to queue
[2026-04-28T16:40:57.146+0000] {logging_mixin.py:188} INFO - [2026-04-28T16:40:57.141+0000] {dagbag.py:538} INFO - Filling up the DagBag from /opt/airflow/dags/pipeline_dag.py
[2026-04-28T16:40:57.322+0000] {processor.py:840} INFO - DAG(s) 'energy_pipeline' retrieved from /opt/airflow/dags/pipeline_dag.py
[2026-04-28T16:40:57.564+0000] {logging_mixin.py:188} INFO - [2026-04-28T16:40:57.564+0000] {dag.py:3036} INFO - Sync 1 DAGs
[2026-04-28T16:40:57.678+0000] {logging_mixin.py:188} INFO - [2026-04-28T16:40:57.678+0000] {dag.py:3823} INFO - Setting next_dagrun for energy_pipeline to 2026-04-28 00:00:00+00:00, run_after=2026-04-29 00:00:00+00:00
[2026-04-28T16:40:57.769+0000] {processor.py:183} INFO - Processing /opt/airflow/dags/pipeline_dag.py took 0.728 seconds
[2026-04-28T16:41:28.244+0000] {processor.py:161} INFO - Started process (PID=108) to work on /opt/airflow/dags/pipeline_dag.py
[2026-04-28T16:41:28.250+0000] {processor.py:830} INFO - Processing file /opt/airflow/dags/pipeline_dag.py for tasks to queue
[2026-04-28T16:41:28.258+0000] {logging_mixin.py:188} INFO - [2026-04-28T16:41:28.254+0000] {dagbag.py:538} INFO - Filling up the DagBag from /opt/airflow/dags/pipeline_dag.py
[2026-04-28T16:41:28.358+0000] {processor.py:840} INFO - DAG(s) 'energy_pipeline' retrieved from /opt/airflow/dags/pipeline_dag.py
[2026-04-28T16:41:28.804+0000] {logging_mixin.py:188} INFO - [2026-04-28T16:41:28.804+0000] {dag.py:3036} INFO - Sync 1 DAGs
[2026-04-28T16:41:28.961+0000] {logging_mixin.py:188} INFO - [2026-04-28T16:41:28.960+0000] {dag.py:3823} INFO - Setting next_dagrun for energy_pipeline to 2026-04-28 00:00:00+00:00, run_after=2026-04-29 00:00:00+00:00
[2026-04-28T16:41:29.260+0000] {processor.py:183} INFO - Processing /opt/airflow/dags/pipeline_dag.py took 1.022 seconds
[2026-04-28T16:41:59.797+0000] {processor.py:161} INFO - Started process (PID=109) to work on /opt/airflow/dags/pipeline_dag.py
[2026-04-28T16:41:59.806+0000] {processor.py:830} INFO - Processing file /opt/airflow/dags/pipeline_dag.py for tasks to queue
[2026-04-28T16:41:59.808+0000] {logging_mixin.py:188} INFO - [2026-04-28T16:41:59.807+0000] {dagbag.py:538} INFO - Filling up the DagBag from /opt/airflow/dags/pipeline_dag.py
[2026-04-28T16:41:59.927+0000] {processor.py:840} INFO - DAG(s) 'energy_pipeline' retrieved from /opt/airflow/dags/pipeline_dag.py
[2026-04-28T16:41:59.994+0000] {logging_mixin.py:188} INFO - [2026-04-28T16:41:59.994+0000] {dag.py:3036} INFO - Sync 1 DAGs
[2026-04-28T16:42:00.022+0000] {logging_mixin.py:188} INFO - [2026-04-28T16:42:00.022+0000] {dag.py:3823} INFO - Setting next_dagrun for energy_pipeline to 2026-04-28 00:00:00+00:00, run_after=2026-04-29 00:00:00+00:00
[2026-04-28T16:42:00.050+0000] {processor.py:183} INFO - Processing /opt/airflow/dags/pipeline_dag.py took 0.302 seconds
[2026-04-28T16:42:30.322+0000] {processor.py:161} INFO - Started process (PID=110) to work on /opt/airflow/dags/pipeline_dag.py
[2026-04-28T16:42:30.324+0000] {processor.py:830} INFO - Processing file /opt/airflow/dags/pipeline_dag.py for tasks to queue
[2026-04-28T16:42:30.325+0000] {logging_mixin.py:188} INFO - [2026-04-28T16:42:30.325+0000] {dagbag.py:538} INFO - Filling up the DagBag from /opt/airflow/dags/pipeline_dag.py
[2026-04-28T16:42:30.349+0000] {processor.py:840} INFO - DAG(s) 'energy_pipeline' retrieved from /opt/airflow/dags/pipeline_dag.py
[2026-04-28T16:42:30.644+0000] {logging_mixin.py:188} INFO - [2026-04-28T16:42:30.644+0000] {dag.py:3036} INFO - Sync 1 DAGs
[2026-04-28T16:42:30.784+0000] {logging_mixin.py:188} INFO - [2026-04-28T16:42:30.783+0000] {dag.py:3823} INFO - Setting next_dagrun for energy_pipeline to 2026-04-28 00:00:00+00:00, run_after=2026-04-29 00:00:00+00:00
[2026-04-28T16:42:30.869+0000] {processor.py:183} INFO - Processing /opt/airflow/dags/pipeline_dag.py took 0.554 seconds
[2026-04-28T16:43:01.097+0000] {processor.py:161} INFO - Started process (PID=111) to work on /opt/airflow/dags/pipeline_dag.py
[2026-04-28T16:43:01.099+0000] {processor.py:830} INFO - Processing file /opt/airflow/dags/pipeline_dag.py for tasks to queue
[2026-04-28T16:43:01.101+0000] {logging_mixin.py:188} INFO - [2026-04-28T16:43:01.100+0000] {dagbag.py:538} INFO - Filling up the DagBag from /opt/airflow/dags/pipeline_dag.py
[2026-04-28T16:43:01.133+0000] {processor.py:840} INFO - DAG(s) 'energy_pipeline' retrieved from /opt/airflow/dags/pipeline_dag.py
[2026-04-28T16:43:01.219+0000] {logging_mixin.py:188} INFO - [2026-04-28T16:43:01.219+0000] {dag.py:3036} INFO - Sync 1 DAGs
[2026-04-28T16:43:01.321+0000] {logging_mixin.py:188} INFO - [2026-04-28T16:43:01.320+0000] {dag.py:3823} INFO - Setting next_dagrun for energy_pipeline to 2026-04-28 00:00:00+00:00, run_after=2026-04-29 00:00:00+00:00
[2026-04-28T16:43:01.355+0000] {processor.py:183} INFO - Processing /opt/airflow/dags/pipeline_dag.py took 0.273 seconds
[2026-04-28T16:43:31.568+0000] {processor.py:161} INFO - Started process (PID=112) to work on /opt/airflow/dags/pipeline_dag.py
[2026-04-28T16:43:31.570+0000] {processor.py:830} INFO - Processing file /opt/airflow/dags/pipeline_dag.py for tasks to queue
[2026-04-28T16:43:31.571+0000] {logging_mixin.py:188} INFO - [2026-04-28T16:43:31.571+0000] {dagbag.py:538} INFO - Filling up the DagBag from /opt/airflow/dags/pipeline_dag.py
[2026-04-28T16:43:31.591+0000] {processor.py:840} INFO - DAG(s) 'energy_pipeline' retrieved from /opt/airflow/dags/pipeline_dag.py
[2026-04-28T16:43:31.626+0000] {logging_mixin.py:188} INFO - [2026-04-28T16:43:31.626+0000] {dag.py:3036} INFO - Sync 1 DAGs
[2026-04-28T16:43:31.665+0000] {logging_mixin.py:188} INFO - [2026-04-28T16:43:31.665+0000] {dag.py:3823} INFO - Setting next_dagrun for energy_pipeline to 2026-04-28 00:00:00+00:00, run_after=2026-04-29 00:00:00+00:00
[2026-04-28T16:43:31.692+0000] {processor.py:183} INFO - Processing /opt/airflow/dags/pipeline_dag.py took 0.130 seconds
[2026-04-28T16:44:01.956+0000] {processor.py:161} INFO - Started process (PID=113) to work on /opt/airflow/dags/pipeline_dag.py
[2026-04-28T16:44:01.957+0000] {processor.py:830} INFO - Processing file /opt/airflow/dags/pipeline_dag.py for tasks to queue
[2026-04-28T16:44:01.959+0000] {logging_mixin.py:188} INFO - [2026-04-28T16:44:01.958+0000] {dagbag.py:538} INFO - Filling up the DagBag from /opt/airflow/dags/pipeline_dag.py
[2026-04-28T16:44:01.984+0000] {processor.py:840} INFO - DAG(s) 'energy_pipeline' retrieved from /opt/airflow/dags/pipeline_dag.py
[2026-04-28T16:44:02.028+0000] {logging_mixin.py:188} INFO - [2026-04-28T16:44:02.027+0000] {dag.py:3036} INFO - Sync 1 DAGs
[2026-04-28T16:44:02.058+0000] {logging_mixin.py:188} INFO - [2026-04-28T16:44:02.058+0000] {dag.py:3823} INFO - Setting next_dagrun for energy_pipeline to 2026-04-28 00:00:00+00:00, run_after=2026-04-29 00:00:00+00:00
[2026-04-28T16:44:02.143+0000] {processor.py:183} INFO - Processing /opt/airflow/dags/pipeline_dag.py took 0.191 seconds
[2026-04-28T16:44:32.470+0000] {processor.py:161} INFO - Started process (PID=114) to work on /opt/airflow/dags/pipeline_dag.py
[2026-04-28T16:44:32.473+0000] {processor.py:830} INFO - Processing file /opt/airflow/dags/pipeline_dag.py for tasks to queue
[2026-04-28T16:44:32.475+0000] {logging_mixin.py:188} INFO - [2026-04-28T16:44:32.474+0000] {dagbag.py:538} INFO - Filling up the DagBag from /opt/airflow/dags/pipeline_dag.py
[2026-04-28T16:44:32.528+0000] {processor.py:840} INFO - DAG(s) 'energy_pipeline' retrieved from /opt/airflow/dags/pipeline_dag.py
[2026-04-28T16:44:32.856+0000] {logging_mixin.py:188} INFO - [2026-04-28T16:44:32.856+0000] {dag.py:3036} INFO - Sync 1 DAGs
[2026-04-28T16:44:33.213+0000] {logging_mixin.py:188} INFO - [2026-04-28T16:44:33.211+0000] {dag.py:3823} INFO - Setting next_dagrun for energy_pipeline to 2026-04-28 00:00:00+00:00, run_after=2026-04-29 00:00:00+00:00
[2026-04-28T16:44:33.372+0000] {processor.py:183} INFO - Processing /opt/airflow/dags/pipeline_dag.py took 0.907 seconds
[2026-04-28T16:45:03.712+0000] {processor.py:161} INFO - Started process (PID=115) to work on /opt/airflow/dags/pipeline_dag.py
[2026-04-28T16:45:03.716+0000] {processor.py:830} INFO - Processing file /opt/airflow/dags/pipeline_dag.py for tasks to queue
[2026-04-28T16:45:03.719+0000] {logging_mixin.py:188} INFO - [2026-04-28T16:45:03.718+0000] {dagbag.py:538} INFO - Filling up the DagBag from /opt/airflow/dags/pipeline_dag.py
[2026-04-28T16:45:03.828+0000] {processor.py:840} INFO - DAG(s) 'energy_pipeline' retrieved from /opt/airflow/dags/pipeline_dag.py
[2026-04-28T16:45:04.019+0000] {logging_mixin.py:188} INFO - [2026-04-28T16:45:04.018+0000] {dag.py:3036} INFO - Sync 1 DAGs
[2026-04-28T16:45:04.275+0000] {logging_mixin.py:188} INFO - [2026-04-28T16:45:04.274+0000] {dag.py:3823} INFO - Setting next_dagrun for energy_pipeline to 2026-04-28 00:00:00+00:00, run_after=2026-04-29 00:00:00+00:00
[2026-04-28T16:45:04.407+0000] {processor.py:183} INFO - Processing /opt/airflow/dags/pipeline_dag.py took 0.707 seconds
[2026-04-28T16:45:34.744+0000] {processor.py:161} INFO - Started process (PID=116) to work on /opt/airflow/dags/pipeline_dag.py
[2026-04-28T16:45:34.746+0000] {processor.py:830} INFO - Processing file /opt/airflow/dags/pipeline_dag.py for tasks to queue
[2026-04-28T16:45:34.748+0000] {logging_mixin.py:188} INFO - [2026-04-28T16:45:34.747+0000] {dagbag.py:538} INFO - Filling up the DagBag from /opt/airflow/dags/pipeline_dag.py
[2026-04-28T16:45:34.767+0000] {processor.py:840} INFO - DAG(s) 'energy_pipeline' retrieved from /opt/airflow/dags/pipeline_dag.py
[2026-04-28T16:45:34.804+0000] {logging_mixin.py:188} INFO - [2026-04-28T16:45:34.803+0000] {dag.py:3036} INFO - Sync 1 DAGs
[2026-04-28T16:45:34.834+0000] {logging_mixin.py:188} INFO - [2026-04-28T16:45:34.834+0000] {dag.py:3823} INFO - Setting next_dagrun for energy_pipeline to 2026-04-28 00:00:00+00:00, run_after=2026-04-29 00:00:00+00:00
[2026-04-28T16:45:34.867+0000] {processor.py:183} INFO - Processing /opt/airflow/dags/pipeline_dag.py took 0.129 seconds
[2026-04-28T16:47:18.520+0000] {processor.py:161} INFO - Started process (PID=82) to work on /opt/airflow/dags/pipeline_dag.py
[2026-04-28T16:47:18.525+0000] {processor.py:830} INFO - Processing file /opt/airflow/dags/pipeline_dag.py for tasks to queue
[2026-04-28T16:47:18.527+0000] {logging_mixin.py:188} INFO - [2026-04-28T16:47:18.526+0000] {dagbag.py:538} INFO - Filling up the DagBag from /opt/airflow/dags/pipeline_dag.py
[2026-04-28T16:47:18.583+0000] {processor.py:840} INFO - DAG(s) 'energy_pipeline' retrieved from /opt/airflow/dags/pipeline_dag.py
[2026-04-28T16:47:18.651+0000] {logging_mixin.py:188} INFO - [2026-04-28T16:47:18.641+0000] {dag.py:3036} INFO - Sync 1 DAGs
[2026-04-28T16:47:19.284+0000] {logging_mixin.py:188} INFO - [2026-04-28T16:47:19.284+0000] {dag.py:3823} INFO - Setting next_dagrun for energy_pipeline to 2026-04-28 00:00:00+00:00, run_after=2026-04-29 00:00:00+00:00
[2026-04-28T16:47:19.361+0000] {processor.py:183} INFO - Processing /opt/airflow/dags/pipeline_dag.py took 0.858 seconds
[2026-04-28T16:47:50.107+0000] {processor.py:161} INFO - Started process (PID=106) to work on /opt/airflow/dags/pipeline_dag.py
[2026-04-28T16:47:50.111+0000] {processor.py:830} INFO - Processing file /opt/airflow/dags/pipeline_dag.py for tasks to queue
[2026-04-28T16:47:50.115+0000] {logging_mixin.py:188} INFO - [2026-04-28T16:47:50.114+0000] {dagbag.py:538} INFO - Filling up the DagBag from /opt/airflow/dags/pipeline_dag.py
[2026-04-28T16:47:50.174+0000] {processor.py:840} INFO - DAG(s) 'energy_pipeline' retrieved from /opt/airflow/dags/pipeline_dag.py
[2026-04-28T16:47:50.397+0000] {logging_mixin.py:188} INFO - [2026-04-28T16:47:50.397+0000] {dag.py:3036} INFO - Sync 1 DAGs
[2026-04-28T16:47:50.428+0000] {logging_mixin.py:188} INFO - [2026-04-28T16:47:50.428+0000] {dag.py:3823} INFO - Setting next_dagrun for energy_pipeline to 2026-04-28 00:00:00+00:00, run_after=2026-04-29 00:00:00+00:00
[2026-04-28T16:47:50.468+0000] {processor.py:183} INFO - Processing /opt/airflow/dags/pipeline_dag.py took 0.370 seconds
[2026-04-28T16:48:21.349+0000] {processor.py:161} INFO - Started process (PID=107) to work on /opt/airflow/dags/pipeline_dag.py
[2026-04-28T16:48:21.350+0000] {processor.py:830} INFO - Processing file /opt/airflow/dags/pipeline_dag.py for tasks to queue
[2026-04-28T16:48:21.353+0000] {logging_mixin.py:188} INFO - [2026-04-28T16:48:21.351+0000] {dagbag.py:538} INFO - Filling up the DagBag from /opt/airflow/dags/pipeline_dag.py
[2026-04-28T16:48:21.451+0000] {processor.py:840} INFO - DAG(s) 'energy_pipeline' retrieved from /opt/airflow/dags/pipeline_dag.py
[2026-04-28T16:48:21.722+0000] {logging_mixin.py:188} INFO - [2026-04-28T16:48:21.722+0000] {dag.py:3036} INFO - Sync 1 DAGs
[2026-04-28T16:48:21.778+0000] {logging_mixin.py:188} INFO - [2026-04-28T16:48:21.778+0000] {dag.py:3823} INFO - Setting next_dagrun for energy_pipeline to 2026-04-28 00:00:00+00:00, run_after=2026-04-29 00:00:00+00:00
[2026-04-28T16:48:21.821+0000] {processor.py:183} INFO - Processing /opt/airflow/dags/pipeline_dag.py took 0.487 seconds
[2026-04-28T16:48:52.934+0000] {processor.py:161} INFO - Started process (PID=108) to work on /opt/airflow/dags/pipeline_dag.py
[2026-04-28T16:48:52.937+0000] {processor.py:830} INFO - Processing file /opt/airflow/dags/pipeline_dag.py for tasks to queue
[2026-04-28T16:48:52.960+0000] {logging_mixin.py:188} INFO - [2026-04-28T16:48:52.947+0000] {dagbag.py:538} INFO - Filling up the DagBag from /opt/airflow/dags/pipeline_dag.py
[2026-04-28T16:48:53.069+0000] {processor.py:840} INFO - DAG(s) 'energy_pipeline' retrieved from /opt/airflow/dags/pipeline_dag.py
[2026-04-28T16:48:53.154+0000] {logging_mixin.py:188} INFO - [2026-04-28T16:48:53.154+0000] {dag.py:3036} INFO - Sync 1 DAGs
[2026-04-28T16:48:53.365+0000] {logging_mixin.py:188} INFO - [2026-04-28T16:48:53.365+0000] {dag.py:3823} INFO - Setting next_dagrun for energy_pipeline to 2026-04-28 00:00:00+00:00, run_after=2026-04-29 00:00:00+00:00
[2026-04-28T16:48:53.529+0000] {processor.py:183} INFO - Processing /opt/airflow/dags/pipeline_dag.py took 0.609 seconds
[2026-04-28T16:49:24.080+0000] {processor.py:161} INFO - Started process (PID=109) to work on /opt/airflow/dags/pipeline_dag.py
[2026-04-28T16:49:24.082+0000] {processor.py:830} INFO - Processing file /opt/airflow/dags/pipeline_dag.py for tasks to queue
[2026-04-28T16:49:24.084+0000] {logging_mixin.py:188} INFO - [2026-04-28T16:49:24.083+0000] {dagbag.py:538} INFO - Filling up the DagBag from /opt/airflow/dags/pipeline_dag.py
[2026-04-28T16:49:24.109+0000] {processor.py:840} INFO - DAG(s) 'energy_pipeline' retrieved from /opt/airflow/dags/pipeline_dag.py
[2026-04-28T16:49:24.163+0000] {logging_mixin.py:188} INFO - [2026-04-28T16:49:24.163+0000] {dag.py:3036} INFO - Sync 1 DAGs
[2026-04-28T16:49:24.216+0000] {logging_mixin.py:188} INFO - [2026-04-28T16:49:24.216+0000] {dag.py:3823} INFO - Setting next_dagrun for energy_pipeline to 2026-04-28 00:00:00+00:00, run_after=2026-04-29 00:00:00+00:00
[2026-04-28T16:49:24.291+0000] {processor.py:183} INFO - Processing /opt/airflow/dags/pipeline_dag.py took 0.228 seconds
[2026-04-28T16:49:55.241+0000] {processor.py:161} INFO - Started process (PID=110) to work on /opt/airflow/dags/pipeline_dag.py
[2026-04-28T16:49:55.243+0000] {processor.py:830} INFO - Processing file /opt/airflow/dags/pipeline_dag.py for tasks to queue
[2026-04-28T16:49:55.244+0000] {logging_mixin.py:188} INFO - [2026-04-28T16:49:55.244+0000] {dagbag.py:538} INFO - Filling up the DagBag from /opt/airflow/dags/pipeline_dag.py
[2026-04-28T16:49:55.261+0000] {processor.py:840} INFO - DAG(s) 'energy_pipeline' retrieved from /opt/airflow/dags/pipeline_dag.py
[2026-04-28T16:49:55.296+0000] {logging_mixin.py:188} INFO - [2026-04-28T16:49:55.296+0000] {dag.py:3036} INFO - Sync 1 DAGs
[2026-04-28T16:49:55.321+0000] {logging_mixin.py:188} INFO - [2026-04-28T16:49:55.321+0000] {dag.py:3823} INFO - Setting next_dagrun for energy_pipeline to 2026-04-28 00:00:00+00:00, run_after=2026-04-29 00:00:00+00:00
[2026-04-28T16:49:55.375+0000] {processor.py:183} INFO - Processing /opt/airflow/dags/pipeline_dag.py took 0.138 seconds
[2026-04-28T16:50:25.810+0000] {processor.py:161} INFO - Started process (PID=111) to work on /opt/airflow/dags/pipeline_dag.py
[2026-04-28T16:50:25.812+0000] {processor.py:830} INFO - Processing file /opt/airflow/dags/pipeline_dag.py for tasks to queue
[2026-04-28T16:50:25.813+0000] {logging_mixin.py:188} INFO - [2026-04-28T16:50:25.813+0000] {dagbag.py:538} INFO - Filling up the DagBag from /opt/airflow/dags/pipeline_dag.py
[2026-04-28T16:50:25.848+0000] {processor.py:840} INFO - DAG(s) 'energy_pipeline' retrieved from /opt/airflow/dags/pipeline_dag.py
[2026-04-28T16:50:26.070+0000] {logging_mixin.py:188} INFO - [2026-04-28T16:50:26.070+0000] {dag.py:3036} INFO - Sync 1 DAGs
[2026-04-28T16:50:26.108+0000] {logging_mixin.py:188} INFO - [2026-04-28T16:50:26.107+0000] {dag.py:3823} INFO - Setting next_dagrun for energy_pipeline to 2026-04-28 00:00:00+00:00, run_after=2026-04-29 00:00:00+00:00
[2026-04-28T16:50:26.136+0000] {processor.py:183} INFO - Processing /opt/airflow/dags/pipeline_dag.py took 0.332 seconds
[2026-04-28T16:50:56.522+0000] {processor.py:161} INFO - Started process (PID=112) to work on /opt/airflow/dags/pipeline_dag.py
[2026-04-28T16:50:56.523+0000] {processor.py:830} INFO - Processing file /opt/airflow/dags/pipeline_dag.py for tasks to queue
[2026-04-28T16:50:56.524+0000] {logging_mixin.py:188} INFO - [2026-04-28T16:50:56.523+0000] {dagbag.py:538} INFO - Filling up the DagBag from /opt/airflow/dags/pipeline_dag.py
[2026-04-28T16:50:56.537+0000] {processor.py:840} INFO - DAG(s) 'energy_pipeline' retrieved from /opt/airflow/dags/pipeline_dag.py
[2026-04-28T16:50:56.664+0000] {logging_mixin.py:188} INFO - [2026-04-28T16:50:56.663+0000] {dag.py:3036} INFO - Sync 1 DAGs
[2026-04-28T16:50:56.790+0000] {logging_mixin.py:188} INFO - [2026-04-28T16:50:56.790+0000] {dag.py:3823} INFO - Setting next_dagrun for energy_pipeline to 2026-04-28 00:00:00+00:00, run_after=2026-04-29 00:00:00+00:00
[2026-04-28T16:50:56.833+0000] {processor.py:183} INFO - Processing /opt/airflow/dags/pipeline_dag.py took 0.314 seconds
[2026-04-28T16:51:27.271+0000] {processor.py:161} INFO - Started process (PID=113) to work on /opt/airflow/dags/pipeline_dag.py
[2026-04-28T16:51:27.272+0000] {processor.py:830} INFO - Processing file /opt/airflow/dags/pipeline_dag.py for tasks to queue
[2026-04-28T16:51:27.273+0000] {logging_mixin.py:188} INFO - [2026-04-28T16:51:27.273+0000] {dagbag.py:538} INFO - Filling up the DagBag from /opt/airflow/dags/pipeline_dag.py
[2026-04-28T16:51:27.379+0000] {processor.py:840} INFO - DAG(s) 'energy_pipeline' retrieved from /opt/airflow/dags/pipeline_dag.py
[2026-04-28T16:51:27.473+0000] {logging_mixin.py:188} INFO - [2026-04-28T16:51:27.473+0000] {dag.py:3036} INFO - Sync 1 DAGs
[2026-04-28T16:51:27.513+0000] {logging_mixin.py:188} INFO - [2026-04-28T16:51:27.512+0000] {dag.py:3823} INFO - Setting next_dagrun for energy_pipeline to 2026-04-28 00:00:00+00:00, run_after=2026-04-29 00:00:00+00:00
[2026-04-28T16:51:27.543+0000] {processor.py:183} INFO - Processing /opt/airflow/dags/pipeline_dag.py took 0.280 seconds
[2026-04-28T16:51:57.925+0000] {processor.py:161} INFO - Started process (PID=114) to work on /opt/airflow/dags/pipeline_dag.py
[2026-04-28T16:51:57.926+0000] {processor.py:830} INFO - Processing file /opt/airflow/dags/pipeline_dag.py for tasks to queue
[2026-04-28T16:51:57.927+0000] {logging_mixin.py:188} INFO - [2026-04-28T16:51:57.927+0000] {dagbag.py:538} INFO - Filling up the DagBag from /opt/airflow/dags/pipeline_dag.py
[2026-04-28T16:51:57.946+0000] {processor.py:840} INFO - DAG(s) 'energy_pipeline' retrieved from /opt/airflow/dags/pipeline_dag.py
[2026-04-28T16:51:58.181+0000] {logging_mixin.py:188} INFO - [2026-04-28T16:51:58.180+0000] {dag.py:3036} INFO - Sync 1 DAGs
[2026-04-28T16:51:58.260+0000] {logging_mixin.py:188} INFO - [2026-04-28T16:51:58.259+0000] {dag.py:3823} INFO - Setting next_dagrun for energy_pipeline to 2026-04-28 00:00:00+00:00, run_after=2026-04-29 00:00:00+00:00
[2026-04-28T16:51:58.291+0000] {processor.py:183} INFO - Processing /opt/airflow/dags/pipeline_dag.py took 0.370 seconds
[2026-04-28T16:52:28.696+0000] {processor.py:161} INFO - Started process (PID=115) to work on /opt/airflow/dags/pipeline_dag.py
[2026-04-28T16:52:28.697+0000] {processor.py:830} INFO - Processing file /opt/airflow/dags/pipeline_dag.py for tasks to queue
[2026-04-28T16:52:28.698+0000] {logging_mixin.py:188} INFO - [2026-04-28T16:52:28.698+0000] {dagbag.py:538} INFO - Filling up the DagBag from /opt/airflow/dags/pipeline_dag.py
[2026-04-28T16:52:28.788+0000] {processor.py:840} INFO - DAG(s) 'energy_pipeline' retrieved from /opt/airflow/dags/pipeline_dag.py
[2026-04-28T16:52:29.029+0000] {logging_mixin.py:188} INFO - [2026-04-28T16:52:29.029+0000] {dag.py:3036} INFO - Sync 1 DAGs
[2026-04-28T16:52:29.193+0000] {logging_mixin.py:188} INFO - [2026-04-28T16:52:29.193+0000] {dag.py:3823} INFO - Setting next_dagrun for energy_pipeline to 2026-04-28 00:00:00+00:00, run_after=2026-04-29 00:00:00+00:00
[2026-04-28T16:52:29.316+0000] {processor.py:183} INFO - Processing /opt/airflow/dags/pipeline_dag.py took 0.667 seconds
[2026-04-28T16:52:59.680+0000] {processor.py:161} INFO - Started process (PID=116) to work on /opt/airflow/dags/pipeline_dag.py
[2026-04-28T16:52:59.681+0000] {processor.py:830} INFO - Processing file /opt/airflow/dags/pipeline_dag.py for tasks to queue
[2026-04-28T16:52:59.682+0000] {logging_mixin.py:188} INFO - [2026-04-28T16:52:59.682+0000] {dagbag.py:538} INFO - Filling up the DagBag from /opt/airflow/dags/pipeline_dag.py
[2026-04-28T16:52:59.698+0000] {processor.py:840} INFO - DAG(s) 'energy_pipeline' retrieved from /opt/airflow/dags/pipeline_dag.py
[2026-04-28T16:52:59.723+0000] {logging_mixin.py:188} INFO - [2026-04-28T16:52:59.723+0000] {dag.py:3036} INFO - Sync 1 DAGs
[2026-04-28T16:52:59.794+0000] {logging_mixin.py:188} INFO - [2026-04-28T16:52:59.794+0000] {dag.py:3823} INFO - Setting next_dagrun for energy_pipeline to 2026-04-28 00:00:00+00:00, run_after=2026-04-29 00:00:00+00:00
[2026-04-28T16:52:59.858+0000] {processor.py:183} INFO - Processing /opt/airflow/dags/pipeline_dag.py took 0.183 seconds
[2026-04-28T16:53:30.177+0000] {processor.py:161} INFO - Started process (PID=117) to work on /opt/airflow/dags/pipeline_dag.py
[2026-04-28T16:53:30.179+0000] {processor.py:830} INFO - Processing file /opt/airflow/dags/pipeline_dag.py for tasks to queue
[2026-04-28T16:53:30.180+0000] {logging_mixin.py:188} INFO - [2026-04-28T16:53:30.180+0000] {dagbag.py:538} INFO - Filling up the DagBag from /opt/airflow/dags/pipeline_dag.py
[2026-04-28T16:53:30.201+0000] {processor.py:840} INFO - DAG(s) 'energy_pipeline' retrieved from /opt/airflow/dags/pipeline_dag.py
[2026-04-28T16:53:30.229+0000] {logging_mixin.py:188} INFO - [2026-04-28T16:53:30.228+0000] {dag.py:3036} INFO - Sync 1 DAGs
[2026-04-28T16:53:30.646+0000] {logging_mixin.py:188} INFO - [2026-04-28T16:53:30.646+0000] {dag.py:3823} INFO - Setting next_dagrun for energy_pipeline to 2026-04-28 00:00:00+00:00, run_after=2026-04-29 00:00:00+00:00
[2026-04-28T16:53:30.760+0000] {processor.py:183} INFO - Processing /opt/airflow/dags/pipeline_dag.py took 0.589 seconds
[2026-04-28T16:54:01.056+0000] {processor.py:161} INFO - Started process (PID=118) to work on /opt/airflow/dags/pipeline_dag.py
[2026-04-28T16:54:01.058+0000] {processor.py:830} INFO - Processing file /opt/airflow/dags/pipeline_dag.py for tasks to queue
[2026-04-28T16:54:01.060+0000] {logging_mixin.py:188} INFO - [2026-04-28T16:54:01.059+0000] {dagbag.py:538} INFO - Filling up the DagBag from /opt/airflow/dags/pipeline_dag.py
[2026-04-28T16:54:01.082+0000] {processor.py:840} INFO - DAG(s) 'energy_pipeline' retrieved from /opt/airflow/dags/pipeline_dag.py
[2026-04-28T16:54:01.119+0000] {logging_mixin.py:188} INFO - [2026-04-28T16:54:01.119+0000] {dag.py:3036} INFO - Sync 1 DAGs
[2026-04-28T16:54:01.150+0000] {logging_mixin.py:188} INFO - [2026-04-28T16:54:01.150+0000] {dag.py:3823} INFO - Setting next_dagrun for energy_pipeline to 2026-04-28 00:00:00+00:00, run_after=2026-04-29 00:00:00+00:00
[2026-04-28T16:54:01.174+0000] {processor.py:183} INFO - Processing /opt/airflow/dags/pipeline_dag.py took 0.122 seconds
[2026-04-28T16:54:31.431+0000] {processor.py:161} INFO - Started process (PID=119) to work on /opt/airflow/dags/pipeline_dag.py
[2026-04-28T16:54:31.433+0000] {processor.py:830} INFO - Processing file /opt/airflow/dags/pipeline_dag.py for tasks to queue
[2026-04-28T16:54:31.434+0000] {logging_mixin.py:188} INFO - [2026-04-28T16:54:31.433+0000] {dagbag.py:538} INFO - Filling up the DagBag from /opt/airflow/dags/pipeline_dag.py
[2026-04-28T16:54:31.450+0000] {processor.py:840} INFO - DAG(s) 'energy_pipeline' retrieved from /opt/airflow/dags/pipeline_dag.py
[2026-04-28T16:54:31.479+0000] {logging_mixin.py:188} INFO - [2026-04-28T16:54:31.479+0000] {dag.py:3036} INFO - Sync 1 DAGs
[2026-04-28T16:54:31.503+0000] {logging_mixin.py:188} INFO - [2026-04-28T16:54:31.502+0000] {dag.py:3823} INFO - Setting next_dagrun for energy_pipeline to 2026-04-28 00:00:00+00:00, run_after=2026-04-29 00:00:00+00:00
[2026-04-28T16:54:31.533+0000] {processor.py:183} INFO - Processing /opt/airflow/dags/pipeline_dag.py took 0.106 seconds
[2026-04-28T16:55:01.969+0000] {processor.py:161} INFO - Started process (PID=120) to work on /opt/airflow/dags/pipeline_dag.py
[2026-04-28T16:55:01.996+0000] {processor.py:830} INFO - Processing file /opt/airflow/dags/pipeline_dag.py for tasks to queue
[2026-04-28T16:55:02.007+0000] {logging_mixin.py:188} INFO - [2026-04-28T16:55:02.000+0000] {dagbag.py:538} INFO - Filling up the DagBag from /opt/airflow/dags/pipeline_dag.py
[2026-04-28T16:55:02.252+0000] {processor.py:840} INFO - DAG(s) 'energy_pipeline' retrieved from /opt/airflow/dags/pipeline_dag.py
[2026-04-28T16:55:02.592+0000] {logging_mixin.py:188} INFO - [2026-04-28T16:55:02.591+0000] {dag.py:3036} INFO - Sync 1 DAGs
[2026-04-28T16:55:02.622+0000] {logging_mixin.py:188} INFO - [2026-04-28T16:55:02.622+0000] {dag.py:3823} INFO - Setting next_dagrun for energy_pipeline to 2026-04-28 00:00:00+00:00, run_after=2026-04-29 00:00:00+00:00
[2026-04-28T16:55:02.671+0000] {processor.py:183} INFO - Processing /opt/airflow/dags/pipeline_dag.py took 0.785 seconds
[2026-04-28T16:55:33.008+0000] {processor.py:161} INFO - Started process (PID=121) to work on /opt/airflow/dags/pipeline_dag.py
[2026-04-28T16:55:33.022+0000] {processor.py:830} INFO - Processing file /opt/airflow/dags/pipeline_dag.py for tasks to queue
[2026-04-28T16:55:33.031+0000] {logging_mixin.py:188} INFO - [2026-04-28T16:55:33.026+0000] {dagbag.py:538} INFO - Filling up the DagBag from /opt/airflow/dags/pipeline_dag.py
[2026-04-28T16:55:33.172+0000] {processor.py:840} INFO - DAG(s) 'energy_pipeline' retrieved from /opt/airflow/dags/pipeline_dag.py
[2026-04-28T16:55:33.371+0000] {logging_mixin.py:188} INFO - [2026-04-28T16:55:33.371+0000] {dag.py:3036} INFO - Sync 1 DAGs
[2026-04-28T16:55:33.593+0000] {logging_mixin.py:188} INFO - [2026-04-28T16:55:33.592+0000] {dag.py:3823} INFO - Setting next_dagrun for energy_pipeline to 2026-04-28 00:00:00+00:00, run_after=2026-04-29 00:00:00+00:00
[2026-04-28T16:55:33.732+0000] {processor.py:183} INFO - Processing /opt/airflow/dags/pipeline_dag.py took 0.800 seconds
[2026-04-28T16:56:03.981+0000] {processor.py:161} INFO - Started process (PID=122) to work on /opt/airflow/dags/pipeline_dag.py
[2026-04-28T16:56:03.984+0000] {processor.py:830} INFO - Processing file /opt/airflow/dags/pipeline_dag.py for tasks to queue
[2026-04-28T16:56:03.987+0000] {logging_mixin.py:188} INFO - [2026-04-28T16:56:03.985+0000] {dagbag.py:538} INFO - Filling up the DagBag from /opt/airflow/dags/pipeline_dag.py
[2026-04-28T16:56:04.014+0000] {processor.py:840} INFO - DAG(s) 'energy_pipeline' retrieved from /opt/airflow/dags/pipeline_dag.py
[2026-04-28T16:56:04.296+0000] {logging_mixin.py:188} INFO - [2026-04-28T16:56:04.296+0000] {dag.py:3036} INFO - Sync 1 DAGs
[2026-04-28T16:56:04.335+0000] {logging_mixin.py:188} INFO - [2026-04-28T16:56:04.334+0000] {dag.py:3823} INFO - Setting next_dagrun for energy_pipeline to 2026-04-28 00:00:00+00:00, run_after=2026-04-29 00:00:00+00:00
[2026-04-28T16:56:04.394+0000] {processor.py:183} INFO - Processing /opt/airflow/dags/pipeline_dag.py took 0.422 seconds
[2026-04-28T16:56:34.636+0000] {processor.py:161} INFO - Started process (PID=123) to work on /opt/airflow/dags/pipeline_dag.py
[2026-04-28T16:56:34.637+0000] {processor.py:830} INFO - Processing file /opt/airflow/dags/pipeline_dag.py for tasks to queue
[2026-04-28T16:56:34.639+0000] {logging_mixin.py:188} INFO - [2026-04-28T16:56:34.638+0000] {dagbag.py:538} INFO - Filling up the DagBag from /opt/airflow/dags/pipeline_dag.py
[2026-04-28T16:56:34.655+0000] {processor.py:840} INFO - DAG(s) 'energy_pipeline' retrieved from /opt/airflow/dags/pipeline_dag.py
[2026-04-28T16:56:34.684+0000] {logging_mixin.py:188} INFO - [2026-04-28T16:56:34.684+0000] {dag.py:3036} INFO - Sync 1 DAGs
[2026-04-28T16:56:34.706+0000] {logging_mixin.py:188} INFO - [2026-04-28T16:56:34.706+0000] {dag.py:3823} INFO - Setting next_dagrun for energy_pipeline to 2026-04-28 00:00:00+00:00, run_after=2026-04-29 00:00:00+00:00
[2026-04-28T16:56:34.735+0000] {processor.py:183} INFO - Processing /opt/airflow/dags/pipeline_dag.py took 0.103 seconds
[2026-04-28T16:57:05.033+0000] {processor.py:161} INFO - Started process (PID=124) to work on /opt/airflow/dags/pipeline_dag.py
[2026-04-28T16:57:05.034+0000] {processor.py:830} INFO - Processing file /opt/airflow/dags/pipeline_dag.py for tasks to queue
[2026-04-28T16:57:05.035+0000] {logging_mixin.py:188} INFO - [2026-04-28T16:57:05.034+0000] {dagbag.py:538} INFO - Filling up the DagBag from /opt/airflow/dags/pipeline_dag.py
[2026-04-28T16:57:05.206+0000] {processor.py:840} INFO - DAG(s) 'energy_pipeline' retrieved from /opt/airflow/dags/pipeline_dag.py
[2026-04-28T16:57:05.452+0000] {logging_mixin.py:188} INFO - [2026-04-28T16:57:05.452+0000] {dag.py:3036} INFO - Sync 1 DAGs
[2026-04-28T16:57:05.530+0000] {logging_mixin.py:188} INFO - [2026-04-28T16:57:05.530+0000] {dag.py:3823} INFO - Setting next_dagrun for energy_pipeline to 2026-04-28 00:00:00+00:00, run_after=2026-04-29 00:00:00+00:00
[2026-04-28T16:57:05.555+0000] {processor.py:183} INFO - Processing /opt/airflow/dags/pipeline_dag.py took 0.529 seconds
[2026-04-28T16:57:35.844+0000] {processor.py:161} INFO - Started process (PID=125) to work on /opt/airflow/dags/pipeline_dag.py
[2026-04-28T16:57:35.873+0000] {processor.py:830} INFO - Processing file /opt/airflow/dags/pipeline_dag.py for tasks to queue
[2026-04-28T16:57:35.887+0000] {logging_mixin.py:188} INFO - [2026-04-28T16:57:35.879+0000] {dagbag.py:538} INFO - Filling up the DagBag from /opt/airflow/dags/pipeline_dag.py
[2026-04-28T16:57:36.117+0000] {processor.py:840} INFO - DAG(s) 'energy_pipeline' retrieved from /opt/airflow/dags/pipeline_dag.py
[2026-04-28T16:57:36.433+0000] {logging_mixin.py:188} INFO - [2026-04-28T16:57:36.432+0000] {dag.py:3036} INFO - Sync 1 DAGs
[2026-04-28T16:57:36.577+0000] {logging_mixin.py:188} INFO - [2026-04-28T16:57:36.576+0000] {dag.py:3823} INFO - Setting next_dagrun for energy_pipeline to 2026-04-28 00:00:00+00:00, run_after=2026-04-29 00:00:00+00:00
[2026-04-28T16:57:36.663+0000] {processor.py:183} INFO - Processing /opt/airflow/dags/pipeline_dag.py took 0.873 seconds
[2026-04-28T16:58:06.924+0000] {processor.py:161} INFO - Started process (PID=126) to work on /opt/airflow/dags/pipeline_dag.py
[2026-04-28T16:58:06.947+0000] {processor.py:830} INFO - Processing file /opt/airflow/dags/pipeline_dag.py for tasks to queue
[2026-04-28T16:58:06.957+0000] {logging_mixin.py:188} INFO - [2026-04-28T16:58:06.954+0000] {dagbag.py:538} INFO - Filling up the DagBag from /opt/airflow/dags/pipeline_dag.py
[2026-04-28T16:58:07.106+0000] {processor.py:840} INFO - DAG(s) 'energy_pipeline' retrieved from /opt/airflow/dags/pipeline_dag.py
[2026-04-28T16:58:07.182+0000] {logging_mixin.py:188} INFO - [2026-04-28T16:58:07.182+0000] {dag.py:3036} INFO - Sync 1 DAGs
[2026-04-28T16:58:07.396+0000] {logging_mixin.py:188} INFO - [2026-04-28T16:58:07.395+0000] {dag.py:3823} INFO - Setting next_dagrun for energy_pipeline to 2026-04-28 00:00:00+00:00, run_after=2026-04-29 00:00:00+00:00
[2026-04-28T16:58:07.467+0000] {processor.py:183} INFO - Processing /opt/airflow/dags/pipeline_dag.py took 0.550 seconds
[2026-04-28T16:58:37.627+0000] {processor.py:161} INFO - Started process (PID=127) to work on /opt/airflow/dags/pipeline_dag.py
[2026-04-28T16:58:37.633+0000] {processor.py:830} INFO - Processing file /opt/airflow/dags/pipeline_dag.py for tasks to queue
[2026-04-28T16:58:37.640+0000] {logging_mixin.py:188} INFO - [2026-04-28T16:58:37.637+0000] {dagbag.py:538} INFO - Filling up the DagBag from /opt/airflow/dags/pipeline_dag.py
[2026-04-28T16:58:37.660+0000] {processor.py:840} INFO - DAG(s) 'energy_pipeline' retrieved from /opt/airflow/dags/pipeline_dag.py
[2026-04-28T16:58:37.700+0000] {logging_mixin.py:188} INFO - [2026-04-28T16:58:37.700+0000] {dag.py:3036} INFO - Sync 1 DAGs
[2026-04-28T16:58:37.733+0000] {logging_mixin.py:188} INFO - [2026-04-28T16:58:37.733+0000] {dag.py:3823} INFO - Setting next_dagrun for energy_pipeline to 2026-04-28 00:00:00+00:00, run_after=2026-04-29 00:00:00+00:00
[2026-04-28T16:58:37.812+0000] {processor.py:183} INFO - Processing /opt/airflow/dags/pipeline_dag.py took 0.211 seconds
[2026-04-28T16:59:08.057+0000] {processor.py:161} INFO - Started process (PID=128) to work on /opt/airflow/dags/pipeline_dag.py
[2026-04-28T16:59:08.060+0000] {processor.py:830} INFO - Processing file /opt/airflow/dags/pipeline_dag.py for tasks to queue
[2026-04-28T16:59:08.061+0000] {logging_mixin.py:188} INFO - [2026-04-28T16:59:08.060+0000] {dagbag.py:538} INFO - Filling up the DagBag from /opt/airflow/dags/pipeline_dag.py
[2026-04-28T16:59:08.084+0000] {processor.py:840} INFO - DAG(s) 'energy_pipeline' retrieved from /opt/airflow/dags/pipeline_dag.py
[2026-04-28T16:59:08.187+0000] {logging_mixin.py:188} INFO - [2026-04-28T16:59:08.186+0000] {dag.py:3036} INFO - Sync 1 DAGs
[2026-04-28T16:59:08.223+0000] {logging_mixin.py:188} INFO - [2026-04-28T16:59:08.223+0000] {dag.py:3823} INFO - Setting next_dagrun for energy_pipeline to 2026-04-28 00:00:00+00:00, run_after=2026-04-29 00:00:00+00:00
[2026-04-28T16:59:08.249+0000] {processor.py:183} INFO - Processing /opt/airflow/dags/pipeline_dag.py took 0.200 seconds
[2026-04-28T16:59:38.447+0000] {processor.py:161} INFO - Started process (PID=129) to work on /opt/airflow/dags/pipeline_dag.py
[2026-04-28T16:59:38.449+0000] {processor.py:830} INFO - Processing file /opt/airflow/dags/pipeline_dag.py for tasks to queue
[2026-04-28T16:59:38.450+0000] {logging_mixin.py:188} INFO - [2026-04-28T16:59:38.449+0000] {dagbag.py:538} INFO - Filling up the DagBag from /opt/airflow/dags/pipeline_dag.py
[2026-04-28T16:59:38.471+0000] {processor.py:840} INFO - DAG(s) 'energy_pipeline' retrieved from /opt/airflow/dags/pipeline_dag.py
[2026-04-28T16:59:38.599+0000] {logging_mixin.py:188} INFO - [2026-04-28T16:59:38.598+0000] {dag.py:3036} INFO - Sync 1 DAGs
[2026-04-28T16:59:38.718+0000] {logging_mixin.py:188} INFO - [2026-04-28T16:59:38.718+0000] {dag.py:3823} INFO - Setting next_dagrun for energy_pipeline to 2026-04-28 00:00:00+00:00, run_after=2026-04-29 00:00:00+00:00
[2026-04-28T16:59:38.744+0000] {processor.py:183} INFO - Processing /opt/airflow/dags/pipeline_dag.py took 0.301 seconds
[2026-04-28T17:00:09.008+0000] {processor.py:161} INFO - Started process (PID=130) to work on /opt/airflow/dags/pipeline_dag.py
[2026-04-28T17:00:09.010+0000] {processor.py:830} INFO - Processing file /opt/airflow/dags/pipeline_dag.py for tasks to queue
[2026-04-28T17:00:09.011+0000] {logging_mixin.py:188} INFO - [2026-04-28T17:00:09.011+0000] {dagbag.py:538} INFO - Filling up the DagBag from /opt/airflow/dags/pipeline_dag.py
[2026-04-28T17:00:09.035+0000] {processor.py:840} INFO - DAG(s) 'energy_pipeline' retrieved from /opt/airflow/dags/pipeline_dag.py
[2026-04-28T17:00:09.085+0000] {logging_mixin.py:188} INFO - [2026-04-28T17:00:09.085+0000] {dag.py:3036} INFO - Sync 1 DAGs
[2026-04-28T17:00:09.118+0000] {logging_mixin.py:188} INFO - [2026-04-28T17:00:09.117+0000] {dag.py:3823} INFO - Setting next_dagrun for energy_pipeline to 2026-04-28 00:00:00+00:00, run_after=2026-04-29 00:00:00+00:00
[2026-04-28T17:00:09.151+0000] {processor.py:183} INFO - Processing /opt/airflow/dags/pipeline_dag.py took 0.166 seconds
[2026-04-28T17:00:39.455+0000] {processor.py:161} INFO - Started process (PID=131) to work on /opt/airflow/dags/pipeline_dag.py
[2026-04-28T17:00:39.457+0000] {processor.py:830} INFO - Processing file /opt/airflow/dags/pipeline_dag.py for tasks to queue
[2026-04-28T17:00:39.458+0000] {logging_mixin.py:188} INFO - [2026-04-28T17:00:39.458+0000] {dagbag.py:538} INFO - Filling up the DagBag from /opt/airflow/dags/pipeline_dag.py
[2026-04-28T17:00:39.484+0000] {processor.py:840} INFO - DAG(s) 'energy_pipeline' retrieved from /opt/airflow/dags/pipeline_dag.py
[2026-04-28T17:00:39.824+0000] {logging_mixin.py:188} INFO - [2026-04-28T17:00:39.824+0000] {dag.py:3036} INFO - Sync 1 DAGs
[2026-04-28T17:00:40.010+0000] {logging_mixin.py:188} INFO - [2026-04-28T17:00:40.010+0000] {dag.py:3823} INFO - Setting next_dagrun for energy_pipeline to 2026-04-28 00:00:00+00:00, run_after=2026-04-29 00:00:00+00:00
[2026-04-28T17:00:40.132+0000] {processor.py:183} INFO - Processing /opt/airflow/dags/pipeline_dag.py took 0.750 seconds
[2026-04-28T17:01:10.429+0000] {processor.py:161} INFO - Started process (PID=132) to work on /opt/airflow/dags/pipeline_dag.py
[2026-04-28T17:01:10.431+0000] {processor.py:830} INFO - Processing file /opt/airflow/dags/pipeline_dag.py for tasks to queue
[2026-04-28T17:01:10.432+0000] {logging_mixin.py:188} INFO - [2026-04-28T17:01:10.432+0000] {dagbag.py:538} INFO - Filling up the DagBag from /opt/airflow/dags/pipeline_dag.py
[2026-04-28T17:01:10.447+0000] {processor.py:840} INFO - DAG(s) 'energy_pipeline' retrieved from /opt/airflow/dags/pipeline_dag.py
[2026-04-28T17:01:10.487+0000] {logging_mixin.py:188} INFO - [2026-04-28T17:01:10.487+0000] {dag.py:3036} INFO - Sync 1 DAGs
[2026-04-28T17:01:10.513+0000] {logging_mixin.py:188} INFO - [2026-04-28T17:01:10.513+0000] {dag.py:3823} INFO - Setting next_dagrun for energy_pipeline to 2026-04-28 00:00:00+00:00, run_after=2026-04-29 00:00:00+00:00
[2026-04-28T17:01:10.540+0000] {processor.py:183} INFO - Processing /opt/airflow/dags/pipeline_dag.py took 0.180 seconds
[2026-04-28T17:01:40.682+0000] {processor.py:161} INFO - Started process (PID=133) to work on /opt/airflow/dags/pipeline_dag.py
[2026-04-28T17:01:40.683+0000] {processor.py:830} INFO - Processing file /opt/airflow/dags/pipeline_dag.py for tasks to queue
[2026-04-28T17:01:40.685+0000] {logging_mixin.py:188} INFO - [2026-04-28T17:01:40.684+0000] {dagbag.py:538} INFO - Filling up the DagBag from /opt/airflow/dags/pipeline_dag.py
[2026-04-28T17:01:40.719+0000] {processor.py:840} INFO - DAG(s) 'energy_pipeline' retrieved from /opt/airflow/dags/pipeline_dag.py
[2026-04-28T17:01:40.777+0000] {logging_mixin.py:188} INFO - [2026-04-28T17:01:40.777+0000] {dag.py:3036} INFO - Sync 1 DAGs
[2026-04-28T17:01:40.884+0000] {logging_mixin.py:188} INFO - [2026-04-28T17:01:40.883+0000] {dag.py:3823} INFO - Setting next_dagrun for energy_pipeline to 2026-04-28 00:00:00+00:00, run_after=2026-04-29 00:00:00+00:00
[2026-04-28T17:01:40.995+0000] {processor.py:183} INFO - Processing /opt/airflow/dags/pipeline_dag.py took 0.317 seconds
[2026-04-28T17:02:11.314+0000] {processor.py:161} INFO - Started process (PID=134) to work on /opt/airflow/dags/pipeline_dag.py
[2026-04-28T17:02:11.317+0000] {processor.py:830} INFO - Processing file /opt/airflow/dags/pipeline_dag.py for tasks to queue
[2026-04-28T17:02:11.319+0000] {logging_mixin.py:188} INFO - [2026-04-28T17:02:11.318+0000] {dagbag.py:538} INFO - Filling up the DagBag from /opt/airflow/dags/pipeline_dag.py
[2026-04-28T17:02:11.455+0000] {processor.py:840} INFO - DAG(s) 'energy_pipeline' retrieved from /opt/airflow/dags/pipeline_dag.py
[2026-04-28T17:02:11.724+0000] {logging_mixin.py:188} INFO - [2026-04-28T17:02:11.723+0000] {dag.py:3036} INFO - Sync 1 DAGs
[2026-04-28T17:02:11.786+0000] {logging_mixin.py:188} INFO - [2026-04-28T17:02:11.786+0000] {dag.py:3823} INFO - Setting next_dagrun for energy_pipeline to 2026-04-28 00:00:00+00:00, run_after=2026-04-29 00:00:00+00:00
[2026-04-28T17:02:11.820+0000] {processor.py:183} INFO - Processing /opt/airflow/dags/pipeline_dag.py took 0.565 seconds
[2026-04-28T17:02:41.967+0000] {processor.py:161} INFO - Started process (PID=135) to work on /opt/airflow/dags/pipeline_dag.py
[2026-04-28T17:02:41.968+0000] {processor.py:830} INFO - Processing file /opt/airflow/dags/pipeline_dag.py for tasks to queue
[2026-04-28T17:02:41.969+0000] {logging_mixin.py:188} INFO - [2026-04-28T17:02:41.969+0000] {dagbag.py:538} INFO - Filling up the DagBag from /opt/airflow/dags/pipeline_dag.py
[2026-04-28T17:02:42.023+0000] {processor.py:840} INFO - DAG(s) 'energy_pipeline' retrieved from /opt/airflow/dags/pipeline_dag.py
[2026-04-28T17:02:42.055+0000] {logging_mixin.py:188} INFO - [2026-04-28T17:02:42.055+0000] {dag.py:3036} INFO - Sync 1 DAGs
[2026-04-28T17:02:42.092+0000] {logging_mixin.py:188} INFO - [2026-04-28T17:02:42.092+0000] {dag.py:3823} INFO - Setting next_dagrun for energy_pipeline to 2026-04-28 00:00:00+00:00, run_after=2026-04-29 00:00:00+00:00
[2026-04-28T17:02:42.186+0000] {processor.py:183} INFO - Processing /opt/airflow/dags/pipeline_dag.py took 0.230 seconds
[2026-04-28T17:03:12.400+0000] {processor.py:161} INFO - Started process (PID=136) to work on /opt/airflow/dags/pipeline_dag.py
[2026-04-28T17:03:12.403+0000] {processor.py:830} INFO - Processing file /opt/airflow/dags/pipeline_dag.py for tasks to queue
[2026-04-28T17:03:12.404+0000] {logging_mixin.py:188} INFO - [2026-04-28T17:03:12.404+0000] {dagbag.py:538} INFO - Filling up the DagBag from /opt/airflow/dags/pipeline_dag.py
[2026-04-28T17:03:12.484+0000] {processor.py:840} INFO - DAG(s) 'energy_pipeline' retrieved from /opt/airflow/dags/pipeline_dag.py
[2026-04-28T17:03:12.640+0000] {logging_mixin.py:188} INFO - [2026-04-28T17:03:12.640+0000] {dag.py:3036} INFO - Sync 1 DAGs
[2026-04-28T17:03:12.691+0000] {logging_mixin.py:188} INFO - [2026-04-28T17:03:12.691+0000] {dag.py:3823} INFO - Setting next_dagrun for energy_pipeline to 2026-04-28 00:00:00+00:00, run_after=2026-04-29 00:00:00+00:00
[2026-04-28T17:03:12.748+0000] {processor.py:183} INFO - Processing /opt/airflow/dags/pipeline_dag.py took 0.353 seconds
[2026-04-28T17:03:43.020+0000] {processor.py:161} INFO - Started process (PID=137) to work on /opt/airflow/dags/pipeline_dag.py
[2026-04-28T17:03:43.023+0000] {processor.py:830} INFO - Processing file /opt/airflow/dags/pipeline_dag.py for tasks to queue
[2026-04-28T17:03:43.025+0000] {logging_mixin.py:188} INFO - [2026-04-28T17:03:43.024+0000] {dagbag.py:538} INFO - Filling up the DagBag from /opt/airflow/dags/pipeline_dag.py
[2026-04-28T17:03:43.080+0000] {processor.py:840} INFO - DAG(s) 'energy_pipeline' retrieved from /opt/airflow/dags/pipeline_dag.py
[2026-04-28T17:03:43.149+0000] {logging_mixin.py:188} INFO - [2026-04-28T17:03:43.149+0000] {dag.py:3036} INFO - Sync 1 DAGs
[2026-04-28T17:03:43.217+0000] {logging_mixin.py:188} INFO - [2026-04-28T17:03:43.217+0000] {dag.py:3823} INFO - Setting next_dagrun for energy_pipeline to 2026-04-28 00:00:00+00:00, run_after=2026-04-29 00:00:00+00:00
[2026-04-28T17:03:43.262+0000] {processor.py:183} INFO - Processing /opt/airflow/dags/pipeline_dag.py took 0.255 seconds
[2026-04-28T17:04:13.597+0000] {processor.py:161} INFO - Started process (PID=140) to work on /opt/airflow/dags/pipeline_dag.py
[2026-04-28T17:04:13.612+0000] {processor.py:830} INFO - Processing file /opt/airflow/dags/pipeline_dag.py for tasks to queue
[2026-04-28T17:04:13.629+0000] {logging_mixin.py:188} INFO - [2026-04-28T17:04:13.620+0000] {dagbag.py:538} INFO - Filling up the DagBag from /opt/airflow/dags/pipeline_dag.py
[2026-04-28T17:04:13.827+0000] {processor.py:840} INFO - DAG(s) 'energy_pipeline' retrieved from /opt/airflow/dags/pipeline_dag.py
[2026-04-28T17:04:13.983+0000] {logging_mixin.py:188} INFO - [2026-04-28T17:04:13.983+0000] {dag.py:3036} INFO - Sync 1 DAGs
[2026-04-28T17:04:14.018+0000] {logging_mixin.py:188} INFO - [2026-04-28T17:04:14.018+0000] {dag.py:3823} INFO - Setting next_dagrun for energy_pipeline to 2026-04-28 00:00:00+00:00, run_after=2026-04-29 00:00:00+00:00
[2026-04-28T17:04:14.080+0000] {processor.py:183} INFO - Processing /opt/airflow/dags/pipeline_dag.py took 0.564 seconds
[2026-04-28T17:05:23.698+0000] {processor.py:161} INFO - Started process (PID=177) to work on /opt/airflow/dags/pipeline_dag.py
[2026-04-28T17:05:23.701+0000] {processor.py:830} INFO - Processing file /opt/airflow/dags/pipeline_dag.py for tasks to queue
[2026-04-28T17:05:23.709+0000] {logging_mixin.py:188} INFO - [2026-04-28T17:05:23.703+0000] {dagbag.py:538} INFO - Filling up the DagBag from /opt/airflow/dags/pipeline_dag.py
[2026-04-28T17:05:23.731+0000] {processor.py:840} INFO - DAG(s) 'energy_pipeline' retrieved from /opt/airflow/dags/pipeline_dag.py
[2026-04-28T17:05:23.853+0000] {logging_mixin.py:188} INFO - [2026-04-28T17:05:23.853+0000] {dag.py:3036} INFO - Sync 1 DAGs
[2026-04-28T17:05:23.900+0000] {logging_mixin.py:188} INFO - [2026-04-28T17:05:23.899+0000] {dag.py:3823} INFO - Setting next_dagrun for energy_pipeline to 2026-04-28 00:00:00+00:00, run_after=2026-04-29 00:00:00+00:00
[2026-04-28T17:05:23.961+0000] {processor.py:183} INFO - Processing /opt/airflow/dags/pipeline_dag.py took 0.268 seconds
[2026-04-28T17:06:03.250+0000] {processor.py:161} INFO - Started process (PID=213) to work on /opt/airflow/dags/pipeline_dag.py
[2026-04-28T17:06:03.252+0000] {processor.py:830} INFO - Processing file /opt/airflow/dags/pipeline_dag.py for tasks to queue
[2026-04-28T17:06:03.253+0000] {logging_mixin.py:188} INFO - [2026-04-28T17:06:03.252+0000] {dagbag.py:538} INFO - Filling up the DagBag from /opt/airflow/dags/pipeline_dag.py
[2026-04-28T17:06:03.262+0000] {processor.py:840} INFO - DAG(s) 'energy_pipeline' retrieved from /opt/airflow/dags/pipeline_dag.py
[2026-04-28T17:06:03.290+0000] {logging_mixin.py:188} INFO - [2026-04-28T17:06:03.290+0000] {dag.py:3036} INFO - Sync 1 DAGs
[2026-04-28T17:06:03.314+0000] {logging_mixin.py:188} INFO - [2026-04-28T17:06:03.314+0000] {dag.py:3823} INFO - Setting next_dagrun for energy_pipeline to 2026-04-28 00:00:00+00:00, run_after=2026-04-29 00:00:00+00:00
[2026-04-28T17:06:03.341+0000] {processor.py:183} INFO - Processing /opt/airflow/dags/pipeline_dag.py took 0.094 seconds
[2026-04-28T17:06:33.609+0000] {processor.py:161} INFO - Started process (PID=339) to work on /opt/airflow/dags/pipeline_dag.py
[2026-04-28T17:06:33.611+0000] {processor.py:830} INFO - Processing file /opt/airflow/dags/pipeline_dag.py for tasks to queue
[2026-04-28T17:06:33.612+0000] {logging_mixin.py:188} INFO - [2026-04-28T17:06:33.612+0000] {dagbag.py:538} INFO - Filling up the DagBag from /opt/airflow/dags/pipeline_dag.py
[2026-04-28T17:06:33.621+0000] {processor.py:840} INFO - DAG(s) 'energy_pipeline' retrieved from /opt/airflow/dags/pipeline_dag.py
[2026-04-28T17:06:33.648+0000] {logging_mixin.py:188} INFO - [2026-04-28T17:06:33.647+0000] {dag.py:3036} INFO - Sync 1 DAGs
[2026-04-28T17:06:33.667+0000] {logging_mixin.py:188} INFO - [2026-04-28T17:06:33.666+0000] {dag.py:3823} INFO - Setting next_dagrun for energy_pipeline to 2026-04-28 00:00:00+00:00, run_after=2026-04-29 00:00:00+00:00
[2026-04-28T17:06:33.693+0000] {processor.py:183} INFO - Processing /opt/airflow/dags/pipeline_dag.py took 0.088 seconds
[2026-04-28T17:07:03.947+0000] {processor.py:161} INFO - Started process (PID=340) to work on /opt/airflow/dags/pipeline_dag.py
[2026-04-28T17:07:03.949+0000] {processor.py:830} INFO - Processing file /opt/airflow/dags/pipeline_dag.py for tasks to queue
[2026-04-28T17:07:03.950+0000] {logging_mixin.py:188} INFO - [2026-04-28T17:07:03.949+0000] {dagbag.py:538} INFO - Filling up the DagBag from /opt/airflow/dags/pipeline_dag.py
[2026-04-28T17:07:03.959+0000] {processor.py:840} INFO - DAG(s) 'energy_pipeline' retrieved from /opt/airflow/dags/pipeline_dag.py
[2026-04-28T17:07:03.993+0000] {logging_mixin.py:188} INFO - [2026-04-28T17:07:03.993+0000] {dag.py:3036} INFO - Sync 1 DAGs
[2026-04-28T17:07:04.014+0000] {logging_mixin.py:188} INFO - [2026-04-28T17:07:04.014+0000] {dag.py:3823} INFO - Setting next_dagrun for energy_pipeline to 2026-04-28 00:00:00+00:00, run_after=2026-04-29 00:00:00+00:00
[2026-04-28T17:07:04.043+0000] {processor.py:183} INFO - Processing /opt/airflow/dags/pipeline_dag.py took 0.099 seconds
[2026-04-28T17:07:34.506+0000] {processor.py:161} INFO - Started process (PID=341) to work on /opt/airflow/dags/pipeline_dag.py
[2026-04-28T17:07:34.507+0000] {processor.py:830} INFO - Processing file /opt/airflow/dags/pipeline_dag.py for tasks to queue
[2026-04-28T17:07:34.509+0000] {logging_mixin.py:188} INFO - [2026-04-28T17:07:34.508+0000] {dagbag.py:538} INFO - Filling up the DagBag from /opt/airflow/dags/pipeline_dag.py
[2026-04-28T17:07:34.521+0000] {processor.py:840} INFO - DAG(s) 'energy_pipeline' retrieved from /opt/airflow/dags/pipeline_dag.py
[2026-04-28T17:07:34.553+0000] {logging_mixin.py:188} INFO - [2026-04-28T17:07:34.553+0000] {dag.py:3036} INFO - Sync 1 DAGs
[2026-04-28T17:07:34.578+0000] {logging_mixin.py:188} INFO - [2026-04-28T17:07:34.578+0000] {dag.py:3823} INFO - Setting next_dagrun for energy_pipeline to 2026-04-28 00:00:00+00:00, run_after=2026-04-29 00:00:00+00:00
[2026-04-28T17:07:34.606+0000] {processor.py:183} INFO - Processing /opt/airflow/dags/pipeline_dag.py took 0.105 seconds
[2026-04-28T17:08:05.034+0000] {processor.py:161} INFO - Started process (PID=342) to work on /opt/airflow/dags/pipeline_dag.py
[2026-04-28T17:08:05.037+0000] {processor.py:830} INFO - Processing file /opt/airflow/dags/pipeline_dag.py for tasks to queue
[2026-04-28T17:08:05.039+0000] {logging_mixin.py:188} INFO - [2026-04-28T17:08:05.038+0000] {dagbag.py:538} INFO - Filling up the DagBag from /opt/airflow/dags/pipeline_dag.py
[2026-04-28T17:08:05.050+0000] {processor.py:840} INFO - DAG(s) 'energy_pipeline' retrieved from /opt/airflow/dags/pipeline_dag.py
[2026-04-28T17:08:05.099+0000] {logging_mixin.py:188} INFO - [2026-04-28T17:08:05.099+0000] {dag.py:3036} INFO - Sync 1 DAGs
[2026-04-28T17:08:05.145+0000] {logging_mixin.py:188} INFO - [2026-04-28T17:08:05.144+0000] {dag.py:3823} INFO - Setting next_dagrun for energy_pipeline to 2026-04-28 00:00:00+00:00, run_after=2026-04-29 00:00:00+00:00
[2026-04-28T17:08:05.198+0000] {processor.py:183} INFO - Processing /opt/airflow/dags/pipeline_dag.py took 0.170 seconds
[2026-04-28T17:08:38.815+0000] {processor.py:161} INFO - Started process (PID=343) to work on /opt/airflow/dags/pipeline_dag.py
[2026-04-28T17:08:38.865+0000] {processor.py:830} INFO - Processing file /opt/airflow/dags/pipeline_dag.py for tasks to queue
[2026-04-28T17:08:38.904+0000] {logging_mixin.py:188} INFO - [2026-04-28T17:08:38.879+0000] {dagbag.py:538} INFO - Filling up the DagBag from /opt/airflow/dags/pipeline_dag.py
[2026-04-28T17:08:39.084+0000] {processor.py:840} INFO - DAG(s) 'energy_pipeline' retrieved from /opt/airflow/dags/pipeline_dag.py
[2026-04-28T17:08:39.340+0000] {logging_mixin.py:188} INFO - [2026-04-28T17:08:39.340+0000] {dag.py:3036} INFO - Sync 1 DAGs
[2026-04-28T17:08:39.444+0000] {logging_mixin.py:188} INFO - [2026-04-28T17:08:39.443+0000] {dag.py:3823} INFO - Setting next_dagrun for energy_pipeline to 2026-04-28 00:00:00+00:00, run_after=2026-04-29 00:00:00+00:00
[2026-04-28T17:08:39.569+0000] {processor.py:183} INFO - Processing /opt/airflow/dags/pipeline_dag.py took 0.823 seconds
[2026-04-28T17:09:10.600+0000] {processor.py:161} INFO - Started process (PID=344) to work on /opt/airflow/dags/pipeline_dag.py
[2026-04-28T17:09:10.610+0000] {processor.py:830} INFO - Processing file /opt/airflow/dags/pipeline_dag.py for tasks to queue
[2026-04-28T17:09:10.617+0000] {logging_mixin.py:188} INFO - [2026-04-28T17:09:10.614+0000] {dagbag.py:538} INFO - Filling up the DagBag from /opt/airflow/dags/pipeline_dag.py
[2026-04-28T17:09:10.686+0000] {processor.py:840} INFO - DAG(s) 'energy_pipeline' retrieved from /opt/airflow/dags/pipeline_dag.py
[2026-04-28T17:09:11.051+0000] {logging_mixin.py:188} INFO - [2026-04-28T17:09:11.049+0000] {dag.py:3036} INFO - Sync 1 DAGs
[2026-04-28T17:09:11.303+0000] {logging_mixin.py:188} INFO - [2026-04-28T17:09:11.301+0000] {dag.py:3823} INFO - Setting next_dagrun for energy_pipeline to 2026-04-28 00:00:00+00:00, run_after=2026-04-29 00:00:00+00:00
[2026-04-28T17:09:11.527+0000] {processor.py:183} INFO - Processing /opt/airflow/dags/pipeline_dag.py took 0.975 seconds
[2026-04-28T17:09:42.238+0000] {processor.py:161} INFO - Started process (PID=345) to work on /opt/airflow/dags/pipeline_dag.py
[2026-04-28T17:09:42.242+0000] {processor.py:830} INFO - Processing file /opt/airflow/dags/pipeline_dag.py for tasks to queue
[2026-04-28T17:09:42.246+0000] {logging_mixin.py:188} INFO - [2026-04-28T17:09:42.245+0000] {dagbag.py:538} INFO - Filling up the DagBag from /opt/airflow/dags/pipeline_dag.py
[2026-04-28T17:09:42.283+0000] {processor.py:840} INFO - DAG(s) 'energy_pipeline' retrieved from /opt/airflow/dags/pipeline_dag.py
[2026-04-28T17:09:42.393+0000] {logging_mixin.py:188} INFO - [2026-04-28T17:09:42.393+0000] {dag.py:3036} INFO - Sync 1 DAGs
[2026-04-28T17:09:42.744+0000] {logging_mixin.py:188} INFO - [2026-04-28T17:09:42.741+0000] {dag.py:3823} INFO - Setting next_dagrun for energy_pipeline to 2026-04-28 00:00:00+00:00, run_after=2026-04-29 00:00:00+00:00
[2026-04-28T17:09:43.202+0000] {processor.py:183} INFO - Processing /opt/airflow/dags/pipeline_dag.py took 0.976 seconds
[2026-04-28T17:10:13.630+0000] {processor.py:161} INFO - Started process (PID=346) to work on /opt/airflow/dags/pipeline_dag.py
[2026-04-28T17:10:13.634+0000] {processor.py:830} INFO - Processing file /opt/airflow/dags/pipeline_dag.py for tasks to queue
[2026-04-28T17:10:13.636+0000] {logging_mixin.py:188} INFO - [2026-04-28T17:10:13.635+0000] {dagbag.py:538} INFO - Filling up the DagBag from /opt/airflow/dags/pipeline_dag.py
[2026-04-28T17:10:13.762+0000] {processor.py:840} INFO - DAG(s) 'energy_pipeline' retrieved from /opt/airflow/dags/pipeline_dag.py
[2026-04-28T17:10:13.924+0000] {logging_mixin.py:188} INFO - [2026-04-28T17:10:13.924+0000] {dag.py:3036} INFO - Sync 1 DAGs
[2026-04-28T17:10:13.979+0000] {logging_mixin.py:188} INFO - [2026-04-28T17:10:13.978+0000] {dag.py:3823} INFO - Setting next_dagrun for energy_pipeline to 2026-04-28 00:00:00+00:00, run_after=2026-04-29 00:00:00+00:00
[2026-04-28T17:10:14.048+0000] {processor.py:183} INFO - Processing /opt/airflow/dags/pipeline_dag.py took 0.461 seconds
[2026-04-28T17:10:44.374+0000] {processor.py:161} INFO - Started process (PID=347) to work on /opt/airflow/dags/pipeline_dag.py
[2026-04-28T17:10:44.376+0000] {processor.py:830} INFO - Processing file /opt/airflow/dags/pipeline_dag.py for tasks to queue
[2026-04-28T17:10:44.379+0000] {logging_mixin.py:188} INFO - [2026-04-28T17:10:44.377+0000] {dagbag.py:538} INFO - Filling up the DagBag from /opt/airflow/dags/pipeline_dag.py
[2026-04-28T17:10:44.398+0000] {processor.py:840} INFO - DAG(s) 'energy_pipeline' retrieved from /opt/airflow/dags/pipeline_dag.py
[2026-04-28T17:10:44.454+0000] {logging_mixin.py:188} INFO - [2026-04-28T17:10:44.453+0000] {dag.py:3036} INFO - Sync 1 DAGs
[2026-04-28T17:10:44.489+0000] {logging_mixin.py:188} INFO - [2026-04-28T17:10:44.489+0000] {dag.py:3823} INFO - Setting next_dagrun for energy_pipeline to 2026-04-28 00:00:00+00:00, run_after=2026-04-29 00:00:00+00:00
[2026-04-28T17:10:44.522+0000] {processor.py:183} INFO - Processing /opt/airflow/dags/pipeline_dag.py took 0.181 seconds
[2026-04-28T17:11:14.702+0000] {processor.py:161} INFO - Started process (PID=348) to work on /opt/airflow/dags/pipeline_dag.py
[2026-04-28T17:11:14.707+0000] {processor.py:830} INFO - Processing file /opt/airflow/dags/pipeline_dag.py for tasks to queue
[2026-04-28T17:11:14.713+0000] {logging_mixin.py:188} INFO - [2026-04-28T17:11:14.710+0000] {dagbag.py:538} INFO - Filling up the DagBag from /opt/airflow/dags/pipeline_dag.py
[2026-04-28T17:11:14.727+0000] {processor.py:840} INFO - DAG(s) 'energy_pipeline' retrieved from /opt/airflow/dags/pipeline_dag.py
[2026-04-28T17:11:14.763+0000] {logging_mixin.py:188} INFO - [2026-04-28T17:11:14.763+0000] {dag.py:3036} INFO - Sync 1 DAGs
[2026-04-28T17:11:14.787+0000] {logging_mixin.py:188} INFO - [2026-04-28T17:11:14.787+0000] {dag.py:3823} INFO - Setting next_dagrun for energy_pipeline to 2026-04-28 00:00:00+00:00, run_after=2026-04-29 00:00:00+00:00
[2026-04-28T17:11:14.820+0000] {processor.py:183} INFO - Processing /opt/airflow/dags/pipeline_dag.py took 0.126 seconds
[2026-04-28T17:11:45.707+0000] {processor.py:161} INFO - Started process (PID=439) to work on /opt/airflow/dags/pipeline_dag.py
[2026-04-28T17:11:45.708+0000] {processor.py:830} INFO - Processing file /opt/airflow/dags/pipeline_dag.py for tasks to queue
[2026-04-28T17:11:45.709+0000] {logging_mixin.py:188} INFO - [2026-04-28T17:11:45.709+0000] {dagbag.py:538} INFO - Filling up the DagBag from /opt/airflow/dags/pipeline_dag.py
[2026-04-28T17:11:45.733+0000] {processor.py:840} INFO - DAG(s) 'energy_pipeline' retrieved from /opt/airflow/dags/pipeline_dag.py
[2026-04-28T17:11:45.768+0000] {logging_mixin.py:188} INFO - [2026-04-28T17:11:45.768+0000] {dag.py:3036} INFO - Sync 1 DAGs
[2026-04-28T17:11:45.795+0000] {logging_mixin.py:188} INFO - [2026-04-28T17:11:45.794+0000] {dag.py:3823} INFO - Setting next_dagrun for energy_pipeline to 2026-04-28 00:00:00+00:00, run_after=2026-04-29 00:00:00+00:00
[2026-04-28T17:11:45.827+0000] {processor.py:183} INFO - Processing /opt/airflow/dags/pipeline_dag.py took 0.128 seconds
[2026-04-28T17:12:16.228+0000] {processor.py:161} INFO - Started process (PID=440) to work on /opt/airflow/dags/pipeline_dag.py
[2026-04-28T17:12:16.229+0000] {processor.py:830} INFO - Processing file /opt/airflow/dags/pipeline_dag.py for tasks to queue
[2026-04-28T17:12:16.230+0000] {logging_mixin.py:188} INFO - [2026-04-28T17:12:16.230+0000] {dagbag.py:538} INFO - Filling up the DagBag from /opt/airflow/dags/pipeline_dag.py
[2026-04-28T17:12:16.240+0000] {processor.py:840} INFO - DAG(s) 'energy_pipeline' retrieved from /opt/airflow/dags/pipeline_dag.py
[2026-04-28T17:12:16.265+0000] {logging_mixin.py:188} INFO - [2026-04-28T17:12:16.265+0000] {dag.py:3036} INFO - Sync 1 DAGs
[2026-04-28T17:12:16.284+0000] {logging_mixin.py:188} INFO - [2026-04-28T17:12:16.284+0000] {dag.py:3823} INFO - Setting next_dagrun for energy_pipeline to 2026-04-28 00:00:00+00:00, run_after=2026-04-29 00:00:00+00:00
[2026-04-28T17:12:16.312+0000] {processor.py:183} INFO - Processing /opt/airflow/dags/pipeline_dag.py took 0.088 seconds
[2026-04-28T17:12:46.644+0000] {processor.py:161} INFO - Started process (PID=441) to work on /opt/airflow/dags/pipeline_dag.py
[2026-04-28T17:12:46.646+0000] {processor.py:830} INFO - Processing file /opt/airflow/dags/pipeline_dag.py for tasks to queue
[2026-04-28T17:12:46.647+0000] {logging_mixin.py:188} INFO - [2026-04-28T17:12:46.647+0000] {dagbag.py:538} INFO - Filling up the DagBag from /opt/airflow/dags/pipeline_dag.py
[2026-04-28T17:12:46.659+0000] {processor.py:840} INFO - DAG(s) 'energy_pipeline' retrieved from /opt/airflow/dags/pipeline_dag.py
[2026-04-28T17:12:46.703+0000] {logging_mixin.py:188} INFO - [2026-04-28T17:12:46.703+0000] {dag.py:3036} INFO - Sync 1 DAGs
[2026-04-28T17:12:46.745+0000] {logging_mixin.py:188} INFO - [2026-04-28T17:12:46.745+0000] {dag.py:3823} INFO - Setting next_dagrun for energy_pipeline to 2026-04-28 00:00:00+00:00, run_after=2026-04-29 00:00:00+00:00
[2026-04-28T17:12:46.783+0000] {processor.py:183} INFO - Processing /opt/airflow/dags/pipeline_dag.py took 0.144 seconds
[2026-04-28T17:13:17.050+0000] {processor.py:161} INFO - Started process (PID=442) to work on /opt/airflow/dags/pipeline_dag.py
[2026-04-28T17:13:17.056+0000] {processor.py:830} INFO - Processing file /opt/airflow/dags/pipeline_dag.py for tasks to queue
[2026-04-28T17:13:17.061+0000] {logging_mixin.py:188} INFO - [2026-04-28T17:13:17.059+0000] {dagbag.py:538} INFO - Filling up the DagBag from /opt/airflow/dags/pipeline_dag.py
[2026-04-28T17:13:17.107+0000] {processor.py:840} INFO - DAG(s) 'energy_pipeline' retrieved from /opt/airflow/dags/pipeline_dag.py
[2026-04-28T17:13:17.132+0000] {logging_mixin.py:188} INFO - [2026-04-28T17:13:17.132+0000] {dag.py:3036} INFO - Sync 1 DAGs
[2026-04-28T17:13:17.156+0000] {logging_mixin.py:188} INFO - [2026-04-28T17:13:17.156+0000] {dag.py:3823} INFO - Setting next_dagrun for energy_pipeline to 2026-04-28 00:00:00+00:00, run_after=2026-04-29 00:00:00+00:00
[2026-04-28T17:13:17.182+0000] {processor.py:183} INFO - Processing /opt/airflow/dags/pipeline_dag.py took 0.140 seconds
[2026-04-28T17:13:47.456+0000] {processor.py:161} INFO - Started process (PID=443) to work on /opt/airflow/dags/pipeline_dag.py
[2026-04-28T17:13:47.457+0000] {processor.py:830} INFO - Processing file /opt/airflow/dags/pipeline_dag.py for tasks to queue
[2026-04-28T17:13:47.459+0000] {logging_mixin.py:188} INFO - [2026-04-28T17:13:47.458+0000] {dagbag.py:538} INFO - Filling up the DagBag from /opt/airflow/dags/pipeline_dag.py
[2026-04-28T17:13:47.472+0000] {processor.py:840} INFO - DAG(s) 'energy_pipeline' retrieved from /opt/airflow/dags/pipeline_dag.py
[2026-04-28T17:13:47.538+0000] {logging_mixin.py:188} INFO - [2026-04-28T17:13:47.537+0000] {dag.py:3036} INFO - Sync 1 DAGs
[2026-04-28T17:13:47.585+0000] {logging_mixin.py:188} INFO - [2026-04-28T17:13:47.584+0000] {dag.py:3823} INFO - Setting next_dagrun for energy_pipeline to 2026-04-28 00:00:00+00:00, run_after=2026-04-29 00:00:00+00:00
[2026-04-28T17:13:47.617+0000] {processor.py:183} INFO - Processing /opt/airflow/dags/pipeline_dag.py took 0.166 seconds
[2026-04-28T17:14:17.836+0000] {processor.py:161} INFO - Started process (PID=444) to work on /opt/airflow/dags/pipeline_dag.py
[2026-04-28T17:14:17.837+0000] {processor.py:830} INFO - Processing file /opt/airflow/dags/pipeline_dag.py for tasks to queue
[2026-04-28T17:14:17.839+0000] {logging_mixin.py:188} INFO - [2026-04-28T17:14:17.838+0000] {dagbag.py:538} INFO - Filling up the DagBag from /opt/airflow/dags/pipeline_dag.py
[2026-04-28T17:14:17.849+0000] {processor.py:840} INFO - DAG(s) 'energy_pipeline' retrieved from /opt/airflow/dags/pipeline_dag.py
[2026-04-28T17:14:17.882+0000] {logging_mixin.py:188} INFO - [2026-04-28T17:14:17.882+0000] {dag.py:3036} INFO - Sync 1 DAGs
[2026-04-28T17:14:17.915+0000] {logging_mixin.py:188} INFO - [2026-04-28T17:14:17.915+0000] {dag.py:3823} INFO - Setting next_dagrun for energy_pipeline to 2026-04-28 00:00:00+00:00, run_after=2026-04-29 00:00:00+00:00
[2026-04-28T17:14:17.949+0000] {processor.py:183} INFO - Processing /opt/airflow/dags/pipeline_dag.py took 0.118 seconds
[2026-04-28T17:14:48.281+0000] {processor.py:161} INFO - Started process (PID=445) to work on /opt/airflow/dags/pipeline_dag.py
[2026-04-28T17:14:48.287+0000] {processor.py:830} INFO - Processing file /opt/airflow/dags/pipeline_dag.py for tasks to queue
[2026-04-28T17:14:48.289+0000] {logging_mixin.py:188} INFO - [2026-04-28T17:14:48.288+0000] {dagbag.py:538} INFO - Filling up the DagBag from /opt/airflow/dags/pipeline_dag.py
[2026-04-28T17:14:48.311+0000] {processor.py:840} INFO - DAG(s) 'energy_pipeline' retrieved from /opt/airflow/dags/pipeline_dag.py
[2026-04-28T17:14:48.365+0000] {logging_mixin.py:188} INFO - [2026-04-28T17:14:48.365+0000] {dag.py:3036} INFO - Sync 1 DAGs
[2026-04-28T17:14:48.400+0000] {logging_mixin.py:188} INFO - [2026-04-28T17:14:48.400+0000] {dag.py:3823} INFO - Setting next_dagrun for energy_pipeline to 2026-04-28 00:00:00+00:00, run_after=2026-04-29 00:00:00+00:00
[2026-04-28T17:14:48.447+0000] {processor.py:183} INFO - Processing /opt/airflow/dags/pipeline_dag.py took 0.176 seconds
[2026-04-28T17:15:18.730+0000] {processor.py:161} INFO - Started process (PID=446) to work on /opt/airflow/dags/pipeline_dag.py
[2026-04-28T17:15:18.732+0000] {processor.py:830} INFO - Processing file /opt/airflow/dags/pipeline_dag.py for tasks to queue
[2026-04-28T17:15:18.733+0000] {logging_mixin.py:188} INFO - [2026-04-28T17:15:18.732+0000] {dagbag.py:538} INFO - Filling up the DagBag from /opt/airflow/dags/pipeline_dag.py
[2026-04-28T17:15:18.745+0000] {processor.py:840} INFO - DAG(s) 'energy_pipeline' retrieved from /opt/airflow/dags/pipeline_dag.py
[2026-04-28T17:15:18.779+0000] {logging_mixin.py:188} INFO - [2026-04-28T17:15:18.779+0000] {dag.py:3036} INFO - Sync 1 DAGs
[2026-04-28T17:15:18.804+0000] {logging_mixin.py:188} INFO - [2026-04-28T17:15:18.804+0000] {dag.py:3823} INFO - Setting next_dagrun for energy_pipeline to 2026-04-28 00:00:00+00:00, run_after=2026-04-29 00:00:00+00:00
[2026-04-28T17:15:18.837+0000] {processor.py:183} INFO - Processing /opt/airflow/dags/pipeline_dag.py took 0.112 seconds
[2026-04-28T17:15:49.210+0000] {processor.py:161} INFO - Started process (PID=447) to work on /opt/airflow/dags/pipeline_dag.py
[2026-04-28T17:15:49.211+0000] {processor.py:830} INFO - Processing file /opt/airflow/dags/pipeline_dag.py for tasks to queue
[2026-04-28T17:15:49.213+0000] {logging_mixin.py:188} INFO - [2026-04-28T17:15:49.212+0000] {dagbag.py:538} INFO - Filling up the DagBag from /opt/airflow/dags/pipeline_dag.py
[2026-04-28T17:15:49.225+0000] {processor.py:840} INFO - DAG(s) 'energy_pipeline' retrieved from /opt/airflow/dags/pipeline_dag.py
[2026-04-28T17:15:49.259+0000] {logging_mixin.py:188} INFO - [2026-04-28T17:15:49.258+0000] {dag.py:3036} INFO - Sync 1 DAGs
[2026-04-28T17:15:49.292+0000] {logging_mixin.py:188} INFO - [2026-04-28T17:15:49.291+0000] {dag.py:3823} INFO - Setting next_dagrun for energy_pipeline to 2026-04-28 00:00:00+00:00, run_after=2026-04-29 00:00:00+00:00
[2026-04-28T17:15:49.327+0000] {processor.py:183} INFO - Processing /opt/airflow/dags/pipeline_dag.py took 0.122 seconds
[2026-04-28T17:16:19.748+0000] {processor.py:161} INFO - Started process (PID=448) to work on /opt/airflow/dags/pipeline_dag.py
[2026-04-28T17:16:19.750+0000] {processor.py:830} INFO - Processing file /opt/airflow/dags/pipeline_dag.py for tasks to queue
[2026-04-28T17:16:19.751+0000] {logging_mixin.py:188} INFO - [2026-04-28T17:16:19.751+0000] {dagbag.py:538} INFO - Filling up the DagBag from /opt/airflow/dags/pipeline_dag.py
[2026-04-28T17:16:19.764+0000] {processor.py:840} INFO - DAG(s) 'energy_pipeline' retrieved from /opt/airflow/dags/pipeline_dag.py
[2026-04-28T17:16:19.802+0000] {logging_mixin.py:188} INFO - [2026-04-28T17:16:19.802+0000] {dag.py:3036} INFO - Sync 1 DAGs
[2026-04-28T17:16:19.830+0000] {logging_mixin.py:188} INFO - [2026-04-28T17:16:19.830+0000] {dag.py:3823} INFO - Setting next_dagrun for energy_pipeline to 2026-04-28 00:00:00+00:00, run_after=2026-04-29 00:00:00+00:00
[2026-04-28T17:16:19.870+0000] {processor.py:183} INFO - Processing /opt/airflow/dags/pipeline_dag.py took 0.127 seconds
[2026-04-28T17:16:52.984+0000] {processor.py:161} INFO - Started process (PID=539) to work on /opt/airflow/dags/pipeline_dag.py
[2026-04-28T17:16:52.985+0000] {processor.py:830} INFO - Processing file /opt/airflow/dags/pipeline_dag.py for tasks to queue
[2026-04-28T17:16:52.986+0000] {logging_mixin.py:188} INFO - [2026-04-28T17:16:52.986+0000] {dagbag.py:538} INFO - Filling up the DagBag from /opt/airflow/dags/pipeline_dag.py
[2026-04-28T17:16:52.999+0000] {processor.py:840} INFO - DAG(s) 'energy_pipeline' retrieved from /opt/airflow/dags/pipeline_dag.py
[2026-04-28T17:16:53.037+0000] {logging_mixin.py:188} INFO - [2026-04-28T17:16:53.036+0000] {dag.py:3036} INFO - Sync 1 DAGs
[2026-04-28T17:16:53.075+0000] {logging_mixin.py:188} INFO - [2026-04-28T17:16:53.075+0000] {dag.py:3823} INFO - Setting next_dagrun for energy_pipeline to 2026-04-28 00:00:00+00:00, run_after=2026-04-29 00:00:00+00:00
[2026-04-28T17:16:53.112+0000] {processor.py:183} INFO - Processing /opt/airflow/dags/pipeline_dag.py took 0.133 seconds
[2026-04-28T17:17:23.239+0000] {processor.py:161} INFO - Started process (PID=540) to work on /opt/airflow/dags/pipeline_dag.py
[2026-04-28T17:17:23.241+0000] {processor.py:830} INFO - Processing file /opt/airflow/dags/pipeline_dag.py for tasks to queue
[2026-04-28T17:17:23.243+0000] {logging_mixin.py:188} INFO - [2026-04-28T17:17:23.242+0000] {dagbag.py:538} INFO - Filling up the DagBag from /opt/airflow/dags/pipeline_dag.py
[2026-04-28T17:17:23.256+0000] {processor.py:840} INFO - DAG(s) 'energy_pipeline' retrieved from /opt/airflow/dags/pipeline_dag.py
[2026-04-28T17:17:23.301+0000] {logging_mixin.py:188} INFO - [2026-04-28T17:17:23.300+0000] {dag.py:3036} INFO - Sync 1 DAGs
[2026-04-28T17:17:23.337+0000] {logging_mixin.py:188} INFO - [2026-04-28T17:17:23.337+0000] {dag.py:3823} INFO - Setting next_dagrun for energy_pipeline to 2026-04-28 00:00:00+00:00, run_after=2026-04-29 00:00:00+00:00
[2026-04-28T17:17:23.373+0000] {processor.py:183} INFO - Processing /opt/airflow/dags/pipeline_dag.py took 0.139 seconds
[2026-04-28T17:17:53.826+0000] {processor.py:161} INFO - Started process (PID=541) to work on /opt/airflow/dags/pipeline_dag.py
[2026-04-28T17:17:53.828+0000] {processor.py:830} INFO - Processing file /opt/airflow/dags/pipeline_dag.py for tasks to queue
[2026-04-28T17:17:53.830+0000] {logging_mixin.py:188} INFO - [2026-04-28T17:17:53.829+0000] {dagbag.py:538} INFO - Filling up the DagBag from /opt/airflow/dags/pipeline_dag.py
[2026-04-28T17:17:53.842+0000] {processor.py:840} INFO - DAG(s) 'energy_pipeline' retrieved from /opt/airflow/dags/pipeline_dag.py
[2026-04-28T17:17:53.881+0000] {logging_mixin.py:188} INFO - [2026-04-28T17:17:53.881+0000] {dag.py:3036} INFO - Sync 1 DAGs
[2026-04-28T17:17:53.909+0000] {logging_mixin.py:188} INFO - [2026-04-28T17:17:53.908+0000] {dag.py:3823} INFO - Setting next_dagrun for energy_pipeline to 2026-04-28 00:00:00+00:00, run_after=2026-04-29 00:00:00+00:00
[2026-04-28T17:17:53.946+0000] {processor.py:183} INFO - Processing /opt/airflow/dags/pipeline_dag.py took 0.125 seconds
[2026-04-28T17:18:24.405+0000] {processor.py:161} INFO - Started process (PID=542) to work on /opt/airflow/dags/pipeline_dag.py
[2026-04-28T17:18:24.407+0000] {processor.py:830} INFO - Processing file /opt/airflow/dags/pipeline_dag.py for tasks to queue
[2026-04-28T17:18:24.409+0000] {logging_mixin.py:188} INFO - [2026-04-28T17:18:24.408+0000] {dagbag.py:538} INFO - Filling up the DagBag from /opt/airflow/dags/pipeline_dag.py
[2026-04-28T17:18:24.421+0000] {processor.py:840} INFO - DAG(s) 'energy_pipeline' retrieved from /opt/airflow/dags/pipeline_dag.py
[2026-04-28T17:18:24.456+0000] {logging_mixin.py:188} INFO - [2026-04-28T17:18:24.456+0000] {dag.py:3036} INFO - Sync 1 DAGs
[2026-04-28T17:18:24.484+0000] {logging_mixin.py:188} INFO - [2026-04-28T17:18:24.484+0000] {dag.py:3823} INFO - Setting next_dagrun for energy_pipeline to 2026-04-28 00:00:00+00:00, run_after=2026-04-29 00:00:00+00:00
[2026-04-28T17:18:24.518+0000] {processor.py:183} INFO - Processing /opt/airflow/dags/pipeline_dag.py took 0.117 seconds
[2026-04-28T17:18:54.999+0000] {processor.py:161} INFO - Started process (PID=543) to work on /opt/airflow/dags/pipeline_dag.py
[2026-04-28T17:18:55.001+0000] {processor.py:830} INFO - Processing file /opt/airflow/dags/pipeline_dag.py for tasks to queue
[2026-04-28T17:18:55.002+0000] {logging_mixin.py:188} INFO - [2026-04-28T17:18:55.002+0000] {dagbag.py:538} INFO - Filling up the DagBag from /opt/airflow/dags/pipeline_dag.py
[2026-04-28T17:18:55.014+0000] {processor.py:840} INFO - DAG(s) 'energy_pipeline' retrieved from /opt/airflow/dags/pipeline_dag.py
[2026-04-28T17:18:55.052+0000] {logging_mixin.py:188} INFO - [2026-04-28T17:18:55.051+0000] {dag.py:3036} INFO - Sync 1 DAGs
[2026-04-28T17:18:55.079+0000] {logging_mixin.py:188} INFO - [2026-04-28T17:18:55.079+0000] {dag.py:3823} INFO - Setting next_dagrun for energy_pipeline to 2026-04-28 00:00:00+00:00, run_after=2026-04-29 00:00:00+00:00
[2026-04-28T17:18:55.113+0000] {processor.py:183} INFO - Processing /opt/airflow/dags/pipeline_dag.py took 0.123 seconds
[2026-04-28T17:19:25.594+0000] {processor.py:161} INFO - Started process (PID=544) to work on /opt/airflow/dags/pipeline_dag.py
[2026-04-28T17:19:25.596+0000] {processor.py:830} INFO - Processing file /opt/airflow/dags/pipeline_dag.py for tasks to queue
[2026-04-28T17:19:25.598+0000] {logging_mixin.py:188} INFO - [2026-04-28T17:19:25.597+0000] {dagbag.py:538} INFO - Filling up the DagBag from /opt/airflow/dags/pipeline_dag.py
[2026-04-28T17:19:25.609+0000] {processor.py:840} INFO - DAG(s) 'energy_pipeline' retrieved from /opt/airflow/dags/pipeline_dag.py
[2026-04-28T17:19:25.646+0000] {logging_mixin.py:188} INFO - [2026-04-28T17:19:25.646+0000] {dag.py:3036} INFO - Sync 1 DAGs
[2026-04-28T17:19:25.675+0000] {logging_mixin.py:188} INFO - [2026-04-28T17:19:25.675+0000] {dag.py:3823} INFO - Setting next_dagrun for energy_pipeline to 2026-04-28 00:00:00+00:00, run_after=2026-04-29 00:00:00+00:00
[2026-04-28T17:19:25.710+0000] {processor.py:183} INFO - Processing /opt/airflow/dags/pipeline_dag.py took 0.120 seconds
[2026-04-28T17:19:55.975+0000] {processor.py:161} INFO - Started process (PID=545) to work on /opt/airflow/dags/pipeline_dag.py
[2026-04-28T17:19:55.977+0000] {processor.py:830} INFO - Processing file /opt/airflow/dags/pipeline_dag.py for tasks to queue
[2026-04-28T17:19:55.979+0000] {logging_mixin.py:188} INFO - [2026-04-28T17:19:55.978+0000] {dagbag.py:538} INFO - Filling up the DagBag from /opt/airflow/dags/pipeline_dag.py
[2026-04-28T17:19:55.991+0000] {processor.py:840} INFO - DAG(s) 'energy_pipeline' retrieved from /opt/airflow/dags/pipeline_dag.py
[2026-04-28T17:19:56.036+0000] {logging_mixin.py:188} INFO - [2026-04-28T17:19:56.036+0000] {dag.py:3036} INFO - Sync 1 DAGs
[2026-04-28T17:19:56.064+0000] {logging_mixin.py:188} INFO - [2026-04-28T17:19:56.064+0000] {dag.py:3823} INFO - Setting next_dagrun for energy_pipeline to 2026-04-28 00:00:00+00:00, run_after=2026-04-29 00:00:00+00:00
[2026-04-28T17:19:56.104+0000] {processor.py:183} INFO - Processing /opt/airflow/dags/pipeline_dag.py took 0.136 seconds
[2026-04-28T17:20:26.204+0000] {processor.py:161} INFO - Started process (PID=546) to work on /opt/airflow/dags/pipeline_dag.py
[2026-04-28T17:20:26.205+0000] {processor.py:830} INFO - Processing file /opt/airflow/dags/pipeline_dag.py for tasks to queue
[2026-04-28T17:20:26.207+0000] {logging_mixin.py:188} INFO - [2026-04-28T17:20:26.206+0000] {dagbag.py:538} INFO - Filling up the DagBag from /opt/airflow/dags/pipeline_dag.py
[2026-04-28T17:20:26.219+0000] {processor.py:840} INFO - DAG(s) 'energy_pipeline' retrieved from /opt/airflow/dags/pipeline_dag.py
[2026-04-28T17:20:26.260+0000] {logging_mixin.py:188} INFO - [2026-04-28T17:20:26.260+0000] {dag.py:3036} INFO - Sync 1 DAGs
[2026-04-28T17:20:26.290+0000] {logging_mixin.py:188} INFO - [2026-04-28T17:20:26.290+0000] {dag.py:3823} INFO - Setting next_dagrun for energy_pipeline to 2026-04-28 00:00:00+00:00, run_after=2026-04-29 00:00:00+00:00
[2026-04-28T17:20:26.326+0000] {processor.py:183} INFO - Processing /opt/airflow/dags/pipeline_dag.py took 0.130 seconds
[2026-04-28T17:20:56.983+0000] {processor.py:161} INFO - Started process (PID=547) to work on /opt/airflow/dags/pipeline_dag.py
[2026-04-28T17:20:56.984+0000] {processor.py:830} INFO - Processing file /opt/airflow/dags/pipeline_dag.py for tasks to queue
[2026-04-28T17:20:56.986+0000] {logging_mixin.py:188} INFO - [2026-04-28T17:20:56.985+0000] {dagbag.py:538} INFO - Filling up the DagBag from /opt/airflow/dags/pipeline_dag.py
[2026-04-28T17:20:57.002+0000] {processor.py:840} INFO - DAG(s) 'energy_pipeline' retrieved from /opt/airflow/dags/pipeline_dag.py
[2026-04-28T17:20:57.055+0000] {logging_mixin.py:188} INFO - [2026-04-28T17:20:57.055+0000] {dag.py:3036} INFO - Sync 1 DAGs
[2026-04-28T17:20:57.088+0000] {logging_mixin.py:188} INFO - [2026-04-28T17:20:57.088+0000] {dag.py:3823} INFO - Setting next_dagrun for energy_pipeline to 2026-04-28 00:00:00+00:00, run_after=2026-04-29 00:00:00+00:00
[2026-04-28T17:20:57.129+0000] {processor.py:183} INFO - Processing /opt/airflow/dags/pipeline_dag.py took 0.153 seconds
[2026-04-28T17:21:27.518+0000] {processor.py:161} INFO - Started process (PID=548) to work on /opt/airflow/dags/pipeline_dag.py
[2026-04-28T17:21:27.520+0000] {processor.py:830} INFO - Processing file /opt/airflow/dags/pipeline_dag.py for tasks to queue
[2026-04-28T17:21:27.522+0000] {logging_mixin.py:188} INFO - [2026-04-28T17:21:27.521+0000] {dagbag.py:538} INFO - Filling up the DagBag from /opt/airflow/dags/pipeline_dag.py
[2026-04-28T17:21:27.534+0000] {processor.py:840} INFO - DAG(s) 'energy_pipeline' retrieved from /opt/airflow/dags/pipeline_dag.py
[2026-04-28T17:21:27.572+0000] {logging_mixin.py:188} INFO - [2026-04-28T17:21:27.571+0000] {dag.py:3036} INFO - Sync 1 DAGs
[2026-04-28T17:21:27.602+0000] {logging_mixin.py:188} INFO - [2026-04-28T17:21:27.601+0000] {dag.py:3823} INFO - Setting next_dagrun for energy_pipeline to 2026-04-28 00:00:00+00:00, run_after=2026-04-29 00:00:00+00:00
[2026-04-28T17:21:27.639+0000] {processor.py:183} INFO - Processing /opt/airflow/dags/pipeline_dag.py took 0.126 seconds
[2026-04-28T17:21:58.117+0000] {processor.py:161} INFO - Started process (PID=549) to work on /opt/airflow/dags/pipeline_dag.py
[2026-04-28T17:21:58.118+0000] {processor.py:830} INFO - Processing file /opt/airflow/dags/pipeline_dag.py for tasks to queue
[2026-04-28T17:21:58.120+0000] {logging_mixin.py:188} INFO - [2026-04-28T17:21:58.119+0000] {dagbag.py:538} INFO - Filling up the DagBag from /opt/airflow/dags/pipeline_dag.py
[2026-04-28T17:21:58.132+0000] {processor.py:840} INFO - DAG(s) 'energy_pipeline' retrieved from /opt/airflow/dags/pipeline_dag.py
[2026-04-28T17:21:58.169+0000] {logging_mixin.py:188} INFO - [2026-04-28T17:21:58.169+0000] {dag.py:3036} INFO - Sync 1 DAGs
[2026-04-28T17:21:58.197+0000] {logging_mixin.py:188} INFO - [2026-04-28T17:21:58.197+0000] {dag.py:3823} INFO - Setting next_dagrun for energy_pipeline to 2026-04-28 00:00:00+00:00, run_after=2026-04-29 00:00:00+00:00
[2026-04-28T17:21:58.235+0000] {processor.py:183} INFO - Processing /opt/airflow/dags/pipeline_dag.py took 0.123 seconds
[2026-04-28T17:22:28.731+0000] {processor.py:161} INFO - Started process (PID=550) to work on /opt/airflow/dags/pipeline_dag.py
[2026-04-28T17:22:28.733+0000] {processor.py:830} INFO - Processing file /opt/airflow/dags/pipeline_dag.py for tasks to queue
[2026-04-28T17:22:28.735+0000] {logging_mixin.py:188} INFO - [2026-04-28T17:22:28.734+0000] {dagbag.py:538} INFO - Filling up the DagBag from /opt/airflow/dags/pipeline_dag.py
[2026-04-28T17:22:28.746+0000] {processor.py:840} INFO - DAG(s) 'energy_pipeline' retrieved from /opt/airflow/dags/pipeline_dag.py
[2026-04-28T17:22:28.788+0000] {logging_mixin.py:188} INFO - [2026-04-28T17:22:28.787+0000] {dag.py:3036} INFO - Sync 1 DAGs
[2026-04-28T17:22:28.816+0000] {logging_mixin.py:188} INFO - [2026-04-28T17:22:28.815+0000] {dag.py:3823} INFO - Setting next_dagrun for energy_pipeline to 2026-04-28 00:00:00+00:00, run_after=2026-04-29 00:00:00+00:00
[2026-04-28T17:22:28.850+0000] {processor.py:183} INFO - Processing /opt/airflow/dags/pipeline_dag.py took 0.122 seconds
[2026-04-28T17:22:58.994+0000] {processor.py:161} INFO - Started process (PID=551) to work on /opt/airflow/dags/pipeline_dag.py
[2026-04-28T17:22:58.996+0000] {processor.py:830} INFO - Processing file /opt/airflow/dags/pipeline_dag.py for tasks to queue
[2026-04-28T17:22:58.998+0000] {logging_mixin.py:188} INFO - [2026-04-28T17:22:58.997+0000] {dagbag.py:538} INFO - Filling up the DagBag from /opt/airflow/dags/pipeline_dag.py
[2026-04-28T17:22:59.010+0000] {processor.py:840} INFO - DAG(s) 'energy_pipeline' retrieved from /opt/airflow/dags/pipeline_dag.py
[2026-04-28T17:22:59.046+0000] {logging_mixin.py:188} INFO - [2026-04-28T17:22:59.046+0000] {dag.py:3036} INFO - Sync 1 DAGs
[2026-04-28T17:22:59.076+0000] {logging_mixin.py:188} INFO - [2026-04-28T17:22:59.076+0000] {dag.py:3823} INFO - Setting next_dagrun for energy_pipeline to 2026-04-28 00:00:00+00:00, run_after=2026-04-29 00:00:00+00:00
[2026-04-28T17:22:59.110+0000] {processor.py:183} INFO - Processing /opt/airflow/dags/pipeline_dag.py took 0.124 seconds
[2026-04-28T17:23:29.710+0000] {processor.py:161} INFO - Started process (PID=552) to work on /opt/airflow/dags/pipeline_dag.py
[2026-04-28T17:23:29.711+0000] {processor.py:830} INFO - Processing file /opt/airflow/dags/pipeline_dag.py for tasks to queue
[2026-04-28T17:23:29.712+0000] {logging_mixin.py:188} INFO - [2026-04-28T17:23:29.712+0000] {dagbag.py:538} INFO - Filling up the DagBag from /opt/airflow/dags/pipeline_dag.py
[2026-04-28T17:23:29.724+0000] {processor.py:840} INFO - DAG(s) 'energy_pipeline' retrieved from /opt/airflow/dags/pipeline_dag.py
[2026-04-28T17:23:29.772+0000] {logging_mixin.py:188} INFO - [2026-04-28T17:23:29.771+0000] {dag.py:3036} INFO - Sync 1 DAGs
[2026-04-28T17:23:29.804+0000] {logging_mixin.py:188} INFO - [2026-04-28T17:23:29.804+0000] {dag.py:3823} INFO - Setting next_dagrun for energy_pipeline to 2026-04-28 00:00:00+00:00, run_after=2026-04-29 00:00:00+00:00
[2026-04-28T17:23:29.839+0000] {processor.py:183} INFO - Processing /opt/airflow/dags/pipeline_dag.py took 0.134 seconds
[2026-04-28T17:24:00.303+0000] {processor.py:161} INFO - Started process (PID=553) to work on /opt/airflow/dags/pipeline_dag.py
[2026-04-28T17:24:00.305+0000] {processor.py:830} INFO - Processing file /opt/airflow/dags/pipeline_dag.py for tasks to queue
[2026-04-28T17:24:00.307+0000] {logging_mixin.py:188} INFO - [2026-04-28T17:24:00.307+0000] {dagbag.py:538} INFO - Filling up the DagBag from /opt/airflow/dags/pipeline_dag.py
[2026-04-28T17:24:00.322+0000] {processor.py:840} INFO - DAG(s) 'energy_pipeline' retrieved from /opt/airflow/dags/pipeline_dag.py
[2026-04-28T17:24:00.375+0000] {logging_mixin.py:188} INFO - [2026-04-28T17:24:00.374+0000] {dag.py:3036} INFO - Sync 1 DAGs
[2026-04-28T17:24:00.406+0000] {logging_mixin.py:188} INFO - [2026-04-28T17:24:00.405+0000] {dag.py:3823} INFO - Setting next_dagrun for energy_pipeline to 2026-04-28 00:00:00+00:00, run_after=2026-04-29 00:00:00+00:00
[2026-04-28T17:24:00.439+0000] {processor.py:183} INFO - Processing /opt/airflow/dags/pipeline_dag.py took 0.142 seconds
[2026-04-28T17:24:30.924+0000] {processor.py:161} INFO - Started process (PID=554) to work on /opt/airflow/dags/pipeline_dag.py
[2026-04-28T17:24:30.927+0000] {processor.py:830} INFO - Processing file /opt/airflow/dags/pipeline_dag.py for tasks to queue
[2026-04-28T17:24:30.928+0000] {logging_mixin.py:188} INFO - [2026-04-28T17:24:30.928+0000] {dagbag.py:538} INFO - Filling up the DagBag from /opt/airflow/dags/pipeline_dag.py
[2026-04-28T17:24:30.941+0000] {processor.py:840} INFO - DAG(s) 'energy_pipeline' retrieved from /opt/airflow/dags/pipeline_dag.py
[2026-04-28T17:24:30.989+0000] {logging_mixin.py:188} INFO - [2026-04-28T17:24:30.989+0000] {dag.py:3036} INFO - Sync 1 DAGs
[2026-04-28T17:24:31.020+0000] {logging_mixin.py:188} INFO - [2026-04-28T17:24:31.019+0000] {dag.py:3823} INFO - Setting next_dagrun for energy_pipeline to 2026-04-28 00:00:00+00:00, run_after=2026-04-29 00:00:00+00:00
[2026-04-28T17:24:31.054+0000] {processor.py:183} INFO - Processing /opt/airflow/dags/pipeline_dag.py took 0.136 seconds
[2026-04-28T17:25:01.530+0000] {processor.py:161} INFO - Started process (PID=555) to work on /opt/airflow/dags/pipeline_dag.py
[2026-04-28T17:25:01.533+0000] {processor.py:830} INFO - Processing file /opt/airflow/dags/pipeline_dag.py for tasks to queue
[2026-04-28T17:25:01.536+0000] {logging_mixin.py:188} INFO - [2026-04-28T17:25:01.534+0000] {dagbag.py:538} INFO - Filling up the DagBag from /opt/airflow/dags/pipeline_dag.py
[2026-04-28T17:25:01.548+0000] {processor.py:840} INFO - DAG(s) 'energy_pipeline' retrieved from /opt/airflow/dags/pipeline_dag.py
[2026-04-28T17:25:01.592+0000] {logging_mixin.py:188} INFO - [2026-04-28T17:25:01.592+0000] {dag.py:3036} INFO - Sync 1 DAGs
[2026-04-28T17:25:01.621+0000] {logging_mixin.py:188} INFO - [2026-04-28T17:25:01.621+0000] {dag.py:3823} INFO - Setting next_dagrun for energy_pipeline to 2026-04-28 00:00:00+00:00, run_after=2026-04-29 00:00:00+00:00
[2026-04-28T17:25:01.654+0000] {processor.py:183} INFO - Processing /opt/airflow/dags/pipeline_dag.py took 0.128 seconds
[2026-04-28T17:25:32.125+0000] {processor.py:161} INFO - Started process (PID=556) to work on /opt/airflow/dags/pipeline_dag.py
[2026-04-28T17:25:32.127+0000] {processor.py:830} INFO - Processing file /opt/airflow/dags/pipeline_dag.py for tasks to queue
[2026-04-28T17:25:32.128+0000] {logging_mixin.py:188} INFO - [2026-04-28T17:25:32.128+0000] {dagbag.py:538} INFO - Filling up the DagBag from /opt/airflow/dags/pipeline_dag.py
[2026-04-28T17:25:32.141+0000] {processor.py:840} INFO - DAG(s) 'energy_pipeline' retrieved from /opt/airflow/dags/pipeline_dag.py
[2026-04-28T17:25:32.178+0000] {logging_mixin.py:188} INFO - [2026-04-28T17:25:32.178+0000] {dag.py:3036} INFO - Sync 1 DAGs
[2026-04-28T17:25:32.205+0000] {logging_mixin.py:188} INFO - [2026-04-28T17:25:32.204+0000] {dag.py:3823} INFO - Setting next_dagrun for energy_pipeline to 2026-04-28 00:00:00+00:00, run_after=2026-04-29 00:00:00+00:00
[2026-04-28T17:25:32.241+0000] {processor.py:183} INFO - Processing /opt/airflow/dags/pipeline_dag.py took 0.120 seconds
[2026-04-28T17:26:02.741+0000] {processor.py:161} INFO - Started process (PID=557) to work on /opt/airflow/dags/pipeline_dag.py
[2026-04-28T17:26:02.742+0000] {processor.py:830} INFO - Processing file /opt/airflow/dags/pipeline_dag.py for tasks to queue
[2026-04-28T17:26:02.745+0000] {logging_mixin.py:188} INFO - [2026-04-28T17:26:02.744+0000] {dagbag.py:538} INFO - Filling up the DagBag from /opt/airflow/dags/pipeline_dag.py
[2026-04-28T17:26:02.763+0000] {processor.py:840} INFO - DAG(s) 'energy_pipeline' retrieved from /opt/airflow/dags/pipeline_dag.py
[2026-04-28T17:26:02.817+0000] {logging_mixin.py:188} INFO - [2026-04-28T17:26:02.817+0000] {dag.py:3036} INFO - Sync 1 DAGs
[2026-04-28T17:26:02.853+0000] {logging_mixin.py:188} INFO - [2026-04-28T17:26:02.853+0000] {dag.py:3823} INFO - Setting next_dagrun for energy_pipeline to 2026-04-28 00:00:00+00:00, run_after=2026-04-29 00:00:00+00:00
[2026-04-28T17:26:02.903+0000] {processor.py:183} INFO - Processing /opt/airflow/dags/pipeline_dag.py took 0.168 seconds
[2026-04-28T17:26:33.245+0000] {processor.py:161} INFO - Started process (PID=558) to work on /opt/airflow/dags/pipeline_dag.py
[2026-04-28T17:26:33.246+0000] {processor.py:830} INFO - Processing file /opt/airflow/dags/pipeline_dag.py for tasks to queue
[2026-04-28T17:26:33.248+0000] {logging_mixin.py:188} INFO - [2026-04-28T17:26:33.247+0000] {dagbag.py:538} INFO - Filling up the DagBag from /opt/airflow/dags/pipeline_dag.py
[2026-04-28T17:26:33.260+0000] {processor.py:840} INFO - DAG(s) 'energy_pipeline' retrieved from /opt/airflow/dags/pipeline_dag.py
[2026-04-28T17:26:33.295+0000] {logging_mixin.py:188} INFO - [2026-04-28T17:26:33.294+0000] {dag.py:3036} INFO - Sync 1 DAGs
[2026-04-28T17:26:33.322+0000] {logging_mixin.py:188} INFO - [2026-04-28T17:26:33.321+0000] {dag.py:3823} INFO - Setting next_dagrun for energy_pipeline to 2026-04-28 00:00:00+00:00, run_after=2026-04-29 00:00:00+00:00
[2026-04-28T17:26:33.355+0000] {processor.py:183} INFO - Processing /opt/airflow/dags/pipeline_dag.py took 0.115 seconds
[2026-04-28T17:27:03.897+0000] {processor.py:161} INFO - Started process (PID=559) to work on /opt/airflow/dags/pipeline_dag.py
[2026-04-28T17:27:03.899+0000] {processor.py:830} INFO - Processing file /opt/airflow/dags/pipeline_dag.py for tasks to queue
[2026-04-28T17:27:03.901+0000] {logging_mixin.py:188} INFO - [2026-04-28T17:27:03.900+0000] {dagbag.py:538} INFO - Filling up the DagBag from /opt/airflow/dags/pipeline_dag.py
[2026-04-28T17:27:03.914+0000] {processor.py:840} INFO - DAG(s) 'energy_pipeline' retrieved from /opt/airflow/dags/pipeline_dag.py
[2026-04-28T17:27:03.974+0000] {logging_mixin.py:188} INFO - [2026-04-28T17:27:03.973+0000] {dag.py:3036} INFO - Sync 1 DAGs
[2026-04-28T17:27:04.005+0000] {logging_mixin.py:188} INFO - [2026-04-28T17:27:04.005+0000] {dag.py:3823} INFO - Setting next_dagrun for energy_pipeline to 2026-04-28 00:00:00+00:00, run_after=2026-04-29 00:00:00+00:00
[2026-04-28T17:27:04.042+0000] {processor.py:183} INFO - Processing /opt/airflow/dags/pipeline_dag.py took 0.152 seconds
[2026-04-28T17:27:34.487+0000] {processor.py:161} INFO - Started process (PID=560) to work on /opt/airflow/dags/pipeline_dag.py
[2026-04-28T17:27:34.489+0000] {processor.py:830} INFO - Processing file /opt/airflow/dags/pipeline_dag.py for tasks to queue
[2026-04-28T17:27:34.492+0000] {logging_mixin.py:188} INFO - [2026-04-28T17:27:34.491+0000] {dagbag.py:538} INFO - Filling up the DagBag from /opt/airflow/dags/pipeline_dag.py
[2026-04-28T17:27:34.507+0000] {processor.py:840} INFO - DAG(s) 'energy_pipeline' retrieved from /opt/airflow/dags/pipeline_dag.py
[2026-04-28T17:27:34.546+0000] {logging_mixin.py:188} INFO - [2026-04-28T17:27:34.545+0000] {dag.py:3036} INFO - Sync 1 DAGs
[2026-04-28T17:27:34.573+0000] {logging_mixin.py:188} INFO - [2026-04-28T17:27:34.573+0000] {dag.py:3823} INFO - Setting next_dagrun for energy_pipeline to 2026-04-28 00:00:00+00:00, run_after=2026-04-29 00:00:00+00:00
[2026-04-28T17:27:34.611+0000] {processor.py:183} INFO - Processing /opt/airflow/dags/pipeline_dag.py took 0.129 seconds
[2026-04-28T17:28:04.814+0000] {processor.py:161} INFO - Started process (PID=561) to work on /opt/airflow/dags/pipeline_dag.py
[2026-04-28T17:28:04.815+0000] {processor.py:830} INFO - Processing file /opt/airflow/dags/pipeline_dag.py for tasks to queue
[2026-04-28T17:28:04.817+0000] {logging_mixin.py:188} INFO - [2026-04-28T17:28:04.817+0000] {dagbag.py:538} INFO - Filling up the DagBag from /opt/airflow/dags/pipeline_dag.py
[2026-04-28T17:28:04.830+0000] {processor.py:840} INFO - DAG(s) 'energy_pipeline' retrieved from /opt/airflow/dags/pipeline_dag.py
[2026-04-28T17:28:04.868+0000] {logging_mixin.py:188} INFO - [2026-04-28T17:28:04.868+0000] {dag.py:3036} INFO - Sync 1 DAGs
[2026-04-28T17:28:04.896+0000] {logging_mixin.py:188} INFO - [2026-04-28T17:28:04.896+0000] {dag.py:3823} INFO - Setting next_dagrun for energy_pipeline to 2026-04-28 00:00:00+00:00, run_after=2026-04-29 00:00:00+00:00
[2026-04-28T17:28:04.934+0000] {processor.py:183} INFO - Processing /opt/airflow/dags/pipeline_dag.py took 0.125 seconds
[2026-04-28T17:28:35.416+0000] {processor.py:161} INFO - Started process (PID=562) to work on /opt/airflow/dags/pipeline_dag.py
[2026-04-28T17:28:35.418+0000] {processor.py:830} INFO - Processing file /opt/airflow/dags/pipeline_dag.py for tasks to queue
[2026-04-28T17:28:35.420+0000] {logging_mixin.py:188} INFO - [2026-04-28T17:28:35.419+0000] {dagbag.py:538} INFO - Filling up the DagBag from /opt/airflow/dags/pipeline_dag.py
[2026-04-28T17:28:35.433+0000] {processor.py:840} INFO - DAG(s) 'energy_pipeline' retrieved from /opt/airflow/dags/pipeline_dag.py
[2026-04-28T17:28:35.486+0000] {logging_mixin.py:188} INFO - [2026-04-28T17:28:35.485+0000] {dag.py:3036} INFO - Sync 1 DAGs
[2026-04-28T17:28:35.517+0000] {logging_mixin.py:188} INFO - [2026-04-28T17:28:35.516+0000] {dag.py:3823} INFO - Setting next_dagrun for energy_pipeline to 2026-04-28 00:00:00+00:00, run_after=2026-04-29 00:00:00+00:00
[2026-04-28T17:28:35.551+0000] {processor.py:183} INFO - Processing /opt/airflow/dags/pipeline_dag.py took 0.140 seconds
[2026-04-28T17:29:06.019+0000] {processor.py:161} INFO - Started process (PID=563) to work on /opt/airflow/dags/pipeline_dag.py
[2026-04-28T17:29:06.020+0000] {processor.py:830} INFO - Processing file /opt/airflow/dags/pipeline_dag.py for tasks to queue
[2026-04-28T17:29:06.022+0000] {logging_mixin.py:188} INFO - [2026-04-28T17:29:06.021+0000] {dagbag.py:538} INFO - Filling up the DagBag from /opt/airflow/dags/pipeline_dag.py
[2026-04-28T17:29:06.034+0000] {processor.py:840} INFO - DAG(s) 'energy_pipeline' retrieved from /opt/airflow/dags/pipeline_dag.py
[2026-04-28T17:29:06.074+0000] {logging_mixin.py:188} INFO - [2026-04-28T17:29:06.074+0000] {dag.py:3036} INFO - Sync 1 DAGs
[2026-04-28T17:29:06.102+0000] {logging_mixin.py:188} INFO - [2026-04-28T17:29:06.101+0000] {dag.py:3823} INFO - Setting next_dagrun for energy_pipeline to 2026-04-28 00:00:00+00:00, run_after=2026-04-29 00:00:00+00:00
[2026-04-28T17:29:06.136+0000] {processor.py:183} INFO - Processing /opt/airflow/dags/pipeline_dag.py took 0.123 seconds
[2026-04-28T17:29:36.634+0000] {processor.py:161} INFO - Started process (PID=564) to work on /opt/airflow/dags/pipeline_dag.py
[2026-04-28T17:29:36.636+0000] {processor.py:830} INFO - Processing file /opt/airflow/dags/pipeline_dag.py for tasks to queue
[2026-04-28T17:29:36.638+0000] {logging_mixin.py:188} INFO - [2026-04-28T17:29:36.637+0000] {dagbag.py:538} INFO - Filling up the DagBag from /opt/airflow/dags/pipeline_dag.py
[2026-04-28T17:29:36.649+0000] {processor.py:840} INFO - DAG(s) 'energy_pipeline' retrieved from /opt/airflow/dags/pipeline_dag.py
[2026-04-28T17:29:36.686+0000] {logging_mixin.py:188} INFO - [2026-04-28T17:29:36.685+0000] {dag.py:3036} INFO - Sync 1 DAGs
[2026-04-28T17:29:36.714+0000] {logging_mixin.py:188} INFO - [2026-04-28T17:29:36.714+0000] {dag.py:3823} INFO - Setting next_dagrun for energy_pipeline to 2026-04-28 00:00:00+00:00, run_after=2026-04-29 00:00:00+00:00
[2026-04-28T17:29:36.749+0000] {processor.py:183} INFO - Processing /opt/airflow/dags/pipeline_dag.py took 0.119 seconds
[2026-04-28T17:30:07.241+0000] {processor.py:161} INFO - Started process (PID=565) to work on /opt/airflow/dags/pipeline_dag.py
[2026-04-28T17:30:07.242+0000] {processor.py:830} INFO - Processing file /opt/airflow/dags/pipeline_dag.py for tasks to queue
[2026-04-28T17:30:07.244+0000] {logging_mixin.py:188} INFO - [2026-04-28T17:30:07.243+0000] {dagbag.py:538} INFO - Filling up the DagBag from /opt/airflow/dags/pipeline_dag.py
[2026-04-28T17:30:07.255+0000] {processor.py:840} INFO - DAG(s) 'energy_pipeline' retrieved from /opt/airflow/dags/pipeline_dag.py
[2026-04-28T17:30:07.291+0000] {logging_mixin.py:188} INFO - [2026-04-28T17:30:07.291+0000] {dag.py:3036} INFO - Sync 1 DAGs
[2026-04-28T17:30:07.317+0000] {logging_mixin.py:188} INFO - [2026-04-28T17:30:07.317+0000] {dag.py:3823} INFO - Setting next_dagrun for energy_pipeline to 2026-04-28 00:00:00+00:00, run_after=2026-04-29 00:00:00+00:00
[2026-04-28T17:30:07.353+0000] {processor.py:183} INFO - Processing /opt/airflow/dags/pipeline_dag.py took 0.117 seconds
[2026-04-28T17:30:37.842+0000] {processor.py:161} INFO - Started process (PID=566) to work on /opt/airflow/dags/pipeline_dag.py
[2026-04-28T17:30:37.844+0000] {processor.py:830} INFO - Processing file /opt/airflow/dags/pipeline_dag.py for tasks to queue
[2026-04-28T17:30:37.845+0000] {logging_mixin.py:188} INFO - [2026-04-28T17:30:37.845+0000] {dagbag.py:538} INFO - Filling up the DagBag from /opt/airflow/dags/pipeline_dag.py
[2026-04-28T17:30:37.857+0000] {processor.py:840} INFO - DAG(s) 'energy_pipeline' retrieved from /opt/airflow/dags/pipeline_dag.py
[2026-04-28T17:30:37.893+0000] {logging_mixin.py:188} INFO - [2026-04-28T17:30:37.893+0000] {dag.py:3036} INFO - Sync 1 DAGs
[2026-04-28T17:30:37.922+0000] {logging_mixin.py:188} INFO - [2026-04-28T17:30:37.922+0000] {dag.py:3823} INFO - Setting next_dagrun for energy_pipeline to 2026-04-28 00:00:00+00:00, run_after=2026-04-29 00:00:00+00:00
[2026-04-28T17:30:37.956+0000] {processor.py:183} INFO - Processing /opt/airflow/dags/pipeline_dag.py took 0.119 seconds
[2026-04-28T17:31:08.514+0000] {processor.py:161} INFO - Started process (PID=567) to work on /opt/airflow/dags/pipeline_dag.py
[2026-04-28T17:31:08.517+0000] {processor.py:830} INFO - Processing file /opt/airflow/dags/pipeline_dag.py for tasks to queue
[2026-04-28T17:31:08.521+0000] {logging_mixin.py:188} INFO - [2026-04-28T17:31:08.519+0000] {dagbag.py:538} INFO - Filling up the DagBag from /opt/airflow/dags/pipeline_dag.py
[2026-04-28T17:31:08.534+0000] {processor.py:840} INFO - DAG(s) 'energy_pipeline' retrieved from /opt/airflow/dags/pipeline_dag.py
[2026-04-28T17:31:08.579+0000] {logging_mixin.py:188} INFO - [2026-04-28T17:31:08.579+0000] {dag.py:3036} INFO - Sync 1 DAGs
[2026-04-28T17:31:08.609+0000] {logging_mixin.py:188} INFO - [2026-04-28T17:31:08.609+0000] {dag.py:3823} INFO - Setting next_dagrun for energy_pipeline to 2026-04-28 00:00:00+00:00, run_after=2026-04-29 00:00:00+00:00
[2026-04-28T17:31:08.643+0000] {processor.py:183} INFO - Processing /opt/airflow/dags/pipeline_dag.py took 0.137 seconds
[2026-04-28T17:31:39.118+0000] {processor.py:161} INFO - Started process (PID=568) to work on /opt/airflow/dags/pipeline_dag.py
[2026-04-28T17:31:39.120+0000] {processor.py:830} INFO - Processing file /opt/airflow/dags/pipeline_dag.py for tasks to queue
[2026-04-28T17:31:39.122+0000] {logging_mixin.py:188} INFO - [2026-04-28T17:31:39.121+0000] {dagbag.py:538} INFO - Filling up the DagBag from /opt/airflow/dags/pipeline_dag.py
[2026-04-28T17:31:39.134+0000] {processor.py:840} INFO - DAG(s) 'energy_pipeline' retrieved from /opt/airflow/dags/pipeline_dag.py
[2026-04-28T17:31:39.177+0000] {logging_mixin.py:188} INFO - [2026-04-28T17:31:39.176+0000] {dag.py:3036} INFO - Sync 1 DAGs
[2026-04-28T17:31:39.205+0000] {logging_mixin.py:188} INFO - [2026-04-28T17:31:39.204+0000] {dag.py:3823} INFO - Setting next_dagrun for energy_pipeline to 2026-04-28 00:00:00+00:00, run_after=2026-04-29 00:00:00+00:00
[2026-04-28T17:31:39.240+0000] {processor.py:183} INFO - Processing /opt/airflow/dags/pipeline_dag.py took 0.126 seconds
[2026-04-28T17:32:09.706+0000] {processor.py:161} INFO - Started process (PID=569) to work on /opt/airflow/dags/pipeline_dag.py
[2026-04-28T17:32:09.707+0000] {processor.py:830} INFO - Processing file /opt/airflow/dags/pipeline_dag.py for tasks to queue
[2026-04-28T17:32:09.709+0000] {logging_mixin.py:188} INFO - [2026-04-28T17:32:09.708+0000] {dagbag.py:538} INFO - Filling up the DagBag from /opt/airflow/dags/pipeline_dag.py
[2026-04-28T17:32:09.721+0000] {processor.py:840} INFO - DAG(s) 'energy_pipeline' retrieved from /opt/airflow/dags/pipeline_dag.py
[2026-04-28T17:32:09.759+0000] {logging_mixin.py:188} INFO - [2026-04-28T17:32:09.759+0000] {dag.py:3036} INFO - Sync 1 DAGs
[2026-04-28T17:32:09.789+0000] {logging_mixin.py:188} INFO - [2026-04-28T17:32:09.789+0000] {dag.py:3823} INFO - Setting next_dagrun for energy_pipeline to 2026-04-28 00:00:00+00:00, run_after=2026-04-29 00:00:00+00:00
[2026-04-28T17:32:09.823+0000] {processor.py:183} INFO - Processing /opt/airflow/dags/pipeline_dag.py took 0.122 seconds
[2026-04-28T17:32:40.299+0000] {processor.py:161} INFO - Started process (PID=570) to work on /opt/airflow/dags/pipeline_dag.py
[2026-04-28T17:32:40.300+0000] {processor.py:830} INFO - Processing file /opt/airflow/dags/pipeline_dag.py for tasks to queue
[2026-04-28T17:32:40.302+0000] {logging_mixin.py:188} INFO - [2026-04-28T17:32:40.301+0000] {dagbag.py:538} INFO - Filling up the DagBag from /opt/airflow/dags/pipeline_dag.py
[2026-04-28T17:32:40.314+0000] {processor.py:840} INFO - DAG(s) 'energy_pipeline' retrieved from /opt/airflow/dags/pipeline_dag.py
[2026-04-28T17:32:40.354+0000] {logging_mixin.py:188} INFO - [2026-04-28T17:32:40.354+0000] {dag.py:3036} INFO - Sync 1 DAGs
[2026-04-28T17:32:40.382+0000] {logging_mixin.py:188} INFO - [2026-04-28T17:32:40.382+0000] {dag.py:3823} INFO - Setting next_dagrun for energy_pipeline to 2026-04-28 00:00:00+00:00, run_after=2026-04-29 00:00:00+00:00
[2026-04-28T17:32:40.415+0000] {processor.py:183} INFO - Processing /opt/airflow/dags/pipeline_dag.py took 0.121 seconds
[2026-04-28T17:33:10.916+0000] {processor.py:161} INFO - Started process (PID=571) to work on /opt/airflow/dags/pipeline_dag.py
[2026-04-28T17:33:10.917+0000] {processor.py:830} INFO - Processing file /opt/airflow/dags/pipeline_dag.py for tasks to queue
[2026-04-28T17:33:10.919+0000] {logging_mixin.py:188} INFO - [2026-04-28T17:33:10.918+0000] {dagbag.py:538} INFO - Filling up the DagBag from /opt/airflow/dags/pipeline_dag.py
[2026-04-28T17:33:10.932+0000] {processor.py:840} INFO - DAG(s) 'energy_pipeline' retrieved from /opt/airflow/dags/pipeline_dag.py
[2026-04-28T17:33:10.969+0000] {logging_mixin.py:188} INFO - [2026-04-28T17:33:10.969+0000] {dag.py:3036} INFO - Sync 1 DAGs
[2026-04-28T17:33:10.997+0000] {logging_mixin.py:188} INFO - [2026-04-28T17:33:10.996+0000] {dag.py:3823} INFO - Setting next_dagrun for energy_pipeline to 2026-04-28 00:00:00+00:00, run_after=2026-04-29 00:00:00+00:00
[2026-04-28T17:33:11.034+0000] {processor.py:183} INFO - Processing /opt/airflow/dags/pipeline_dag.py took 0.123 seconds
[2026-04-28T17:33:41.383+0000] {processor.py:161} INFO - Started process (PID=572) to work on /opt/airflow/dags/pipeline_dag.py
[2026-04-28T17:33:41.388+0000] {processor.py:830} INFO - Processing file /opt/airflow/dags/pipeline_dag.py for tasks to queue
[2026-04-28T17:33:41.390+0000] {logging_mixin.py:188} INFO - [2026-04-28T17:33:41.389+0000] {dagbag.py:538} INFO - Filling up the DagBag from /opt/airflow/dags/pipeline_dag.py
[2026-04-28T17:33:41.403+0000] {processor.py:840} INFO - DAG(s) 'energy_pipeline' retrieved from /opt/airflow/dags/pipeline_dag.py
[2026-04-28T17:33:41.447+0000] {logging_mixin.py:188} INFO - [2026-04-28T17:33:41.447+0000] {dag.py:3036} INFO - Sync 1 DAGs
[2026-04-28T17:33:41.479+0000] {logging_mixin.py:188} INFO - [2026-04-28T17:33:41.478+0000] {dag.py:3823} INFO - Setting next_dagrun for energy_pipeline to 2026-04-28 00:00:00+00:00, run_after=2026-04-29 00:00:00+00:00
[2026-04-28T17:33:41.518+0000] {processor.py:183} INFO - Processing /opt/airflow/dags/pipeline_dag.py took 0.141 seconds
[2026-04-28T17:34:11.735+0000] {processor.py:161} INFO - Started process (PID=573) to work on /opt/airflow/dags/pipeline_dag.py
[2026-04-28T17:34:11.736+0000] {processor.py:830} INFO - Processing file /opt/airflow/dags/pipeline_dag.py for tasks to queue
[2026-04-28T17:34:11.738+0000] {logging_mixin.py:188} INFO - [2026-04-28T17:34:11.737+0000] {dagbag.py:538} INFO - Filling up the DagBag from /opt/airflow/dags/pipeline_dag.py
[2026-04-28T17:34:11.750+0000] {processor.py:840} INFO - DAG(s) 'energy_pipeline' retrieved from /opt/airflow/dags/pipeline_dag.py
[2026-04-28T17:34:11.788+0000] {logging_mixin.py:188} INFO - [2026-04-28T17:34:11.788+0000] {dag.py:3036} INFO - Sync 1 DAGs
[2026-04-28T17:34:11.815+0000] {logging_mixin.py:188} INFO - [2026-04-28T17:34:11.815+0000] {dag.py:3823} INFO - Setting next_dagrun for energy_pipeline to 2026-04-28 00:00:00+00:00, run_after=2026-04-29 00:00:00+00:00
[2026-04-28T17:34:11.854+0000] {processor.py:183} INFO - Processing /opt/airflow/dags/pipeline_dag.py took 0.124 seconds
[2026-04-28T17:34:42.056+0000] {processor.py:161} INFO - Started process (PID=574) to work on /opt/airflow/dags/pipeline_dag.py
[2026-04-28T17:34:42.058+0000] {processor.py:830} INFO - Processing file /opt/airflow/dags/pipeline_dag.py for tasks to queue
[2026-04-28T17:34:42.059+0000] {logging_mixin.py:188} INFO - [2026-04-28T17:34:42.059+0000] {dagbag.py:538} INFO - Filling up the DagBag from /opt/airflow/dags/pipeline_dag.py
[2026-04-28T17:34:42.070+0000] {processor.py:840} INFO - DAG(s) 'energy_pipeline' retrieved from /opt/airflow/dags/pipeline_dag.py
[2026-04-28T17:34:42.108+0000] {logging_mixin.py:188} INFO - [2026-04-28T17:34:42.108+0000] {dag.py:3036} INFO - Sync 1 DAGs
[2026-04-28T17:34:42.135+0000] {logging_mixin.py:188} INFO - [2026-04-28T17:34:42.135+0000] {dag.py:3823} INFO - Setting next_dagrun for energy_pipeline to 2026-04-28 00:00:00+00:00, run_after=2026-04-29 00:00:00+00:00
[2026-04-28T17:34:42.169+0000] {processor.py:183} INFO - Processing /opt/airflow/dags/pipeline_dag.py took 0.117 seconds
[2026-04-28T17:35:12.395+0000] {processor.py:161} INFO - Started process (PID=575) to work on /opt/airflow/dags/pipeline_dag.py
[2026-04-28T17:35:12.396+0000] {processor.py:830} INFO - Processing file /opt/airflow/dags/pipeline_dag.py for tasks to queue
[2026-04-28T17:35:12.398+0000] {logging_mixin.py:188} INFO - [2026-04-28T17:35:12.397+0000] {dagbag.py:538} INFO - Filling up the DagBag from /opt/airflow/dags/pipeline_dag.py
[2026-04-28T17:35:12.410+0000] {processor.py:840} INFO - DAG(s) 'energy_pipeline' retrieved from /opt/airflow/dags/pipeline_dag.py
[2026-04-28T17:35:12.447+0000] {logging_mixin.py:188} INFO - [2026-04-28T17:35:12.447+0000] {dag.py:3036} INFO - Sync 1 DAGs
[2026-04-28T17:35:12.474+0000] {logging_mixin.py:188} INFO - [2026-04-28T17:35:12.474+0000] {dag.py:3823} INFO - Setting next_dagrun for energy_pipeline to 2026-04-28 00:00:00+00:00, run_after=2026-04-29 00:00:00+00:00
[2026-04-28T17:35:12.511+0000] {processor.py:183} INFO - Processing /opt/airflow/dags/pipeline_dag.py took 0.121 seconds
[2026-04-28T17:35:42.704+0000] {processor.py:161} INFO - Started process (PID=576) to work on /opt/airflow/dags/pipeline_dag.py
[2026-04-28T17:35:42.705+0000] {processor.py:830} INFO - Processing file /opt/airflow/dags/pipeline_dag.py for tasks to queue
[2026-04-28T17:35:42.707+0000] {logging_mixin.py:188} INFO - [2026-04-28T17:35:42.706+0000] {dagbag.py:538} INFO - Filling up the DagBag from /opt/airflow/dags/pipeline_dag.py
[2026-04-28T17:35:42.719+0000] {processor.py:840} INFO - DAG(s) 'energy_pipeline' retrieved from /opt/airflow/dags/pipeline_dag.py
[2026-04-28T17:35:42.756+0000] {logging_mixin.py:188} INFO - [2026-04-28T17:35:42.756+0000] {dag.py:3036} INFO - Sync 1 DAGs
[2026-04-28T17:35:42.793+0000] {logging_mixin.py:188} INFO - [2026-04-28T17:35:42.792+0000] {dag.py:3823} INFO - Setting next_dagrun for energy_pipeline to 2026-04-28 00:00:00+00:00, run_after=2026-04-29 00:00:00+00:00
[2026-04-28T17:35:42.826+0000] {processor.py:183} INFO - Processing /opt/airflow/dags/pipeline_dag.py took 0.128 seconds
[2026-04-28T17:36:13.033+0000] {processor.py:161} INFO - Started process (PID=577) to work on /opt/airflow/dags/pipeline_dag.py
[2026-04-28T17:36:13.035+0000] {processor.py:830} INFO - Processing file /opt/airflow/dags/pipeline_dag.py for tasks to queue
[2026-04-28T17:36:13.037+0000] {logging_mixin.py:188} INFO - [2026-04-28T17:36:13.036+0000] {dagbag.py:538} INFO - Filling up the DagBag from /opt/airflow/dags/pipeline_dag.py
[2026-04-28T17:36:13.050+0000] {processor.py:840} INFO - DAG(s) 'energy_pipeline' retrieved from /opt/airflow/dags/pipeline_dag.py
[2026-04-28T17:36:13.086+0000] {logging_mixin.py:188} INFO - [2026-04-28T17:36:13.086+0000] {dag.py:3036} INFO - Sync 1 DAGs
[2026-04-28T17:36:13.113+0000] {logging_mixin.py:188} INFO - [2026-04-28T17:36:13.113+0000] {dag.py:3823} INFO - Setting next_dagrun for energy_pipeline to 2026-04-28 00:00:00+00:00, run_after=2026-04-29 00:00:00+00:00
[2026-04-28T17:36:13.150+0000] {processor.py:183} INFO - Processing /opt/airflow/dags/pipeline_dag.py took 0.121 seconds
[2026-04-28T17:36:43.357+0000] {processor.py:161} INFO - Started process (PID=578) to work on /opt/airflow/dags/pipeline_dag.py
[2026-04-28T17:36:43.359+0000] {processor.py:830} INFO - Processing file /opt/airflow/dags/pipeline_dag.py for tasks to queue
[2026-04-28T17:36:43.360+0000] {logging_mixin.py:188} INFO - [2026-04-28T17:36:43.360+0000] {dagbag.py:538} INFO - Filling up the DagBag from /opt/airflow/dags/pipeline_dag.py
[2026-04-28T17:36:43.373+0000] {processor.py:840} INFO - DAG(s) 'energy_pipeline' retrieved from /opt/airflow/dags/pipeline_dag.py
[2026-04-28T17:36:43.421+0000] {logging_mixin.py:188} INFO - [2026-04-28T17:36:43.421+0000] {dag.py:3036} INFO - Sync 1 DAGs
[2026-04-28T17:36:43.455+0000] {logging_mixin.py:188} INFO - [2026-04-28T17:36:43.455+0000] {dag.py:3823} INFO - Setting next_dagrun for energy_pipeline to 2026-04-28 00:00:00+00:00, run_after=2026-04-29 00:00:00+00:00
[2026-04-28T17:36:43.499+0000] {processor.py:183} INFO - Processing /opt/airflow/dags/pipeline_dag.py took 0.147 seconds
[2026-04-28T17:37:13.660+0000] {processor.py:161} INFO - Started process (PID=579) to work on /opt/airflow/dags/pipeline_dag.py
[2026-04-28T17:37:13.661+0000] {processor.py:830} INFO - Processing file /opt/airflow/dags/pipeline_dag.py for tasks to queue
[2026-04-28T17:37:13.663+0000] {logging_mixin.py:188} INFO - [2026-04-28T17:37:13.662+0000] {dagbag.py:538} INFO - Filling up the DagBag from /opt/airflow/dags/pipeline_dag.py
[2026-04-28T17:37:13.674+0000] {processor.py:840} INFO - DAG(s) 'energy_pipeline' retrieved from /opt/airflow/dags/pipeline_dag.py
[2026-04-28T17:37:13.711+0000] {logging_mixin.py:188} INFO - [2026-04-28T17:37:13.711+0000] {dag.py:3036} INFO - Sync 1 DAGs
[2026-04-28T17:37:13.737+0000] {logging_mixin.py:188} INFO - [2026-04-28T17:37:13.737+0000] {dag.py:3823} INFO - Setting next_dagrun for energy_pipeline to 2026-04-28 00:00:00+00:00, run_after=2026-04-29 00:00:00+00:00
[2026-04-28T17:37:13.776+0000] {processor.py:183} INFO - Processing /opt/airflow/dags/pipeline_dag.py took 0.121 seconds
[2026-04-28T17:37:43.984+0000] {processor.py:161} INFO - Started process (PID=580) to work on /opt/airflow/dags/pipeline_dag.py
[2026-04-28T17:37:43.985+0000] {processor.py:830} INFO - Processing file /opt/airflow/dags/pipeline_dag.py for tasks to queue
[2026-04-28T17:37:43.987+0000] {logging_mixin.py:188} INFO - [2026-04-28T17:37:43.986+0000] {dagbag.py:538} INFO - Filling up the DagBag from /opt/airflow/dags/pipeline_dag.py
[2026-04-28T17:37:43.998+0000] {processor.py:840} INFO - DAG(s) 'energy_pipeline' retrieved from /opt/airflow/dags/pipeline_dag.py
[2026-04-28T17:37:44.038+0000] {logging_mixin.py:188} INFO - [2026-04-28T17:37:44.037+0000] {dag.py:3036} INFO - Sync 1 DAGs
[2026-04-28T17:37:44.069+0000] {logging_mixin.py:188} INFO - [2026-04-28T17:37:44.069+0000] {dag.py:3823} INFO - Setting next_dagrun for energy_pipeline to 2026-04-28 00:00:00+00:00, run_after=2026-04-29 00:00:00+00:00
[2026-04-28T17:37:44.109+0000] {processor.py:183} INFO - Processing /opt/airflow/dags/pipeline_dag.py took 0.130 seconds
[2026-04-28T17:38:14.306+0000] {processor.py:161} INFO - Started process (PID=581) to work on /opt/airflow/dags/pipeline_dag.py
[2026-04-28T17:38:14.307+0000] {processor.py:830} INFO - Processing file /opt/airflow/dags/pipeline_dag.py for tasks to queue
[2026-04-28T17:38:14.309+0000] {logging_mixin.py:188} INFO - [2026-04-28T17:38:14.308+0000] {dagbag.py:538} INFO - Filling up the DagBag from /opt/airflow/dags/pipeline_dag.py
[2026-04-28T17:38:14.321+0000] {processor.py:840} INFO - DAG(s) 'energy_pipeline' retrieved from /opt/airflow/dags/pipeline_dag.py
[2026-04-28T17:38:14.357+0000] {logging_mixin.py:188} INFO - [2026-04-28T17:38:14.357+0000] {dag.py:3036} INFO - Sync 1 DAGs
[2026-04-28T17:38:14.384+0000] {logging_mixin.py:188} INFO - [2026-04-28T17:38:14.383+0000] {dag.py:3823} INFO - Setting next_dagrun for energy_pipeline to 2026-04-28 00:00:00+00:00, run_after=2026-04-29 00:00:00+00:00
[2026-04-28T17:38:14.419+0000] {processor.py:183} INFO - Processing /opt/airflow/dags/pipeline_dag.py took 0.118 seconds
[2026-04-28T17:38:44.619+0000] {processor.py:161} INFO - Started process (PID=582) to work on /opt/airflow/dags/pipeline_dag.py
[2026-04-28T17:38:44.621+0000] {processor.py:830} INFO - Processing file /opt/airflow/dags/pipeline_dag.py for tasks to queue
[2026-04-28T17:38:44.623+0000] {logging_mixin.py:188} INFO - [2026-04-28T17:38:44.622+0000] {dagbag.py:538} INFO - Filling up the DagBag from /opt/airflow/dags/pipeline_dag.py
[2026-04-28T17:38:44.634+0000] {processor.py:840} INFO - DAG(s) 'energy_pipeline' retrieved from /opt/airflow/dags/pipeline_dag.py
[2026-04-28T17:38:44.671+0000] {logging_mixin.py:188} INFO - [2026-04-28T17:38:44.670+0000] {dag.py:3036} INFO - Sync 1 DAGs
[2026-04-28T17:38:44.698+0000] {logging_mixin.py:188} INFO - [2026-04-28T17:38:44.698+0000] {dag.py:3823} INFO - Setting next_dagrun for energy_pipeline to 2026-04-28 00:00:00+00:00, run_after=2026-04-29 00:00:00+00:00
[2026-04-28T17:38:44.733+0000] {processor.py:183} INFO - Processing /opt/airflow/dags/pipeline_dag.py took 0.118 seconds
[2026-04-28T17:39:14.946+0000] {processor.py:161} INFO - Started process (PID=583) to work on /opt/airflow/dags/pipeline_dag.py
[2026-04-28T17:39:14.947+0000] {processor.py:830} INFO - Processing file /opt/airflow/dags/pipeline_dag.py for tasks to queue
[2026-04-28T17:39:14.949+0000] {logging_mixin.py:188} INFO - [2026-04-28T17:39:14.948+0000] {dagbag.py:538} INFO - Filling up the DagBag from /opt/airflow/dags/pipeline_dag.py
[2026-04-28T17:39:14.963+0000] {processor.py:840} INFO - DAG(s) 'energy_pipeline' retrieved from /opt/airflow/dags/pipeline_dag.py
[2026-04-28T17:39:15.006+0000] {logging_mixin.py:188} INFO - [2026-04-28T17:39:15.006+0000] {dag.py:3036} INFO - Sync 1 DAGs
[2026-04-28T17:39:15.035+0000] {logging_mixin.py:188} INFO - [2026-04-28T17:39:15.035+0000] {dag.py:3823} INFO - Setting next_dagrun for energy_pipeline to 2026-04-28 00:00:00+00:00, run_after=2026-04-29 00:00:00+00:00
[2026-04-28T17:39:15.070+0000] {processor.py:183} INFO - Processing /opt/airflow/dags/pipeline_dag.py took 0.129 seconds
[2026-04-28T17:39:45.275+0000] {processor.py:161} INFO - Started process (PID=584) to work on /opt/airflow/dags/pipeline_dag.py
[2026-04-28T17:39:45.277+0000] {processor.py:830} INFO - Processing file /opt/airflow/dags/pipeline_dag.py for tasks to queue
[2026-04-28T17:39:45.278+0000] {logging_mixin.py:188} INFO - [2026-04-28T17:39:45.278+0000] {dagbag.py:538} INFO - Filling up the DagBag from /opt/airflow/dags/pipeline_dag.py
[2026-04-28T17:39:45.290+0000] {processor.py:840} INFO - DAG(s) 'energy_pipeline' retrieved from /opt/airflow/dags/pipeline_dag.py
[2026-04-28T17:39:45.328+0000] {logging_mixin.py:188} INFO - [2026-04-28T17:39:45.328+0000] {dag.py:3036} INFO - Sync 1 DAGs
[2026-04-28T17:39:45.356+0000] {logging_mixin.py:188} INFO - [2026-04-28T17:39:45.355+0000] {dag.py:3823} INFO - Setting next_dagrun for energy_pipeline to 2026-04-28 00:00:00+00:00, run_after=2026-04-29 00:00:00+00:00
[2026-04-28T17:39:45.390+0000] {processor.py:183} INFO - Processing /opt/airflow/dags/pipeline_dag.py took 0.118 seconds
[2026-04-28T17:40:16.479+0000] {processor.py:161} INFO - Started process (PID=585) to work on /opt/airflow/dags/pipeline_dag.py
[2026-04-28T17:40:16.482+0000] {processor.py:830} INFO - Processing file /opt/airflow/dags/pipeline_dag.py for tasks to queue
[2026-04-28T17:40:16.489+0000] {logging_mixin.py:188} INFO - [2026-04-28T17:40:16.487+0000] {dagbag.py:538} INFO - Filling up the DagBag from /opt/airflow/dags/pipeline_dag.py
[2026-04-28T17:40:16.521+0000] {processor.py:840} INFO - DAG(s) 'energy_pipeline' retrieved from /opt/airflow/dags/pipeline_dag.py
[2026-04-28T17:40:16.633+0000] {logging_mixin.py:188} INFO - [2026-04-28T17:40:16.633+0000] {dag.py:3036} INFO - Sync 1 DAGs
[2026-04-28T17:40:16.715+0000] {logging_mixin.py:188} INFO - [2026-04-28T17:40:16.714+0000] {dag.py:3823} INFO - Setting next_dagrun for energy_pipeline to 2026-04-28 00:00:00+00:00, run_after=2026-04-29 00:00:00+00:00
[2026-04-28T17:40:16.773+0000] {processor.py:183} INFO - Processing /opt/airflow/dags/pipeline_dag.py took 0.309 seconds
[2026-04-28T17:50:44.539+0000] {processor.py:161} INFO - Started process (PID=586) to work on /opt/airflow/dags/pipeline_dag.py
[2026-04-28T17:50:44.543+0000] {processor.py:830} INFO - Processing file /opt/airflow/dags/pipeline_dag.py for tasks to queue
[2026-04-28T17:50:44.557+0000] {logging_mixin.py:188} INFO - [2026-04-28T17:50:44.547+0000] {dagbag.py:538} INFO - Filling up the DagBag from /opt/airflow/dags/pipeline_dag.py
[2026-04-28T17:50:44.631+0000] {processor.py:840} INFO - DAG(s) 'energy_pipeline' retrieved from /opt/airflow/dags/pipeline_dag.py
[2026-04-28T17:50:44.779+0000] {logging_mixin.py:188} INFO - [2026-04-28T17:50:44.779+0000] {dag.py:3036} INFO - Sync 1 DAGs
[2026-04-28T17:50:44.877+0000] {logging_mixin.py:188} INFO - [2026-04-28T17:50:44.876+0000] {dag.py:3823} INFO - Setting next_dagrun for energy_pipeline to 2026-04-28 00:00:00+00:00, run_after=2026-04-29 00:00:00+00:00
[2026-04-28T17:50:45.115+0000] {processor.py:183} INFO - Processing /opt/airflow/dags/pipeline_dag.py took 0.591 seconds
[2026-04-28T17:51:16.055+0000] {processor.py:161} INFO - Started process (PID=589) to work on /opt/airflow/dags/pipeline_dag.py
[2026-04-28T17:51:16.058+0000] {processor.py:830} INFO - Processing file /opt/airflow/dags/pipeline_dag.py for tasks to queue
[2026-04-28T17:51:16.060+0000] {logging_mixin.py:188} INFO - [2026-04-28T17:51:16.059+0000] {dagbag.py:538} INFO - Filling up the DagBag from /opt/airflow/dags/pipeline_dag.py
[2026-04-28T17:51:16.083+0000] {processor.py:840} INFO - DAG(s) 'energy_pipeline' retrieved from /opt/airflow/dags/pipeline_dag.py
[2026-04-28T17:51:16.145+0000] {logging_mixin.py:188} INFO - [2026-04-28T17:51:16.145+0000] {dag.py:3036} INFO - Sync 1 DAGs
[2026-04-28T17:51:16.200+0000] {logging_mixin.py:188} INFO - [2026-04-28T17:51:16.199+0000] {dag.py:3823} INFO - Setting next_dagrun for energy_pipeline to 2026-04-28 00:00:00+00:00, run_after=2026-04-29 00:00:00+00:00
[2026-04-28T17:51:16.286+0000] {processor.py:183} INFO - Processing /opt/airflow/dags/pipeline_dag.py took 0.237 seconds
[2026-04-28T17:51:46.544+0000] {processor.py:161} INFO - Started process (PID=590) to work on /opt/airflow/dags/pipeline_dag.py
[2026-04-28T17:51:46.545+0000] {processor.py:830} INFO - Processing file /opt/airflow/dags/pipeline_dag.py for tasks to queue
[2026-04-28T17:51:46.547+0000] {logging_mixin.py:188} INFO - [2026-04-28T17:51:46.546+0000] {dagbag.py:538} INFO - Filling up the DagBag from /opt/airflow/dags/pipeline_dag.py
[2026-04-28T17:51:46.560+0000] {processor.py:840} INFO - DAG(s) 'energy_pipeline' retrieved from /opt/airflow/dags/pipeline_dag.py
[2026-04-28T17:51:46.598+0000] {logging_mixin.py:188} INFO - [2026-04-28T17:51:46.598+0000] {dag.py:3036} INFO - Sync 1 DAGs
[2026-04-28T17:51:46.624+0000] {logging_mixin.py:188} INFO - [2026-04-28T17:51:46.624+0000] {dag.py:3823} INFO - Setting next_dagrun for energy_pipeline to 2026-04-28 00:00:00+00:00, run_after=2026-04-29 00:00:00+00:00
[2026-04-28T17:51:46.660+0000] {processor.py:183} INFO - Processing /opt/airflow/dags/pipeline_dag.py took 0.122 seconds
[2026-04-28T17:52:16.859+0000] {processor.py:161} INFO - Started process (PID=591) to work on /opt/airflow/dags/pipeline_dag.py
[2026-04-28T17:52:16.861+0000] {processor.py:830} INFO - Processing file /opt/airflow/dags/pipeline_dag.py for tasks to queue
[2026-04-28T17:52:16.862+0000] {logging_mixin.py:188} INFO - [2026-04-28T17:52:16.862+0000] {dagbag.py:538} INFO - Filling up the DagBag from /opt/airflow/dags/pipeline_dag.py
[2026-04-28T17:52:16.875+0000] {processor.py:840} INFO - DAG(s) 'energy_pipeline' retrieved from /opt/airflow/dags/pipeline_dag.py
[2026-04-28T17:52:16.912+0000] {logging_mixin.py:188} INFO - [2026-04-28T17:52:16.911+0000] {dag.py:3036} INFO - Sync 1 DAGs
[2026-04-28T17:52:16.942+0000] {logging_mixin.py:188} INFO - [2026-04-28T17:52:16.942+0000] {dag.py:3823} INFO - Setting next_dagrun for energy_pipeline to 2026-04-28 00:00:00+00:00, run_after=2026-04-29 00:00:00+00:00
[2026-04-28T17:52:16.983+0000] {processor.py:183} INFO - Processing /opt/airflow/dags/pipeline_dag.py took 0.128 seconds
[2026-04-28T17:52:47.203+0000] {processor.py:161} INFO - Started process (PID=592) to work on /opt/airflow/dags/pipeline_dag.py
[2026-04-28T17:52:47.205+0000] {processor.py:830} INFO - Processing file /opt/airflow/dags/pipeline_dag.py for tasks to queue
[2026-04-28T17:52:47.207+0000] {logging_mixin.py:188} INFO - [2026-04-28T17:52:47.206+0000] {dagbag.py:538} INFO - Filling up the DagBag from /opt/airflow/dags/pipeline_dag.py
[2026-04-28T17:52:47.223+0000] {processor.py:840} INFO - DAG(s) 'energy_pipeline' retrieved from /opt/airflow/dags/pipeline_dag.py
[2026-04-28T17:52:47.265+0000] {logging_mixin.py:188} INFO - [2026-04-28T17:52:47.265+0000] {dag.py:3036} INFO - Sync 1 DAGs
[2026-04-28T17:52:47.294+0000] {logging_mixin.py:188} INFO - [2026-04-28T17:52:47.293+0000] {dag.py:3823} INFO - Setting next_dagrun for energy_pipeline to 2026-04-28 00:00:00+00:00, run_after=2026-04-29 00:00:00+00:00
[2026-04-28T17:52:47.336+0000] {processor.py:183} INFO - Processing /opt/airflow/dags/pipeline_dag.py took 0.138 seconds
[2026-04-28T17:53:17.576+0000] {processor.py:161} INFO - Started process (PID=593) to work on /opt/airflow/dags/pipeline_dag.py
[2026-04-28T17:53:17.578+0000] {processor.py:830} INFO - Processing file /opt/airflow/dags/pipeline_dag.py for tasks to queue
[2026-04-28T17:53:17.580+0000] {logging_mixin.py:188} INFO - [2026-04-28T17:53:17.580+0000] {dagbag.py:538} INFO - Filling up the DagBag from /opt/airflow/dags/pipeline_dag.py
[2026-04-28T17:53:17.596+0000] {processor.py:840} INFO - DAG(s) 'energy_pipeline' retrieved from /opt/airflow/dags/pipeline_dag.py
[2026-04-28T17:53:17.640+0000] {logging_mixin.py:188} INFO - [2026-04-28T17:53:17.639+0000] {dag.py:3036} INFO - Sync 1 DAGs
[2026-04-28T17:53:17.673+0000] {logging_mixin.py:188} INFO - [2026-04-28T17:53:17.672+0000] {dag.py:3823} INFO - Setting next_dagrun for energy_pipeline to 2026-04-28 00:00:00+00:00, run_after=2026-04-29 00:00:00+00:00
[2026-04-28T17:53:17.709+0000] {processor.py:183} INFO - Processing /opt/airflow/dags/pipeline_dag.py took 0.143 seconds
[2026-04-28T17:53:47.901+0000] {processor.py:161} INFO - Started process (PID=594) to work on /opt/airflow/dags/pipeline_dag.py
[2026-04-28T17:53:47.903+0000] {processor.py:830} INFO - Processing file /opt/airflow/dags/pipeline_dag.py for tasks to queue
[2026-04-28T17:53:47.905+0000] {logging_mixin.py:188} INFO - [2026-04-28T17:53:47.904+0000] {dagbag.py:538} INFO - Filling up the DagBag from /opt/airflow/dags/pipeline_dag.py
[2026-04-28T17:53:47.920+0000] {processor.py:840} INFO - DAG(s) 'energy_pipeline' retrieved from /opt/airflow/dags/pipeline_dag.py
[2026-04-28T17:53:47.970+0000] {logging_mixin.py:188} INFO - [2026-04-28T17:53:47.969+0000] {dag.py:3036} INFO - Sync 1 DAGs
[2026-04-28T17:53:48.003+0000] {logging_mixin.py:188} INFO - [2026-04-28T17:53:48.002+0000] {dag.py:3823} INFO - Setting next_dagrun for energy_pipeline to 2026-04-28 00:00:00+00:00, run_after=2026-04-29 00:00:00+00:00
[2026-04-28T17:53:48.044+0000] {processor.py:183} INFO - Processing /opt/airflow/dags/pipeline_dag.py took 0.150 seconds
[2026-04-28T17:54:18.219+0000] {processor.py:161} INFO - Started process (PID=595) to work on /opt/airflow/dags/pipeline_dag.py
[2026-04-28T17:54:18.221+0000] {processor.py:830} INFO - Processing file /opt/airflow/dags/pipeline_dag.py for tasks to queue
[2026-04-28T17:54:18.222+0000] {logging_mixin.py:188} INFO - [2026-04-28T17:54:18.222+0000] {dagbag.py:538} INFO - Filling up the DagBag from /opt/airflow/dags/pipeline_dag.py
[2026-04-28T17:54:18.235+0000] {processor.py:840} INFO - DAG(s) 'energy_pipeline' retrieved from /opt/airflow/dags/pipeline_dag.py
[2026-04-28T17:54:18.273+0000] {logging_mixin.py:188} INFO - [2026-04-28T17:54:18.273+0000] {dag.py:3036} INFO - Sync 1 DAGs
[2026-04-28T17:54:18.301+0000] {logging_mixin.py:188} INFO - [2026-04-28T17:54:18.300+0000] {dag.py:3823} INFO - Setting next_dagrun for energy_pipeline to 2026-04-28 00:00:00+00:00, run_after=2026-04-29 00:00:00+00:00
[2026-04-28T17:54:18.352+0000] {processor.py:183} INFO - Processing /opt/airflow/dags/pipeline_dag.py took 0.138 seconds
[2026-04-28T17:54:48.571+0000] {processor.py:161} INFO - Started process (PID=596) to work on /opt/airflow/dags/pipeline_dag.py
[2026-04-28T17:54:48.573+0000] {processor.py:830} INFO - Processing file /opt/airflow/dags/pipeline_dag.py for tasks to queue
[2026-04-28T17:54:48.575+0000] {logging_mixin.py:188} INFO - [2026-04-28T17:54:48.574+0000] {dagbag.py:538} INFO - Filling up the DagBag from /opt/airflow/dags/pipeline_dag.py
[2026-04-28T17:54:48.590+0000] {processor.py:840} INFO - DAG(s) 'energy_pipeline' retrieved from /opt/airflow/dags/pipeline_dag.py
[2026-04-28T17:54:48.632+0000] {logging_mixin.py:188} INFO - [2026-04-28T17:54:48.631+0000] {dag.py:3036} INFO - Sync 1 DAGs
[2026-04-28T17:54:48.659+0000] {logging_mixin.py:188} INFO - [2026-04-28T17:54:48.658+0000] {dag.py:3823} INFO - Setting next_dagrun for energy_pipeline to 2026-04-28 00:00:00+00:00, run_after=2026-04-29 00:00:00+00:00
[2026-04-28T17:54:48.693+0000] {processor.py:183} INFO - Processing /opt/airflow/dags/pipeline_dag.py took 0.126 seconds
[2026-04-28T17:55:18.898+0000] {processor.py:161} INFO - Started process (PID=597) to work on /opt/airflow/dags/pipeline_dag.py
[2026-04-28T17:55:18.900+0000] {processor.py:830} INFO - Processing file /opt/airflow/dags/pipeline_dag.py for tasks to queue
[2026-04-28T17:55:18.901+0000] {logging_mixin.py:188} INFO - [2026-04-28T17:55:18.901+0000] {dagbag.py:538} INFO - Filling up the DagBag from /opt/airflow/dags/pipeline_dag.py
[2026-04-28T17:55:18.917+0000] {processor.py:840} INFO - DAG(s) 'energy_pipeline' retrieved from /opt/airflow/dags/pipeline_dag.py
[2026-04-28T17:55:18.963+0000] {logging_mixin.py:188} INFO - [2026-04-28T17:55:18.963+0000] {dag.py:3036} INFO - Sync 1 DAGs
[2026-04-28T17:55:18.993+0000] {logging_mixin.py:188} INFO - [2026-04-28T17:55:18.993+0000] {dag.py:3823} INFO - Setting next_dagrun for energy_pipeline to 2026-04-28 00:00:00+00:00, run_after=2026-04-29 00:00:00+00:00
[2026-04-28T17:55:19.031+0000] {processor.py:183} INFO - Processing /opt/airflow/dags/pipeline_dag.py took 0.137 seconds
[2026-04-28T17:55:49.235+0000] {processor.py:161} INFO - Started process (PID=598) to work on /opt/airflow/dags/pipeline_dag.py
[2026-04-28T17:55:49.237+0000] {processor.py:830} INFO - Processing file /opt/airflow/dags/pipeline_dag.py for tasks to queue
[2026-04-28T17:55:49.239+0000] {logging_mixin.py:188} INFO - [2026-04-28T17:55:49.238+0000] {dagbag.py:538} INFO - Filling up the DagBag from /opt/airflow/dags/pipeline_dag.py
[2026-04-28T17:55:49.254+0000] {processor.py:840} INFO - DAG(s) 'energy_pipeline' retrieved from /opt/airflow/dags/pipeline_dag.py
[2026-04-28T17:55:49.295+0000] {logging_mixin.py:188} INFO - [2026-04-28T17:55:49.295+0000] {dag.py:3036} INFO - Sync 1 DAGs
[2026-04-28T17:55:49.323+0000] {logging_mixin.py:188} INFO - [2026-04-28T17:55:49.323+0000] {dag.py:3823} INFO - Setting next_dagrun for energy_pipeline to 2026-04-28 00:00:00+00:00, run_after=2026-04-29 00:00:00+00:00
[2026-04-28T17:55:49.358+0000] {processor.py:183} INFO - Processing /opt/airflow/dags/pipeline_dag.py took 0.129 seconds
[2026-04-28T17:56:19.558+0000] {processor.py:161} INFO - Started process (PID=599) to work on /opt/airflow/dags/pipeline_dag.py
[2026-04-28T17:56:19.561+0000] {processor.py:830} INFO - Processing file /opt/airflow/dags/pipeline_dag.py for tasks to queue
[2026-04-28T17:56:19.563+0000] {logging_mixin.py:188} INFO - [2026-04-28T17:56:19.562+0000] {dagbag.py:538} INFO - Filling up the DagBag from /opt/airflow/dags/pipeline_dag.py
[2026-04-28T17:56:19.576+0000] {processor.py:840} INFO - DAG(s) 'energy_pipeline' retrieved from /opt/airflow/dags/pipeline_dag.py
[2026-04-28T17:56:19.612+0000] {logging_mixin.py:188} INFO - [2026-04-28T17:56:19.612+0000] {dag.py:3036} INFO - Sync 1 DAGs
[2026-04-28T17:56:19.639+0000] {logging_mixin.py:188} INFO - [2026-04-28T17:56:19.638+0000] {dag.py:3823} INFO - Setting next_dagrun for energy_pipeline to 2026-04-28 00:00:00+00:00, run_after=2026-04-29 00:00:00+00:00
[2026-04-28T17:56:19.674+0000] {processor.py:183} INFO - Processing /opt/airflow/dags/pipeline_dag.py took 0.121 seconds
[2026-04-28T17:56:49.871+0000] {processor.py:161} INFO - Started process (PID=600) to work on /opt/airflow/dags/pipeline_dag.py
[2026-04-28T17:56:49.872+0000] {processor.py:830} INFO - Processing file /opt/airflow/dags/pipeline_dag.py for tasks to queue
[2026-04-28T17:56:49.874+0000] {logging_mixin.py:188} INFO - [2026-04-28T17:56:49.873+0000] {dagbag.py:538} INFO - Filling up the DagBag from /opt/airflow/dags/pipeline_dag.py
[2026-04-28T17:56:49.886+0000] {processor.py:840} INFO - DAG(s) 'energy_pipeline' retrieved from /opt/airflow/dags/pipeline_dag.py
[2026-04-28T17:56:49.923+0000] {logging_mixin.py:188} INFO - [2026-04-28T17:56:49.923+0000] {dag.py:3036} INFO - Sync 1 DAGs
[2026-04-28T17:56:49.951+0000] {logging_mixin.py:188} INFO - [2026-04-28T17:56:49.951+0000] {dag.py:3823} INFO - Setting next_dagrun for energy_pipeline to 2026-04-28 00:00:00+00:00, run_after=2026-04-29 00:00:00+00:00
[2026-04-28T17:56:49.986+0000] {processor.py:183} INFO - Processing /opt/airflow/dags/pipeline_dag.py took 0.120 seconds
[2026-04-28T17:57:20.196+0000] {processor.py:161} INFO - Started process (PID=601) to work on /opt/airflow/dags/pipeline_dag.py
[2026-04-28T17:57:20.197+0000] {processor.py:830} INFO - Processing file /opt/airflow/dags/pipeline_dag.py for tasks to queue
[2026-04-28T17:57:20.199+0000] {logging_mixin.py:188} INFO - [2026-04-28T17:57:20.198+0000] {dagbag.py:538} INFO - Filling up the DagBag from /opt/airflow/dags/pipeline_dag.py
[2026-04-28T17:57:20.212+0000] {processor.py:840} INFO - DAG(s) 'energy_pipeline' retrieved from /opt/airflow/dags/pipeline_dag.py
[2026-04-28T17:57:20.262+0000] {logging_mixin.py:188} INFO - [2026-04-28T17:57:20.261+0000] {dag.py:3036} INFO - Sync 1 DAGs
[2026-04-28T17:57:20.288+0000] {logging_mixin.py:188} INFO - [2026-04-28T17:57:20.288+0000] {dag.py:3823} INFO - Setting next_dagrun for energy_pipeline to 2026-04-28 00:00:00+00:00, run_after=2026-04-29 00:00:00+00:00
[2026-04-28T17:57:20.326+0000] {processor.py:183} INFO - Processing /opt/airflow/dags/pipeline_dag.py took 0.135 seconds
[2026-04-28T17:57:50.508+0000] {processor.py:161} INFO - Started process (PID=602) to work on /opt/airflow/dags/pipeline_dag.py
[2026-04-28T17:57:50.510+0000] {processor.py:830} INFO - Processing file /opt/airflow/dags/pipeline_dag.py for tasks to queue
[2026-04-28T17:57:50.511+0000] {logging_mixin.py:188} INFO - [2026-04-28T17:57:50.510+0000] {dagbag.py:538} INFO - Filling up the DagBag from /opt/airflow/dags/pipeline_dag.py
[2026-04-28T17:57:50.523+0000] {processor.py:840} INFO - DAG(s) 'energy_pipeline' retrieved from /opt/airflow/dags/pipeline_dag.py
[2026-04-28T17:57:50.572+0000] {logging_mixin.py:188} INFO - [2026-04-28T17:57:50.572+0000] {dag.py:3036} INFO - Sync 1 DAGs
[2026-04-28T17:57:50.603+0000] {logging_mixin.py:188} INFO - [2026-04-28T17:57:50.602+0000] {dag.py:3823} INFO - Setting next_dagrun for energy_pipeline to 2026-04-28 00:00:00+00:00, run_after=2026-04-29 00:00:00+00:00
[2026-04-28T17:57:50.639+0000] {processor.py:183} INFO - Processing /opt/airflow/dags/pipeline_dag.py took 0.135 seconds
[2026-04-28T17:58:20.821+0000] {processor.py:161} INFO - Started process (PID=603) to work on /opt/airflow/dags/pipeline_dag.py
[2026-04-28T17:58:20.823+0000] {processor.py:830} INFO - Processing file /opt/airflow/dags/pipeline_dag.py for tasks to queue
[2026-04-28T17:58:20.825+0000] {logging_mixin.py:188} INFO - [2026-04-28T17:58:20.824+0000] {dagbag.py:538} INFO - Filling up the DagBag from /opt/airflow/dags/pipeline_dag.py
[2026-04-28T17:58:20.836+0000] {processor.py:840} INFO - DAG(s) 'energy_pipeline' retrieved from /opt/airflow/dags/pipeline_dag.py
[2026-04-28T17:58:20.873+0000] {logging_mixin.py:188} INFO - [2026-04-28T17:58:20.873+0000] {dag.py:3036} INFO - Sync 1 DAGs
[2026-04-28T17:58:20.900+0000] {logging_mixin.py:188} INFO - [2026-04-28T17:58:20.900+0000] {dag.py:3823} INFO - Setting next_dagrun for energy_pipeline to 2026-04-28 00:00:00+00:00, run_after=2026-04-29 00:00:00+00:00
[2026-04-28T17:58:20.934+0000] {processor.py:183} INFO - Processing /opt/airflow/dags/pipeline_dag.py took 0.117 seconds
[2026-04-28T17:58:51.148+0000] {processor.py:161} INFO - Started process (PID=604) to work on /opt/airflow/dags/pipeline_dag.py
[2026-04-28T17:58:51.150+0000] {processor.py:830} INFO - Processing file /opt/airflow/dags/pipeline_dag.py for tasks to queue
[2026-04-28T17:58:51.151+0000] {logging_mixin.py:188} INFO - [2026-04-28T17:58:51.151+0000] {dagbag.py:538} INFO - Filling up the DagBag from /opt/airflow/dags/pipeline_dag.py
[2026-04-28T17:58:51.163+0000] {processor.py:840} INFO - DAG(s) 'energy_pipeline' retrieved from /opt/airflow/dags/pipeline_dag.py
[2026-04-28T17:58:51.199+0000] {logging_mixin.py:188} INFO - [2026-04-28T17:58:51.199+0000] {dag.py:3036} INFO - Sync 1 DAGs
[2026-04-28T17:58:51.226+0000] {logging_mixin.py:188} INFO - [2026-04-28T17:58:51.226+0000] {dag.py:3823} INFO - Setting next_dagrun for energy_pipeline to 2026-04-28 00:00:00+00:00, run_after=2026-04-29 00:00:00+00:00
[2026-04-28T17:58:51.263+0000] {processor.py:183} INFO - Processing /opt/airflow/dags/pipeline_dag.py took 0.120 seconds
[2026-04-28T17:59:21.477+0000] {processor.py:161} INFO - Started process (PID=605) to work on /opt/airflow/dags/pipeline_dag.py
[2026-04-28T17:59:21.479+0000] {processor.py:830} INFO - Processing file /opt/airflow/dags/pipeline_dag.py for tasks to queue
[2026-04-28T17:59:21.480+0000] {logging_mixin.py:188} INFO - [2026-04-28T17:59:21.480+0000] {dagbag.py:538} INFO - Filling up the DagBag from /opt/airflow/dags/pipeline_dag.py
[2026-04-28T17:59:21.492+0000] {processor.py:840} INFO - DAG(s) 'energy_pipeline' retrieved from /opt/airflow/dags/pipeline_dag.py
[2026-04-28T17:59:21.559+0000] {logging_mixin.py:188} INFO - [2026-04-28T17:59:21.559+0000] {dag.py:3036} INFO - Sync 1 DAGs
[2026-04-28T17:59:21.611+0000] {logging_mixin.py:188} INFO - [2026-04-28T17:59:21.611+0000] {dag.py:3823} INFO - Setting next_dagrun for energy_pipeline to 2026-04-28 00:00:00+00:00, run_after=2026-04-29 00:00:00+00:00
[2026-04-28T17:59:21.652+0000] {processor.py:183} INFO - Processing /opt/airflow/dags/pipeline_dag.py took 0.179 seconds
[2026-04-28T17:59:51.805+0000] {processor.py:161} INFO - Started process (PID=606) to work on /opt/airflow/dags/pipeline_dag.py
[2026-04-28T17:59:51.809+0000] {processor.py:830} INFO - Processing file /opt/airflow/dags/pipeline_dag.py for tasks to queue
[2026-04-28T17:59:51.811+0000] {logging_mixin.py:188} INFO - [2026-04-28T17:59:51.810+0000] {dagbag.py:538} INFO - Filling up the DagBag from /opt/airflow/dags/pipeline_dag.py
[2026-04-28T17:59:51.835+0000] {processor.py:840} INFO - DAG(s) 'energy_pipeline' retrieved from /opt/airflow/dags/pipeline_dag.py
[2026-04-28T17:59:51.895+0000] {logging_mixin.py:188} INFO - [2026-04-28T17:59:51.895+0000] {dag.py:3036} INFO - Sync 1 DAGs
[2026-04-28T17:59:51.931+0000] {logging_mixin.py:188} INFO - [2026-04-28T17:59:51.930+0000] {dag.py:3823} INFO - Setting next_dagrun for energy_pipeline to 2026-04-28 00:00:00+00:00, run_after=2026-04-29 00:00:00+00:00
[2026-04-28T17:59:51.973+0000] {processor.py:183} INFO - Processing /opt/airflow/dags/pipeline_dag.py took 0.182 seconds
[2026-04-28T18:00:22.119+0000] {processor.py:161} INFO - Started process (PID=607) to work on /opt/airflow/dags/pipeline_dag.py
[2026-04-28T18:00:22.121+0000] {processor.py:830} INFO - Processing file /opt/airflow/dags/pipeline_dag.py for tasks to queue
[2026-04-28T18:00:22.122+0000] {logging_mixin.py:188} INFO - [2026-04-28T18:00:22.122+0000] {dagbag.py:538} INFO - Filling up the DagBag from /opt/airflow/dags/pipeline_dag.py
[2026-04-28T18:00:22.133+0000] {processor.py:840} INFO - DAG(s) 'energy_pipeline' retrieved from /opt/airflow/dags/pipeline_dag.py
[2026-04-28T18:00:22.170+0000] {logging_mixin.py:188} INFO - [2026-04-28T18:00:22.170+0000] {dag.py:3036} INFO - Sync 1 DAGs
[2026-04-28T18:00:22.197+0000] {logging_mixin.py:188} INFO - [2026-04-28T18:00:22.197+0000] {dag.py:3823} INFO - Setting next_dagrun for energy_pipeline to 2026-04-28 00:00:00+00:00, run_after=2026-04-29 00:00:00+00:00
[2026-04-28T18:00:22.234+0000] {processor.py:183} INFO - Processing /opt/airflow/dags/pipeline_dag.py took 0.119 seconds
[2026-04-28T18:00:52.440+0000] {processor.py:161} INFO - Started process (PID=608) to work on /opt/airflow/dags/pipeline_dag.py
[2026-04-28T18:00:52.442+0000] {processor.py:830} INFO - Processing file /opt/airflow/dags/pipeline_dag.py for tasks to queue
[2026-04-28T18:00:52.443+0000] {logging_mixin.py:188} INFO - [2026-04-28T18:00:52.443+0000] {dagbag.py:538} INFO - Filling up the DagBag from /opt/airflow/dags/pipeline_dag.py
[2026-04-28T18:00:52.456+0000] {processor.py:840} INFO - DAG(s) 'energy_pipeline' retrieved from /opt/airflow/dags/pipeline_dag.py
[2026-04-28T18:00:52.493+0000] {logging_mixin.py:188} INFO - [2026-04-28T18:00:52.493+0000] {dag.py:3036} INFO - Sync 1 DAGs
[2026-04-28T18:00:52.522+0000] {logging_mixin.py:188} INFO - [2026-04-28T18:00:52.522+0000] {dag.py:3823} INFO - Setting next_dagrun for energy_pipeline to 2026-04-28 00:00:00+00:00, run_after=2026-04-29 00:00:00+00:00
[2026-04-28T18:00:52.559+0000] {processor.py:183} INFO - Processing /opt/airflow/dags/pipeline_dag.py took 0.123 seconds
[2026-04-28T18:01:22.752+0000] {processor.py:161} INFO - Started process (PID=609) to work on /opt/airflow/dags/pipeline_dag.py
[2026-04-28T18:01:22.754+0000] {processor.py:830} INFO - Processing file /opt/airflow/dags/pipeline_dag.py for tasks to queue
[2026-04-28T18:01:22.755+0000] {logging_mixin.py:188} INFO - [2026-04-28T18:01:22.755+0000] {dagbag.py:538} INFO - Filling up the DagBag from /opt/airflow/dags/pipeline_dag.py
[2026-04-28T18:01:22.768+0000] {processor.py:840} INFO - DAG(s) 'energy_pipeline' retrieved from /opt/airflow/dags/pipeline_dag.py
[2026-04-28T18:01:22.807+0000] {logging_mixin.py:188} INFO - [2026-04-28T18:01:22.807+0000] {dag.py:3036} INFO - Sync 1 DAGs
[2026-04-28T18:01:22.843+0000] {logging_mixin.py:188} INFO - [2026-04-28T18:01:22.842+0000] {dag.py:3823} INFO - Setting next_dagrun for energy_pipeline to 2026-04-28 00:00:00+00:00, run_after=2026-04-29 00:00:00+00:00
[2026-04-28T18:01:22.883+0000] {processor.py:183} INFO - Processing /opt/airflow/dags/pipeline_dag.py took 0.135 seconds
[2026-04-28T18:01:53.069+0000] {processor.py:161} INFO - Started process (PID=610) to work on /opt/airflow/dags/pipeline_dag.py
[2026-04-28T18:01:53.070+0000] {processor.py:830} INFO - Processing file /opt/airflow/dags/pipeline_dag.py for tasks to queue
[2026-04-28T18:01:53.072+0000] {logging_mixin.py:188} INFO - [2026-04-28T18:01:53.072+0000] {dagbag.py:538} INFO - Filling up the DagBag from /opt/airflow/dags/pipeline_dag.py
[2026-04-28T18:01:53.085+0000] {processor.py:840} INFO - DAG(s) 'energy_pipeline' retrieved from /opt/airflow/dags/pipeline_dag.py
[2026-04-28T18:01:53.140+0000] {logging_mixin.py:188} INFO - [2026-04-28T18:01:53.140+0000] {dag.py:3036} INFO - Sync 1 DAGs
[2026-04-28T18:01:53.183+0000] {logging_mixin.py:188} INFO - [2026-04-28T18:01:53.183+0000] {dag.py:3823} INFO - Setting next_dagrun for energy_pipeline to 2026-04-28 00:00:00+00:00, run_after=2026-04-29 00:00:00+00:00
[2026-04-28T18:01:53.228+0000] {processor.py:183} INFO - Processing /opt/airflow/dags/pipeline_dag.py took 0.164 seconds
[2026-04-28T18:02:23.289+0000] {processor.py:161} INFO - Started process (PID=611) to work on /opt/airflow/dags/pipeline_dag.py
[2026-04-28T18:02:23.290+0000] {processor.py:830} INFO - Processing file /opt/airflow/dags/pipeline_dag.py for tasks to queue
[2026-04-28T18:02:23.292+0000] {logging_mixin.py:188} INFO - [2026-04-28T18:02:23.291+0000] {dagbag.py:538} INFO - Filling up the DagBag from /opt/airflow/dags/pipeline_dag.py
[2026-04-28T18:02:23.304+0000] {processor.py:840} INFO - DAG(s) 'energy_pipeline' retrieved from /opt/airflow/dags/pipeline_dag.py
[2026-04-28T18:02:23.349+0000] {logging_mixin.py:188} INFO - [2026-04-28T18:02:23.349+0000] {dag.py:3036} INFO - Sync 1 DAGs
[2026-04-28T18:02:23.379+0000] {logging_mixin.py:188} INFO - [2026-04-28T18:02:23.379+0000] {dag.py:3823} INFO - Setting next_dagrun for energy_pipeline to 2026-04-28 00:00:00+00:00, run_after=2026-04-29 00:00:00+00:00
[2026-04-28T18:02:23.414+0000] {processor.py:183} INFO - Processing /opt/airflow/dags/pipeline_dag.py took 0.130 seconds
[2026-04-28T18:02:53.609+0000] {processor.py:161} INFO - Started process (PID=612) to work on /opt/airflow/dags/pipeline_dag.py
[2026-04-28T18:02:53.611+0000] {processor.py:830} INFO - Processing file /opt/airflow/dags/pipeline_dag.py for tasks to queue
[2026-04-28T18:02:53.613+0000] {logging_mixin.py:188} INFO - [2026-04-28T18:02:53.612+0000] {dagbag.py:538} INFO - Filling up the DagBag from /opt/airflow/dags/pipeline_dag.py
[2026-04-28T18:02:53.627+0000] {processor.py:840} INFO - DAG(s) 'energy_pipeline' retrieved from /opt/airflow/dags/pipeline_dag.py
[2026-04-28T18:02:53.678+0000] {logging_mixin.py:188} INFO - [2026-04-28T18:02:53.677+0000] {dag.py:3036} INFO - Sync 1 DAGs
[2026-04-28T18:02:53.713+0000] {logging_mixin.py:188} INFO - [2026-04-28T18:02:53.713+0000] {dag.py:3823} INFO - Setting next_dagrun for energy_pipeline to 2026-04-28 00:00:00+00:00, run_after=2026-04-29 00:00:00+00:00
[2026-04-28T18:02:53.748+0000] {processor.py:183} INFO - Processing /opt/airflow/dags/pipeline_dag.py took 0.144 seconds
[2026-04-28T18:03:23.900+0000] {processor.py:161} INFO - Started process (PID=613) to work on /opt/airflow/dags/pipeline_dag.py
[2026-04-28T18:03:23.901+0000] {processor.py:830} INFO - Processing file /opt/airflow/dags/pipeline_dag.py for tasks to queue
[2026-04-28T18:03:23.903+0000] {logging_mixin.py:188} INFO - [2026-04-28T18:03:23.902+0000] {dagbag.py:538} INFO - Filling up the DagBag from /opt/airflow/dags/pipeline_dag.py
[2026-04-28T18:03:23.915+0000] {processor.py:840} INFO - DAG(s) 'energy_pipeline' retrieved from /opt/airflow/dags/pipeline_dag.py
[2026-04-28T18:03:23.951+0000] {logging_mixin.py:188} INFO - [2026-04-28T18:03:23.951+0000] {dag.py:3036} INFO - Sync 1 DAGs
[2026-04-28T18:03:23.991+0000] {logging_mixin.py:188} INFO - [2026-04-28T18:03:23.990+0000] {dag.py:3823} INFO - Setting next_dagrun for energy_pipeline to 2026-04-28 00:00:00+00:00, run_after=2026-04-29 00:00:00+00:00
[2026-04-28T18:03:24.038+0000] {processor.py:183} INFO - Processing /opt/airflow/dags/pipeline_dag.py took 0.143 seconds
[2026-04-28T18:03:54.242+0000] {processor.py:161} INFO - Started process (PID=614) to work on /opt/airflow/dags/pipeline_dag.py
[2026-04-28T18:03:54.243+0000] {processor.py:830} INFO - Processing file /opt/airflow/dags/pipeline_dag.py for tasks to queue
[2026-04-28T18:03:54.245+0000] {logging_mixin.py:188} INFO - [2026-04-28T18:03:54.244+0000] {dagbag.py:538} INFO - Filling up the DagBag from /opt/airflow/dags/pipeline_dag.py
[2026-04-28T18:03:54.257+0000] {processor.py:840} INFO - DAG(s) 'energy_pipeline' retrieved from /opt/airflow/dags/pipeline_dag.py
[2026-04-28T18:03:54.383+0000] {logging_mixin.py:188} INFO - [2026-04-28T18:03:54.383+0000] {dag.py:3036} INFO - Sync 1 DAGs
[2026-04-28T18:03:54.480+0000] {logging_mixin.py:188} INFO - [2026-04-28T18:03:54.480+0000] {dag.py:3823} INFO - Setting next_dagrun for energy_pipeline to 2026-04-28 00:00:00+00:00, run_after=2026-04-29 00:00:00+00:00
[2026-04-28T18:03:54.614+0000] {processor.py:183} INFO - Processing /opt/airflow/dags/pipeline_dag.py took 0.377 seconds
[2026-04-28T18:04:24.758+0000] {processor.py:161} INFO - Started process (PID=615) to work on /opt/airflow/dags/pipeline_dag.py
[2026-04-28T18:04:24.759+0000] {processor.py:830} INFO - Processing file /opt/airflow/dags/pipeline_dag.py for tasks to queue
[2026-04-28T18:04:24.761+0000] {logging_mixin.py:188} INFO - [2026-04-28T18:04:24.760+0000] {dagbag.py:538} INFO - Filling up the DagBag from /opt/airflow/dags/pipeline_dag.py
[2026-04-28T18:04:24.772+0000] {processor.py:840} INFO - DAG(s) 'energy_pipeline' retrieved from /opt/airflow/dags/pipeline_dag.py
[2026-04-28T18:04:24.808+0000] {logging_mixin.py:188} INFO - [2026-04-28T18:04:24.808+0000] {dag.py:3036} INFO - Sync 1 DAGs
[2026-04-28T18:04:24.834+0000] {logging_mixin.py:188} INFO - [2026-04-28T18:04:24.834+0000] {dag.py:3823} INFO - Setting next_dagrun for energy_pipeline to 2026-04-28 00:00:00+00:00, run_after=2026-04-29 00:00:00+00:00
[2026-04-28T18:04:24.868+0000] {processor.py:183} INFO - Processing /opt/airflow/dags/pipeline_dag.py took 0.114 seconds
[2026-04-28T18:04:55.075+0000] {processor.py:161} INFO - Started process (PID=616) to work on /opt/airflow/dags/pipeline_dag.py
[2026-04-28T18:04:55.076+0000] {processor.py:830} INFO - Processing file /opt/airflow/dags/pipeline_dag.py for tasks to queue
[2026-04-28T18:04:55.078+0000] {logging_mixin.py:188} INFO - [2026-04-28T18:04:55.077+0000] {dagbag.py:538} INFO - Filling up the DagBag from /opt/airflow/dags/pipeline_dag.py
[2026-04-28T18:04:55.091+0000] {processor.py:840} INFO - DAG(s) 'energy_pipeline' retrieved from /opt/airflow/dags/pipeline_dag.py
[2026-04-28T18:04:55.130+0000] {logging_mixin.py:188} INFO - [2026-04-28T18:04:55.130+0000] {dag.py:3036} INFO - Sync 1 DAGs
[2026-04-28T18:04:55.163+0000] {logging_mixin.py:188} INFO - [2026-04-28T18:04:55.163+0000] {dag.py:3823} INFO - Setting next_dagrun for energy_pipeline to 2026-04-28 00:00:00+00:00, run_after=2026-04-29 00:00:00+00:00
[2026-04-28T18:04:55.201+0000] {processor.py:183} INFO - Processing /opt/airflow/dags/pipeline_dag.py took 0.131 seconds
[2026-04-28T18:05:25.387+0000] {processor.py:161} INFO - Started process (PID=617) to work on /opt/airflow/dags/pipeline_dag.py
[2026-04-28T18:05:25.389+0000] {processor.py:830} INFO - Processing file /opt/airflow/dags/pipeline_dag.py for tasks to queue
[2026-04-28T18:05:25.390+0000] {logging_mixin.py:188} INFO - [2026-04-28T18:05:25.390+0000] {dagbag.py:538} INFO - Filling up the DagBag from /opt/airflow/dags/pipeline_dag.py
[2026-04-28T18:05:25.402+0000] {processor.py:840} INFO - DAG(s) 'energy_pipeline' retrieved from /opt/airflow/dags/pipeline_dag.py
[2026-04-28T18:05:25.438+0000] {logging_mixin.py:188} INFO - [2026-04-28T18:05:25.437+0000] {dag.py:3036} INFO - Sync 1 DAGs
[2026-04-28T18:05:25.464+0000] {logging_mixin.py:188} INFO - [2026-04-28T18:05:25.464+0000] {dag.py:3823} INFO - Setting next_dagrun for energy_pipeline to 2026-04-28 00:00:00+00:00, run_after=2026-04-29 00:00:00+00:00
[2026-04-28T18:05:25.501+0000] {processor.py:183} INFO - Processing /opt/airflow/dags/pipeline_dag.py took 0.118 seconds
[2026-04-28T18:05:55.704+0000] {processor.py:161} INFO - Started process (PID=618) to work on /opt/airflow/dags/pipeline_dag.py
[2026-04-28T18:05:55.705+0000] {processor.py:830} INFO - Processing file /opt/airflow/dags/pipeline_dag.py for tasks to queue
[2026-04-28T18:05:55.707+0000] {logging_mixin.py:188} INFO - [2026-04-28T18:05:55.706+0000] {dagbag.py:538} INFO - Filling up the DagBag from /opt/airflow/dags/pipeline_dag.py
[2026-04-28T18:05:55.718+0000] {processor.py:840} INFO - DAG(s) 'energy_pipeline' retrieved from /opt/airflow/dags/pipeline_dag.py
[2026-04-28T18:05:55.754+0000] {logging_mixin.py:188} INFO - [2026-04-28T18:05:55.753+0000] {dag.py:3036} INFO - Sync 1 DAGs
[2026-04-28T18:05:55.784+0000] {logging_mixin.py:188} INFO - [2026-04-28T18:05:55.783+0000] {dag.py:3823} INFO - Setting next_dagrun for energy_pipeline to 2026-04-28 00:00:00+00:00, run_after=2026-04-29 00:00:00+00:00
[2026-04-28T18:05:55.819+0000] {processor.py:183} INFO - Processing /opt/airflow/dags/pipeline_dag.py took 0.120 seconds
[2026-04-28T18:06:26.034+0000] {processor.py:161} INFO - Started process (PID=619) to work on /opt/airflow/dags/pipeline_dag.py
[2026-04-28T18:06:26.036+0000] {processor.py:830} INFO - Processing file /opt/airflow/dags/pipeline_dag.py for tasks to queue
[2026-04-28T18:06:26.037+0000] {logging_mixin.py:188} INFO - [2026-04-28T18:06:26.036+0000] {dagbag.py:538} INFO - Filling up the DagBag from /opt/airflow/dags/pipeline_dag.py
[2026-04-28T18:06:26.049+0000] {processor.py:840} INFO - DAG(s) 'energy_pipeline' retrieved from /opt/airflow/dags/pipeline_dag.py
[2026-04-28T18:06:26.087+0000] {logging_mixin.py:188} INFO - [2026-04-28T18:06:26.087+0000] {dag.py:3036} INFO - Sync 1 DAGs
[2026-04-28T18:06:26.113+0000] {logging_mixin.py:188} INFO - [2026-04-28T18:06:26.113+0000] {dag.py:3823} INFO - Setting next_dagrun for energy_pipeline to 2026-04-28 00:00:00+00:00, run_after=2026-04-29 00:00:00+00:00
[2026-04-28T18:06:26.149+0000] {processor.py:183} INFO - Processing /opt/airflow/dags/pipeline_dag.py took 0.119 seconds
[2026-04-28T18:06:56.365+0000] {processor.py:161} INFO - Started process (PID=620) to work on /opt/airflow/dags/pipeline_dag.py
[2026-04-28T18:06:56.367+0000] {processor.py:830} INFO - Processing file /opt/airflow/dags/pipeline_dag.py for tasks to queue
[2026-04-28T18:06:56.369+0000] {logging_mixin.py:188} INFO - [2026-04-28T18:06:56.368+0000] {dagbag.py:538} INFO - Filling up the DagBag from /opt/airflow/dags/pipeline_dag.py
[2026-04-28T18:06:56.382+0000] {processor.py:840} INFO - DAG(s) 'energy_pipeline' retrieved from /opt/airflow/dags/pipeline_dag.py
[2026-04-28T18:06:56.423+0000] {logging_mixin.py:188} INFO - [2026-04-28T18:06:56.422+0000] {dag.py:3036} INFO - Sync 1 DAGs
[2026-04-28T18:06:56.450+0000] {logging_mixin.py:188} INFO - [2026-04-28T18:06:56.449+0000] {dag.py:3823} INFO - Setting next_dagrun for energy_pipeline to 2026-04-28 00:00:00+00:00, run_after=2026-04-29 00:00:00+00:00
[2026-04-28T18:06:56.484+0000] {processor.py:183} INFO - Processing /opt/airflow/dags/pipeline_dag.py took 0.125 seconds
[2026-04-28T18:07:26.681+0000] {processor.py:161} INFO - Started process (PID=621) to work on /opt/airflow/dags/pipeline_dag.py
[2026-04-28T18:07:26.683+0000] {processor.py:830} INFO - Processing file /opt/airflow/dags/pipeline_dag.py for tasks to queue
[2026-04-28T18:07:26.685+0000] {logging_mixin.py:188} INFO - [2026-04-28T18:07:26.684+0000] {dagbag.py:538} INFO - Filling up the DagBag from /opt/airflow/dags/pipeline_dag.py
[2026-04-28T18:07:26.697+0000] {processor.py:840} INFO - DAG(s) 'energy_pipeline' retrieved from /opt/airflow/dags/pipeline_dag.py
[2026-04-28T18:07:26.740+0000] {logging_mixin.py:188} INFO - [2026-04-28T18:07:26.739+0000] {dag.py:3036} INFO - Sync 1 DAGs
[2026-04-28T18:07:26.771+0000] {logging_mixin.py:188} INFO - [2026-04-28T18:07:26.770+0000] {dag.py:3823} INFO - Setting next_dagrun for energy_pipeline to 2026-04-28 00:00:00+00:00, run_after=2026-04-29 00:00:00+00:00
[2026-04-28T18:07:26.812+0000] {processor.py:183} INFO - Processing /opt/airflow/dags/pipeline_dag.py took 0.135 seconds
[2026-04-28T18:07:57.004+0000] {processor.py:161} INFO - Started process (PID=622) to work on /opt/airflow/dags/pipeline_dag.py
[2026-04-28T18:07:57.006+0000] {processor.py:830} INFO - Processing file /opt/airflow/dags/pipeline_dag.py for tasks to queue
[2026-04-28T18:07:57.008+0000] {logging_mixin.py:188} INFO - [2026-04-28T18:07:57.007+0000] {dagbag.py:538} INFO - Filling up the DagBag from /opt/airflow/dags/pipeline_dag.py
[2026-04-28T18:07:57.022+0000] {processor.py:840} INFO - DAG(s) 'energy_pipeline' retrieved from /opt/airflow/dags/pipeline_dag.py
[2026-04-28T18:07:57.063+0000] {logging_mixin.py:188} INFO - [2026-04-28T18:07:57.063+0000] {dag.py:3036} INFO - Sync 1 DAGs
[2026-04-28T18:07:57.094+0000] {logging_mixin.py:188} INFO - [2026-04-28T18:07:57.094+0000] {dag.py:3823} INFO - Setting next_dagrun for energy_pipeline to 2026-04-28 00:00:00+00:00, run_after=2026-04-29 00:00:00+00:00
[2026-04-28T18:07:57.138+0000] {processor.py:183} INFO - Processing /opt/airflow/dags/pipeline_dag.py took 0.139 seconds
[2026-04-28T18:08:27.320+0000] {processor.py:161} INFO - Started process (PID=623) to work on /opt/airflow/dags/pipeline_dag.py
[2026-04-28T18:08:27.322+0000] {processor.py:830} INFO - Processing file /opt/airflow/dags/pipeline_dag.py for tasks to queue
[2026-04-28T18:08:27.324+0000] {logging_mixin.py:188} INFO - [2026-04-28T18:08:27.323+0000] {dagbag.py:538} INFO - Filling up the DagBag from /opt/airflow/dags/pipeline_dag.py
[2026-04-28T18:08:27.337+0000] {processor.py:840} INFO - DAG(s) 'energy_pipeline' retrieved from /opt/airflow/dags/pipeline_dag.py
[2026-04-28T18:08:27.373+0000] {logging_mixin.py:188} INFO - [2026-04-28T18:08:27.373+0000] {dag.py:3036} INFO - Sync 1 DAGs
[2026-04-28T18:08:27.400+0000] {logging_mixin.py:188} INFO - [2026-04-28T18:08:27.400+0000] {dag.py:3823} INFO - Setting next_dagrun for energy_pipeline to 2026-04-28 00:00:00+00:00, run_after=2026-04-29 00:00:00+00:00
[2026-04-28T18:08:27.435+0000] {processor.py:183} INFO - Processing /opt/airflow/dags/pipeline_dag.py took 0.120 seconds
[2026-04-28T18:08:57.632+0000] {processor.py:161} INFO - Started process (PID=624) to work on /opt/airflow/dags/pipeline_dag.py
[2026-04-28T18:08:57.634+0000] {processor.py:830} INFO - Processing file /opt/airflow/dags/pipeline_dag.py for tasks to queue
[2026-04-28T18:08:57.635+0000] {logging_mixin.py:188} INFO - [2026-04-28T18:08:57.635+0000] {dagbag.py:538} INFO - Filling up the DagBag from /opt/airflow/dags/pipeline_dag.py
[2026-04-28T18:08:57.647+0000] {processor.py:840} INFO - DAG(s) 'energy_pipeline' retrieved from /opt/airflow/dags/pipeline_dag.py
[2026-04-28T18:08:57.684+0000] {logging_mixin.py:188} INFO - [2026-04-28T18:08:57.684+0000] {dag.py:3036} INFO - Sync 1 DAGs
[2026-04-28T18:08:57.714+0000] {logging_mixin.py:188} INFO - [2026-04-28T18:08:57.714+0000] {dag.py:3823} INFO - Setting next_dagrun for energy_pipeline to 2026-04-28 00:00:00+00:00, run_after=2026-04-29 00:00:00+00:00
[2026-04-28T18:08:57.750+0000] {processor.py:183} INFO - Processing /opt/airflow/dags/pipeline_dag.py took 0.123 seconds
[2026-04-28T18:09:27.962+0000] {processor.py:161} INFO - Started process (PID=625) to work on /opt/airflow/dags/pipeline_dag.py
[2026-04-28T18:09:27.964+0000] {processor.py:830} INFO - Processing file /opt/airflow/dags/pipeline_dag.py for tasks to queue
[2026-04-28T18:09:27.966+0000] {logging_mixin.py:188} INFO - [2026-04-28T18:09:27.965+0000] {dagbag.py:538} INFO - Filling up the DagBag from /opt/airflow/dags/pipeline_dag.py
[2026-04-28T18:09:27.992+0000] {processor.py:840} INFO - DAG(s) 'energy_pipeline' retrieved from /opt/airflow/dags/pipeline_dag.py
[2026-04-28T18:09:28.047+0000] {logging_mixin.py:188} INFO - [2026-04-28T18:09:28.046+0000] {dag.py:3036} INFO - Sync 1 DAGs
[2026-04-28T18:09:28.082+0000] {logging_mixin.py:188} INFO - [2026-04-28T18:09:28.082+0000] {dag.py:3823} INFO - Setting next_dagrun for energy_pipeline to 2026-04-28 00:00:00+00:00, run_after=2026-04-29 00:00:00+00:00
[2026-04-28T18:09:28.121+0000] {processor.py:183} INFO - Processing /opt/airflow/dags/pipeline_dag.py took 0.166 seconds
[2026-04-28T18:09:58.267+0000] {processor.py:161} INFO - Started process (PID=626) to work on /opt/airflow/dags/pipeline_dag.py
[2026-04-28T18:09:58.269+0000] {processor.py:830} INFO - Processing file /opt/airflow/dags/pipeline_dag.py for tasks to queue
[2026-04-28T18:09:58.270+0000] {logging_mixin.py:188} INFO - [2026-04-28T18:09:58.270+0000] {dagbag.py:538} INFO - Filling up the DagBag from /opt/airflow/dags/pipeline_dag.py
[2026-04-28T18:09:58.284+0000] {processor.py:840} INFO - DAG(s) 'energy_pipeline' retrieved from /opt/airflow/dags/pipeline_dag.py
[2026-04-28T18:09:58.321+0000] {logging_mixin.py:188} INFO - [2026-04-28T18:09:58.321+0000] {dag.py:3036} INFO - Sync 1 DAGs
[2026-04-28T18:09:58.350+0000] {logging_mixin.py:188} INFO - [2026-04-28T18:09:58.349+0000] {dag.py:3823} INFO - Setting next_dagrun for energy_pipeline to 2026-04-28 00:00:00+00:00, run_after=2026-04-29 00:00:00+00:00
[2026-04-28T18:09:58.386+0000] {processor.py:183} INFO - Processing /opt/airflow/dags/pipeline_dag.py took 0.124 seconds
[2026-04-28T18:10:28.647+0000] {processor.py:161} INFO - Started process (PID=627) to work on /opt/airflow/dags/pipeline_dag.py
[2026-04-28T18:10:28.648+0000] {processor.py:830} INFO - Processing file /opt/airflow/dags/pipeline_dag.py for tasks to queue
[2026-04-28T18:10:28.650+0000] {logging_mixin.py:188} INFO - [2026-04-28T18:10:28.649+0000] {dagbag.py:538} INFO - Filling up the DagBag from /opt/airflow/dags/pipeline_dag.py
[2026-04-28T18:10:28.663+0000] {processor.py:840} INFO - DAG(s) 'energy_pipeline' retrieved from /opt/airflow/dags/pipeline_dag.py
[2026-04-28T18:10:28.704+0000] {logging_mixin.py:188} INFO - [2026-04-28T18:10:28.704+0000] {dag.py:3036} INFO - Sync 1 DAGs
[2026-04-28T18:10:28.734+0000] {logging_mixin.py:188} INFO - [2026-04-28T18:10:28.734+0000] {dag.py:3823} INFO - Setting next_dagrun for energy_pipeline to 2026-04-28 00:00:00+00:00, run_after=2026-04-29 00:00:00+00:00
[2026-04-28T18:10:28.768+0000] {processor.py:183} INFO - Processing /opt/airflow/dags/pipeline_dag.py took 0.127 seconds
[2026-04-28T18:10:58.996+0000] {processor.py:161} INFO - Started process (PID=628) to work on /opt/airflow/dags/pipeline_dag.py
[2026-04-28T18:10:58.997+0000] {processor.py:830} INFO - Processing file /opt/airflow/dags/pipeline_dag.py for tasks to queue
[2026-04-28T18:10:58.999+0000] {logging_mixin.py:188} INFO - [2026-04-28T18:10:58.998+0000] {dagbag.py:538} INFO - Filling up the DagBag from /opt/airflow/dags/pipeline_dag.py
[2026-04-28T18:10:59.012+0000] {processor.py:840} INFO - DAG(s) 'energy_pipeline' retrieved from /opt/airflow/dags/pipeline_dag.py
[2026-04-28T18:10:59.051+0000] {logging_mixin.py:188} INFO - [2026-04-28T18:10:59.050+0000] {dag.py:3036} INFO - Sync 1 DAGs
[2026-04-28T18:10:59.078+0000] {logging_mixin.py:188} INFO - [2026-04-28T18:10:59.078+0000] {dag.py:3823} INFO - Setting next_dagrun for energy_pipeline to 2026-04-28 00:00:00+00:00, run_after=2026-04-29 00:00:00+00:00
[2026-04-28T18:10:59.113+0000] {processor.py:183} INFO - Processing /opt/airflow/dags/pipeline_dag.py took 0.122 seconds
