[2026-04-27T19:48:57.568+0000] {manager.py:469} INFO - Processing files using up to 1 processes at a time 
[2026-04-27T19:48:57.569+0000] {manager.py:470} INFO - Process each file at most once every 30 seconds
[2026-04-27T19:48:57.570+0000] {manager.py:471} INFO - Checking for new files in /opt/airflow/dags every 300 seconds
[2026-04-27T19:48:57.571+0000] {manager.py:738} INFO - Searching for files in /opt/airflow/dags
[2026-04-27T19:48:57.575+0000] {manager.py:741} INFO - There are 0 files in /opt/airflow/dags
[2026-04-27T19:53:57.608+0000] {manager.py:738} INFO - Searching for files in /opt/airflow/dags
[2026-04-27T19:53:57.634+0000] {manager.py:741} INFO - There are 1 files in /opt/airflow/dags
[2026-04-27T19:54:03.898+0000] {manager.py:879} INFO - 
================================================================================
DAG File Processing Stats

File Path                          PID    Runtime      # DAGs    # Errors  Last Runtime    Last Run
---------------------------------  -----  ---------  --------  ----------  --------------  -------------------
/opt/airflow/dags/pipeline_dag.py                           1           0  0.65s           2026-04-27T19:53:58
================================================================================
[2026-04-27T19:54:33.922+0000] {manager.py:879} INFO - 
================================================================================
DAG File Processing Stats

File Path                          PID    Runtime      # DAGs    # Errors  Last Runtime    Last Run
---------------------------------  -----  ---------  --------  ----------  --------------  -------------------
/opt/airflow/dags/pipeline_dag.py                           1           0  0.33s           2026-04-27T19:54:29
================================================================================
[2026-04-27T19:55:04.030+0000] {manager.py:879} INFO - 
================================================================================
DAG File Processing Stats

File Path                          PID    Runtime      # DAGs    # Errors  Last Runtime    Last Run
---------------------------------  -----  ---------  --------  ----------  --------------  -------------------
/opt/airflow/dags/pipeline_dag.py                           1           0  0.31s           2026-04-27T19:55:00
================================================================================
[2026-04-27T19:55:34.139+0000] {manager.py:879} INFO - 
================================================================================
DAG File Processing Stats

File Path                          PID    Runtime      # DAGs    # Errors  Last Runtime    Last Run
---------------------------------  -----  ---------  --------  ----------  --------------  -------------------
/opt/airflow/dags/pipeline_dag.py                           1           0  0.31s           2026-04-27T19:55:30
================================================================================
[2026-04-27T19:56:04.278+0000] {manager.py:879} INFO - 
================================================================================
DAG File Processing Stats

File Path                          PID    Runtime      # DAGs    # Errors  Last Runtime    Last Run
---------------------------------  -----  ---------  --------  ----------  --------------  -------------------
/opt/airflow/dags/pipeline_dag.py                           1           0  0.53s           2026-04-27T19:56:04
================================================================================
[2026-04-27T19:56:34.912+0000] {manager.py:879} INFO - 
================================================================================
DAG File Processing Stats

File Path                          PID    Runtime      # DAGs    # Errors  Last Runtime    Last Run
---------------------------------  -----  ---------  --------  ----------  --------------  -------------------
/opt/airflow/dags/pipeline_dag.py                           1           0  0.51s           2026-04-27T19:56:34
================================================================================
[2026-04-27T19:57:05.035+0000] {manager.py:879} INFO - 
================================================================================
DAG File Processing Stats

File Path                          PID    Runtime      # DAGs    # Errors  Last Runtime    Last Run
---------------------------------  -----  ---------  --------  ----------  --------------  -------------------
/opt/airflow/dags/pipeline_dag.py                           1           0  0.66s           2026-04-27T19:56:37
================================================================================
[2026-04-27T19:57:35.130+0000] {manager.py:879} INFO - 
================================================================================
DAG File Processing Stats

File Path                          PID    Runtime      # DAGs    # Errors  Last Runtime    Last Run
---------------------------------  -----  ---------  --------  ----------  --------------  -------------------
/opt/airflow/dags/pipeline_dag.py                           1           0  0.21s           2026-04-27T19:57:08
================================================================================
[2026-04-27T19:58:05.239+0000] {manager.py:879} INFO - 
================================================================================
DAG File Processing Stats

File Path                          PID    Runtime      # DAGs    # Errors  Last Runtime    Last Run
---------------------------------  -----  ---------  --------  ----------  --------------  -------------------
/opt/airflow/dags/pipeline_dag.py                           1           0  0.21s           2026-04-27T19:57:38
================================================================================
[2026-04-27T19:58:35.323+0000] {manager.py:879} INFO - 
================================================================================
DAG File Processing Stats

File Path                          PID    Runtime      # DAGs    # Errors  Last Runtime    Last Run
---------------------------------  -----  ---------  --------  ----------  --------------  -------------------
/opt/airflow/dags/pipeline_dag.py                           1           0  0.21s           2026-04-27T19:58:09
================================================================================
[2026-04-27T19:59:14.247+0000] {manager.py:469} INFO - Processing files using up to 1 processes at a time 
[2026-04-27T19:59:14.247+0000] {manager.py:470} INFO - Process each file at most once every 30 seconds
[2026-04-27T19:59:14.249+0000] {manager.py:471} INFO - Checking for new files in /opt/airflow/dags every 300 seconds
[2026-04-27T19:59:14.249+0000] {manager.py:738} INFO - Searching for files in /opt/airflow/dags
[2026-04-27T19:59:14.260+0000] {manager.py:741} INFO - There are 1 files in /opt/airflow/dags
[2026-04-27T19:59:15.114+0000] {manager.py:879} INFO - 
================================================================================
DAG File Processing Stats

File Path                          PID    Runtime      # DAGs    # Errors  Last Runtime    Last Run
---------------------------------  -----  ---------  --------  ----------  --------------  -------------------
/opt/airflow/dags/pipeline_dag.py                           1           0  0.71s           2026-04-27T19:59:15
================================================================================
[2026-04-27T19:59:45.882+0000] {manager.py:879} INFO - 
================================================================================
DAG File Processing Stats

File Path                          PID    Runtime      # DAGs    # Errors  Last Runtime    Last Run
---------------------------------  -----  ---------  --------  ----------  --------------  -------------------
/opt/airflow/dags/pipeline_dag.py                           1           0  0.42s           2026-04-27T19:59:45
================================================================================
[2026-04-27T20:00:16.871+0000] {manager.py:879} INFO - 
================================================================================
DAG File Processing Stats

File Path                          PID    Runtime      # DAGs    # Errors  Last Runtime    Last Run
---------------------------------  -----  ---------  --------  ----------  --------------  -------------------
/opt/airflow/dags/pipeline_dag.py                           1           0  0.21s           2026-04-27T20:00:16
================================================================================
[2026-04-27T20:01:00.009+0000] {manager.py:469} INFO - Processing files using up to 1 processes at a time 
[2026-04-27T20:01:00.011+0000] {manager.py:470} INFO - Process each file at most once every 30 seconds
[2026-04-27T20:01:00.015+0000] {manager.py:471} INFO - Checking for new files in /opt/airflow/dags every 300 seconds
[2026-04-27T20:01:00.018+0000] {manager.py:738} INFO - Searching for files in /opt/airflow/dags
[2026-04-27T20:01:00.041+0000] {manager.py:741} INFO - There are 1 files in /opt/airflow/dags
[2026-04-27T20:01:00.824+0000] {manager.py:879} INFO - 
================================================================================
DAG File Processing Stats

File Path                          PID    Runtime      # DAGs    # Errors  Last Runtime    Last Run
---------------------------------  -----  ---------  --------  ----------  --------------  -------------------
/opt/airflow/dags/pipeline_dag.py                           1           0  0.62s           2026-04-27T20:01:00
================================================================================
[2026-04-27T20:01:32.132+0000] {manager.py:879} INFO - 
================================================================================
DAG File Processing Stats

File Path                          PID    Runtime      # DAGs    # Errors  Last Runtime    Last Run
---------------------------------  -----  ---------  --------  ----------  --------------  -------------------
/opt/airflow/dags/pipeline_dag.py                           1           0  0.41s           2026-04-27T20:01:32
================================================================================
[2026-04-27T20:02:03.232+0000] {manager.py:879} INFO - 
================================================================================
DAG File Processing Stats

File Path                          PID    Runtime      # DAGs    # Errors  Last Runtime    Last Run
---------------------------------  -----  ---------  --------  ----------  --------------  -------------------
/opt/airflow/dags/pipeline_dag.py                           1           0  0.22s           2026-04-27T20:02:03
================================================================================
[2026-04-27T20:02:34.262+0000] {manager.py:879} INFO - 
================================================================================
DAG File Processing Stats

File Path                          PID    Runtime      # DAGs    # Errors  Last Runtime    Last Run
---------------------------------  -----  ---------  --------  ----------  --------------  -------------------
/opt/airflow/dags/pipeline_dag.py                           1           0  0.31s           2026-04-27T20:02:34
================================================================================
[2026-04-27T20:03:04.542+0000] {manager.py:879} INFO - 
================================================================================
DAG File Processing Stats

File Path                          PID    Runtime      # DAGs    # Errors  Last Runtime    Last Run
---------------------------------  -----  ---------  --------  ----------  --------------  -------------------
/opt/airflow/dags/pipeline_dag.py                           1           0  0.21s           2026-04-27T20:03:04
================================================================================
[2026-04-27T20:03:34.959+0000] {manager.py:879} INFO - 
================================================================================
DAG File Processing Stats

File Path                          PID    Runtime      # DAGs    # Errors  Last Runtime    Last Run
---------------------------------  -----  ---------  --------  ----------  --------------  -------------------
/opt/airflow/dags/pipeline_dag.py                           1           0  0.21s           2026-04-27T20:03:34
================================================================================
[2026-04-27T20:04:05.232+0000] {manager.py:879} INFO - 
================================================================================
DAG File Processing Stats

File Path                          PID    Runtime      # DAGs    # Errors  Last Runtime    Last Run
---------------------------------  -----  ---------  --------  ----------  --------------  -------------------
/opt/airflow/dags/pipeline_dag.py                           1           0  0.21s           2026-04-27T20:04:05
================================================================================
[2026-04-27T20:04:35.522+0000] {manager.py:879} INFO - 
================================================================================
DAG File Processing Stats

File Path                          PID    Runtime      # DAGs    # Errors  Last Runtime    Last Run
---------------------------------  -----  ---------  --------  ----------  --------------  -------------------
/opt/airflow/dags/pipeline_dag.py                           1           0  0.21s           2026-04-27T20:04:35
================================================================================
[2026-04-27T20:05:05.777+0000] {manager.py:879} INFO - 
================================================================================
DAG File Processing Stats

File Path                          PID    Runtime      # DAGs    # Errors  Last Runtime    Last Run
---------------------------------  -----  ---------  --------  ----------  --------------  -------------------
/opt/airflow/dags/pipeline_dag.py                           1           0  0.21s           2026-04-27T20:05:05
================================================================================
[2026-04-27T20:05:36.089+0000] {manager.py:879} INFO - 
================================================================================
DAG File Processing Stats

File Path                          PID    Runtime      # DAGs    # Errors  Last Runtime    Last Run
---------------------------------  -----  ---------  --------  ----------  --------------  -------------------
/opt/airflow/dags/pipeline_dag.py                           1           0  0.21s           2026-04-27T20:05:36
================================================================================
[2026-04-27T20:06:00.057+0000] {manager.py:738} INFO - Searching for files in /opt/airflow/dags
[2026-04-27T20:06:00.066+0000] {manager.py:741} INFO - There are 1 files in /opt/airflow/dags
[2026-04-27T20:06:06.374+0000] {manager.py:879} INFO - 
================================================================================
DAG File Processing Stats

File Path                          PID    Runtime      # DAGs    # Errors  Last Runtime    Last Run
---------------------------------  -----  ---------  --------  ----------  --------------  -------------------
/opt/airflow/dags/pipeline_dag.py                           1           0  0.21s           2026-04-27T20:06:06
================================================================================
[2026-04-27T20:06:36.659+0000] {manager.py:879} INFO - 
================================================================================
DAG File Processing Stats

File Path                          PID    Runtime      # DAGs    # Errors  Last Runtime    Last Run
---------------------------------  -----  ---------  --------  ----------  --------------  -------------------
/opt/airflow/dags/pipeline_dag.py                           1           0  0.21s           2026-04-27T20:06:36
================================================================================
[2026-04-27T20:07:06.944+0000] {manager.py:879} INFO - 
================================================================================
DAG File Processing Stats

File Path                          PID    Runtime      # DAGs    # Errors  Last Runtime    Last Run
---------------------------------  -----  ---------  --------  ----------  --------------  -------------------
/opt/airflow/dags/pipeline_dag.py                           1           0  0.21s           2026-04-27T20:07:06
================================================================================
[2026-04-27T20:07:37.239+0000] {manager.py:879} INFO - 
================================================================================
DAG File Processing Stats

File Path                          PID    Runtime      # DAGs    # Errors  Last Runtime    Last Run
---------------------------------  -----  ---------  --------  ----------  --------------  -------------------
/opt/airflow/dags/pipeline_dag.py                           1           0  0.21s           2026-04-27T20:07:37
================================================================================
[2026-04-27T20:08:07.494+0000] {manager.py:879} INFO - 
================================================================================
DAG File Processing Stats

File Path                          PID    Runtime      # DAGs    # Errors  Last Runtime    Last Run
---------------------------------  -----  ---------  --------  ----------  --------------  -------------------
/opt/airflow/dags/pipeline_dag.py                           1           0  0.21s           2026-04-27T20:08:07
================================================================================
[2026-04-27T20:08:37.762+0000] {manager.py:879} INFO - 
================================================================================
DAG File Processing Stats

File Path                          PID    Runtime      # DAGs    # Errors  Last Runtime    Last Run
---------------------------------  -----  ---------  --------  ----------  --------------  -------------------
/opt/airflow/dags/pipeline_dag.py                           1           0  0.21s           2026-04-27T20:08:37
================================================================================
[2026-04-27T20:09:08.061+0000] {manager.py:879} INFO - 
================================================================================
DAG File Processing Stats

File Path                          PID    Runtime      # DAGs    # Errors  Last Runtime    Last Run
---------------------------------  -----  ---------  --------  ----------  --------------  -------------------
/opt/airflow/dags/pipeline_dag.py                           1           0  0.21s           2026-04-27T20:09:08
================================================================================
[2026-04-27T20:09:38.833+0000] {manager.py:879} INFO - 
================================================================================
DAG File Processing Stats

File Path                          PID    Runtime      # DAGs    # Errors  Last Runtime    Last Run
---------------------------------  -----  ---------  --------  ----------  --------------  -------------------
/opt/airflow/dags/pipeline_dag.py                           1           0  0.21s           2026-04-27T20:09:38
================================================================================
[2026-04-27T20:10:09.933+0000] {manager.py:879} INFO - 
================================================================================
DAG File Processing Stats

File Path                          PID    Runtime      # DAGs    # Errors  Last Runtime    Last Run
---------------------------------  -----  ---------  --------  ----------  --------------  -------------------
/opt/airflow/dags/pipeline_dag.py                           1           0  0.21s           2026-04-27T20:10:09
================================================================================
[2026-04-27T20:10:40.478+0000] {manager.py:879} INFO - 
================================================================================
DAG File Processing Stats

File Path                          PID    Runtime      # DAGs    # Errors  Last Runtime    Last Run
---------------------------------  -----  ---------  --------  ----------  --------------  -------------------
/opt/airflow/dags/pipeline_dag.py                           1           0  0.21s           2026-04-27T20:10:40
================================================================================
[2026-04-27T20:11:00.137+0000] {manager.py:738} INFO - Searching for files in /opt/airflow/dags
[2026-04-27T20:11:00.147+0000] {manager.py:741} INFO - There are 1 files in /opt/airflow/dags
[2026-04-27T20:11:11.051+0000] {manager.py:879} INFO - 
================================================================================
DAG File Processing Stats

File Path                          PID    Runtime      # DAGs    # Errors  Last Runtime    Last Run
---------------------------------  -----  ---------  --------  ----------  --------------  -------------------
/opt/airflow/dags/pipeline_dag.py                           1           0  0.21s           2026-04-27T20:11:11
================================================================================
[2026-04-27T22:11:25.250+0000] {manager.py:738} INFO - Searching for files in /opt/airflow/dags
[2026-04-27T22:11:25.622+0000] {manager.py:741} INFO - There are 1 files in /opt/airflow/dags
[2026-04-27T22:11:26.605+0000] {manager.py:879} INFO - 
================================================================================
DAG File Processing Stats

File Path                          PID    Runtime      # DAGs    # Errors  Last Runtime    Last Run
---------------------------------  -----  ---------  --------  ----------  --------------  -------------------
/opt/airflow/dags/pipeline_dag.py                           1           0  0.64s           2026-04-27T22:11:26
================================================================================
[2026-04-27T23:12:36.430+0000] {manager.py:738} INFO - Searching for files in /opt/airflow/dags
[2026-04-27T23:12:36.616+0000] {manager.py:741} INFO - There are 1 files in /opt/airflow/dags
[2026-04-27T23:12:37.805+0000] {manager.py:879} INFO - 
================================================================================
DAG File Processing Stats

File Path                          PID    Runtime      # DAGs    # Errors  Last Runtime    Last Run
---------------------------------  -----  ---------  --------  ----------  --------------  -------------------
/opt/airflow/dags/pipeline_dag.py                           1           0  1.05s           2026-04-27T23:12:37
================================================================================
[2026-04-27T23:56:52.742+0000] {manager.py:738} INFO - Searching for files in /opt/airflow/dags
[2026-04-27T23:56:52.785+0000] {manager.py:741} INFO - There are 1 files in /opt/airflow/dags
[2026-04-27T23:56:55.712+0000] {manager.py:879} INFO - 
================================================================================
DAG File Processing Stats

File Path                          PID    Runtime      # DAGs    # Errors  Last Runtime    Last Run
---------------------------------  -----  ---------  --------  ----------  --------------  -------------------
/opt/airflow/dags/pipeline_dag.py                           1           0  0.73s           2026-04-27T23:56:53
================================================================================
[2026-04-28T00:13:54.060+0000] {manager.py:738} INFO - Searching for files in /opt/airflow/dags
[2026-04-28T00:13:54.078+0000] {manager.py:741} INFO - There are 1 files in /opt/airflow/dags
[2026-04-28T00:14:07.958+0000] {manager.py:879} INFO - 
================================================================================
DAG File Processing Stats

File Path                          PID    Runtime      # DAGs    # Errors  Last Runtime    Last Run
---------------------------------  -----  ---------  --------  ----------  --------------  -------------------
/opt/airflow/dags/pipeline_dag.py                           1           0  13.79s          2026-04-28T00:14:07
================================================================================
[2026-04-28T02:16:11.954+0000] {manager.py:738} INFO - Searching for files in /opt/airflow/dags
[2026-04-28T02:16:11.969+0000] {manager.py:741} INFO - There are 1 files in /opt/airflow/dags
[2026-04-28T02:16:12.441+0000] {manager.py:879} INFO - 
================================================================================
DAG File Processing Stats

File Path                          PID    Runtime      # DAGs    # Errors  Last Runtime    Last Run
---------------------------------  -----  ---------  --------  ----------  --------------  -------------------
/opt/airflow/dags/pipeline_dag.py                           1           0  0.41s           2026-04-28T02:16:12
================================================================================
[2026-04-28T02:20:32.343+0000] {manager.py:879} INFO - 
================================================================================
DAG File Processing Stats

File Path                          PID    Runtime      # DAGs    # Errors  Last Runtime    Last Run
---------------------------------  -----  ---------  --------  ----------  --------------  -------------------
/opt/airflow/dags/pipeline_dag.py                           1           0  1.12s           2026-04-28T02:20:27
================================================================================
[2026-04-28T02:21:02.834+0000] {manager.py:879} INFO - 
================================================================================
DAG File Processing Stats

File Path                          PID    Runtime      # DAGs    # Errors  Last Runtime    Last Run
---------------------------------  -----  ---------  --------  ----------  --------------  -------------------
/opt/airflow/dags/pipeline_dag.py                           1           0  0.21s           2026-04-28T02:20:58
================================================================================
[2026-04-28T02:21:12.287+0000] {manager.py:738} INFO - Searching for files in /opt/airflow/dags
[2026-04-28T02:21:12.298+0000] {manager.py:741} INFO - There are 1 files in /opt/airflow/dags
[2026-04-28T02:45:55.435+0000] {manager.py:738} INFO - Searching for files in /opt/airflow/dags
[2026-04-28T02:45:55.462+0000] {manager.py:741} INFO - There are 1 files in /opt/airflow/dags
[2026-04-28T02:45:55.894+0000] {manager.py:879} INFO - 
================================================================================
DAG File Processing Stats

File Path                          PID    Runtime      # DAGs    # Errors  Last Runtime    Last Run
---------------------------------  -----  ---------  --------  ----------  --------------  -------------------
/opt/airflow/dags/pipeline_dag.py                           1           0  0.36s           2026-04-28T02:45:55
================================================================================
[2026-04-28T02:46:26.629+0000] {manager.py:879} INFO - 
================================================================================
DAG File Processing Stats

File Path                          PID    Runtime      # DAGs    # Errors  Last Runtime    Last Run
---------------------------------  -----  ---------  --------  ----------  --------------  -------------------
/opt/airflow/dags/pipeline_dag.py                           1           0  0.20s           2026-04-28T02:46:26
================================================================================
[2026-04-28T02:46:56.703+0000] {manager.py:879} INFO - 
================================================================================
DAG File Processing Stats

File Path                          PID    Runtime      # DAGs    # Errors  Last Runtime    Last Run
---------------------------------  -----  ---------  --------  ----------  --------------  -------------------
/opt/airflow/dags/pipeline_dag.py                           1           0  0.21s           2026-04-28T02:46:56
================================================================================
[2026-04-28T02:47:26.822+0000] {manager.py:879} INFO - 
================================================================================
DAG File Processing Stats

File Path                          PID    Runtime      # DAGs    # Errors  Last Runtime    Last Run
---------------------------------  -----  ---------  --------  ----------  --------------  -------------------
/opt/airflow/dags/pipeline_dag.py                           1           0  0.11s           2026-04-28T02:47:26
================================================================================
[2026-04-28T02:47:56.870+0000] {manager.py:879} INFO - 
================================================================================
DAG File Processing Stats

File Path                          PID    Runtime      # DAGs    # Errors  Last Runtime    Last Run
---------------------------------  -----  ---------  --------  ----------  --------------  -------------------
/opt/airflow/dags/pipeline_dag.py                           1           0  0.21s           2026-04-28T02:47:56
================================================================================
[2026-04-28T02:48:27.093+0000] {manager.py:879} INFO - 
================================================================================
DAG File Processing Stats

File Path                          PID    Runtime      # DAGs    # Errors  Last Runtime    Last Run
---------------------------------  -----  ---------  --------  ----------  --------------  -------------------
/opt/airflow/dags/pipeline_dag.py                           1           0  0.11s           2026-04-28T02:48:27
================================================================================
[2026-04-28T02:48:57.410+0000] {manager.py:879} INFO - 
================================================================================
DAG File Processing Stats

File Path                          PID    Runtime      # DAGs    # Errors  Last Runtime    Last Run
---------------------------------  -----  ---------  --------  ----------  --------------  -------------------
/opt/airflow/dags/pipeline_dag.py                           1           0  0.21s           2026-04-28T02:48:57
================================================================================
[2026-04-28T02:49:27.628+0000] {manager.py:879} INFO - 
================================================================================
DAG File Processing Stats

File Path                          PID    Runtime      # DAGs    # Errors  Last Runtime    Last Run
---------------------------------  -----  ---------  --------  ----------  --------------  -------------------
/opt/airflow/dags/pipeline_dag.py                           1           0  0.11s           2026-04-28T02:49:27
================================================================================
[2026-04-28T02:49:58.856+0000] {manager.py:879} INFO - 
================================================================================
DAG File Processing Stats

File Path                          PID    Runtime      # DAGs    # Errors  Last Runtime    Last Run
---------------------------------  -----  ---------  --------  ----------  --------------  -------------------
/opt/airflow/dags/pipeline_dag.py                           1           0  0.21s           2026-04-28T02:49:58
================================================================================
[2026-04-28T02:50:28.978+0000] {manager.py:879} INFO - 
================================================================================
DAG File Processing Stats

File Path                          PID    Runtime      # DAGs    # Errors  Last Runtime    Last Run
---------------------------------  -----  ---------  --------  ----------  --------------  -------------------
/opt/airflow/dags/pipeline_dag.py                           1           0  0.11s           2026-04-28T02:50:28
================================================================================
[2026-04-28T02:50:58.939+0000] {manager.py:738} INFO - Searching for files in /opt/airflow/dags
[2026-04-28T02:50:58.944+0000] {manager.py:741} INFO - There are 1 files in /opt/airflow/dags
[2026-04-28T02:51:32.177+0000] {manager.py:879} INFO - 
================================================================================
DAG File Processing Stats

File Path                          PID    Runtime      # DAGs    # Errors  Last Runtime    Last Run
---------------------------------  -----  ---------  --------  ----------  --------------  -------------------
/opt/airflow/dags/pipeline_dag.py                           1           0  0.21s           2026-04-28T02:51:32
================================================================================
[2026-04-28T02:52:03.307+0000] {manager.py:879} INFO - 
================================================================================
DAG File Processing Stats

File Path                          PID    Runtime      # DAGs    # Errors  Last Runtime    Last Run
---------------------------------  -----  ---------  --------  ----------  --------------  -------------------
/opt/airflow/dags/pipeline_dag.py                           1           0  0.11s           2026-04-28T02:52:03
================================================================================
[2026-04-28T02:52:33.552+0000] {manager.py:879} INFO - 
================================================================================
DAG File Processing Stats

File Path                          PID    Runtime      # DAGs    # Errors  Last Runtime    Last Run
---------------------------------  -----  ---------  --------  ----------  --------------  -------------------
/opt/airflow/dags/pipeline_dag.py                           1           0  0.11s           2026-04-28T02:52:33
================================================================================
[2026-04-28T02:53:17.744+0000] {manager.py:879} INFO - 
================================================================================
DAG File Processing Stats

File Path                          PID    Runtime      # DAGs    # Errors  Last Runtime    Last Run
---------------------------------  -----  ---------  --------  ----------  --------------  -------------------
/opt/airflow/dags/pipeline_dag.py                           1           0  0.10s           2026-04-28T02:53:17
================================================================================
[2026-04-28T02:53:48.927+0000] {manager.py:879} INFO - 
================================================================================
DAG File Processing Stats

File Path                          PID    Runtime      # DAGs    # Errors  Last Runtime    Last Run
---------------------------------  -----  ---------  --------  ----------  --------------  -------------------
/opt/airflow/dags/pipeline_dag.py                           1           0  0.10s           2026-04-28T02:53:48
================================================================================
[2026-04-28T02:54:19.991+0000] {manager.py:879} INFO - 
================================================================================
DAG File Processing Stats

File Path                          PID    Runtime      # DAGs    # Errors  Last Runtime    Last Run
---------------------------------  -----  ---------  --------  ----------  --------------  -------------------
/opt/airflow/dags/pipeline_dag.py                           1           0  0.11s           2026-04-28T02:54:19
================================================================================
[2026-04-28T02:54:51.087+0000] {manager.py:879} INFO - 
================================================================================
DAG File Processing Stats

File Path                          PID    Runtime      # DAGs    # Errors  Last Runtime    Last Run
---------------------------------  -----  ---------  --------  ----------  --------------  -------------------
/opt/airflow/dags/pipeline_dag.py                           1           0  0.11s           2026-04-28T02:54:51
================================================================================
[2026-04-28T02:55:21.992+0000] {manager.py:879} INFO - 
================================================================================
DAG File Processing Stats

File Path                          PID    Runtime      # DAGs    # Errors  Last Runtime    Last Run
---------------------------------  -----  ---------  --------  ----------  --------------  -------------------
/opt/airflow/dags/pipeline_dag.py                           1           0  0.21s           2026-04-28T02:55:21
================================================================================
[2026-04-28T02:59:16.290+0000] {manager.py:469} INFO - Processing files using up to 1 processes at a time 
[2026-04-28T02:59:16.291+0000] {manager.py:470} INFO - Process each file at most once every 30 seconds
[2026-04-28T02:59:16.293+0000] {manager.py:471} INFO - Checking for new files in /opt/airflow/dags every 300 seconds
[2026-04-28T02:59:16.293+0000] {manager.py:738} INFO - Searching for files in /opt/airflow/dags
[2026-04-28T02:59:16.300+0000] {manager.py:741} INFO - There are 1 files in /opt/airflow/dags
[2026-04-28T02:59:17.016+0000] {manager.py:879} INFO - 
================================================================================
DAG File Processing Stats

File Path                          PID    Runtime      # DAGs    # Errors  Last Runtime    Last Run
---------------------------------  -----  ---------  --------  ----------  --------------  -------------------
/opt/airflow/dags/pipeline_dag.py                           1           0  0.63s           2026-04-28T02:59:17
================================================================================
[2026-04-28T03:00:24.011+0000] {manager.py:879} INFO - 
================================================================================
DAG File Processing Stats

File Path                          PID    Runtime      # DAGs    # Errors  Last Runtime    Last Run
---------------------------------  -----  ---------  --------  ----------  --------------  -------------------
/opt/airflow/dags/pipeline_dag.py                           1           0  0.31s           2026-04-28T03:00:24
================================================================================
[2026-04-28T03:00:55.235+0000] {manager.py:879} INFO - 
================================================================================
DAG File Processing Stats

File Path                          PID    Runtime      # DAGs    # Errors  Last Runtime    Last Run
---------------------------------  -----  ---------  --------  ----------  --------------  -------------------
/opt/airflow/dags/pipeline_dag.py                           1           0  0.21s           2026-04-28T03:00:55
================================================================================
[2026-04-28T03:01:15.995+0000] {manager.py:469} INFO - Processing files using up to 1 processes at a time 
[2026-04-28T03:01:15.996+0000] {manager.py:470} INFO - Process each file at most once every 30 seconds
[2026-04-28T03:01:15.996+0000] {manager.py:471} INFO - Checking for new files in /opt/airflow/dags every 300 seconds
[2026-04-28T03:01:15.997+0000] {manager.py:738} INFO - Searching for files in /opt/airflow/dags
[2026-04-28T03:01:16.002+0000] {manager.py:741} INFO - There are 1 files in /opt/airflow/dags
[2026-04-28T03:01:16.366+0000] {manager.py:879} INFO - 
================================================================================
DAG File Processing Stats

File Path                          PID    Runtime      # DAGs    # Errors  Last Runtime    Last Run
---------------------------------  -----  ---------  --------  ----------  --------------  -------------------
/opt/airflow/dags/pipeline_dag.py                           1           0  0.31s           2026-04-28T03:01:16
================================================================================
[2026-04-28T03:01:47.840+0000] {manager.py:879} INFO - 
================================================================================
DAG File Processing Stats

File Path                          PID    Runtime      # DAGs    # Errors  Last Runtime    Last Run
---------------------------------  -----  ---------  --------  ----------  --------------  -------------------
/opt/airflow/dags/pipeline_dag.py                           1           0  0.42s           2026-04-28T03:01:47
================================================================================
[2026-04-28T03:02:40.772+0000] {manager.py:879} INFO - 
================================================================================
DAG File Processing Stats

File Path                          PID    Runtime      # DAGs    # Errors  Last Runtime    Last Run
---------------------------------  -----  ---------  --------  ----------  --------------  -------------------
/opt/airflow/dags/pipeline_dag.py                           1           0  0.21s           2026-04-28T03:02:40
================================================================================
[2026-04-28T03:03:23.736+0000] {manager.py:879} INFO - 
================================================================================
DAG File Processing Stats

File Path                          PID    Runtime      # DAGs    # Errors  Last Runtime    Last Run
---------------------------------  -----  ---------  --------  ----------  --------------  -------------------
/opt/airflow/dags/pipeline_dag.py                           1           0  0.22s           2026-04-28T03:03:23
================================================================================
[2026-04-28T03:03:54.206+0000] {manager.py:879} INFO - 
================================================================================
DAG File Processing Stats

File Path                          PID    Runtime      # DAGs    # Errors  Last Runtime    Last Run
---------------------------------  -----  ---------  --------  ----------  --------------  -------------------
/opt/airflow/dags/pipeline_dag.py                           1           0  0.21s           2026-04-28T03:03:54
================================================================================
[2026-04-28T03:04:24.434+0000] {manager.py:879} INFO - 
================================================================================
DAG File Processing Stats

File Path                          PID    Runtime      # DAGs    # Errors  Last Runtime    Last Run
---------------------------------  -----  ---------  --------  ----------  --------------  -------------------
/opt/airflow/dags/pipeline_dag.py                           1           0  0.21s           2026-04-28T03:04:24
================================================================================
[2026-04-28T03:10:17.356+0000] {manager.py:469} INFO - Processing files using up to 1 processes at a time 
[2026-04-28T03:10:17.357+0000] {manager.py:470} INFO - Process each file at most once every 30 seconds
[2026-04-28T03:10:17.359+0000] {manager.py:471} INFO - Checking for new files in /opt/airflow/dags every 300 seconds
[2026-04-28T03:10:17.360+0000] {manager.py:738} INFO - Searching for files in /opt/airflow/dags
[2026-04-28T03:10:17.368+0000] {manager.py:741} INFO - There are 1 files in /opt/airflow/dags
[2026-04-28T03:10:18.068+0000] {manager.py:879} INFO - 
================================================================================
DAG File Processing Stats

File Path                          PID    Runtime      # DAGs    # Errors  Last Runtime    Last Run
---------------------------------  -----  ---------  --------  ----------  --------------  -------------------
/opt/airflow/dags/pipeline_dag.py                           1           0  0.61s           2026-04-28T03:10:18
================================================================================
[2026-04-28T03:11:29.345+0000] {manager.py:879} INFO - 
================================================================================
DAG File Processing Stats

File Path                          PID    Runtime      # DAGs    # Errors  Last Runtime    Last Run
---------------------------------  -----  ---------  --------  ----------  --------------  -------------------
/opt/airflow/dags/pipeline_dag.py                           1           0  0.41s           2026-04-28T03:11:29
================================================================================
[2026-04-28T03:11:59.618+0000] {manager.py:879} INFO - 
================================================================================
DAG File Processing Stats

File Path                          PID    Runtime      # DAGs    # Errors  Last Runtime    Last Run
---------------------------------  -----  ---------  --------  ----------  --------------  -------------------
/opt/airflow/dags/pipeline_dag.py                           1           0  0.21s           2026-04-28T03:11:59
================================================================================
[2026-04-28T03:12:30.061+0000] {manager.py:879} INFO - 
================================================================================
DAG File Processing Stats

File Path                          PID    Runtime      # DAGs    # Errors  Last Runtime    Last Run
---------------------------------  -----  ---------  --------  ----------  --------------  -------------------
/opt/airflow/dags/pipeline_dag.py                           1           0  0.10s           2026-04-28T03:12:30
================================================================================
[2026-04-28T03:13:00.847+0000] {manager.py:879} INFO - 
================================================================================
DAG File Processing Stats

File Path                          PID    Runtime      # DAGs    # Errors  Last Runtime    Last Run
---------------------------------  -----  ---------  --------  ----------  --------------  -------------------
/opt/airflow/dags/pipeline_dag.py                           1           0  0.11s           2026-04-28T03:13:00
================================================================================
[2026-04-28T03:13:31.127+0000] {manager.py:879} INFO - 
================================================================================
DAG File Processing Stats

File Path                          PID    Runtime      # DAGs    # Errors  Last Runtime    Last Run
---------------------------------  -----  ---------  --------  ----------  --------------  -------------------
/opt/airflow/dags/pipeline_dag.py                           1           0  0.11s           2026-04-28T03:13:31
================================================================================
[2026-04-28T03:14:01.667+0000] {manager.py:879} INFO - 
================================================================================
DAG File Processing Stats

File Path                          PID    Runtime      # DAGs    # Errors  Last Runtime    Last Run
---------------------------------  -----  ---------  --------  ----------  --------------  -------------------
/opt/airflow/dags/pipeline_dag.py                           1           0  0.21s           2026-04-28T03:14:01
================================================================================
[2026-04-28T03:14:32.676+0000] {manager.py:879} INFO - 
================================================================================
DAG File Processing Stats

File Path                          PID    Runtime      # DAGs    # Errors  Last Runtime    Last Run
---------------------------------  -----  ---------  --------  ----------  --------------  -------------------
/opt/airflow/dags/pipeline_dag.py                           1           0  0.11s           2026-04-28T03:14:32
================================================================================
[2026-04-28T03:15:02.912+0000] {manager.py:879} INFO - 
================================================================================
DAG File Processing Stats

File Path                          PID    Runtime      # DAGs    # Errors  Last Runtime    Last Run
---------------------------------  -----  ---------  --------  ----------  --------------  -------------------
/opt/airflow/dags/pipeline_dag.py                           1           0  0.11s           2026-04-28T03:15:02
================================================================================
[2026-04-28T03:15:17.390+0000] {manager.py:738} INFO - Searching for files in /opt/airflow/dags
[2026-04-28T03:15:17.397+0000] {manager.py:741} INFO - There are 1 files in /opt/airflow/dags
[2026-04-28T03:15:33.143+0000] {manager.py:879} INFO - 
================================================================================
DAG File Processing Stats

File Path                          PID    Runtime      # DAGs    # Errors  Last Runtime    Last Run
---------------------------------  -----  ---------  --------  ----------  --------------  -------------------
/opt/airflow/dags/pipeline_dag.py                           1           0  0.11s           2026-04-28T03:15:33
================================================================================
[2026-04-28T03:16:03.374+0000] {manager.py:879} INFO - 
================================================================================
DAG File Processing Stats

File Path                          PID    Runtime      # DAGs    # Errors  Last Runtime    Last Run
---------------------------------  -----  ---------  --------  ----------  --------------  -------------------
/opt/airflow/dags/pipeline_dag.py                           1           0  0.11s           2026-04-28T03:16:03
================================================================================
[2026-04-28T03:16:33.676+0000] {manager.py:879} INFO - 
================================================================================
DAG File Processing Stats

File Path                          PID    Runtime      # DAGs    # Errors  Last Runtime    Last Run
---------------------------------  -----  ---------  --------  ----------  --------------  -------------------
/opt/airflow/dags/pipeline_dag.py                           1           0  0.21s           2026-04-28T03:16:33
================================================================================
[2026-04-28T03:17:03.938+0000] {manager.py:879} INFO - 
================================================================================
DAG File Processing Stats

File Path                          PID    Runtime      # DAGs    # Errors  Last Runtime    Last Run
---------------------------------  -----  ---------  --------  ----------  --------------  -------------------
/opt/airflow/dags/pipeline_dag.py                           1           0  0.21s           2026-04-28T03:17:03
================================================================================
[2026-04-28T03:17:34.189+0000] {manager.py:879} INFO - 
================================================================================
DAG File Processing Stats

File Path                          PID    Runtime      # DAGs    # Errors  Last Runtime    Last Run
---------------------------------  -----  ---------  --------  ----------  --------------  -------------------
/opt/airflow/dags/pipeline_dag.py                           1           0  0.21s           2026-04-28T03:17:34
================================================================================
[2026-04-28T03:18:04.318+0000] {manager.py:879} INFO - 
================================================================================
DAG File Processing Stats

File Path                          PID    Runtime      # DAGs    # Errors  Last Runtime    Last Run
---------------------------------  -----  ---------  --------  ----------  --------------  -------------------
/opt/airflow/dags/pipeline_dag.py                           1           0  0.11s           2026-04-28T03:18:04
================================================================================
[2026-04-28T03:18:34.668+0000] {manager.py:879} INFO - 
================================================================================
DAG File Processing Stats

File Path                          PID    Runtime      # DAGs    # Errors  Last Runtime    Last Run
---------------------------------  -----  ---------  --------  ----------  --------------  -------------------
/opt/airflow/dags/pipeline_dag.py                           1           0  0.21s           2026-04-28T03:18:34
================================================================================
[2026-04-28T03:19:04.779+0000] {manager.py:879} INFO - 
================================================================================
DAG File Processing Stats

File Path                          PID    Runtime      # DAGs    # Errors  Last Runtime    Last Run
---------------------------------  -----  ---------  --------  ----------  --------------  -------------------
/opt/airflow/dags/pipeline_dag.py                           1           0  0.11s           2026-04-28T03:19:04
================================================================================
[2026-04-28T03:19:34.981+0000] {manager.py:879} INFO - 
================================================================================
DAG File Processing Stats

File Path                          PID    Runtime      # DAGs    # Errors  Last Runtime    Last Run
---------------------------------  -----  ---------  --------  ----------  --------------  -------------------
/opt/airflow/dags/pipeline_dag.py                           1           0  0.10s           2026-04-28T03:19:34
================================================================================
[2026-04-28T03:20:05.183+0000] {manager.py:879} INFO - 
================================================================================
DAG File Processing Stats

File Path                          PID    Runtime      # DAGs    # Errors  Last Runtime    Last Run
---------------------------------  -----  ---------  --------  ----------  --------------  -------------------
/opt/airflow/dags/pipeline_dag.py                           1           0  0.11s           2026-04-28T03:20:05
================================================================================
[2026-04-28T03:20:17.439+0000] {manager.py:738} INFO - Searching for files in /opt/airflow/dags
[2026-04-28T03:20:17.445+0000] {manager.py:741} INFO - There are 1 files in /opt/airflow/dags
[2026-04-28T03:20:35.499+0000] {manager.py:879} INFO - 
================================================================================
DAG File Processing Stats

File Path                          PID    Runtime      # DAGs    # Errors  Last Runtime    Last Run
---------------------------------  -----  ---------  --------  ----------  --------------  -------------------
/opt/airflow/dags/pipeline_dag.py                           1           0  0.21s           2026-04-28T03:20:35
================================================================================
[2026-04-28T03:21:05.710+0000] {manager.py:879} INFO - 
================================================================================
DAG File Processing Stats

File Path                          PID    Runtime      # DAGs    # Errors  Last Runtime    Last Run
---------------------------------  -----  ---------  --------  ----------  --------------  -------------------
/opt/airflow/dags/pipeline_dag.py                           1           0  0.11s           2026-04-28T03:21:05
================================================================================
[2026-04-28T03:21:35.908+0000] {manager.py:879} INFO - 
================================================================================
DAG File Processing Stats

File Path                          PID    Runtime      # DAGs    # Errors  Last Runtime    Last Run
---------------------------------  -----  ---------  --------  ----------  --------------  -------------------
/opt/airflow/dags/pipeline_dag.py                           1           0  0.11s           2026-04-28T03:21:35
================================================================================
[2026-04-28T03:22:06.082+0000] {manager.py:879} INFO - 
================================================================================
DAG File Processing Stats

File Path                          PID    Runtime      # DAGs    # Errors  Last Runtime    Last Run
---------------------------------  -----  ---------  --------  ----------  --------------  -------------------
/opt/airflow/dags/pipeline_dag.py                           1           0  0.10s           2026-04-28T03:22:06
================================================================================
[2026-04-28T03:22:36.283+0000] {manager.py:879} INFO - 
================================================================================
DAG File Processing Stats

File Path                          PID    Runtime      # DAGs    # Errors  Last Runtime    Last Run
---------------------------------  -----  ---------  --------  ----------  --------------  -------------------
/opt/airflow/dags/pipeline_dag.py                           1           0  0.11s           2026-04-28T03:22:36
================================================================================
[2026-04-28T03:23:06.600+0000] {manager.py:879} INFO - 
================================================================================
DAG File Processing Stats

File Path                          PID    Runtime      # DAGs    # Errors  Last Runtime    Last Run
---------------------------------  -----  ---------  --------  ----------  --------------  -------------------
/opt/airflow/dags/pipeline_dag.py                           1           0  0.21s           2026-04-28T03:23:06
================================================================================
[2026-04-28T03:23:36.811+0000] {manager.py:879} INFO - 
================================================================================
DAG File Processing Stats

File Path                          PID    Runtime      # DAGs    # Errors  Last Runtime    Last Run
---------------------------------  -----  ---------  --------  ----------  --------------  -------------------
/opt/airflow/dags/pipeline_dag.py                           1           0  0.11s           2026-04-28T03:23:36
================================================================================
[2026-04-28T03:24:07.013+0000] {manager.py:879} INFO - 
================================================================================
DAG File Processing Stats

File Path                          PID    Runtime      # DAGs    # Errors  Last Runtime    Last Run
---------------------------------  -----  ---------  --------  ----------  --------------  -------------------
/opt/airflow/dags/pipeline_dag.py                           1           0  0.11s           2026-04-28T03:24:07
================================================================================
[2026-04-28T03:24:37.213+0000] {manager.py:879} INFO - 
================================================================================
DAG File Processing Stats

File Path                          PID    Runtime      # DAGs    # Errors  Last Runtime    Last Run
---------------------------------  -----  ---------  --------  ----------  --------------  -------------------
/opt/airflow/dags/pipeline_dag.py                           1           0  0.11s           2026-04-28T03:24:37
================================================================================
[2026-04-28T03:25:07.420+0000] {manager.py:879} INFO - 
================================================================================
DAG File Processing Stats

File Path                          PID    Runtime      # DAGs    # Errors  Last Runtime    Last Run
---------------------------------  -----  ---------  --------  ----------  --------------  -------------------
/opt/airflow/dags/pipeline_dag.py                           1           0  0.10s           2026-04-28T03:25:07
================================================================================
[2026-04-28T03:25:17.448+0000] {manager.py:738} INFO - Searching for files in /opt/airflow/dags
[2026-04-28T03:25:17.454+0000] {manager.py:741} INFO - There are 1 files in /opt/airflow/dags
[2026-04-28T03:25:37.626+0000] {manager.py:879} INFO - 
================================================================================
DAG File Processing Stats

File Path                          PID    Runtime      # DAGs    # Errors  Last Runtime    Last Run
---------------------------------  -----  ---------  --------  ----------  --------------  -------------------
/opt/airflow/dags/pipeline_dag.py                           1           0  0.11s           2026-04-28T03:25:37
================================================================================
[2026-04-28T03:26:07.826+0000] {manager.py:879} INFO - 
================================================================================
DAG File Processing Stats

File Path                          PID    Runtime      # DAGs    # Errors  Last Runtime    Last Run
---------------------------------  -----  ---------  --------  ----------  --------------  -------------------
/opt/airflow/dags/pipeline_dag.py                           1           0  0.11s           2026-04-28T03:26:07
================================================================================
[2026-04-28T03:26:38.701+0000] {manager.py:879} INFO - 
================================================================================
DAG File Processing Stats

File Path                          PID    Runtime      # DAGs    # Errors  Last Runtime    Last Run
---------------------------------  -----  ---------  --------  ----------  --------------  -------------------
/opt/airflow/dags/pipeline_dag.py                           1           0  0.21s           2026-04-28T03:26:38
================================================================================
[2026-04-28T03:27:08.941+0000] {manager.py:879} INFO - 
================================================================================
DAG File Processing Stats

File Path                          PID    Runtime      # DAGs    # Errors  Last Runtime    Last Run
---------------------------------  -----  ---------  --------  ----------  --------------  -------------------
/opt/airflow/dags/pipeline_dag.py                           1           0  0.21s           2026-04-28T03:27:08
================================================================================
[2026-04-28T03:27:39.186+0000] {manager.py:879} INFO - 
================================================================================
DAG File Processing Stats

File Path                          PID    Runtime      # DAGs    # Errors  Last Runtime    Last Run
---------------------------------  -----  ---------  --------  ----------  --------------  -------------------
/opt/airflow/dags/pipeline_dag.py                           1           0  0.21s           2026-04-28T03:27:39
================================================================================
[2026-04-28T03:28:09.326+0000] {manager.py:879} INFO - 
================================================================================
DAG File Processing Stats

File Path                          PID    Runtime      # DAGs    # Errors  Last Runtime    Last Run
---------------------------------  -----  ---------  --------  ----------  --------------  -------------------
/opt/airflow/dags/pipeline_dag.py                           1           0  0.11s           2026-04-28T03:28:09
================================================================================
[2026-04-28T03:28:39.664+0000] {manager.py:879} INFO - 
================================================================================
DAG File Processing Stats

File Path                          PID    Runtime      # DAGs    # Errors  Last Runtime    Last Run
---------------------------------  -----  ---------  --------  ----------  --------------  -------------------
/opt/airflow/dags/pipeline_dag.py                           1           0  0.21s           2026-04-28T03:28:39
================================================================================
[2026-04-28T03:29:09.913+0000] {manager.py:879} INFO - 
================================================================================
DAG File Processing Stats

File Path                          PID    Runtime      # DAGs    # Errors  Last Runtime    Last Run
---------------------------------  -----  ---------  --------  ----------  --------------  -------------------
/opt/airflow/dags/pipeline_dag.py                           1           0  0.21s           2026-04-28T03:29:09
================================================================================
[2026-04-28T03:29:40.151+0000] {manager.py:879} INFO - 
================================================================================
DAG File Processing Stats

File Path                          PID    Runtime      # DAGs    # Errors  Last Runtime    Last Run
---------------------------------  -----  ---------  --------  ----------  --------------  -------------------
/opt/airflow/dags/pipeline_dag.py                           1           0  0.21s           2026-04-28T03:29:40
================================================================================
[2026-04-28T03:30:10.391+0000] {manager.py:879} INFO - 
================================================================================
DAG File Processing Stats

File Path                          PID    Runtime      # DAGs    # Errors  Last Runtime    Last Run
---------------------------------  -----  ---------  --------  ----------  --------------  -------------------
/opt/airflow/dags/pipeline_dag.py                           1           0  0.21s           2026-04-28T03:30:10
================================================================================
[2026-04-28T03:30:17.539+0000] {manager.py:738} INFO - Searching for files in /opt/airflow/dags
[2026-04-28T03:30:17.548+0000] {manager.py:741} INFO - There are 1 files in /opt/airflow/dags
[2026-04-28T03:30:40.629+0000] {manager.py:879} INFO - 
================================================================================
DAG File Processing Stats

File Path                          PID    Runtime      # DAGs    # Errors  Last Runtime    Last Run
---------------------------------  -----  ---------  --------  ----------  --------------  -------------------
/opt/airflow/dags/pipeline_dag.py                           1           0  0.21s           2026-04-28T03:30:40
================================================================================
[2026-04-28T03:31:10.882+0000] {manager.py:879} INFO - 
================================================================================
DAG File Processing Stats

File Path                          PID    Runtime      # DAGs    # Errors  Last Runtime    Last Run
---------------------------------  -----  ---------  --------  ----------  --------------  -------------------
/opt/airflow/dags/pipeline_dag.py                           1           0  0.21s           2026-04-28T03:31:10
================================================================================
[2026-04-28T03:31:41.145+0000] {manager.py:879} INFO - 
================================================================================
DAG File Processing Stats

File Path                          PID    Runtime      # DAGs    # Errors  Last Runtime    Last Run
---------------------------------  -----  ---------  --------  ----------  --------------  -------------------
/opt/airflow/dags/pipeline_dag.py                           1           0  0.21s           2026-04-28T03:31:41
================================================================================
[2026-04-28T03:32:11.385+0000] {manager.py:879} INFO - 
================================================================================
DAG File Processing Stats

File Path                          PID    Runtime      # DAGs    # Errors  Last Runtime    Last Run
---------------------------------  -----  ---------  --------  ----------  --------------  -------------------
/opt/airflow/dags/pipeline_dag.py                           1           0  0.21s           2026-04-28T03:32:11
================================================================================
[2026-04-28T03:32:41.640+0000] {manager.py:879} INFO - 
================================================================================
DAG File Processing Stats

File Path                          PID    Runtime      # DAGs    # Errors  Last Runtime    Last Run
---------------------------------  -----  ---------  --------  ----------  --------------  -------------------
/opt/airflow/dags/pipeline_dag.py                           1           0  0.21s           2026-04-28T03:32:41
================================================================================
[2026-04-28T03:33:11.887+0000] {manager.py:879} INFO - 
================================================================================
DAG File Processing Stats

File Path                          PID    Runtime      # DAGs    # Errors  Last Runtime    Last Run
---------------------------------  -----  ---------  --------  ----------  --------------  -------------------
/opt/airflow/dags/pipeline_dag.py                           1           0  0.21s           2026-04-28T03:33:11
================================================================================
[2026-04-28T03:33:42.140+0000] {manager.py:879} INFO - 
================================================================================
DAG File Processing Stats

File Path                          PID    Runtime      # DAGs    # Errors  Last Runtime    Last Run
---------------------------------  -----  ---------  --------  ----------  --------------  -------------------
/opt/airflow/dags/pipeline_dag.py                           1           0  0.21s           2026-04-28T03:33:42
================================================================================
[2026-04-28T03:34:12.370+0000] {manager.py:879} INFO - 
================================================================================
DAG File Processing Stats

File Path                          PID    Runtime      # DAGs    # Errors  Last Runtime    Last Run
---------------------------------  -----  ---------  --------  ----------  --------------  -------------------
/opt/airflow/dags/pipeline_dag.py                           1           0  0.21s           2026-04-28T03:34:12
================================================================================
[2026-04-28T03:34:42.625+0000] {manager.py:879} INFO - 
================================================================================
DAG File Processing Stats

File Path                          PID    Runtime      # DAGs    # Errors  Last Runtime    Last Run
---------------------------------  -----  ---------  --------  ----------  --------------  -------------------
/opt/airflow/dags/pipeline_dag.py                           1           0  0.21s           2026-04-28T03:34:42
================================================================================
[2026-04-28T03:35:12.871+0000] {manager.py:879} INFO - 
================================================================================
DAG File Processing Stats

File Path                          PID    Runtime      # DAGs    # Errors  Last Runtime    Last Run
---------------------------------  -----  ---------  --------  ----------  --------------  -------------------
/opt/airflow/dags/pipeline_dag.py                           1           0  0.21s           2026-04-28T03:35:12
================================================================================
[2026-04-28T03:35:17.595+0000] {manager.py:738} INFO - Searching for files in /opt/airflow/dags
[2026-04-28T03:35:17.603+0000] {manager.py:741} INFO - There are 1 files in /opt/airflow/dags
[2026-04-28T03:35:43.121+0000] {manager.py:879} INFO - 
================================================================================
DAG File Processing Stats

File Path                          PID    Runtime      # DAGs    # Errors  Last Runtime    Last Run
---------------------------------  -----  ---------  --------  ----------  --------------  -------------------
/opt/airflow/dags/pipeline_dag.py                           1           0  0.21s           2026-04-28T03:35:43
================================================================================
[2026-04-28T03:36:13.365+0000] {manager.py:879} INFO - 
================================================================================
DAG File Processing Stats

File Path                          PID    Runtime      # DAGs    # Errors  Last Runtime    Last Run
---------------------------------  -----  ---------  --------  ----------  --------------  -------------------
/opt/airflow/dags/pipeline_dag.py                           1           0  0.21s           2026-04-28T03:36:13
================================================================================
[2026-04-28T03:36:43.621+0000] {manager.py:879} INFO - 
================================================================================
DAG File Processing Stats

File Path                          PID    Runtime      # DAGs    # Errors  Last Runtime    Last Run
---------------------------------  -----  ---------  --------  ----------  --------------  -------------------
/opt/airflow/dags/pipeline_dag.py                           1           0  0.21s           2026-04-28T03:36:43
================================================================================
[2026-04-28T03:37:13.853+0000] {manager.py:879} INFO - 
================================================================================
DAG File Processing Stats

File Path                          PID    Runtime      # DAGs    # Errors  Last Runtime    Last Run
---------------------------------  -----  ---------  --------  ----------  --------------  -------------------
/opt/airflow/dags/pipeline_dag.py                           1           0  0.21s           2026-04-28T03:37:13
================================================================================
[2026-04-28T03:37:44.139+0000] {manager.py:879} INFO - 
================================================================================
DAG File Processing Stats

File Path                          PID    Runtime      # DAGs    # Errors  Last Runtime    Last Run
---------------------------------  -----  ---------  --------  ----------  --------------  -------------------
/opt/airflow/dags/pipeline_dag.py                           1           0  0.21s           2026-04-28T03:37:44
================================================================================
[2026-04-28T03:38:14.441+0000] {manager.py:879} INFO - 
================================================================================
DAG File Processing Stats

File Path                          PID    Runtime      # DAGs    # Errors  Last Runtime    Last Run
---------------------------------  -----  ---------  --------  ----------  --------------  -------------------
/opt/airflow/dags/pipeline_dag.py                           1           0  0.21s           2026-04-28T03:38:14
================================================================================
[2026-04-28T03:38:44.713+0000] {manager.py:879} INFO - 
================================================================================
DAG File Processing Stats

File Path                          PID    Runtime      # DAGs    # Errors  Last Runtime    Last Run
---------------------------------  -----  ---------  --------  ----------  --------------  -------------------
/opt/airflow/dags/pipeline_dag.py                           1           0  0.21s           2026-04-28T03:38:44
================================================================================
[2026-04-28T03:39:14.962+0000] {manager.py:879} INFO - 
================================================================================
DAG File Processing Stats

File Path                          PID    Runtime      # DAGs    # Errors  Last Runtime    Last Run
---------------------------------  -----  ---------  --------  ----------  --------------  -------------------
/opt/airflow/dags/pipeline_dag.py                           1           0  0.21s           2026-04-28T03:39:14
================================================================================
[2026-04-28T03:39:45.210+0000] {manager.py:879} INFO - 
================================================================================
DAG File Processing Stats

File Path                          PID    Runtime      # DAGs    # Errors  Last Runtime    Last Run
---------------------------------  -----  ---------  --------  ----------  --------------  -------------------
/opt/airflow/dags/pipeline_dag.py                           1           0  0.21s           2026-04-28T03:39:45
================================================================================
[2026-04-28T03:40:15.473+0000] {manager.py:879} INFO - 
================================================================================
DAG File Processing Stats

File Path                          PID    Runtime      # DAGs    # Errors  Last Runtime    Last Run
---------------------------------  -----  ---------  --------  ----------  --------------  -------------------
/opt/airflow/dags/pipeline_dag.py                           1           0  0.21s           2026-04-28T03:40:15
================================================================================
[2026-04-28T03:40:17.669+0000] {manager.py:738} INFO - Searching for files in /opt/airflow/dags
[2026-04-28T03:40:17.675+0000] {manager.py:741} INFO - There are 1 files in /opt/airflow/dags
[2026-04-28T03:40:45.721+0000] {manager.py:879} INFO - 
================================================================================
DAG File Processing Stats

File Path                          PID    Runtime      # DAGs    # Errors  Last Runtime    Last Run
---------------------------------  -----  ---------  --------  ----------  --------------  -------------------
/opt/airflow/dags/pipeline_dag.py                           1           0  0.21s           2026-04-28T03:40:45
================================================================================
[2026-04-28T03:41:15.963+0000] {manager.py:879} INFO - 
================================================================================
DAG File Processing Stats

File Path                          PID    Runtime      # DAGs    # Errors  Last Runtime    Last Run
---------------------------------  -----  ---------  --------  ----------  --------------  -------------------
/opt/airflow/dags/pipeline_dag.py                           1           0  0.21s           2026-04-28T03:41:15
================================================================================
[2026-04-28T03:41:46.206+0000] {manager.py:879} INFO - 
================================================================================
DAG File Processing Stats

File Path                          PID    Runtime      # DAGs    # Errors  Last Runtime    Last Run
---------------------------------  -----  ---------  --------  ----------  --------------  -------------------
/opt/airflow/dags/pipeline_dag.py                           1           0  0.21s           2026-04-28T03:41:46
================================================================================
[2026-04-28T03:42:16.449+0000] {manager.py:879} INFO - 
================================================================================
DAG File Processing Stats

File Path                          PID    Runtime      # DAGs    # Errors  Last Runtime    Last Run
---------------------------------  -----  ---------  --------  ----------  --------------  -------------------
/opt/airflow/dags/pipeline_dag.py                           1           0  0.21s           2026-04-28T03:42:16
================================================================================
[2026-04-28T03:42:46.693+0000] {manager.py:879} INFO - 
================================================================================
DAG File Processing Stats

File Path                          PID    Runtime      # DAGs    # Errors  Last Runtime    Last Run
---------------------------------  -----  ---------  --------  ----------  --------------  -------------------
/opt/airflow/dags/pipeline_dag.py                           1           0  0.21s           2026-04-28T03:42:46
================================================================================
[2026-04-28T03:43:16.932+0000] {manager.py:879} INFO - 
================================================================================
DAG File Processing Stats

File Path                          PID    Runtime      # DAGs    # Errors  Last Runtime    Last Run
---------------------------------  -----  ---------  --------  ----------  --------------  -------------------
/opt/airflow/dags/pipeline_dag.py                           1           0  0.21s           2026-04-28T03:43:16
================================================================================
[2026-04-28T03:43:47.175+0000] {manager.py:879} INFO - 
================================================================================
DAG File Processing Stats

File Path                          PID    Runtime      # DAGs    # Errors  Last Runtime    Last Run
---------------------------------  -----  ---------  --------  ----------  --------------  -------------------
/opt/airflow/dags/pipeline_dag.py                           1           0  0.21s           2026-04-28T03:43:47
================================================================================
[2026-04-28T03:44:17.429+0000] {manager.py:879} INFO - 
================================================================================
DAG File Processing Stats

File Path                          PID    Runtime      # DAGs    # Errors  Last Runtime    Last Run
---------------------------------  -----  ---------  --------  ----------  --------------  -------------------
/opt/airflow/dags/pipeline_dag.py                           1           0  0.21s           2026-04-28T03:44:17
================================================================================
[2026-04-28T03:44:47.669+0000] {manager.py:879} INFO - 
================================================================================
DAG File Processing Stats

File Path                          PID    Runtime      # DAGs    # Errors  Last Runtime    Last Run
---------------------------------  -----  ---------  --------  ----------  --------------  -------------------
/opt/airflow/dags/pipeline_dag.py                           1           0  0.21s           2026-04-28T03:44:47
================================================================================
[2026-04-28T03:45:17.696+0000] {manager.py:738} INFO - Searching for files in /opt/airflow/dags
[2026-04-28T03:45:17.705+0000] {manager.py:741} INFO - There are 1 files in /opt/airflow/dags
[2026-04-28T03:45:17.935+0000] {manager.py:879} INFO - 
================================================================================
DAG File Processing Stats

File Path                          PID    Runtime      # DAGs    # Errors  Last Runtime    Last Run
---------------------------------  -----  ---------  --------  ----------  --------------  -------------------
/opt/airflow/dags/pipeline_dag.py                           1           0  0.21s           2026-04-28T03:45:17
================================================================================
[2026-04-28T03:45:48.151+0000] {manager.py:879} INFO - 
================================================================================
DAG File Processing Stats

File Path                          PID    Runtime      # DAGs    # Errors  Last Runtime    Last Run
---------------------------------  -----  ---------  --------  ----------  --------------  -------------------
/opt/airflow/dags/pipeline_dag.py                           1           0  0.21s           2026-04-28T03:45:48
================================================================================
[2026-04-28T03:46:18.297+0000] {manager.py:879} INFO - 
================================================================================
DAG File Processing Stats

File Path                          PID    Runtime      # DAGs    # Errors  Last Runtime    Last Run
---------------------------------  -----  ---------  --------  ----------  --------------  -------------------
/opt/airflow/dags/pipeline_dag.py                           1           0  0.11s           2026-04-28T03:46:18
================================================================================
[2026-04-28T03:46:48.566+0000] {manager.py:879} INFO - 
================================================================================
DAG File Processing Stats

File Path                          PID    Runtime      # DAGs    # Errors  Last Runtime    Last Run
---------------------------------  -----  ---------  --------  ----------  --------------  -------------------
/opt/airflow/dags/pipeline_dag.py                           1           0  0.21s           2026-04-28T03:46:48
================================================================================
[2026-04-28T03:47:18.836+0000] {manager.py:879} INFO - 
================================================================================
DAG File Processing Stats

File Path                          PID    Runtime      # DAGs    # Errors  Last Runtime    Last Run
---------------------------------  -----  ---------  --------  ----------  --------------  -------------------
/opt/airflow/dags/pipeline_dag.py                           1           0  0.21s           2026-04-28T03:47:18
================================================================================
[2026-04-28T03:47:49.116+0000] {manager.py:879} INFO - 
================================================================================
DAG File Processing Stats

File Path                          PID    Runtime      # DAGs    # Errors  Last Runtime    Last Run
---------------------------------  -----  ---------  --------  ----------  --------------  -------------------
/opt/airflow/dags/pipeline_dag.py                           1           0  0.21s           2026-04-28T03:47:49
================================================================================
[2026-04-28T03:48:19.397+0000] {manager.py:879} INFO - 
================================================================================
DAG File Processing Stats

File Path                          PID    Runtime      # DAGs    # Errors  Last Runtime    Last Run
---------------------------------  -----  ---------  --------  ----------  --------------  -------------------
/opt/airflow/dags/pipeline_dag.py                           1           0  0.21s           2026-04-28T03:48:19
================================================================================
[2026-04-28T03:48:49.647+0000] {manager.py:879} INFO - 
================================================================================
DAG File Processing Stats

File Path                          PID    Runtime      # DAGs    # Errors  Last Runtime    Last Run
---------------------------------  -----  ---------  --------  ----------  --------------  -------------------
/opt/airflow/dags/pipeline_dag.py                           1           0  0.21s           2026-04-28T03:48:49
================================================================================
[2026-04-28T03:49:19.908+0000] {manager.py:879} INFO - 
================================================================================
DAG File Processing Stats

File Path                          PID    Runtime      # DAGs    # Errors  Last Runtime    Last Run
---------------------------------  -----  ---------  --------  ----------  --------------  -------------------
/opt/airflow/dags/pipeline_dag.py                           1           0  0.21s           2026-04-28T03:49:19
================================================================================
[2026-04-28T03:49:50.190+0000] {manager.py:879} INFO - 
================================================================================
DAG File Processing Stats

File Path                          PID    Runtime      # DAGs    # Errors  Last Runtime    Last Run
---------------------------------  -----  ---------  --------  ----------  --------------  -------------------
/opt/airflow/dags/pipeline_dag.py                           1           0  0.21s           2026-04-28T03:49:50
================================================================================
[2026-04-28T03:50:17.963+0000] {manager.py:738} INFO - Searching for files in /opt/airflow/dags
[2026-04-28T03:50:17.972+0000] {manager.py:741} INFO - There are 1 files in /opt/airflow/dags
[2026-04-28T03:50:20.472+0000] {manager.py:879} INFO - 
================================================================================
DAG File Processing Stats

File Path                          PID    Runtime      # DAGs    # Errors  Last Runtime    Last Run
---------------------------------  -----  ---------  --------  ----------  --------------  -------------------
/opt/airflow/dags/pipeline_dag.py                           1           0  0.21s           2026-04-28T03:50:20
================================================================================
[2026-04-28T03:50:50.739+0000] {manager.py:879} INFO - 
================================================================================
DAG File Processing Stats

File Path                          PID    Runtime      # DAGs    # Errors  Last Runtime    Last Run
---------------------------------  -----  ---------  --------  ----------  --------------  -------------------
/opt/airflow/dags/pipeline_dag.py                           1           0  0.21s           2026-04-28T03:50:50
================================================================================
[2026-04-28T03:51:20.986+0000] {manager.py:879} INFO - 
================================================================================
DAG File Processing Stats

File Path                          PID    Runtime      # DAGs    # Errors  Last Runtime    Last Run
---------------------------------  -----  ---------  --------  ----------  --------------  -------------------
/opt/airflow/dags/pipeline_dag.py                           1           0  0.21s           2026-04-28T03:51:20
================================================================================
[2026-04-28T03:51:51.238+0000] {manager.py:879} INFO - 
================================================================================
DAG File Processing Stats

File Path                          PID    Runtime      # DAGs    # Errors  Last Runtime    Last Run
---------------------------------  -----  ---------  --------  ----------  --------------  -------------------
/opt/airflow/dags/pipeline_dag.py                           1           0  0.21s           2026-04-28T03:51:51
================================================================================
[2026-04-28T03:52:21.517+0000] {manager.py:879} INFO - 
================================================================================
DAG File Processing Stats

File Path                          PID    Runtime      # DAGs    # Errors  Last Runtime    Last Run
---------------------------------  -----  ---------  --------  ----------  --------------  -------------------
/opt/airflow/dags/pipeline_dag.py                           1           0  0.21s           2026-04-28T03:52:21
================================================================================
[2026-04-28T03:52:51.800+0000] {manager.py:879} INFO - 
================================================================================
DAG File Processing Stats

File Path                          PID    Runtime      # DAGs    # Errors  Last Runtime    Last Run
---------------------------------  -----  ---------  --------  ----------  --------------  -------------------
/opt/airflow/dags/pipeline_dag.py                           1           0  0.21s           2026-04-28T03:52:51
================================================================================
[2026-04-28T03:53:22.075+0000] {manager.py:879} INFO - 
================================================================================
DAG File Processing Stats

File Path                          PID    Runtime      # DAGs    # Errors  Last Runtime    Last Run
---------------------------------  -----  ---------  --------  ----------  --------------  -------------------
/opt/airflow/dags/pipeline_dag.py                           1           0  0.21s           2026-04-28T03:53:22
================================================================================
[2026-04-28T03:53:52.252+0000] {manager.py:879} INFO - 
================================================================================
DAG File Processing Stats

File Path                          PID    Runtime      # DAGs    # Errors  Last Runtime    Last Run
---------------------------------  -----  ---------  --------  ----------  --------------  -------------------
/opt/airflow/dags/pipeline_dag.py                           1           0  0.10s           2026-04-28T03:53:52
================================================================================
[2026-04-28T03:54:22.426+0000] {manager.py:879} INFO - 
================================================================================
DAG File Processing Stats

File Path                          PID    Runtime      # DAGs    # Errors  Last Runtime    Last Run
---------------------------------  -----  ---------  --------  ----------  --------------  -------------------
/opt/airflow/dags/pipeline_dag.py                           1           0  0.11s           2026-04-28T03:54:22
================================================================================
[2026-04-28T03:54:52.595+0000] {manager.py:879} INFO - 
================================================================================
DAG File Processing Stats

File Path                          PID    Runtime      # DAGs    # Errors  Last Runtime    Last Run
---------------------------------  -----  ---------  --------  ----------  --------------  -------------------
/opt/airflow/dags/pipeline_dag.py                           1           0  0.11s           2026-04-28T03:54:52
================================================================================
[2026-04-28T03:55:18.033+0000] {manager.py:738} INFO - Searching for files in /opt/airflow/dags
[2026-04-28T03:55:18.038+0000] {manager.py:741} INFO - There are 1 files in /opt/airflow/dags
[2026-04-28T03:55:22.747+0000] {manager.py:879} INFO - 
================================================================================
DAG File Processing Stats

File Path                          PID    Runtime      # DAGs    # Errors  Last Runtime    Last Run
---------------------------------  -----  ---------  --------  ----------  --------------  -------------------
/opt/airflow/dags/pipeline_dag.py                           1           0  0.11s           2026-04-28T03:55:22
================================================================================
[2026-04-28T03:55:53.025+0000] {manager.py:879} INFO - 
================================================================================
DAG File Processing Stats

File Path                          PID    Runtime      # DAGs    # Errors  Last Runtime    Last Run
---------------------------------  -----  ---------  --------  ----------  --------------  -------------------
/opt/airflow/dags/pipeline_dag.py                           1           0  0.21s           2026-04-28T03:55:53
================================================================================
[2026-04-28T03:56:23.313+0000] {manager.py:879} INFO - 
================================================================================
DAG File Processing Stats

File Path                          PID    Runtime      # DAGs    # Errors  Last Runtime    Last Run
---------------------------------  -----  ---------  --------  ----------  --------------  -------------------
/opt/airflow/dags/pipeline_dag.py                           1           0  0.21s           2026-04-28T03:56:23
================================================================================
[2026-04-28T03:56:53.574+0000] {manager.py:879} INFO - 
================================================================================
DAG File Processing Stats

File Path                          PID    Runtime      # DAGs    # Errors  Last Runtime    Last Run
---------------------------------  -----  ---------  --------  ----------  --------------  -------------------
/opt/airflow/dags/pipeline_dag.py                           1           0  0.21s           2026-04-28T03:56:53
================================================================================
[2026-04-28T03:57:23.853+0000] {manager.py:879} INFO - 
================================================================================
DAG File Processing Stats

File Path                          PID    Runtime      # DAGs    # Errors  Last Runtime    Last Run
---------------------------------  -----  ---------  --------  ----------  --------------  -------------------
/opt/airflow/dags/pipeline_dag.py                           1           0  0.21s           2026-04-28T03:57:23
================================================================================
[2026-04-28T03:57:54.128+0000] {manager.py:879} INFO - 
================================================================================
DAG File Processing Stats

File Path                          PID    Runtime      # DAGs    # Errors  Last Runtime    Last Run
---------------------------------  -----  ---------  --------  ----------  --------------  -------------------
/opt/airflow/dags/pipeline_dag.py                           1           0  0.21s           2026-04-28T03:57:54
================================================================================
[2026-04-28T03:58:24.388+0000] {manager.py:879} INFO - 
================================================================================
DAG File Processing Stats

File Path                          PID    Runtime      # DAGs    # Errors  Last Runtime    Last Run
---------------------------------  -----  ---------  --------  ----------  --------------  -------------------
/opt/airflow/dags/pipeline_dag.py                           1           0  0.21s           2026-04-28T03:58:24
================================================================================
[2026-04-28T03:58:54.632+0000] {manager.py:879} INFO - 
================================================================================
DAG File Processing Stats

File Path                          PID    Runtime      # DAGs    # Errors  Last Runtime    Last Run
---------------------------------  -----  ---------  --------  ----------  --------------  -------------------
/opt/airflow/dags/pipeline_dag.py                           1           0  0.21s           2026-04-28T03:58:54
================================================================================
[2026-04-28T03:59:24.883+0000] {manager.py:879} INFO - 
================================================================================
DAG File Processing Stats

File Path                          PID    Runtime      # DAGs    # Errors  Last Runtime    Last Run
---------------------------------  -----  ---------  --------  ----------  --------------  -------------------
/opt/airflow/dags/pipeline_dag.py                           1           0  0.21s           2026-04-28T03:59:24
================================================================================
[2026-04-28T03:59:55.123+0000] {manager.py:879} INFO - 
================================================================================
DAG File Processing Stats

File Path                          PID    Runtime      # DAGs    # Errors  Last Runtime    Last Run
---------------------------------  -----  ---------  --------  ----------  --------------  -------------------
/opt/airflow/dags/pipeline_dag.py                           1           0  0.21s           2026-04-28T03:59:55
================================================================================
[2026-04-28T04:00:18.049+0000] {manager.py:738} INFO - Searching for files in /opt/airflow/dags
[2026-04-28T04:00:18.056+0000] {manager.py:741} INFO - There are 1 files in /opt/airflow/dags
[2026-04-28T04:00:25.358+0000] {manager.py:879} INFO - 
================================================================================
DAG File Processing Stats

File Path                          PID    Runtime      # DAGs    # Errors  Last Runtime    Last Run
---------------------------------  -----  ---------  --------  ----------  --------------  -------------------
/opt/airflow/dags/pipeline_dag.py                           1           0  0.21s           2026-04-28T04:00:25
================================================================================
[2026-04-28T04:00:55.596+0000] {manager.py:879} INFO - 
================================================================================
DAG File Processing Stats

File Path                          PID    Runtime      # DAGs    # Errors  Last Runtime    Last Run
---------------------------------  -----  ---------  --------  ----------  --------------  -------------------
/opt/airflow/dags/pipeline_dag.py                           1           0  0.21s           2026-04-28T04:00:55
================================================================================
[2026-04-28T04:01:25.843+0000] {manager.py:879} INFO - 
================================================================================
DAG File Processing Stats

File Path                          PID    Runtime      # DAGs    # Errors  Last Runtime    Last Run
---------------------------------  -----  ---------  --------  ----------  --------------  -------------------
/opt/airflow/dags/pipeline_dag.py                           1           0  0.21s           2026-04-28T04:01:25
================================================================================
[2026-04-28T04:01:56.059+0000] {manager.py:879} INFO - 
================================================================================
DAG File Processing Stats

File Path                          PID    Runtime      # DAGs    # Errors  Last Runtime    Last Run
---------------------------------  -----  ---------  --------  ----------  --------------  -------------------
/opt/airflow/dags/pipeline_dag.py                           1           0  0.21s           2026-04-28T04:01:56
================================================================================
[2026-04-28T04:02:26.333+0000] {manager.py:879} INFO - 
================================================================================
DAG File Processing Stats

File Path                          PID    Runtime      # DAGs    # Errors  Last Runtime    Last Run
---------------------------------  -----  ---------  --------  ----------  --------------  -------------------
/opt/airflow/dags/pipeline_dag.py                           1           0  0.21s           2026-04-28T04:02:26
================================================================================
[2026-04-28T04:02:56.616+0000] {manager.py:879} INFO - 
================================================================================
DAG File Processing Stats

File Path                          PID    Runtime      # DAGs    # Errors  Last Runtime    Last Run
---------------------------------  -----  ---------  --------  ----------  --------------  -------------------
/opt/airflow/dags/pipeline_dag.py                           1           0  0.21s           2026-04-28T04:02:56
================================================================================
[2026-04-28T04:03:26.790+0000] {manager.py:879} INFO - 
================================================================================
DAG File Processing Stats

File Path                          PID    Runtime      # DAGs    # Errors  Last Runtime    Last Run
---------------------------------  -----  ---------  --------  ----------  --------------  -------------------
/opt/airflow/dags/pipeline_dag.py                           1           0  0.11s           2026-04-28T04:03:26
================================================================================
[2026-04-28T04:03:56.947+0000] {manager.py:879} INFO - 
================================================================================
DAG File Processing Stats

File Path                          PID    Runtime      # DAGs    # Errors  Last Runtime    Last Run
---------------------------------  -----  ---------  --------  ----------  --------------  -------------------
/opt/airflow/dags/pipeline_dag.py                           1           0  0.11s           2026-04-28T04:03:56
================================================================================
[2026-04-28T04:04:27.120+0000] {manager.py:879} INFO - 
================================================================================
DAG File Processing Stats

File Path                          PID    Runtime      # DAGs    # Errors  Last Runtime    Last Run
---------------------------------  -----  ---------  --------  ----------  --------------  -------------------
/opt/airflow/dags/pipeline_dag.py                           1           0  0.11s           2026-04-28T04:04:27
================================================================================
[2026-04-28T04:04:57.298+0000] {manager.py:879} INFO - 
================================================================================
DAG File Processing Stats

File Path                          PID    Runtime      # DAGs    # Errors  Last Runtime    Last Run
---------------------------------  -----  ---------  --------  ----------  --------------  -------------------
/opt/airflow/dags/pipeline_dag.py                           1           0  0.11s           2026-04-28T04:04:57
================================================================================
[2026-04-28T04:05:18.102+0000] {manager.py:738} INFO - Searching for files in /opt/airflow/dags
[2026-04-28T04:05:18.111+0000] {manager.py:741} INFO - There are 1 files in /opt/airflow/dags
[2026-04-28T04:05:27.474+0000] {manager.py:879} INFO - 
================================================================================
DAG File Processing Stats

File Path                          PID    Runtime      # DAGs    # Errors  Last Runtime    Last Run
---------------------------------  -----  ---------  --------  ----------  --------------  -------------------
/opt/airflow/dags/pipeline_dag.py                           1           0  0.11s           2026-04-28T04:05:27
================================================================================
[2026-04-28T04:05:57.651+0000] {manager.py:879} INFO - 
================================================================================
DAG File Processing Stats

File Path                          PID    Runtime      # DAGs    # Errors  Last Runtime    Last Run
---------------------------------  -----  ---------  --------  ----------  --------------  -------------------
/opt/airflow/dags/pipeline_dag.py                           1           0  0.11s           2026-04-28T04:05:57
================================================================================
[2026-04-28T04:06:27.925+0000] {manager.py:879} INFO - 
================================================================================
DAG File Processing Stats

File Path                          PID    Runtime      # DAGs    # Errors  Last Runtime    Last Run
---------------------------------  -----  ---------  --------  ----------  --------------  -------------------
/opt/airflow/dags/pipeline_dag.py                           1           0  0.21s           2026-04-28T04:06:27
================================================================================
[2026-04-28T04:06:58.201+0000] {manager.py:879} INFO - 
================================================================================
DAG File Processing Stats

File Path                          PID    Runtime      # DAGs    # Errors  Last Runtime    Last Run
---------------------------------  -----  ---------  --------  ----------  --------------  -------------------
/opt/airflow/dags/pipeline_dag.py                           1           0  0.21s           2026-04-28T04:06:58
================================================================================
[2026-04-28T04:07:28.376+0000] {manager.py:879} INFO - 
================================================================================
DAG File Processing Stats

File Path                          PID    Runtime      # DAGs    # Errors  Last Runtime    Last Run
---------------------------------  -----  ---------  --------  ----------  --------------  -------------------
/opt/airflow/dags/pipeline_dag.py                           1           0  0.10s           2026-04-28T04:07:28
================================================================================
[2026-04-28T04:07:58.549+0000] {manager.py:879} INFO - 
================================================================================
DAG File Processing Stats

File Path                          PID    Runtime      # DAGs    # Errors  Last Runtime    Last Run
---------------------------------  -----  ---------  --------  ----------  --------------  -------------------
/opt/airflow/dags/pipeline_dag.py                           1           0  0.11s           2026-04-28T04:07:58
================================================================================
[2026-04-28T04:08:28.814+0000] {manager.py:879} INFO - 
================================================================================
DAG File Processing Stats

File Path                          PID    Runtime      # DAGs    # Errors  Last Runtime    Last Run
---------------------------------  -----  ---------  --------  ----------  --------------  -------------------
/opt/airflow/dags/pipeline_dag.py                           1           0  0.21s           2026-04-28T04:08:28
================================================================================
[2026-04-28T04:08:58.989+0000] {manager.py:879} INFO - 
================================================================================
DAG File Processing Stats

File Path                          PID    Runtime      # DAGs    # Errors  Last Runtime    Last Run
---------------------------------  -----  ---------  --------  ----------  --------------  -------------------
/opt/airflow/dags/pipeline_dag.py                           1           0  0.10s           2026-04-28T04:08:58
================================================================================
[2026-04-28T04:09:29.162+0000] {manager.py:879} INFO - 
================================================================================
DAG File Processing Stats

File Path                          PID    Runtime      # DAGs    # Errors  Last Runtime    Last Run
---------------------------------  -----  ---------  --------  ----------  --------------  -------------------
/opt/airflow/dags/pipeline_dag.py                           1           0  0.10s           2026-04-28T04:09:29
================================================================================
[2026-04-28T04:09:59.334+0000] {manager.py:879} INFO - 
================================================================================
DAG File Processing Stats

File Path                          PID    Runtime      # DAGs    # Errors  Last Runtime    Last Run
---------------------------------  -----  ---------  --------  ----------  --------------  -------------------
/opt/airflow/dags/pipeline_dag.py                           1           0  0.10s           2026-04-28T04:09:59
================================================================================
[2026-04-28T04:10:18.162+0000] {manager.py:738} INFO - Searching for files in /opt/airflow/dags
[2026-04-28T04:10:18.169+0000] {manager.py:741} INFO - There are 1 files in /opt/airflow/dags
[2026-04-28T04:10:29.504+0000] {manager.py:879} INFO - 
================================================================================
DAG File Processing Stats

File Path                          PID    Runtime      # DAGs    # Errors  Last Runtime    Last Run
---------------------------------  -----  ---------  --------  ----------  --------------  -------------------
/opt/airflow/dags/pipeline_dag.py                           1           0  0.11s           2026-04-28T04:10:29
================================================================================
[2026-04-28T04:10:59.776+0000] {manager.py:879} INFO - 
================================================================================
DAG File Processing Stats

File Path                          PID    Runtime      # DAGs    # Errors  Last Runtime    Last Run
---------------------------------  -----  ---------  --------  ----------  --------------  -------------------
/opt/airflow/dags/pipeline_dag.py                           1           0  0.21s           2026-04-28T04:10:59
================================================================================
[2026-04-28T04:11:30.054+0000] {manager.py:879} INFO - 
================================================================================
DAG File Processing Stats

File Path                          PID    Runtime      # DAGs    # Errors  Last Runtime    Last Run
---------------------------------  -----  ---------  --------  ----------  --------------  -------------------
/opt/airflow/dags/pipeline_dag.py                           1           0  0.21s           2026-04-28T04:11:30
================================================================================
[2026-04-28T04:12:00.223+0000] {manager.py:879} INFO - 
================================================================================
DAG File Processing Stats

File Path                          PID    Runtime      # DAGs    # Errors  Last Runtime    Last Run
---------------------------------  -----  ---------  --------  ----------  --------------  -------------------
/opt/airflow/dags/pipeline_dag.py                           1           0  0.10s           2026-04-28T04:12:00
================================================================================
[2026-04-28T04:12:30.398+0000] {manager.py:879} INFO - 
================================================================================
DAG File Processing Stats

File Path                          PID    Runtime      # DAGs    # Errors  Last Runtime    Last Run
---------------------------------  -----  ---------  --------  ----------  --------------  -------------------
/opt/airflow/dags/pipeline_dag.py                           1           0  0.11s           2026-04-28T04:12:30
================================================================================
[2026-04-28T04:13:00.569+0000] {manager.py:879} INFO - 
================================================================================
DAG File Processing Stats

File Path                          PID    Runtime      # DAGs    # Errors  Last Runtime    Last Run
---------------------------------  -----  ---------  --------  ----------  --------------  -------------------
/opt/airflow/dags/pipeline_dag.py                           1           0  0.10s           2026-04-28T04:13:00
================================================================================
[2026-04-28T04:13:30.742+0000] {manager.py:879} INFO - 
================================================================================
DAG File Processing Stats

File Path                          PID    Runtime      # DAGs    # Errors  Last Runtime    Last Run
---------------------------------  -----  ---------  --------  ----------  --------------  -------------------
/opt/airflow/dags/pipeline_dag.py                           1           0  0.10s           2026-04-28T04:13:30
================================================================================
[2026-04-28T04:14:01.012+0000] {manager.py:879} INFO - 
================================================================================
DAG File Processing Stats

File Path                          PID    Runtime      # DAGs    # Errors  Last Runtime    Last Run
---------------------------------  -----  ---------  --------  ----------  --------------  -------------------
/opt/airflow/dags/pipeline_dag.py                           1           0  0.21s           2026-04-28T04:14:01
================================================================================
[2026-04-28T04:14:31.279+0000] {manager.py:879} INFO - 
================================================================================
DAG File Processing Stats

File Path                          PID    Runtime      # DAGs    # Errors  Last Runtime    Last Run
---------------------------------  -----  ---------  --------  ----------  --------------  -------------------
/opt/airflow/dags/pipeline_dag.py                           1           0  0.21s           2026-04-28T04:14:31
================================================================================
[2026-04-28T04:15:01.548+0000] {manager.py:879} INFO - 
================================================================================
DAG File Processing Stats

File Path                          PID    Runtime      # DAGs    # Errors  Last Runtime    Last Run
---------------------------------  -----  ---------  --------  ----------  --------------  -------------------
/opt/airflow/dags/pipeline_dag.py                           1           0  0.21s           2026-04-28T04:15:01
================================================================================
[2026-04-28T04:15:18.228+0000] {manager.py:738} INFO - Searching for files in /opt/airflow/dags
[2026-04-28T04:15:18.235+0000] {manager.py:741} INFO - There are 1 files in /opt/airflow/dags
[2026-04-28T04:15:31.822+0000] {manager.py:879} INFO - 
================================================================================
DAG File Processing Stats

File Path                          PID    Runtime      # DAGs    # Errors  Last Runtime    Last Run
---------------------------------  -----  ---------  --------  ----------  --------------  -------------------
/opt/airflow/dags/pipeline_dag.py                           1           0  0.21s           2026-04-28T04:15:31
================================================================================
[2026-04-28T04:16:02.097+0000] {manager.py:879} INFO - 
================================================================================
DAG File Processing Stats

File Path                          PID    Runtime      # DAGs    # Errors  Last Runtime    Last Run
---------------------------------  -----  ---------  --------  ----------  --------------  -------------------
/opt/airflow/dags/pipeline_dag.py                           1           0  0.21s           2026-04-28T04:16:02
================================================================================
[2026-04-28T04:16:32.373+0000] {manager.py:879} INFO - 
================================================================================
DAG File Processing Stats

File Path                          PID    Runtime      # DAGs    # Errors  Last Runtime    Last Run
---------------------------------  -----  ---------  --------  ----------  --------------  -------------------
/opt/airflow/dags/pipeline_dag.py                           1           0  0.21s           2026-04-28T04:16:32
================================================================================
[2026-04-28T04:17:02.656+0000] {manager.py:879} INFO - 
================================================================================
DAG File Processing Stats

File Path                          PID    Runtime      # DAGs    # Errors  Last Runtime    Last Run
---------------------------------  -----  ---------  --------  ----------  --------------  -------------------
/opt/airflow/dags/pipeline_dag.py                           1           0  0.21s           2026-04-28T04:17:02
================================================================================
[2026-04-28T04:17:32.945+0000] {manager.py:879} INFO - 
================================================================================
DAG File Processing Stats

File Path                          PID    Runtime      # DAGs    # Errors  Last Runtime    Last Run
---------------------------------  -----  ---------  --------  ----------  --------------  -------------------
/opt/airflow/dags/pipeline_dag.py                           1           0  0.21s           2026-04-28T04:17:32
================================================================================
[2026-04-28T04:18:03.234+0000] {manager.py:879} INFO - 
================================================================================
DAG File Processing Stats

File Path                          PID    Runtime      # DAGs    # Errors  Last Runtime    Last Run
---------------------------------  -----  ---------  --------  ----------  --------------  -------------------
/opt/airflow/dags/pipeline_dag.py                           1           0  0.21s           2026-04-28T04:18:03
================================================================================
[2026-04-28T04:18:33.531+0000] {manager.py:879} INFO - 
================================================================================
DAG File Processing Stats

File Path                          PID    Runtime      # DAGs    # Errors  Last Runtime    Last Run
---------------------------------  -----  ---------  --------  ----------  --------------  -------------------
/opt/airflow/dags/pipeline_dag.py                           1           0  0.21s           2026-04-28T04:18:33
================================================================================
[2026-04-28T04:19:03.834+0000] {manager.py:879} INFO - 
================================================================================
DAG File Processing Stats

File Path                          PID    Runtime      # DAGs    # Errors  Last Runtime    Last Run
---------------------------------  -----  ---------  --------  ----------  --------------  -------------------
/opt/airflow/dags/pipeline_dag.py                           1           0  0.21s           2026-04-28T04:19:03
================================================================================
[2026-04-28T04:19:34.245+0000] {manager.py:879} INFO - 
================================================================================
DAG File Processing Stats

File Path                          PID    Runtime      # DAGs    # Errors  Last Runtime    Last Run
---------------------------------  -----  ---------  --------  ----------  --------------  -------------------
/opt/airflow/dags/pipeline_dag.py                           1           0  0.31s           2026-04-28T04:19:34
================================================================================
[2026-04-28T04:20:04.657+0000] {manager.py:879} INFO - 
================================================================================
DAG File Processing Stats

File Path                          PID    Runtime      # DAGs    # Errors  Last Runtime    Last Run
---------------------------------  -----  ---------  --------  ----------  --------------  -------------------
/opt/airflow/dags/pipeline_dag.py                           1           0  0.31s           2026-04-28T04:20:04
================================================================================
[2026-04-28T04:20:18.280+0000] {manager.py:738} INFO - Searching for files in /opt/airflow/dags
[2026-04-28T04:20:18.295+0000] {manager.py:741} INFO - There are 1 files in /opt/airflow/dags
[2026-04-28T04:20:35.080+0000] {manager.py:879} INFO - 
================================================================================
DAG File Processing Stats

File Path                          PID    Runtime      # DAGs    # Errors  Last Runtime    Last Run
---------------------------------  -----  ---------  --------  ----------  --------------  -------------------
/opt/airflow/dags/pipeline_dag.py                           1           0  0.31s           2026-04-28T04:20:35
================================================================================
[2026-04-28T04:21:05.518+0000] {manager.py:879} INFO - 
================================================================================
DAG File Processing Stats

File Path                          PID    Runtime      # DAGs    # Errors  Last Runtime    Last Run
---------------------------------  -----  ---------  --------  ----------  --------------  -------------------
/opt/airflow/dags/pipeline_dag.py                           1           0  0.31s           2026-04-28T04:21:05
================================================================================
[2026-04-28T04:21:35.954+0000] {manager.py:879} INFO - 
================================================================================
DAG File Processing Stats

File Path                          PID    Runtime      # DAGs    # Errors  Last Runtime    Last Run
---------------------------------  -----  ---------  --------  ----------  --------------  -------------------
/opt/airflow/dags/pipeline_dag.py                           1           0  0.31s           2026-04-28T04:21:35
================================================================================
[2026-04-28T04:22:06.388+0000] {manager.py:879} INFO - 
================================================================================
DAG File Processing Stats

File Path                          PID    Runtime      # DAGs    # Errors  Last Runtime    Last Run
---------------------------------  -----  ---------  --------  ----------  --------------  -------------------
/opt/airflow/dags/pipeline_dag.py                           1           0  0.31s           2026-04-28T04:22:06
================================================================================
[2026-04-28T04:22:36.818+0000] {manager.py:879} INFO - 
================================================================================
DAG File Processing Stats

File Path                          PID    Runtime      # DAGs    # Errors  Last Runtime    Last Run
---------------------------------  -----  ---------  --------  ----------  --------------  -------------------
/opt/airflow/dags/pipeline_dag.py                           1           0  0.31s           2026-04-28T04:22:36
================================================================================
[2026-04-28T04:23:07.248+0000] {manager.py:879} INFO - 
================================================================================
DAG File Processing Stats

File Path                          PID    Runtime      # DAGs    # Errors  Last Runtime    Last Run
---------------------------------  -----  ---------  --------  ----------  --------------  -------------------
/opt/airflow/dags/pipeline_dag.py                           1           0  0.31s           2026-04-28T04:23:07
================================================================================
[2026-04-28T04:23:37.678+0000] {manager.py:879} INFO - 
================================================================================
DAG File Processing Stats

File Path                          PID    Runtime      # DAGs    # Errors  Last Runtime    Last Run
---------------------------------  -----  ---------  --------  ----------  --------------  -------------------
/opt/airflow/dags/pipeline_dag.py                           1           0  0.31s           2026-04-28T04:23:37
================================================================================
[2026-04-28T04:24:08.115+0000] {manager.py:879} INFO - 
================================================================================
DAG File Processing Stats

File Path                          PID    Runtime      # DAGs    # Errors  Last Runtime    Last Run
---------------------------------  -----  ---------  --------  ----------  --------------  -------------------
/opt/airflow/dags/pipeline_dag.py                           1           0  0.31s           2026-04-28T04:24:08
================================================================================
[2026-04-28T04:24:38.549+0000] {manager.py:879} INFO - 
================================================================================
DAG File Processing Stats

File Path                          PID    Runtime      # DAGs    # Errors  Last Runtime    Last Run
---------------------------------  -----  ---------  --------  ----------  --------------  -------------------
/opt/airflow/dags/pipeline_dag.py                           1           0  0.31s           2026-04-28T04:24:38
================================================================================
[2026-04-28T04:25:08.977+0000] {manager.py:879} INFO - 
================================================================================
DAG File Processing Stats

File Path                          PID    Runtime      # DAGs    # Errors  Last Runtime    Last Run
---------------------------------  -----  ---------  --------  ----------  --------------  -------------------
/opt/airflow/dags/pipeline_dag.py                           1           0  0.32s           2026-04-28T04:25:08
================================================================================
[2026-04-28T04:25:18.383+0000] {manager.py:738} INFO - Searching for files in /opt/airflow/dags
[2026-04-28T04:25:18.394+0000] {manager.py:741} INFO - There are 1 files in /opt/airflow/dags
[2026-04-28T04:25:39.281+0000] {manager.py:879} INFO - 
================================================================================
DAG File Processing Stats

File Path                          PID    Runtime      # DAGs    # Errors  Last Runtime    Last Run
---------------------------------  -----  ---------  --------  ----------  --------------  -------------------
/opt/airflow/dags/pipeline_dag.py                           1           0  0.21s           2026-04-28T04:25:39
================================================================================
[2026-04-28T04:26:09.560+0000] {manager.py:879} INFO - 
================================================================================
DAG File Processing Stats

File Path                          PID    Runtime      # DAGs    # Errors  Last Runtime    Last Run
---------------------------------  -----  ---------  --------  ----------  --------------  -------------------
/opt/airflow/dags/pipeline_dag.py                           1           0  0.21s           2026-04-28T04:26:09
================================================================================
[2026-04-28T04:26:39.709+0000] {manager.py:879} INFO - 
================================================================================
DAG File Processing Stats

File Path                          PID    Runtime      # DAGs    # Errors  Last Runtime    Last Run
---------------------------------  -----  ---------  --------  ----------  --------------  -------------------
/opt/airflow/dags/pipeline_dag.py                           1           0  0.10s           2026-04-28T04:26:39
================================================================================
[2026-04-28T04:27:09.885+0000] {manager.py:879} INFO - 
================================================================================
DAG File Processing Stats

File Path                          PID    Runtime      # DAGs    # Errors  Last Runtime    Last Run
---------------------------------  -----  ---------  --------  ----------  --------------  -------------------
/opt/airflow/dags/pipeline_dag.py                           1           0  0.11s           2026-04-28T04:27:09
================================================================================
[2026-04-28T04:27:40.061+0000] {manager.py:879} INFO - 
================================================================================
DAG File Processing Stats

File Path                          PID    Runtime      # DAGs    # Errors  Last Runtime    Last Run
---------------------------------  -----  ---------  --------  ----------  --------------  -------------------
/opt/airflow/dags/pipeline_dag.py                           1           0  0.10s           2026-04-28T04:27:40
================================================================================
[2026-04-28T04:28:10.226+0000] {manager.py:879} INFO - 
================================================================================
DAG File Processing Stats

File Path                          PID    Runtime      # DAGs    # Errors  Last Runtime    Last Run
---------------------------------  -----  ---------  --------  ----------  --------------  -------------------
/opt/airflow/dags/pipeline_dag.py                           1           0  0.10s           2026-04-28T04:28:10
================================================================================
[2026-04-28T04:28:40.391+0000] {manager.py:879} INFO - 
================================================================================
DAG File Processing Stats

File Path                          PID    Runtime      # DAGs    # Errors  Last Runtime    Last Run
---------------------------------  -----  ---------  --------  ----------  --------------  -------------------
/opt/airflow/dags/pipeline_dag.py                           1           0  0.10s           2026-04-28T04:28:40
================================================================================
[2026-04-28T04:29:10.558+0000] {manager.py:879} INFO - 
================================================================================
DAG File Processing Stats

File Path                          PID    Runtime      # DAGs    # Errors  Last Runtime    Last Run
---------------------------------  -----  ---------  --------  ----------  --------------  -------------------
/opt/airflow/dags/pipeline_dag.py                           1           0  0.10s           2026-04-28T04:29:10
================================================================================
[2026-04-28T04:29:40.826+0000] {manager.py:879} INFO - 
================================================================================
DAG File Processing Stats

File Path                          PID    Runtime      # DAGs    # Errors  Last Runtime    Last Run
---------------------------------  -----  ---------  --------  ----------  --------------  -------------------
/opt/airflow/dags/pipeline_dag.py                           1           0  0.21s           2026-04-28T04:29:40
================================================================================
[2026-04-28T04:30:10.999+0000] {manager.py:879} INFO - 
================================================================================
DAG File Processing Stats

File Path                          PID    Runtime      # DAGs    # Errors  Last Runtime    Last Run
---------------------------------  -----  ---------  --------  ----------  --------------  -------------------
/opt/airflow/dags/pipeline_dag.py                           1           0  0.11s           2026-04-28T04:30:10
================================================================================
[2026-04-28T04:30:18.469+0000] {manager.py:738} INFO - Searching for files in /opt/airflow/dags
[2026-04-28T04:30:18.474+0000] {manager.py:741} INFO - There are 1 files in /opt/airflow/dags
[2026-04-28T04:30:41.268+0000] {manager.py:879} INFO - 
================================================================================
DAG File Processing Stats

File Path                          PID    Runtime      # DAGs    # Errors  Last Runtime    Last Run
---------------------------------  -----  ---------  --------  ----------  --------------  -------------------
/opt/airflow/dags/pipeline_dag.py                           1           0  0.21s           2026-04-28T04:30:41
================================================================================
[2026-04-28T04:31:11.575+0000] {manager.py:879} INFO - 
================================================================================
DAG File Processing Stats

File Path                          PID    Runtime      # DAGs    # Errors  Last Runtime    Last Run
---------------------------------  -----  ---------  --------  ----------  --------------  -------------------
/opt/airflow/dags/pipeline_dag.py                           1           0  0.21s           2026-04-28T04:31:11
================================================================================
[2026-04-28T04:31:41.833+0000] {manager.py:879} INFO - 
================================================================================
DAG File Processing Stats

File Path                          PID    Runtime      # DAGs    # Errors  Last Runtime    Last Run
---------------------------------  -----  ---------  --------  ----------  --------------  -------------------
/opt/airflow/dags/pipeline_dag.py                           1           0  0.20s           2026-04-28T04:31:41
================================================================================
[2026-04-28T04:32:12.006+0000] {manager.py:879} INFO - 
================================================================================
DAG File Processing Stats

File Path                          PID    Runtime      # DAGs    # Errors  Last Runtime    Last Run
---------------------------------  -----  ---------  --------  ----------  --------------  -------------------
/opt/airflow/dags/pipeline_dag.py                           1           0  0.10s           2026-04-28T04:32:12
================================================================================
[2026-04-28T04:32:42.179+0000] {manager.py:879} INFO - 
================================================================================
DAG File Processing Stats

File Path                          PID    Runtime      # DAGs    # Errors  Last Runtime    Last Run
---------------------------------  -----  ---------  --------  ----------  --------------  -------------------
/opt/airflow/dags/pipeline_dag.py                           1           0  0.10s           2026-04-28T04:32:42
================================================================================
[2026-04-28T04:33:12.455+0000] {manager.py:879} INFO - 
================================================================================
DAG File Processing Stats

File Path                          PID    Runtime      # DAGs    # Errors  Last Runtime    Last Run
---------------------------------  -----  ---------  --------  ----------  --------------  -------------------
/opt/airflow/dags/pipeline_dag.py                           1           0  0.21s           2026-04-28T04:33:12
================================================================================
[2026-04-28T04:33:42.736+0000] {manager.py:879} INFO - 
================================================================================
DAG File Processing Stats

File Path                          PID    Runtime      # DAGs    # Errors  Last Runtime    Last Run
---------------------------------  -----  ---------  --------  ----------  --------------  -------------------
/opt/airflow/dags/pipeline_dag.py                           1           0  0.21s           2026-04-28T04:33:42
================================================================================
[2026-04-28T04:34:13.020+0000] {manager.py:879} INFO - 
================================================================================
DAG File Processing Stats

File Path                          PID    Runtime      # DAGs    # Errors  Last Runtime    Last Run
---------------------------------  -----  ---------  --------  ----------  --------------  -------------------
/opt/airflow/dags/pipeline_dag.py                           1           0  0.20s           2026-04-28T04:34:13
================================================================================
[2026-04-28T04:34:43.293+0000] {manager.py:879} INFO - 
================================================================================
DAG File Processing Stats

File Path                          PID    Runtime      # DAGs    # Errors  Last Runtime    Last Run
---------------------------------  -----  ---------  --------  ----------  --------------  -------------------
/opt/airflow/dags/pipeline_dag.py                           1           0  0.20s           2026-04-28T04:34:43
================================================================================
[2026-04-28T04:35:13.465+0000] {manager.py:879} INFO - 
================================================================================
DAG File Processing Stats

File Path                          PID    Runtime      # DAGs    # Errors  Last Runtime    Last Run
---------------------------------  -----  ---------  --------  ----------  --------------  -------------------
/opt/airflow/dags/pipeline_dag.py                           1           0  0.11s           2026-04-28T04:35:13
================================================================================
[2026-04-28T04:35:18.504+0000] {manager.py:738} INFO - Searching for files in /opt/airflow/dags
[2026-04-28T04:35:18.510+0000] {manager.py:741} INFO - There are 1 files in /opt/airflow/dags
[2026-04-28T04:35:43.638+0000] {manager.py:879} INFO - 
================================================================================
DAG File Processing Stats

File Path                          PID    Runtime      # DAGs    # Errors  Last Runtime    Last Run
---------------------------------  -----  ---------  --------  ----------  --------------  -------------------
/opt/airflow/dags/pipeline_dag.py                           1           0  0.10s           2026-04-28T04:35:43
================================================================================
[2026-04-28T04:36:13.812+0000] {manager.py:879} INFO - 
================================================================================
DAG File Processing Stats

File Path                          PID    Runtime      # DAGs    # Errors  Last Runtime    Last Run
---------------------------------  -----  ---------  --------  ----------  --------------  -------------------
/opt/airflow/dags/pipeline_dag.py                           1           0  0.11s           2026-04-28T04:36:13
================================================================================
[2026-04-28T04:36:43.983+0000] {manager.py:879} INFO - 
================================================================================
DAG File Processing Stats

File Path                          PID    Runtime      # DAGs    # Errors  Last Runtime    Last Run
---------------------------------  -----  ---------  --------  ----------  --------------  -------------------
/opt/airflow/dags/pipeline_dag.py                           1           0  0.10s           2026-04-28T04:36:43
================================================================================
[2026-04-28T04:37:14.153+0000] {manager.py:879} INFO - 
================================================================================
DAG File Processing Stats

File Path                          PID    Runtime      # DAGs    # Errors  Last Runtime    Last Run
---------------------------------  -----  ---------  --------  ----------  --------------  -------------------
/opt/airflow/dags/pipeline_dag.py                           1           0  0.11s           2026-04-28T04:37:14
================================================================================
[2026-04-28T04:37:44.324+0000] {manager.py:879} INFO - 
================================================================================
DAG File Processing Stats

File Path                          PID    Runtime      # DAGs    # Errors  Last Runtime    Last Run
---------------------------------  -----  ---------  --------  ----------  --------------  -------------------
/opt/airflow/dags/pipeline_dag.py                           1           0  0.10s           2026-04-28T04:37:44
================================================================================
[2026-04-28T04:38:14.498+0000] {manager.py:879} INFO - 
================================================================================
DAG File Processing Stats

File Path                          PID    Runtime      # DAGs    # Errors  Last Runtime    Last Run
---------------------------------  -----  ---------  --------  ----------  --------------  -------------------
/opt/airflow/dags/pipeline_dag.py                           1           0  0.10s           2026-04-28T04:38:14
================================================================================
[2026-04-28T04:38:44.670+0000] {manager.py:879} INFO - 
================================================================================
DAG File Processing Stats

File Path                          PID    Runtime      # DAGs    # Errors  Last Runtime    Last Run
---------------------------------  -----  ---------  --------  ----------  --------------  -------------------
/opt/airflow/dags/pipeline_dag.py                           1           0  0.10s           2026-04-28T04:38:44
================================================================================
[2026-04-28T04:39:14.839+0000] {manager.py:879} INFO - 
================================================================================
DAG File Processing Stats

File Path                          PID    Runtime      # DAGs    # Errors  Last Runtime    Last Run
---------------------------------  -----  ---------  --------  ----------  --------------  -------------------
/opt/airflow/dags/pipeline_dag.py                           1           0  0.10s           2026-04-28T04:39:14
================================================================================
[2026-04-28T04:39:45.003+0000] {manager.py:879} INFO - 
================================================================================
DAG File Processing Stats

File Path                          PID    Runtime      # DAGs    # Errors  Last Runtime    Last Run
---------------------------------  -----  ---------  --------  ----------  --------------  -------------------
/opt/airflow/dags/pipeline_dag.py                           1           0  0.10s           2026-04-28T04:39:45
================================================================================
[2026-04-28T04:40:15.173+0000] {manager.py:879} INFO - 
================================================================================
DAG File Processing Stats

File Path                          PID    Runtime      # DAGs    # Errors  Last Runtime    Last Run
---------------------------------  -----  ---------  --------  ----------  --------------  -------------------
/opt/airflow/dags/pipeline_dag.py                           1           0  0.10s           2026-04-28T04:40:15
================================================================================
[2026-04-28T04:40:18.569+0000] {manager.py:738} INFO - Searching for files in /opt/airflow/dags
[2026-04-28T04:40:18.573+0000] {manager.py:741} INFO - There are 1 files in /opt/airflow/dags
[2026-04-28T04:40:45.317+0000] {manager.py:879} INFO - 
================================================================================
DAG File Processing Stats

File Path                          PID    Runtime      # DAGs    # Errors  Last Runtime    Last Run
---------------------------------  -----  ---------  --------  ----------  --------------  -------------------
/opt/airflow/dags/pipeline_dag.py                           1           0  0.10s           2026-04-28T04:40:45
================================================================================
[2026-04-28T04:41:15.633+0000] {manager.py:879} INFO - 
================================================================================
DAG File Processing Stats

File Path                          PID    Runtime      # DAGs    # Errors  Last Runtime    Last Run
---------------------------------  -----  ---------  --------  ----------  --------------  -------------------
/opt/airflow/dags/pipeline_dag.py                           1           0  0.21s           2026-04-28T04:41:15
================================================================================
[2026-04-28T04:41:45.772+0000] {manager.py:879} INFO - 
================================================================================
DAG File Processing Stats

File Path                          PID    Runtime      # DAGs    # Errors  Last Runtime    Last Run
---------------------------------  -----  ---------  --------  ----------  --------------  -------------------
/opt/airflow/dags/pipeline_dag.py                           1           0  0.11s           2026-04-28T04:41:45
================================================================================
[2026-04-28T04:42:16.038+0000] {manager.py:879} INFO - 
================================================================================
DAG File Processing Stats

File Path                          PID    Runtime      # DAGs    # Errors  Last Runtime    Last Run
---------------------------------  -----  ---------  --------  ----------  --------------  -------------------
/opt/airflow/dags/pipeline_dag.py                           1           0  0.21s           2026-04-28T04:42:16
================================================================================
[2026-04-28T04:42:46.215+0000] {manager.py:879} INFO - 
================================================================================
DAG File Processing Stats

File Path                          PID    Runtime      # DAGs    # Errors  Last Runtime    Last Run
---------------------------------  -----  ---------  --------  ----------  --------------  -------------------
/opt/airflow/dags/pipeline_dag.py                           1           0  0.11s           2026-04-28T04:42:46
================================================================================
[2026-04-28T04:43:16.384+0000] {manager.py:879} INFO - 
================================================================================
DAG File Processing Stats

File Path                          PID    Runtime      # DAGs    # Errors  Last Runtime    Last Run
---------------------------------  -----  ---------  --------  ----------  --------------  -------------------
/opt/airflow/dags/pipeline_dag.py                           1           0  0.11s           2026-04-28T04:43:16
================================================================================
[2026-04-28T04:43:46.556+0000] {manager.py:879} INFO - 
================================================================================
DAG File Processing Stats

File Path                          PID    Runtime      # DAGs    # Errors  Last Runtime    Last Run
---------------------------------  -----  ---------  --------  ----------  --------------  -------------------
/opt/airflow/dags/pipeline_dag.py                           1           0  0.10s           2026-04-28T04:43:46
================================================================================
[2026-04-28T04:44:16.832+0000] {manager.py:879} INFO - 
================================================================================
DAG File Processing Stats

File Path                          PID    Runtime      # DAGs    # Errors  Last Runtime    Last Run
---------------------------------  -----  ---------  --------  ----------  --------------  -------------------
/opt/airflow/dags/pipeline_dag.py                           1           0  0.21s           2026-04-28T04:44:16
================================================================================
[2026-04-28T04:44:47.105+0000] {manager.py:879} INFO - 
================================================================================
DAG File Processing Stats

File Path                          PID    Runtime      # DAGs    # Errors  Last Runtime    Last Run
---------------------------------  -----  ---------  --------  ----------  --------------  -------------------
/opt/airflow/dags/pipeline_dag.py                           1           0  0.21s           2026-04-28T04:44:47
================================================================================
[2026-04-28T04:45:17.631+0000] {manager.py:879} INFO - 
================================================================================
DAG File Processing Stats

File Path                          PID    Runtime      # DAGs    # Errors  Last Runtime    Last Run
---------------------------------  -----  ---------  --------  ----------  --------------  -------------------
/opt/airflow/dags/pipeline_dag.py                           1           0  0.42s           2026-04-28T04:45:17
================================================================================
[2026-04-28T04:45:18.622+0000] {manager.py:738} INFO - Searching for files in /opt/airflow/dags
[2026-04-28T04:45:18.629+0000] {manager.py:741} INFO - There are 1 files in /opt/airflow/dags
[2026-04-28T04:45:47.914+0000] {manager.py:879} INFO - 
================================================================================
DAG File Processing Stats

File Path                          PID    Runtime      # DAGs    # Errors  Last Runtime    Last Run
---------------------------------  -----  ---------  --------  ----------  --------------  -------------------
/opt/airflow/dags/pipeline_dag.py                           1           0  0.21s           2026-04-28T04:45:47
================================================================================
[2026-04-28T04:46:23.395+0000] {manager.py:879} INFO - 
================================================================================
DAG File Processing Stats

File Path                          PID    Runtime      # DAGs    # Errors  Last Runtime    Last Run
---------------------------------  -----  ---------  --------  ----------  --------------  -------------------
/opt/airflow/dags/pipeline_dag.py                           1           0  0.10s           2026-04-28T04:46:23
================================================================================
[2026-04-28T04:46:55.529+0000] {manager.py:879} INFO - 
================================================================================
DAG File Processing Stats

File Path                          PID    Runtime      # DAGs    # Errors  Last Runtime    Last Run
---------------------------------  -----  ---------  --------  ----------  --------------  -------------------
/opt/airflow/dags/pipeline_dag.py                           1           0  0.11s           2026-04-28T04:46:55
================================================================================
[2026-04-28T04:47:27.524+0000] {manager.py:879} INFO - 
================================================================================
DAG File Processing Stats

File Path                          PID    Runtime      # DAGs    # Errors  Last Runtime    Last Run
---------------------------------  -----  ---------  --------  ----------  --------------  -------------------
/opt/airflow/dags/pipeline_dag.py                           1           0  0.21s           2026-04-28T04:47:27
================================================================================
[2026-04-28T04:47:58.286+0000] {manager.py:879} INFO - 
================================================================================
DAG File Processing Stats

File Path                          PID    Runtime      # DAGs    # Errors  Last Runtime    Last Run
---------------------------------  -----  ---------  --------  ----------  --------------  -------------------
/opt/airflow/dags/pipeline_dag.py                           1           0  0.21s           2026-04-28T04:47:58
================================================================================
[2026-04-28T04:48:28.624+0000] {manager.py:879} INFO - 
================================================================================
DAG File Processing Stats

File Path                          PID    Runtime      # DAGs    # Errors  Last Runtime    Last Run
---------------------------------  -----  ---------  --------  ----------  --------------  -------------------
/opt/airflow/dags/pipeline_dag.py                           1           0  0.11s           2026-04-28T04:48:28
================================================================================
[2026-04-28T04:48:59.065+0000] {manager.py:879} INFO - 
================================================================================
DAG File Processing Stats

File Path                          PID    Runtime      # DAGs    # Errors  Last Runtime    Last Run
---------------------------------  -----  ---------  --------  ----------  --------------  -------------------
/opt/airflow/dags/pipeline_dag.py                           1           0  0.21s           2026-04-28T04:48:59
================================================================================
[2026-04-28T04:49:29.386+0000] {manager.py:879} INFO - 
================================================================================
DAG File Processing Stats

File Path                          PID    Runtime      # DAGs    # Errors  Last Runtime    Last Run
---------------------------------  -----  ---------  --------  ----------  --------------  -------------------
/opt/airflow/dags/pipeline_dag.py                           1           0  0.10s           2026-04-28T04:49:29
================================================================================
[2026-04-28T04:49:59.813+0000] {manager.py:879} INFO - 
================================================================================
DAG File Processing Stats

File Path                          PID    Runtime      # DAGs    # Errors  Last Runtime    Last Run
---------------------------------  -----  ---------  --------  ----------  --------------  -------------------
/opt/airflow/dags/pipeline_dag.py                           1           0  0.21s           2026-04-28T04:49:59
================================================================================
[2026-04-28T04:50:18.707+0000] {manager.py:738} INFO - Searching for files in /opt/airflow/dags
[2026-04-28T04:50:18.713+0000] {manager.py:741} INFO - There are 1 files in /opt/airflow/dags
[2026-04-28T04:50:30.257+0000] {manager.py:879} INFO - 
================================================================================
DAG File Processing Stats

File Path                          PID    Runtime      # DAGs    # Errors  Last Runtime    Last Run
---------------------------------  -----  ---------  --------  ----------  --------------  -------------------
/opt/airflow/dags/pipeline_dag.py                           1           0  0.21s           2026-04-28T04:50:30
================================================================================
[2026-04-28T04:51:00.583+0000] {manager.py:879} INFO - 
================================================================================
DAG File Processing Stats

File Path                          PID    Runtime      # DAGs    # Errors  Last Runtime    Last Run
---------------------------------  -----  ---------  --------  ----------  --------------  -------------------
/opt/airflow/dags/pipeline_dag.py                           1           0  0.10s           2026-04-28T04:51:00
================================================================================
[2026-04-28T04:51:30.883+0000] {manager.py:879} INFO - 
================================================================================
DAG File Processing Stats

File Path                          PID    Runtime      # DAGs    # Errors  Last Runtime    Last Run
---------------------------------  -----  ---------  --------  ----------  --------------  -------------------
/opt/airflow/dags/pipeline_dag.py                           1           0  0.10s           2026-04-28T04:51:30
================================================================================
[2026-04-28T04:52:01.216+0000] {manager.py:879} INFO - 
================================================================================
DAG File Processing Stats

File Path                          PID    Runtime      # DAGs    # Errors  Last Runtime    Last Run
---------------------------------  -----  ---------  --------  ----------  --------------  -------------------
/opt/airflow/dags/pipeline_dag.py                           1           0  0.11s           2026-04-28T04:52:01
================================================================================
[2026-04-28T04:52:31.539+0000] {manager.py:879} INFO - 
================================================================================
DAG File Processing Stats

File Path                          PID    Runtime      # DAGs    # Errors  Last Runtime    Last Run
---------------------------------  -----  ---------  --------  ----------  --------------  -------------------
/opt/airflow/dags/pipeline_dag.py                           1           0  0.10s           2026-04-28T04:52:31
================================================================================
[2026-04-28T04:53:01.898+0000] {manager.py:879} INFO - 
================================================================================
DAG File Processing Stats

File Path                          PID    Runtime      # DAGs    # Errors  Last Runtime    Last Run
---------------------------------  -----  ---------  --------  ----------  --------------  -------------------
/opt/airflow/dags/pipeline_dag.py                           1           0  0.10s           2026-04-28T04:53:01
================================================================================
[2026-04-28T04:53:32.344+0000] {manager.py:879} INFO - 
================================================================================
DAG File Processing Stats

File Path                          PID    Runtime      # DAGs    # Errors  Last Runtime    Last Run
---------------------------------  -----  ---------  --------  ----------  --------------  -------------------
/opt/airflow/dags/pipeline_dag.py                           1           0  0.21s           2026-04-28T04:53:32
================================================================================
[2026-04-28T04:54:02.749+0000] {manager.py:879} INFO - 
================================================================================
DAG File Processing Stats

File Path                          PID    Runtime      # DAGs    # Errors  Last Runtime    Last Run
---------------------------------  -----  ---------  --------  ----------  --------------  -------------------
/opt/airflow/dags/pipeline_dag.py                           1           0  0.10s           2026-04-28T04:54:02
================================================================================
[2026-04-28T04:54:33.080+0000] {manager.py:879} INFO - 
================================================================================
DAG File Processing Stats

File Path                          PID    Runtime      # DAGs    # Errors  Last Runtime    Last Run
---------------------------------  -----  ---------  --------  ----------  --------------  -------------------
/opt/airflow/dags/pipeline_dag.py                           1           0  0.10s           2026-04-28T04:54:33
================================================================================
[2026-04-28T04:55:03.525+0000] {manager.py:879} INFO - 
================================================================================
DAG File Processing Stats

File Path                          PID    Runtime      # DAGs    # Errors  Last Runtime    Last Run
---------------------------------  -----  ---------  --------  ----------  --------------  -------------------
/opt/airflow/dags/pipeline_dag.py                           1           0  0.21s           2026-04-28T04:55:03
================================================================================
[2026-04-28T04:55:18.763+0000] {manager.py:738} INFO - Searching for files in /opt/airflow/dags
[2026-04-28T04:55:18.769+0000] {manager.py:741} INFO - There are 1 files in /opt/airflow/dags
[2026-04-28T04:55:33.963+0000] {manager.py:879} INFO - 
================================================================================
DAG File Processing Stats

File Path                          PID    Runtime      # DAGs    # Errors  Last Runtime    Last Run
---------------------------------  -----  ---------  --------  ----------  --------------  -------------------
/opt/airflow/dags/pipeline_dag.py                           1           0  0.21s           2026-04-28T04:55:33
================================================================================
[2026-04-28T04:56:05.685+0000] {manager.py:879} INFO - 
================================================================================
DAG File Processing Stats

File Path                          PID    Runtime      # DAGs    # Errors  Last Runtime    Last Run
---------------------------------  -----  ---------  --------  ----------  --------------  -------------------
/opt/airflow/dags/pipeline_dag.py                           1           0  1.32s           2026-04-28T04:56:05
================================================================================
[2026-04-28T04:56:36.100+0000] {manager.py:879} INFO - 
================================================================================
DAG File Processing Stats

File Path                          PID    Runtime      # DAGs    # Errors  Last Runtime    Last Run
---------------------------------  -----  ---------  --------  ----------  --------------  -------------------
/opt/airflow/dags/pipeline_dag.py                           1           0  0.21s           2026-04-28T04:56:36
================================================================================
[2026-04-28T04:57:12.688+0000] {manager.py:879} INFO - 
================================================================================
DAG File Processing Stats

File Path                          PID    Runtime      # DAGs    # Errors  Last Runtime    Last Run
---------------------------------  -----  ---------  --------  ----------  --------------  -------------------
/opt/airflow/dags/pipeline_dag.py                           1           0  0.21s           2026-04-28T04:57:12
================================================================================
[2026-04-28T04:57:51.688+0000] {manager.py:879} INFO - 
================================================================================
DAG File Processing Stats

File Path                          PID    Runtime      # DAGs    # Errors  Last Runtime    Last Run
---------------------------------  -----  ---------  --------  ----------  --------------  -------------------
/opt/airflow/dags/pipeline_dag.py                           1           0  0.21s           2026-04-28T04:57:51
================================================================================
[2026-04-28T04:58:23.098+0000] {manager.py:879} INFO - 
================================================================================
DAG File Processing Stats

File Path                          PID    Runtime      # DAGs    # Errors  Last Runtime    Last Run
---------------------------------  -----  ---------  --------  ----------  --------------  -------------------
/opt/airflow/dags/pipeline_dag.py                           1           0  0.21s           2026-04-28T04:58:23
================================================================================
[2026-04-28T04:58:54.254+0000] {manager.py:879} INFO - 
================================================================================
DAG File Processing Stats

File Path                          PID    Runtime      # DAGs    # Errors  Last Runtime    Last Run
---------------------------------  -----  ---------  --------  ----------  --------------  -------------------
/opt/airflow/dags/pipeline_dag.py                           1           0  0.31s           2026-04-28T04:58:54
================================================================================
[2026-04-28T04:59:25.260+0000] {manager.py:879} INFO - 
================================================================================
DAG File Processing Stats

File Path                          PID    Runtime      # DAGs    # Errors  Last Runtime    Last Run
---------------------------------  -----  ---------  --------  ----------  --------------  -------------------
/opt/airflow/dags/pipeline_dag.py                           1           0  0.21s           2026-04-28T04:59:25
================================================================================
[2026-04-28T04:59:55.637+0000] {manager.py:879} INFO - 
================================================================================
DAG File Processing Stats

File Path                          PID    Runtime      # DAGs    # Errors  Last Runtime    Last Run
---------------------------------  -----  ---------  --------  ----------  --------------  -------------------
/opt/airflow/dags/pipeline_dag.py                           1           0  0.21s           2026-04-28T04:59:55
================================================================================
[2026-04-28T05:00:18.823+0000] {manager.py:738} INFO - Searching for files in /opt/airflow/dags
[2026-04-28T05:00:18.829+0000] {manager.py:741} INFO - There are 1 files in /opt/airflow/dags
[2026-04-28T05:00:26.094+0000] {manager.py:879} INFO - 
================================================================================
DAG File Processing Stats

File Path                          PID    Runtime      # DAGs    # Errors  Last Runtime    Last Run
---------------------------------  -----  ---------  --------  ----------  --------------  -------------------
/opt/airflow/dags/pipeline_dag.py                           1           0  0.21s           2026-04-28T05:00:26
================================================================================
[2026-04-28T05:00:56.445+0000] {manager.py:879} INFO - 
================================================================================
DAG File Processing Stats

File Path                          PID    Runtime      # DAGs    # Errors  Last Runtime    Last Run
---------------------------------  -----  ---------  --------  ----------  --------------  -------------------
/opt/airflow/dags/pipeline_dag.py                           1           0  0.11s           2026-04-28T05:00:56
================================================================================
[2026-04-28T05:01:26.816+0000] {manager.py:879} INFO - 
================================================================================
DAG File Processing Stats

File Path                          PID    Runtime      # DAGs    # Errors  Last Runtime    Last Run
---------------------------------  -----  ---------  --------  ----------  --------------  -------------------
/opt/airflow/dags/pipeline_dag.py                           1           0  0.10s           2026-04-28T05:01:26
================================================================================
[2026-04-28T05:01:57.496+0000] {manager.py:879} INFO - 
================================================================================
DAG File Processing Stats

File Path                          PID    Runtime      # DAGs    # Errors  Last Runtime    Last Run
---------------------------------  -----  ---------  --------  ----------  --------------  -------------------
/opt/airflow/dags/pipeline_dag.py                           1           0  0.21s           2026-04-28T05:01:57
================================================================================
[2026-04-28T05:02:27.980+0000] {manager.py:879} INFO - 
================================================================================
DAG File Processing Stats

File Path                          PID    Runtime      # DAGs    # Errors  Last Runtime    Last Run
---------------------------------  -----  ---------  --------  ----------  --------------  -------------------
/opt/airflow/dags/pipeline_dag.py                           1           0  0.21s           2026-04-28T05:02:27
================================================================================
[2026-04-28T05:02:58.375+0000] {manager.py:879} INFO - 
================================================================================
DAG File Processing Stats

File Path                          PID    Runtime      # DAGs    # Errors  Last Runtime    Last Run
---------------------------------  -----  ---------  --------  ----------  --------------  -------------------
/opt/airflow/dags/pipeline_dag.py                           1           0  0.31s           2026-04-28T05:02:58
================================================================================
[2026-04-28T05:03:28.856+0000] {manager.py:879} INFO - 
================================================================================
DAG File Processing Stats

File Path                          PID    Runtime      # DAGs    # Errors  Last Runtime    Last Run
---------------------------------  -----  ---------  --------  ----------  --------------  -------------------
/opt/airflow/dags/pipeline_dag.py                           1           0  0.21s           2026-04-28T05:03:28
================================================================================
[2026-04-28T05:03:59.203+0000] {manager.py:879} INFO - 
================================================================================
DAG File Processing Stats

File Path                          PID    Runtime      # DAGs    # Errors  Last Runtime    Last Run
---------------------------------  -----  ---------  --------  ----------  --------------  -------------------
/opt/airflow/dags/pipeline_dag.py                           1           0  0.11s           2026-04-28T05:03:59
================================================================================
[2026-04-28T05:04:29.658+0000] {manager.py:879} INFO - 
================================================================================
DAG File Processing Stats

File Path                          PID    Runtime      # DAGs    # Errors  Last Runtime    Last Run
---------------------------------  -----  ---------  --------  ----------  --------------  -------------------
/opt/airflow/dags/pipeline_dag.py                           1           0  0.21s           2026-04-28T05:04:29
================================================================================
[2026-04-28T05:05:00.186+0000] {manager.py:879} INFO - 
================================================================================
DAG File Processing Stats

File Path                          PID    Runtime      # DAGs    # Errors  Last Runtime    Last Run
---------------------------------  -----  ---------  --------  ----------  --------------  -------------------
/opt/airflow/dags/pipeline_dag.py                           1           0  0.22s           2026-04-28T05:05:00
================================================================================
[2026-04-28T05:05:18.873+0000] {manager.py:738} INFO - Searching for files in /opt/airflow/dags
[2026-04-28T05:05:18.880+0000] {manager.py:741} INFO - There are 1 files in /opt/airflow/dags
[2026-04-28T05:05:30.677+0000] {manager.py:879} INFO - 
================================================================================
DAG File Processing Stats

File Path                          PID    Runtime      # DAGs    # Errors  Last Runtime    Last Run
---------------------------------  -----  ---------  --------  ----------  --------------  -------------------
/opt/airflow/dags/pipeline_dag.py                           1           0  0.21s           2026-04-28T05:05:30
================================================================================
[2026-04-28T05:06:01.129+0000] {manager.py:879} INFO - 
================================================================================
DAG File Processing Stats

File Path                          PID    Runtime      # DAGs    # Errors  Last Runtime    Last Run
---------------------------------  -----  ---------  --------  ----------  --------------  -------------------
/opt/airflow/dags/pipeline_dag.py                           1           0  0.21s           2026-04-28T05:06:01
================================================================================
[2026-04-28T05:07:08.776+0000] {manager.py:469} INFO - Processing files using up to 1 processes at a time 
[2026-04-28T05:07:08.779+0000] {manager.py:470} INFO - Process each file at most once every 30 seconds
[2026-04-28T05:07:08.784+0000] {manager.py:471} INFO - Checking for new files in /opt/airflow/dags every 300 seconds
[2026-04-28T05:07:08.790+0000] {manager.py:738} INFO - Searching for files in /opt/airflow/dags
[2026-04-28T05:07:08.831+0000] {manager.py:741} INFO - There are 1 files in /opt/airflow/dags
[2026-04-28T05:08:33.446+0000] {manager.py:469} INFO - Processing files using up to 1 processes at a time 
[2026-04-28T05:08:33.449+0000] {manager.py:470} INFO - Process each file at most once every 30 seconds
[2026-04-28T05:08:33.452+0000] {manager.py:471} INFO - Checking for new files in /opt/airflow/dags every 300 seconds
[2026-04-28T05:08:33.455+0000] {manager.py:738} INFO - Searching for files in /opt/airflow/dags
[2026-04-28T05:08:33.472+0000] {manager.py:741} INFO - There are 1 files in /opt/airflow/dags
[2026-04-28T05:08:39.602+0000] {manager.py:879} INFO - 
================================================================================
DAG File Processing Stats

File Path                          PID    Runtime      # DAGs    # Errors  Last Runtime    Last Run
---------------------------------  -----  ---------  --------  ----------  --------------  -------------------
/opt/airflow/dags/pipeline_dag.py                           1           0  1.98s           2026-04-28T05:08:39
================================================================================
[2026-04-28T05:11:04.598+0000] {manager.py:469} INFO - Processing files using up to 1 processes at a time 
[2026-04-28T05:11:04.599+0000] {manager.py:470} INFO - Process each file at most once every 30 seconds
[2026-04-28T05:11:04.599+0000] {manager.py:471} INFO - Checking for new files in /opt/airflow/dags every 300 seconds
[2026-04-28T05:11:04.600+0000] {manager.py:738} INFO - Searching for files in /opt/airflow/dags
[2026-04-28T05:11:04.604+0000] {manager.py:741} INFO - There are 1 files in /opt/airflow/dags
[2026-04-28T05:11:05.101+0000] {manager.py:879} INFO - 
================================================================================
DAG File Processing Stats

File Path                          PID    Runtime      # DAGs    # Errors  Last Runtime    Last Run
---------------------------------  -----  ---------  --------  ----------  --------------  -------------------
/opt/airflow/dags/pipeline_dag.py                           1           0  0.41s           2026-04-28T05:11:05
================================================================================
[2026-04-28T05:12:15.363+0000] {manager.py:879} INFO - 
================================================================================
DAG File Processing Stats

File Path                          PID    Runtime      # DAGs    # Errors  Last Runtime    Last Run
---------------------------------  -----  ---------  --------  ----------  --------------  -------------------
/opt/airflow/dags/pipeline_dag.py                           1           0  0.32s           2026-04-28T05:12:15
================================================================================
[2026-04-28T05:12:54.317+0000] {manager.py:879} INFO - 
================================================================================
DAG File Processing Stats

File Path                          PID    Runtime      # DAGs    # Errors  Last Runtime    Last Run
---------------------------------  -----  ---------  --------  ----------  --------------  -------------------
/opt/airflow/dags/pipeline_dag.py                           1           0  0.21s           2026-04-28T05:12:54
================================================================================
[2026-04-28T05:13:25.575+0000] {manager.py:879} INFO - 
================================================================================
DAG File Processing Stats

File Path                          PID    Runtime      # DAGs    # Errors  Last Runtime    Last Run
---------------------------------  -----  ---------  --------  ----------  --------------  -------------------
/opt/airflow/dags/pipeline_dag.py                           1           0  0.33s           2026-04-28T05:13:25
================================================================================
[2026-04-28T05:13:56.486+0000] {manager.py:879} INFO - 
================================================================================
DAG File Processing Stats

File Path                          PID    Runtime      # DAGs    # Errors  Last Runtime    Last Run
---------------------------------  -----  ---------  --------  ----------  --------------  -------------------
/opt/airflow/dags/pipeline_dag.py                           1           0  0.11s           2026-04-28T05:13:56
================================================================================
[2026-04-28T05:14:27.664+0000] {manager.py:879} INFO - 
================================================================================
DAG File Processing Stats

File Path                          PID    Runtime      # DAGs    # Errors  Last Runtime    Last Run
---------------------------------  -----  ---------  --------  ----------  --------------  -------------------
/opt/airflow/dags/pipeline_dag.py                           1           0  0.21s           2026-04-28T05:14:27
================================================================================
[2026-04-28T05:14:58.148+0000] {manager.py:879} INFO - 
================================================================================
DAG File Processing Stats

File Path                          PID    Runtime      # DAGs    # Errors  Last Runtime    Last Run
---------------------------------  -----  ---------  --------  ----------  --------------  -------------------
/opt/airflow/dags/pipeline_dag.py                           1           0  0.21s           2026-04-28T05:14:58
================================================================================
[2026-04-28T05:34:13.381+0000] {manager.py:469} INFO - Processing files using up to 1 processes at a time 
[2026-04-28T05:34:13.382+0000] {manager.py:470} INFO - Process each file at most once every 30 seconds
[2026-04-28T05:34:13.383+0000] {manager.py:471} INFO - Checking for new files in /opt/airflow/dags every 300 seconds
[2026-04-28T05:34:13.384+0000] {manager.py:738} INFO - Searching for files in /opt/airflow/dags
[2026-04-28T05:34:13.392+0000] {manager.py:741} INFO - There are 1 files in /opt/airflow/dags
[2026-04-28T05:34:14.721+0000] {manager.py:879} INFO - 
================================================================================
DAG File Processing Stats

File Path                          PID    Runtime      # DAGs    # Errors  Last Runtime    Last Run
---------------------------------  -----  ---------  --------  ----------  --------------  -------------------
/opt/airflow/dags/pipeline_dag.py                           1           0  0.82s           2026-04-28T05:34:14
================================================================================
[2026-04-28T05:35:11.921+0000] {manager.py:879} INFO - 
================================================================================
DAG File Processing Stats

File Path                          PID    Runtime      # DAGs    # Errors  Last Runtime    Last Run
---------------------------------  -----  ---------  --------  ----------  --------------  -------------------
/opt/airflow/dags/pipeline_dag.py                           1           0  0.21s           2026-04-28T05:35:11
================================================================================
[2026-04-28T05:35:52.752+0000] {manager.py:469} INFO - Processing files using up to 1 processes at a time 
[2026-04-28T05:35:52.753+0000] {manager.py:470} INFO - Process each file at most once every 30 seconds
[2026-04-28T05:35:52.753+0000] {manager.py:471} INFO - Checking for new files in /opt/airflow/dags every 300 seconds
[2026-04-28T05:35:52.754+0000] {manager.py:738} INFO - Searching for files in /opt/airflow/dags
[2026-04-28T05:35:52.760+0000] {manager.py:741} INFO - There are 1 files in /opt/airflow/dags
[2026-04-28T05:35:53.506+0000] {manager.py:879} INFO - 
================================================================================
DAG File Processing Stats

File Path                          PID    Runtime      # DAGs    # Errors  Last Runtime    Last Run
---------------------------------  -----  ---------  --------  ----------  --------------  -------------------
/opt/airflow/dags/pipeline_dag.py                           1           0  0.52s           2026-04-28T05:35:53
================================================================================
[2026-04-28T05:36:45.471+0000] {manager.py:879} INFO - 
================================================================================
DAG File Processing Stats

File Path                          PID    Runtime      # DAGs    # Errors  Last Runtime    Last Run
---------------------------------  -----  ---------  --------  ----------  --------------  -------------------
/opt/airflow/dags/pipeline_dag.py                           1           0  0.21s           2026-04-28T05:36:45
================================================================================
[2026-04-28T05:37:16.412+0000] {manager.py:879} INFO - 
================================================================================
DAG File Processing Stats

File Path                          PID    Runtime      # DAGs    # Errors  Last Runtime    Last Run
---------------------------------  -----  ---------  --------  ----------  --------------  -------------------
/opt/airflow/dags/pipeline_dag.py                           1           0  0.21s           2026-04-28T05:37:16
================================================================================
[2026-04-28T05:37:47.547+0000] {manager.py:879} INFO - 
================================================================================
DAG File Processing Stats

File Path                          PID    Runtime      # DAGs    # Errors  Last Runtime    Last Run
---------------------------------  -----  ---------  --------  ----------  --------------  -------------------
/opt/airflow/dags/pipeline_dag.py                           1           0  0.11s           2026-04-28T05:37:47
================================================================================
[2026-04-28T05:38:18.157+0000] {manager.py:879} INFO - 
================================================================================
DAG File Processing Stats

File Path                          PID    Runtime      # DAGs    # Errors  Last Runtime    Last Run
---------------------------------  -----  ---------  --------  ----------  --------------  -------------------
/opt/airflow/dags/pipeline_dag.py                           1           0  0.11s           2026-04-28T05:38:18
================================================================================
[2026-04-28T05:38:48.525+0000] {manager.py:879} INFO - 
================================================================================
DAG File Processing Stats

File Path                          PID    Runtime      # DAGs    # Errors  Last Runtime    Last Run
---------------------------------  -----  ---------  --------  ----------  --------------  -------------------
/opt/airflow/dags/pipeline_dag.py                           1           0  0.11s           2026-04-28T05:38:48
================================================================================
[2026-04-28T05:39:18.781+0000] {manager.py:879} INFO - 
================================================================================
DAG File Processing Stats

File Path                          PID    Runtime      # DAGs    # Errors  Last Runtime    Last Run
---------------------------------  -----  ---------  --------  ----------  --------------  -------------------
/opt/airflow/dags/pipeline_dag.py                           1           0  0.11s           2026-04-28T05:39:18
================================================================================
[2026-04-28T05:44:15.633+0000] {manager.py:469} INFO - Processing files using up to 1 processes at a time 
[2026-04-28T05:44:15.634+0000] {manager.py:470} INFO - Process each file at most once every 30 seconds
[2026-04-28T05:44:15.635+0000] {manager.py:471} INFO - Checking for new files in /opt/airflow/dags every 300 seconds
[2026-04-28T05:44:15.637+0000] {manager.py:738} INFO - Searching for files in /opt/airflow/dags
[2026-04-28T05:44:15.643+0000] {manager.py:741} INFO - There are 1 files in /opt/airflow/dags
[2026-04-28T05:44:16.060+0000] {manager.py:879} INFO - 
================================================================================
DAG File Processing Stats

File Path                          PID    Runtime      # DAGs    # Errors  Last Runtime    Last Run
---------------------------------  -----  ---------  --------  ----------  --------------  -------------------
/opt/airflow/dags/pipeline_dag.py                           1           0  0.31s           2026-04-28T05:44:16
================================================================================
[2026-04-28T05:45:35.903+0000] {manager.py:451} INFO - Exiting gracefully upon receiving signal 15
[2026-04-28T05:45:36.230+0000] {manager.py:469} INFO - Processing files using up to 1 processes at a time 
[2026-04-28T05:45:36.232+0000] {manager.py:470} INFO - Process each file at most once every 30 seconds
[2026-04-28T05:45:36.233+0000] {manager.py:471} INFO - Checking for new files in /opt/airflow/dags every 300 seconds
[2026-04-28T05:45:36.235+0000] {manager.py:738} INFO - Searching for files in /opt/airflow/dags
[2026-04-28T05:45:36.245+0000] {manager.py:741} INFO - There are 1 files in /opt/airflow/dags
[2026-04-28T05:45:36.619+0000] {manager.py:879} INFO - 
================================================================================
DAG File Processing Stats

File Path                          PID    Runtime      # DAGs    # Errors  Last Runtime    Last Run
---------------------------------  -----  ---------  --------  ----------  --------------  -------------------
/opt/airflow/dags/pipeline_dag.py                           1           0  0.31s           2026-04-28T05:45:36
================================================================================
[2026-04-28T05:46:17.125+0000] {manager.py:879} INFO - 
================================================================================
DAG File Processing Stats

File Path                          PID    Runtime      # DAGs    # Errors  Last Runtime    Last Run
---------------------------------  -----  ---------  --------  ----------  --------------  -------------------
/opt/airflow/dags/pipeline_dag.py                           1           0  0.21s           2026-04-28T05:46:17
================================================================================
[2026-04-28T05:46:47.819+0000] {manager.py:879} INFO - 
================================================================================
DAG File Processing Stats

File Path                          PID    Runtime      # DAGs    # Errors  Last Runtime    Last Run
---------------------------------  -----  ---------  --------  ----------  --------------  -------------------
/opt/airflow/dags/pipeline_dag.py                           1           0  0.11s           2026-04-28T05:46:47
================================================================================
[2026-04-28T05:47:18.252+0000] {manager.py:879} INFO - 
================================================================================
DAG File Processing Stats

File Path                          PID    Runtime      # DAGs    # Errors  Last Runtime    Last Run
---------------------------------  -----  ---------  --------  ----------  --------------  -------------------
/opt/airflow/dags/pipeline_dag.py                           1           0  0.11s           2026-04-28T05:47:18
================================================================================
[2026-04-28T05:47:48.537+0000] {manager.py:879} INFO - 
================================================================================
DAG File Processing Stats

File Path                          PID    Runtime      # DAGs    # Errors  Last Runtime    Last Run
---------------------------------  -----  ---------  --------  ----------  --------------  -------------------
/opt/airflow/dags/pipeline_dag.py                           1           0  0.21s           2026-04-28T05:47:48
================================================================================
[2026-04-28T05:48:19.088+0000] {manager.py:879} INFO - 
================================================================================
DAG File Processing Stats

File Path                          PID    Runtime      # DAGs    # Errors  Last Runtime    Last Run
---------------------------------  -----  ---------  --------  ----------  --------------  -------------------
/opt/airflow/dags/pipeline_dag.py                           1           0  0.11s           2026-04-28T05:48:19
================================================================================
[2026-04-28T05:48:49.790+0000] {manager.py:879} INFO - 
================================================================================
DAG File Processing Stats

File Path                          PID    Runtime      # DAGs    # Errors  Last Runtime    Last Run
---------------------------------  -----  ---------  --------  ----------  --------------  -------------------
/opt/airflow/dags/pipeline_dag.py                           1           0  0.21s           2026-04-28T05:48:49
================================================================================
[2026-04-28T05:49:20.202+0000] {manager.py:879} INFO - 
================================================================================
DAG File Processing Stats

File Path                          PID    Runtime      # DAGs    # Errors  Last Runtime    Last Run
---------------------------------  -----  ---------  --------  ----------  --------------  -------------------
/opt/airflow/dags/pipeline_dag.py                           1           0  0.21s           2026-04-28T05:49:20
================================================================================
[2026-04-28T05:49:50.539+0000] {manager.py:879} INFO - 
================================================================================
DAG File Processing Stats

File Path                          PID    Runtime      # DAGs    # Errors  Last Runtime    Last Run
---------------------------------  -----  ---------  --------  ----------  --------------  -------------------
/opt/airflow/dags/pipeline_dag.py                           1           0  0.21s           2026-04-28T05:49:50
================================================================================
[2026-04-28T05:50:35.109+0000] {manager.py:469} INFO - Processing files using up to 1 processes at a time 
[2026-04-28T05:50:35.112+0000] {manager.py:470} INFO - Process each file at most once every 30 seconds
[2026-04-28T05:50:35.114+0000] {manager.py:471} INFO - Checking for new files in /opt/airflow/dags every 300 seconds
[2026-04-28T05:50:35.115+0000] {manager.py:738} INFO - Searching for files in /opt/airflow/dags
[2026-04-28T05:50:35.125+0000] {manager.py:741} INFO - There are 1 files in /opt/airflow/dags
[2026-04-28T05:50:36.225+0000] {manager.py:879} INFO - 
================================================================================
DAG File Processing Stats

File Path                          PID    Runtime      # DAGs    # Errors  Last Runtime    Last Run
---------------------------------  -----  ---------  --------  ----------  --------------  -------------------
/opt/airflow/dags/pipeline_dag.py                           1           0  0.42s           2026-04-28T05:50:36
================================================================================
[2026-04-28T05:51:39.757+0000] {manager.py:469} INFO - Processing files using up to 1 processes at a time 
[2026-04-28T05:51:39.758+0000] {manager.py:470} INFO - Process each file at most once every 30 seconds
[2026-04-28T05:51:39.759+0000] {manager.py:471} INFO - Checking for new files in /opt/airflow/dags every 300 seconds
[2026-04-28T05:51:39.760+0000] {manager.py:738} INFO - Searching for files in /opt/airflow/dags
[2026-04-28T05:51:39.768+0000] {manager.py:741} INFO - There are 1 files in /opt/airflow/dags
[2026-04-28T05:51:40.463+0000] {manager.py:879} INFO - 
================================================================================
DAG File Processing Stats

File Path                          PID    Runtime      # DAGs    # Errors  Last Runtime    Last Run
---------------------------------  -----  ---------  --------  ----------  --------------  -------------------
/opt/airflow/dags/pipeline_dag.py                           1           0  0.52s           2026-04-28T05:51:40
================================================================================
[2026-04-28T05:52:11.260+0000] {manager.py:879} INFO - 
================================================================================
DAG File Processing Stats

File Path                          PID    Runtime      # DAGs    # Errors  Last Runtime    Last Run
---------------------------------  -----  ---------  --------  ----------  --------------  -------------------
/opt/airflow/dags/pipeline_dag.py                           1           0  0.62s           2026-04-28T05:52:11
================================================================================
[2026-04-28T05:52:41.908+0000] {manager.py:879} INFO - 
================================================================================
DAG File Processing Stats

File Path                          PID    Runtime      # DAGs    # Errors  Last Runtime    Last Run
---------------------------------  -----  ---------  --------  ----------  --------------  -------------------
/opt/airflow/dags/pipeline_dag.py                           1           0  0.21s           2026-04-28T05:52:41
================================================================================
[2026-04-28T05:53:12.618+0000] {manager.py:879} INFO - 
================================================================================
DAG File Processing Stats

File Path                          PID    Runtime      # DAGs    # Errors  Last Runtime    Last Run
---------------------------------  -----  ---------  --------  ----------  --------------  -------------------
/opt/airflow/dags/pipeline_dag.py                           1           0  0.22s           2026-04-28T05:53:12
================================================================================
[2026-04-28T05:53:43.170+0000] {manager.py:879} INFO - 
================================================================================
DAG File Processing Stats

File Path                          PID    Runtime      # DAGs    # Errors  Last Runtime    Last Run
---------------------------------  -----  ---------  --------  ----------  --------------  -------------------
/opt/airflow/dags/pipeline_dag.py                           1           0  0.21s           2026-04-28T05:53:43
================================================================================
[2026-04-28T05:54:13.615+0000] {manager.py:879} INFO - 
================================================================================
DAG File Processing Stats

File Path                          PID    Runtime      # DAGs    # Errors  Last Runtime    Last Run
---------------------------------  -----  ---------  --------  ----------  --------------  -------------------
/opt/airflow/dags/pipeline_dag.py                           1           0  0.11s           2026-04-28T05:54:13
================================================================================
[2026-04-28T05:54:44.161+0000] {manager.py:879} INFO - 
================================================================================
DAG File Processing Stats

File Path                          PID    Runtime      # DAGs    # Errors  Last Runtime    Last Run
---------------------------------  -----  ---------  --------  ----------  --------------  -------------------
/opt/airflow/dags/pipeline_dag.py                           1           0  0.21s           2026-04-28T05:54:44
================================================================================
[2026-04-28T05:55:14.700+0000] {manager.py:879} INFO - 
================================================================================
DAG File Processing Stats

File Path                          PID    Runtime      # DAGs    # Errors  Last Runtime    Last Run
---------------------------------  -----  ---------  --------  ----------  --------------  -------------------
/opt/airflow/dags/pipeline_dag.py                           1           0  0.21s           2026-04-28T05:55:14
================================================================================
[2026-04-28T05:55:44.921+0000] {manager.py:879} INFO - 
================================================================================
DAG File Processing Stats

File Path                          PID    Runtime      # DAGs    # Errors  Last Runtime    Last Run
---------------------------------  -----  ---------  --------  ----------  --------------  -------------------
/opt/airflow/dags/pipeline_dag.py                           1           0  0.21s           2026-04-28T05:55:44
================================================================================
[2026-04-28T05:56:22.233+0000] {manager.py:879} INFO - 
================================================================================
DAG File Processing Stats

File Path                          PID    Runtime      # DAGs    # Errors  Last Runtime    Last Run
---------------------------------  -----  ---------  --------  ----------  --------------  -------------------
/opt/airflow/dags/pipeline_dag.py                           1           0  0.21s           2026-04-28T05:56:22
================================================================================
[2026-04-28T05:57:05.760+0000] {manager.py:738} INFO - Searching for files in /opt/airflow/dags
[2026-04-28T05:57:05.767+0000] {manager.py:741} INFO - There are 1 files in /opt/airflow/dags
[2026-04-28T05:57:06.002+0000] {manager.py:879} INFO - 
================================================================================
DAG File Processing Stats

File Path                          PID    Runtime      # DAGs    # Errors  Last Runtime    Last Run
---------------------------------  -----  ---------  --------  ----------  --------------  -------------------
/opt/airflow/dags/pipeline_dag.py                           1           0  0.21s           2026-04-28T05:57:06
================================================================================
[2026-04-28T05:57:36.775+0000] {manager.py:879} INFO - 
================================================================================
DAG File Processing Stats

File Path                          PID    Runtime      # DAGs    # Errors  Last Runtime    Last Run
---------------------------------  -----  ---------  --------  ----------  --------------  -------------------
/opt/airflow/dags/pipeline_dag.py                           1           0  0.21s           2026-04-28T05:57:36
================================================================================
[2026-04-28T05:58:07.087+0000] {manager.py:879} INFO - 
================================================================================
DAG File Processing Stats

File Path                          PID    Runtime      # DAGs    # Errors  Last Runtime    Last Run
---------------------------------  -----  ---------  --------  ----------  --------------  -------------------
/opt/airflow/dags/pipeline_dag.py                           1           0  0.21s           2026-04-28T05:58:07
================================================================================
[2026-04-28T05:58:37.419+0000] {manager.py:879} INFO - 
================================================================================
DAG File Processing Stats

File Path                          PID    Runtime      # DAGs    # Errors  Last Runtime    Last Run
---------------------------------  -----  ---------  --------  ----------  --------------  -------------------
/opt/airflow/dags/pipeline_dag.py                           1           0  0.21s           2026-04-28T05:58:37
================================================================================
[2026-04-28T05:59:07.797+0000] {manager.py:879} INFO - 
================================================================================
DAG File Processing Stats

File Path                          PID    Runtime      # DAGs    # Errors  Last Runtime    Last Run
---------------------------------  -----  ---------  --------  ----------  --------------  -------------------
/opt/airflow/dags/pipeline_dag.py                           1           0  0.24s           2026-04-28T05:59:07
================================================================================
[2026-04-28T05:59:38.117+0000] {manager.py:879} INFO - 
================================================================================
DAG File Processing Stats

File Path                          PID    Runtime      # DAGs    # Errors  Last Runtime    Last Run
---------------------------------  -----  ---------  --------  ----------  --------------  -------------------
/opt/airflow/dags/pipeline_dag.py                           1           0  0.21s           2026-04-28T05:59:38
================================================================================
[2026-04-28T06:00:08.317+0000] {manager.py:879} INFO - 
================================================================================
DAG File Processing Stats

File Path                          PID    Runtime      # DAGs    # Errors  Last Runtime    Last Run
---------------------------------  -----  ---------  --------  ----------  --------------  -------------------
/opt/airflow/dags/pipeline_dag.py                           1           0  0.11s           2026-04-28T06:00:08
================================================================================
[2026-04-28T06:00:38.885+0000] {manager.py:879} INFO - 
================================================================================
DAG File Processing Stats

File Path                          PID    Runtime      # DAGs    # Errors  Last Runtime    Last Run
---------------------------------  -----  ---------  --------  ----------  --------------  -------------------
/opt/airflow/dags/pipeline_dag.py                           1           0  0.21s           2026-04-28T06:00:38
================================================================================
[2026-04-28T06:01:09.299+0000] {manager.py:879} INFO - 
================================================================================
DAG File Processing Stats

File Path                          PID    Runtime      # DAGs    # Errors  Last Runtime    Last Run
---------------------------------  -----  ---------  --------  ----------  --------------  -------------------
/opt/airflow/dags/pipeline_dag.py                           1           0  0.21s           2026-04-28T06:01:09
================================================================================
[2026-04-28T06:01:39.667+0000] {manager.py:879} INFO - 
================================================================================
DAG File Processing Stats

File Path                          PID    Runtime      # DAGs    # Errors  Last Runtime    Last Run
---------------------------------  -----  ---------  --------  ----------  --------------  -------------------
/opt/airflow/dags/pipeline_dag.py                           1           0  0.21s           2026-04-28T06:01:39
================================================================================
[2026-04-28T06:02:05.629+0000] {manager.py:469} INFO - Processing files using up to 1 processes at a time 
[2026-04-28T06:02:05.629+0000] {manager.py:470} INFO - Process each file at most once every 30 seconds
[2026-04-28T06:02:05.630+0000] {manager.py:471} INFO - Checking for new files in /opt/airflow/dags every 300 seconds
[2026-04-28T06:02:05.631+0000] {manager.py:738} INFO - Searching for files in /opt/airflow/dags
[2026-04-28T06:02:05.635+0000] {manager.py:741} INFO - There are 1 files in /opt/airflow/dags
[2026-04-28T06:02:06.044+0000] {manager.py:879} INFO - 
================================================================================
DAG File Processing Stats

File Path                          PID    Runtime      # DAGs    # Errors  Last Runtime    Last Run
---------------------------------  -----  ---------  --------  ----------  --------------  -------------------
/opt/airflow/dags/pipeline_dag.py                           1           0  0.31s           2026-04-28T06:02:06
================================================================================
[2026-04-28T06:02:39.301+0000] {manager.py:879} INFO - 
================================================================================
DAG File Processing Stats

File Path                          PID    Runtime      # DAGs    # Errors  Last Runtime    Last Run
---------------------------------  -----  ---------  --------  ----------  --------------  -------------------
/opt/airflow/dags/pipeline_dag.py                           1           0  2.28s           2026-04-28T06:02:39
================================================================================
[2026-04-28T06:03:09.720+0000] {manager.py:879} INFO - 
================================================================================
DAG File Processing Stats

File Path                          PID    Runtime      # DAGs    # Errors  Last Runtime    Last Run
---------------------------------  -----  ---------  --------  ----------  --------------  -------------------
/opt/airflow/dags/pipeline_dag.py                           1           0  0.21s           2026-04-28T06:03:09
================================================================================
[2026-04-28T06:03:41.353+0000] {manager.py:879} INFO - 
================================================================================
DAG File Processing Stats

File Path                          PID    Runtime      # DAGs    # Errors  Last Runtime    Last Run
---------------------------------  -----  ---------  --------  ----------  --------------  -------------------
/opt/airflow/dags/pipeline_dag.py                           1           0  0.65s           2026-04-28T06:03:41
================================================================================
[2026-04-28T06:04:19.353+0000] {manager.py:879} INFO - 
================================================================================
DAG File Processing Stats

File Path                          PID    Runtime      # DAGs    # Errors  Last Runtime    Last Run
---------------------------------  -----  ---------  --------  ----------  --------------  -------------------
/opt/airflow/dags/pipeline_dag.py                           1           0  0.32s           2026-04-28T06:04:19
================================================================================
[2026-04-28T08:56:37.333+0000] {manager.py:469} INFO - Processing files using up to 1 processes at a time 
[2026-04-28T08:56:37.335+0000] {manager.py:470} INFO - Process each file at most once every 30 seconds
[2026-04-28T08:56:37.335+0000] {manager.py:471} INFO - Checking for new files in /opt/airflow/dags every 300 seconds
[2026-04-28T08:56:37.336+0000] {manager.py:738} INFO - Searching for files in /opt/airflow/dags
[2026-04-28T08:56:37.341+0000] {manager.py:741} INFO - There are 1 files in /opt/airflow/dags
[2026-04-28T08:56:37.945+0000] {manager.py:879} INFO - 
================================================================================
DAG File Processing Stats

File Path                          PID    Runtime      # DAGs    # Errors  Last Runtime    Last Run
---------------------------------  -----  ---------  --------  ----------  --------------  -------------------
/opt/airflow/dags/pipeline_dag.py                           1           0  0.41s           2026-04-28T08:56:37
================================================================================
[2026-04-28T08:57:09.073+0000] {manager.py:879} INFO - 
================================================================================
DAG File Processing Stats

File Path                          PID    Runtime      # DAGs    # Errors  Last Runtime    Last Run
---------------------------------  -----  ---------  --------  ----------  --------------  -------------------
/opt/airflow/dags/pipeline_dag.py                           1           0  0.21s           2026-04-28T08:57:09
================================================================================
[2026-04-28T08:57:39.596+0000] {manager.py:879} INFO - 
================================================================================
DAG File Processing Stats

File Path                          PID    Runtime      # DAGs    # Errors  Last Runtime    Last Run
---------------------------------  -----  ---------  --------  ----------  --------------  -------------------
/opt/airflow/dags/pipeline_dag.py                           1           0  0.31s           2026-04-28T08:57:39
================================================================================
[2026-04-28T08:58:11.491+0000] {manager.py:879} INFO - 
================================================================================
DAG File Processing Stats

File Path                          PID    Runtime      # DAGs    # Errors  Last Runtime    Last Run
---------------------------------  -----  ---------  --------  ----------  --------------  -------------------
/opt/airflow/dags/pipeline_dag.py                           1           0  0.78s           2026-04-28T08:58:11
================================================================================
[2026-04-28T08:58:42.443+0000] {manager.py:879} INFO - 
================================================================================
DAG File Processing Stats

File Path                          PID    Runtime      # DAGs    # Errors  Last Runtime    Last Run
---------------------------------  -----  ---------  --------  ----------  --------------  -------------------
/opt/airflow/dags/pipeline_dag.py                           1           0  0.21s           2026-04-28T08:58:42
================================================================================
[2026-04-28T08:59:12.766+0000] {manager.py:879} INFO - 
================================================================================
DAG File Processing Stats

File Path                          PID    Runtime      # DAGs    # Errors  Last Runtime    Last Run
---------------------------------  -----  ---------  --------  ----------  --------------  -------------------
/opt/airflow/dags/pipeline_dag.py                           1           0  0.21s           2026-04-28T08:59:12
================================================================================
[2026-04-28T08:59:43.585+0000] {manager.py:879} INFO - 
================================================================================
DAG File Processing Stats

File Path                          PID    Runtime      # DAGs    # Errors  Last Runtime    Last Run
---------------------------------  -----  ---------  --------  ----------  --------------  -------------------
/opt/airflow/dags/pipeline_dag.py                           1           0  0.21s           2026-04-28T08:59:43
================================================================================
[2026-04-28T09:00:13.883+0000] {manager.py:879} INFO - 
================================================================================
DAG File Processing Stats

File Path                          PID    Runtime      # DAGs    # Errors  Last Runtime    Last Run
---------------------------------  -----  ---------  --------  ----------  --------------  -------------------
/opt/airflow/dags/pipeline_dag.py                           1           0  0.11s           2026-04-28T09:00:13
================================================================================
[2026-04-28T09:00:51.466+0000] {manager.py:879} INFO - 
================================================================================
DAG File Processing Stats

File Path                          PID    Runtime      # DAGs    # Errors  Last Runtime    Last Run
---------------------------------  -----  ---------  --------  ----------  --------------  -------------------
/opt/airflow/dags/pipeline_dag.py                           1           0  0.21s           2026-04-28T09:00:51
================================================================================
[2026-04-28T09:01:27.800+0000] {manager.py:879} INFO - 
================================================================================
DAG File Processing Stats

File Path                          PID    Runtime      # DAGs    # Errors  Last Runtime    Last Run
---------------------------------  -----  ---------  --------  ----------  --------------  -------------------
/opt/airflow/dags/pipeline_dag.py                           1           0  0.21s           2026-04-28T09:01:27
================================================================================
[2026-04-28T09:01:41.277+0000] {manager.py:738} INFO - Searching for files in /opt/airflow/dags
[2026-04-28T09:01:41.341+0000] {manager.py:741} INFO - There are 1 files in /opt/airflow/dags
[2026-04-28T09:01:59.879+0000] {manager.py:879} INFO - 
================================================================================
DAG File Processing Stats

File Path                          PID    Runtime      # DAGs    # Errors  Last Runtime    Last Run
---------------------------------  -----  ---------  --------  ----------  --------------  -------------------
/opt/airflow/dags/pipeline_dag.py                           1           0  0.65s           2026-04-28T09:01:59
================================================================================
[2026-04-28T09:02:30.596+0000] {manager.py:879} INFO - 
================================================================================
DAG File Processing Stats

File Path                          PID    Runtime      # DAGs    # Errors  Last Runtime    Last Run
---------------------------------  -----  ---------  --------  ----------  --------------  -------------------
/opt/airflow/dags/pipeline_dag.py                           1           0  0.21s           2026-04-28T09:02:30
================================================================================
[2026-04-28T09:03:00.916+0000] {manager.py:879} INFO - 
================================================================================
DAG File Processing Stats

File Path                          PID    Runtime      # DAGs    # Errors  Last Runtime    Last Run
---------------------------------  -----  ---------  --------  ----------  --------------  -------------------
/opt/airflow/dags/pipeline_dag.py                           1           0  0.21s           2026-04-28T09:03:00
================================================================================
[2026-04-28T09:03:31.274+0000] {manager.py:879} INFO - 
================================================================================
DAG File Processing Stats

File Path                          PID    Runtime      # DAGs    # Errors  Last Runtime    Last Run
---------------------------------  -----  ---------  --------  ----------  --------------  -------------------
/opt/airflow/dags/pipeline_dag.py                           1           0  0.21s           2026-04-28T09:03:31
================================================================================
[2026-04-28T09:04:01.611+0000] {manager.py:879} INFO - 
================================================================================
DAG File Processing Stats

File Path                          PID    Runtime      # DAGs    # Errors  Last Runtime    Last Run
---------------------------------  -----  ---------  --------  ----------  --------------  -------------------
/opt/airflow/dags/pipeline_dag.py                           1           0  0.21s           2026-04-28T09:04:01
================================================================================
[2026-04-28T09:04:31.952+0000] {manager.py:879} INFO - 
================================================================================
DAG File Processing Stats

File Path                          PID    Runtime      # DAGs    # Errors  Last Runtime    Last Run
---------------------------------  -----  ---------  --------  ----------  --------------  -------------------
/opt/airflow/dags/pipeline_dag.py                           1           0  0.21s           2026-04-28T09:04:31
================================================================================
[2026-04-28T09:05:08.772+0000] {manager.py:879} INFO - 
================================================================================
DAG File Processing Stats

File Path                          PID    Runtime      # DAGs    # Errors  Last Runtime    Last Run
---------------------------------  -----  ---------  --------  ----------  --------------  -------------------
/opt/airflow/dags/pipeline_dag.py                           1           0  0.21s           2026-04-28T09:05:08
================================================================================
[2026-04-28T09:05:45.748+0000] {manager.py:879} INFO - 
================================================================================
DAG File Processing Stats

File Path                          PID    Runtime      # DAGs    # Errors  Last Runtime    Last Run
---------------------------------  -----  ---------  --------  ----------  --------------  -------------------
/opt/airflow/dags/pipeline_dag.py                           1           0  0.21s           2026-04-28T09:05:45
================================================================================
[2026-04-28T09:06:16.426+0000] {manager.py:879} INFO - 
================================================================================
DAG File Processing Stats

File Path                          PID    Runtime      # DAGs    # Errors  Last Runtime    Last Run
---------------------------------  -----  ---------  --------  ----------  --------------  -------------------
/opt/airflow/dags/pipeline_dag.py                           1           0  0.21s           2026-04-28T09:06:16
================================================================================
[2026-04-28T09:06:42.302+0000] {manager.py:738} INFO - Searching for files in /opt/airflow/dags
[2026-04-28T09:06:42.308+0000] {manager.py:741} INFO - There are 1 files in /opt/airflow/dags
[2026-04-28T09:06:46.729+0000] {manager.py:879} INFO - 
================================================================================
DAG File Processing Stats

File Path                          PID    Runtime      # DAGs    # Errors  Last Runtime    Last Run
---------------------------------  -----  ---------  --------  ----------  --------------  -------------------
/opt/airflow/dags/pipeline_dag.py                           1           0  0.21s           2026-04-28T09:06:46
================================================================================
[2026-04-28T09:07:17.059+0000] {manager.py:879} INFO - 
================================================================================
DAG File Processing Stats

File Path                          PID    Runtime      # DAGs    # Errors  Last Runtime    Last Run
---------------------------------  -----  ---------  --------  ----------  --------------  -------------------
/opt/airflow/dags/pipeline_dag.py                           1           0  0.21s           2026-04-28T09:07:17
================================================================================
[2026-04-28T09:07:47.372+0000] {manager.py:879} INFO - 
================================================================================
DAG File Processing Stats

File Path                          PID    Runtime      # DAGs    # Errors  Last Runtime    Last Run
---------------------------------  -----  ---------  --------  ----------  --------------  -------------------
/opt/airflow/dags/pipeline_dag.py                           1           0  0.21s           2026-04-28T09:07:47
================================================================================
[2026-04-28T09:08:18.092+0000] {manager.py:879} INFO - 
================================================================================
DAG File Processing Stats

File Path                          PID    Runtime      # DAGs    # Errors  Last Runtime    Last Run
---------------------------------  -----  ---------  --------  ----------  --------------  -------------------
/opt/airflow/dags/pipeline_dag.py                           1           0  0.33s           2026-04-28T09:08:18
================================================================================
[2026-04-28T09:08:48.319+0000] {manager.py:879} INFO - 
================================================================================
DAG File Processing Stats

File Path                          PID    Runtime      # DAGs    # Errors  Last Runtime    Last Run
---------------------------------  -----  ---------  --------  ----------  --------------  -------------------
/opt/airflow/dags/pipeline_dag.py                           1           0  0.21s           2026-04-28T09:08:48
================================================================================
[2026-04-28T09:09:19.055+0000] {manager.py:879} INFO - 
================================================================================
DAG File Processing Stats

File Path                          PID    Runtime      # DAGs    # Errors  Last Runtime    Last Run
---------------------------------  -----  ---------  --------  ----------  --------------  -------------------
/opt/airflow/dags/pipeline_dag.py                           1           0  0.33s           2026-04-28T09:09:19
================================================================================
[2026-04-28T09:09:49.295+0000] {manager.py:879} INFO - 
================================================================================
DAG File Processing Stats

File Path                          PID    Runtime      # DAGs    # Errors  Last Runtime    Last Run
---------------------------------  -----  ---------  --------  ----------  --------------  -------------------
/opt/airflow/dags/pipeline_dag.py                           1           0  0.21s           2026-04-28T09:09:49
================================================================================
[2026-04-28T09:10:19.887+0000] {manager.py:879} INFO - 
================================================================================
DAG File Processing Stats

File Path                          PID    Runtime      # DAGs    # Errors  Last Runtime    Last Run
---------------------------------  -----  ---------  --------  ----------  --------------  -------------------
/opt/airflow/dags/pipeline_dag.py                           1           0  0.42s           2026-04-28T09:10:19
================================================================================
[2026-04-28T09:10:50.264+0000] {manager.py:879} INFO - 
================================================================================
DAG File Processing Stats

File Path                          PID    Runtime      # DAGs    # Errors  Last Runtime    Last Run
---------------------------------  -----  ---------  --------  ----------  --------------  -------------------
/opt/airflow/dags/pipeline_dag.py                           1           0  0.22s           2026-04-28T09:10:50
================================================================================
[2026-04-28T09:11:20.744+0000] {manager.py:879} INFO - 
================================================================================
DAG File Processing Stats

File Path                          PID    Runtime      # DAGs    # Errors  Last Runtime    Last Run
---------------------------------  -----  ---------  --------  ----------  --------------  -------------------
/opt/airflow/dags/pipeline_dag.py                           1           0  0.31s           2026-04-28T09:11:20
================================================================================
[2026-04-28T09:12:38.728+0000] {manager.py:469} INFO - Processing files using up to 1 processes at a time 
[2026-04-28T09:12:38.733+0000] {manager.py:470} INFO - Process each file at most once every 30 seconds
[2026-04-28T09:12:38.735+0000] {manager.py:471} INFO - Checking for new files in /opt/airflow/dags every 300 seconds
[2026-04-28T09:12:38.737+0000] {manager.py:738} INFO - Searching for files in /opt/airflow/dags
[2026-04-28T09:12:38.757+0000] {manager.py:741} INFO - There are 1 files in /opt/airflow/dags
[2026-04-28T09:12:40.959+0000] {manager.py:879} INFO - 
================================================================================
DAG File Processing Stats

File Path                          PID    Runtime      # DAGs    # Errors  Last Runtime    Last Run
---------------------------------  -----  ---------  --------  ----------  --------------  -------------------
/opt/airflow/dags/pipeline_dag.py                           1           0  1.75s           2026-04-28T09:12:40
================================================================================
[2026-04-28T09:13:12.650+0000] {manager.py:879} INFO - 
================================================================================
DAG File Processing Stats

File Path                          PID    Runtime      # DAGs    # Errors  Last Runtime    Last Run
---------------------------------  -----  ---------  --------  ----------  --------------  -------------------
/opt/airflow/dags/pipeline_dag.py                           1           0  1.03s           2026-04-28T09:13:12
================================================================================
[2026-04-28T09:13:44.722+0000] {manager.py:879} INFO - 
================================================================================
DAG File Processing Stats

File Path                          PID    Runtime      # DAGs    # Errors  Last Runtime    Last Run
---------------------------------  -----  ---------  --------  ----------  --------------  -------------------
/opt/airflow/dags/pipeline_dag.py                           1           0  1.05s           2026-04-28T09:13:44
================================================================================
[2026-04-28T09:14:15.942+0000] {manager.py:879} INFO - 
================================================================================
DAG File Processing Stats

File Path                          PID    Runtime      # DAGs    # Errors  Last Runtime    Last Run
---------------------------------  -----  ---------  --------  ----------  --------------  -------------------
/opt/airflow/dags/pipeline_dag.py                           1           0  0.42s           2026-04-28T09:14:15
================================================================================
[2026-04-28T09:14:47.820+0000] {manager.py:879} INFO - 
================================================================================
DAG File Processing Stats

File Path                          PID    Runtime      # DAGs    # Errors  Last Runtime    Last Run
---------------------------------  -----  ---------  --------  ----------  --------------  -------------------
/opt/airflow/dags/pipeline_dag.py                           1           0  0.87s           2026-04-28T09:14:47
================================================================================
[2026-04-28T09:15:18.415+0000] {manager.py:879} INFO - 
================================================================================
DAG File Processing Stats

File Path                          PID    Runtime      # DAGs    # Errors  Last Runtime    Last Run
---------------------------------  -----  ---------  --------  ----------  --------------  -------------------
/opt/airflow/dags/pipeline_dag.py                           1           0  0.32s           2026-04-28T09:15:18
================================================================================
[2026-04-28T09:16:33.113+0000] {manager.py:451} INFO - Exiting gracefully upon receiving signal 15
[2026-04-28T09:16:34.659+0000] {manager.py:469} INFO - Processing files using up to 1 processes at a time 
[2026-04-28T09:16:34.662+0000] {manager.py:470} INFO - Process each file at most once every 30 seconds
[2026-04-28T09:16:34.663+0000] {manager.py:471} INFO - Checking for new files in /opt/airflow/dags every 300 seconds
[2026-04-28T09:16:34.665+0000] {manager.py:738} INFO - Searching for files in /opt/airflow/dags
[2026-04-28T09:16:34.680+0000] {manager.py:741} INFO - There are 1 files in /opt/airflow/dags
[2026-04-28T09:16:35.152+0000] {manager.py:879} INFO - 
================================================================================
DAG File Processing Stats

File Path                          PID    Runtime      # DAGs    # Errors  Last Runtime    Last Run
---------------------------------  -----  ---------  --------  ----------  --------------  -------------------
/opt/airflow/dags/pipeline_dag.py                           1           0  0.32s           2026-04-28T09:16:35
================================================================================
[2026-04-28T09:17:40.245+0000] {manager.py:451} INFO - Exiting gracefully upon receiving signal 15
[2026-04-28T09:17:41.044+0000] {manager.py:469} INFO - Processing files using up to 1 processes at a time 
[2026-04-28T09:17:41.045+0000] {manager.py:470} INFO - Process each file at most once every 30 seconds
[2026-04-28T09:17:41.048+0000] {manager.py:471} INFO - Checking for new files in /opt/airflow/dags every 300 seconds
[2026-04-28T09:17:41.049+0000] {manager.py:738} INFO - Searching for files in /opt/airflow/dags
[2026-04-28T09:17:41.064+0000] {manager.py:741} INFO - There are 1 files in /opt/airflow/dags
[2026-04-28T09:17:41.534+0000] {manager.py:879} INFO - 
================================================================================
DAG File Processing Stats

File Path                          PID    Runtime      # DAGs    # Errors  Last Runtime    Last Run
---------------------------------  -----  ---------  --------  ----------  --------------  -------------------
/opt/airflow/dags/pipeline_dag.py                           1           0  0.32s           2026-04-28T09:17:41
================================================================================
[2026-04-28T09:18:12.402+0000] {manager.py:879} INFO - 
================================================================================
DAG File Processing Stats

File Path                          PID    Runtime      # DAGs    # Errors  Last Runtime    Last Run
---------------------------------  -----  ---------  --------  ----------  --------------  -------------------
/opt/airflow/dags/pipeline_dag.py                           1           0  0.31s           2026-04-28T09:18:12
================================================================================
[2026-04-28T09:18:43.631+0000] {manager.py:879} INFO - 
================================================================================
DAG File Processing Stats

File Path                          PID    Runtime      # DAGs    # Errors  Last Runtime    Last Run
---------------------------------  -----  ---------  --------  ----------  --------------  -------------------
/opt/airflow/dags/pipeline_dag.py                           1           0  0.32s           2026-04-28T09:18:43
================================================================================
[2026-04-28T09:19:15.333+0000] {manager.py:879} INFO - 
================================================================================
DAG File Processing Stats

File Path                          PID    Runtime      # DAGs    # Errors  Last Runtime    Last Run
---------------------------------  -----  ---------  --------  ----------  --------------  -------------------
/opt/airflow/dags/pipeline_dag.py                           1           0  0.44s           2026-04-28T09:19:15
================================================================================
[2026-04-28T09:19:45.894+0000] {manager.py:879} INFO - 
================================================================================
DAG File Processing Stats

File Path                          PID    Runtime      # DAGs    # Errors  Last Runtime    Last Run
---------------------------------  -----  ---------  --------  ----------  --------------  -------------------
/opt/airflow/dags/pipeline_dag.py                           1           0  0.32s           2026-04-28T09:19:45
================================================================================
[2026-04-28T09:20:39.718+0000] {manager.py:879} INFO - 
================================================================================
DAG File Processing Stats

File Path                          PID    Runtime      # DAGs    # Errors  Last Runtime    Last Run
---------------------------------  -----  ---------  --------  ----------  --------------  -------------------
/opt/airflow/dags/pipeline_dag.py                           1           0  0.44s           2026-04-28T09:20:39
================================================================================
[2026-04-28T09:23:38.163+0000] {manager.py:451} INFO - Exiting gracefully upon receiving signal 15
[2026-04-28T09:23:39.103+0000] {manager.py:469} INFO - Processing files using up to 1 processes at a time 
[2026-04-28T09:23:39.104+0000] {manager.py:470} INFO - Process each file at most once every 30 seconds
[2026-04-28T09:23:39.106+0000] {manager.py:471} INFO - Checking for new files in /opt/airflow/dags every 300 seconds
[2026-04-28T09:23:39.107+0000] {manager.py:738} INFO - Searching for files in /opt/airflow/dags
[2026-04-28T09:23:39.126+0000] {manager.py:741} INFO - There are 1 files in /opt/airflow/dags
[2026-04-28T09:23:39.592+0000] {manager.py:879} INFO - 
================================================================================
DAG File Processing Stats

File Path                          PID    Runtime      # DAGs    # Errors  Last Runtime    Last Run
---------------------------------  -----  ---------  --------  ----------  --------------  -------------------
/opt/airflow/dags/pipeline_dag.py                           1           0  0.31s           2026-04-28T09:23:39
================================================================================
[2026-04-28T09:24:10.982+0000] {manager.py:879} INFO - 
================================================================================
DAG File Processing Stats

File Path                          PID    Runtime      # DAGs    # Errors  Last Runtime    Last Run
---------------------------------  -----  ---------  --------  ----------  --------------  -------------------
/opt/airflow/dags/pipeline_dag.py                           1           0  0.21s           2026-04-28T09:24:10
================================================================================
[2026-04-28T09:24:41.366+0000] {manager.py:879} INFO - 
================================================================================
DAG File Processing Stats

File Path                          PID    Runtime      # DAGs    # Errors  Last Runtime    Last Run
---------------------------------  -----  ---------  --------  ----------  --------------  -------------------
/opt/airflow/dags/pipeline_dag.py                           1           0  0.21s           2026-04-28T09:24:41
================================================================================
[2026-04-28T09:25:12.048+0000] {manager.py:879} INFO - 
================================================================================
DAG File Processing Stats

File Path                          PID    Runtime      # DAGs    # Errors  Last Runtime    Last Run
---------------------------------  -----  ---------  --------  ----------  --------------  -------------------
/opt/airflow/dags/pipeline_dag.py                           1           0  0.11s           2026-04-28T09:25:12
================================================================================
[2026-04-28T09:25:42.371+0000] {manager.py:879} INFO - 
================================================================================
DAG File Processing Stats

File Path                          PID    Runtime      # DAGs    # Errors  Last Runtime    Last Run
---------------------------------  -----  ---------  --------  ----------  --------------  -------------------
/opt/airflow/dags/pipeline_dag.py                           1           0  0.11s           2026-04-28T09:25:42
================================================================================
[2026-04-28T09:26:12.671+0000] {manager.py:879} INFO - 
================================================================================
DAG File Processing Stats

File Path                          PID    Runtime      # DAGs    # Errors  Last Runtime    Last Run
---------------------------------  -----  ---------  --------  ----------  --------------  -------------------
/opt/airflow/dags/pipeline_dag.py                           1           0  0.11s           2026-04-28T09:26:12
================================================================================
[2026-04-28T09:26:43.336+0000] {manager.py:879} INFO - 
================================================================================
DAG File Processing Stats

File Path                          PID    Runtime      # DAGs    # Errors  Last Runtime    Last Run
---------------------------------  -----  ---------  --------  ----------  --------------  -------------------
/opt/airflow/dags/pipeline_dag.py                           1           0  0.21s           2026-04-28T09:26:43
================================================================================
[2026-04-28T09:27:13.793+0000] {manager.py:879} INFO - 
================================================================================
DAG File Processing Stats

File Path                          PID    Runtime      # DAGs    # Errors  Last Runtime    Last Run
---------------------------------  -----  ---------  --------  ----------  --------------  -------------------
/opt/airflow/dags/pipeline_dag.py                           1           0  0.21s           2026-04-28T09:27:13
================================================================================
[2026-04-28T09:27:44.265+0000] {manager.py:879} INFO - 
================================================================================
DAG File Processing Stats

File Path                          PID    Runtime      # DAGs    # Errors  Last Runtime    Last Run
---------------------------------  -----  ---------  --------  ----------  --------------  -------------------
/opt/airflow/dags/pipeline_dag.py                           1           0  0.21s           2026-04-28T09:27:44
================================================================================
[2026-04-28T09:28:14.696+0000] {manager.py:879} INFO - 
================================================================================
DAG File Processing Stats

File Path                          PID    Runtime      # DAGs    # Errors  Last Runtime    Last Run
---------------------------------  -----  ---------  --------  ----------  --------------  -------------------
/opt/airflow/dags/pipeline_dag.py                           1           0  0.21s           2026-04-28T09:28:14
================================================================================
[2026-04-28T09:31:10.120+0000] {manager.py:469} INFO - Processing files using up to 1 processes at a time 
[2026-04-28T09:31:10.121+0000] {manager.py:470} INFO - Process each file at most once every 30 seconds
[2026-04-28T09:31:10.122+0000] {manager.py:471} INFO - Checking for new files in /opt/airflow/dags every 300 seconds
[2026-04-28T09:31:10.124+0000] {manager.py:738} INFO - Searching for files in /opt/airflow/dags
[2026-04-28T09:31:10.132+0000] {manager.py:741} INFO - There are 1 files in /opt/airflow/dags
[2026-04-28T09:31:11.140+0000] {manager.py:879} INFO - 
================================================================================
DAG File Processing Stats

File Path                          PID    Runtime      # DAGs    # Errors  Last Runtime    Last Run
---------------------------------  -----  ---------  --------  ----------  --------------  -------------------
/opt/airflow/dags/pipeline_dag.py                           1           0  0.72s           2026-04-28T09:31:11
================================================================================
[2026-04-28T09:32:15.116+0000] {manager.py:469} INFO - Processing files using up to 1 processes at a time 
[2026-04-28T09:32:15.118+0000] {manager.py:470} INFO - Process each file at most once every 30 seconds
[2026-04-28T09:32:15.119+0000] {manager.py:471} INFO - Checking for new files in /opt/airflow/dags every 300 seconds
[2026-04-28T09:32:15.120+0000] {manager.py:738} INFO - Searching for files in /opt/airflow/dags
[2026-04-28T09:32:15.129+0000] {manager.py:741} INFO - There are 1 files in /opt/airflow/dags
[2026-04-28T09:32:15.835+0000] {manager.py:879} INFO - 
================================================================================
DAG File Processing Stats

File Path                          PID    Runtime      # DAGs    # Errors  Last Runtime    Last Run
---------------------------------  -----  ---------  --------  ----------  --------------  -------------------
/opt/airflow/dags/pipeline_dag.py                           1           0  0.51s           2026-04-28T09:32:15
================================================================================
[2026-04-28T09:36:55.086+0000] {manager.py:469} INFO - Processing files using up to 1 processes at a time 
[2026-04-28T09:36:55.087+0000] {manager.py:470} INFO - Process each file at most once every 30 seconds
[2026-04-28T09:36:55.088+0000] {manager.py:471} INFO - Checking for new files in /opt/airflow/dags every 300 seconds
[2026-04-28T09:36:55.088+0000] {manager.py:738} INFO - Searching for files in /opt/airflow/dags
[2026-04-28T09:36:55.093+0000] {manager.py:741} INFO - There are 1 files in /opt/airflow/dags
[2026-04-28T09:36:55.502+0000] {manager.py:879} INFO - 
================================================================================
DAG File Processing Stats

File Path                          PID    Runtime      # DAGs    # Errors  Last Runtime    Last Run
---------------------------------  -----  ---------  --------  ----------  --------------  -------------------
/opt/airflow/dags/pipeline_dag.py                           1           0  0.31s           2026-04-28T09:36:55
================================================================================
[2026-04-28T09:38:17.391+0000] {manager.py:451} INFO - Exiting gracefully upon receiving signal 15
[2026-04-28T09:38:17.609+0000] {manager.py:469} INFO - Processing files using up to 1 processes at a time 
[2026-04-28T09:38:17.609+0000] {manager.py:470} INFO - Process each file at most once every 30 seconds
[2026-04-28T09:38:17.610+0000] {manager.py:471} INFO - Checking for new files in /opt/airflow/dags every 300 seconds
[2026-04-28T09:38:17.613+0000] {manager.py:738} INFO - Searching for files in /opt/airflow/dags
[2026-04-28T09:38:17.618+0000] {manager.py:741} INFO - There are 1 files in /opt/airflow/dags
[2026-04-28T09:38:17.885+0000] {manager.py:879} INFO - 
================================================================================
DAG File Processing Stats

File Path                          PID    Runtime      # DAGs    # Errors  Last Runtime    Last Run
---------------------------------  -----  ---------  --------  ----------  --------------  -------------------
/opt/airflow/dags/pipeline_dag.py                           1           0  0.21s           2026-04-28T09:38:17
================================================================================
[2026-04-28T09:39:19.993+0000] {manager.py:879} INFO - 
================================================================================
DAG File Processing Stats

File Path                          PID    Runtime      # DAGs    # Errors  Last Runtime    Last Run
---------------------------------  -----  ---------  --------  ----------  --------------  -------------------
/opt/airflow/dags/pipeline_dag.py                           1           0  0.21s           2026-04-28T09:39:19
================================================================================
[2026-04-28T09:41:37.890+0000] {manager.py:451} INFO - Exiting gracefully upon receiving signal 15
[2026-04-28T09:41:38.178+0000] {manager.py:469} INFO - Processing files using up to 1 processes at a time 
[2026-04-28T09:41:38.178+0000] {manager.py:470} INFO - Process each file at most once every 30 seconds
[2026-04-28T09:41:38.179+0000] {manager.py:471} INFO - Checking for new files in /opt/airflow/dags every 300 seconds
[2026-04-28T09:41:38.180+0000] {manager.py:738} INFO - Searching for files in /opt/airflow/dags
[2026-04-28T09:41:38.187+0000] {manager.py:741} INFO - There are 1 files in /opt/airflow/dags
[2026-04-28T09:41:38.338+0000] {manager.py:879} INFO - 
================================================================================
DAG File Processing Stats

File Path                          PID    Runtime      # DAGs    # Errors  Last Runtime    Last Run
---------------------------------  -----  ---------  --------  ----------  --------------  -------------------
/opt/airflow/dags/pipeline_dag.py                           1           0  0.10s           2026-04-28T09:41:38
================================================================================
[2026-04-28T09:42:24.318+0000] {manager.py:879} INFO - 
================================================================================
DAG File Processing Stats

File Path                          PID    Runtime      # DAGs    # Errors  Last Runtime    Last Run
---------------------------------  -----  ---------  --------  ----------  --------------  -------------------
/opt/airflow/dags/pipeline_dag.py                           1           0  0.21s           2026-04-28T09:42:24
================================================================================
[2026-04-28T09:42:55.382+0000] {manager.py:879} INFO - 
================================================================================
DAG File Processing Stats

File Path                          PID    Runtime      # DAGs    # Errors  Last Runtime    Last Run
---------------------------------  -----  ---------  --------  ----------  --------------  -------------------
/opt/airflow/dags/pipeline_dag.py                           1           0  0.10s           2026-04-28T09:42:55
================================================================================
[2026-04-28T09:43:55.324+0000] {manager.py:879} INFO - 
================================================================================
DAG File Processing Stats

File Path                          PID    Runtime      # DAGs    # Errors  Last Runtime    Last Run
---------------------------------  -----  ---------  --------  ----------  --------------  -------------------
/opt/airflow/dags/pipeline_dag.py                           1           0  0.21s           2026-04-28T09:43:55
================================================================================
[2026-04-28T09:48:18.851+0000] {manager.py:451} INFO - Exiting gracefully upon receiving signal 15
[2026-04-28T09:48:19.207+0000] {manager.py:469} INFO - Processing files using up to 1 processes at a time 
[2026-04-28T09:48:19.208+0000] {manager.py:470} INFO - Process each file at most once every 30 seconds
[2026-04-28T09:48:19.209+0000] {manager.py:471} INFO - Checking for new files in /opt/airflow/dags every 300 seconds
[2026-04-28T09:48:19.210+0000] {manager.py:738} INFO - Searching for files in /opt/airflow/dags
[2026-04-28T09:48:19.218+0000] {manager.py:741} INFO - There are 1 files in /opt/airflow/dags
[2026-04-28T09:48:19.382+0000] {manager.py:879} INFO - 
================================================================================
DAG File Processing Stats

File Path                          PID    Runtime      # DAGs    # Errors  Last Runtime    Last Run
---------------------------------  -----  ---------  --------  ----------  --------------  -------------------
/opt/airflow/dags/pipeline_dag.py                           1           0  0.11s           2026-04-28T09:48:19
================================================================================
[2026-04-28T09:48:49.621+0000] {manager.py:879} INFO - 
================================================================================
DAG File Processing Stats

File Path                          PID    Runtime      # DAGs    # Errors  Last Runtime    Last Run
---------------------------------  -----  ---------  --------  ----------  --------------  -------------------
/opt/airflow/dags/pipeline_dag.py                           1           0  0.11s           2026-04-28T09:48:49
================================================================================
[2026-04-28T09:49:19.840+0000] {manager.py:879} INFO - 
================================================================================
DAG File Processing Stats

File Path                          PID    Runtime      # DAGs    # Errors  Last Runtime    Last Run
---------------------------------  -----  ---------  --------  ----------  --------------  -------------------
/opt/airflow/dags/pipeline_dag.py                           1           0  0.21s           2026-04-28T09:49:19
================================================================================
[2026-04-28T09:49:50.221+0000] {manager.py:879} INFO - 
================================================================================
DAG File Processing Stats

File Path                          PID    Runtime      # DAGs    # Errors  Last Runtime    Last Run
---------------------------------  -----  ---------  --------  ----------  --------------  -------------------
/opt/airflow/dags/pipeline_dag.py                           1           0  0.21s           2026-04-28T09:49:50
================================================================================
[2026-04-28T09:50:20.538+0000] {manager.py:879} INFO - 
================================================================================
DAG File Processing Stats

File Path                          PID    Runtime      # DAGs    # Errors  Last Runtime    Last Run
---------------------------------  -----  ---------  --------  ----------  --------------  -------------------
/opt/airflow/dags/pipeline_dag.py                           1           0  0.10s           2026-04-28T09:50:20
================================================================================
[2026-04-28T09:50:50.807+0000] {manager.py:879} INFO - 
================================================================================
DAG File Processing Stats

File Path                          PID    Runtime      # DAGs    # Errors  Last Runtime    Last Run
---------------------------------  -----  ---------  --------  ----------  --------------  -------------------
/opt/airflow/dags/pipeline_dag.py                           1           0  0.10s           2026-04-28T09:50:50
================================================================================
[2026-04-28T09:51:20.991+0000] {manager.py:879} INFO - 
================================================================================
DAG File Processing Stats

File Path                          PID    Runtime      # DAGs    # Errors  Last Runtime    Last Run
---------------------------------  -----  ---------  --------  ----------  --------------  -------------------
/opt/airflow/dags/pipeline_dag.py                           1           0  0.10s           2026-04-28T09:51:20
================================================================================
[2026-04-28T09:54:46.462+0000] {manager.py:469} INFO - Processing files using up to 1 processes at a time 
[2026-04-28T09:54:46.463+0000] {manager.py:470} INFO - Process each file at most once every 30 seconds
[2026-04-28T09:54:46.464+0000] {manager.py:471} INFO - Checking for new files in /opt/airflow/dags every 300 seconds
[2026-04-28T09:54:46.465+0000] {manager.py:738} INFO - Searching for files in /opt/airflow/dags
[2026-04-28T09:54:46.477+0000] {manager.py:741} INFO - There are 1 files in /opt/airflow/dags
[2026-04-28T09:54:47.030+0000] {manager.py:879} INFO - 
================================================================================
DAG File Processing Stats

File Path                          PID    Runtime      # DAGs    # Errors  Last Runtime    Last Run
---------------------------------  -----  ---------  --------  ----------  --------------  -------------------
/opt/airflow/dags/pipeline_dag.py                           1           0  0.41s           2026-04-28T09:54:47
================================================================================
[2026-04-28T09:55:18.238+0000] {manager.py:879} INFO - 
================================================================================
DAG File Processing Stats

File Path                          PID    Runtime      # DAGs    # Errors  Last Runtime    Last Run
---------------------------------  -----  ---------  --------  ----------  --------------  -------------------
/opt/airflow/dags/pipeline_dag.py                           1           0  0.51s           2026-04-28T09:55:18
================================================================================
[2026-04-28T09:55:49.249+0000] {manager.py:879} INFO - 
================================================================================
DAG File Processing Stats

File Path                          PID    Runtime      # DAGs    # Errors  Last Runtime    Last Run
---------------------------------  -----  ---------  --------  ----------  --------------  -------------------
/opt/airflow/dags/pipeline_dag.py                           1           0  0.21s           2026-04-28T09:55:49
================================================================================
[2026-04-28T09:56:20.373+0000] {manager.py:879} INFO - 
================================================================================
DAG File Processing Stats

File Path                          PID    Runtime      # DAGs    # Errors  Last Runtime    Last Run
---------------------------------  -----  ---------  --------  ----------  --------------  -------------------
/opt/airflow/dags/pipeline_dag.py                           1           0  0.11s           2026-04-28T09:56:20
================================================================================
[2026-04-28T09:56:50.544+0000] {manager.py:879} INFO - 
================================================================================
DAG File Processing Stats

File Path                          PID    Runtime      # DAGs    # Errors  Last Runtime    Last Run
---------------------------------  -----  ---------  --------  ----------  --------------  -------------------
/opt/airflow/dags/pipeline_dag.py                           1           0  0.11s           2026-04-28T09:56:50
================================================================================
[2026-04-28T09:57:20.814+0000] {manager.py:879} INFO - 
================================================================================
DAG File Processing Stats

File Path                          PID    Runtime      # DAGs    # Errors  Last Runtime    Last Run
---------------------------------  -----  ---------  --------  ----------  --------------  -------------------
/opt/airflow/dags/pipeline_dag.py                           1           0  0.21s           2026-04-28T09:57:20
================================================================================
[2026-04-28T09:57:52.028+0000] {manager.py:879} INFO - 
================================================================================
DAG File Processing Stats

File Path                          PID    Runtime      # DAGs    # Errors  Last Runtime    Last Run
---------------------------------  -----  ---------  --------  ----------  --------------  -------------------
/opt/airflow/dags/pipeline_dag.py                           1           0  0.20s           2026-04-28T09:57:52
================================================================================
[2026-04-28T09:58:23.061+0000] {manager.py:879} INFO - 
================================================================================
DAG File Processing Stats

File Path                          PID    Runtime      # DAGs    # Errors  Last Runtime    Last Run
---------------------------------  -----  ---------  --------  ----------  --------------  -------------------
/opt/airflow/dags/pipeline_dag.py                           1           0  0.21s           2026-04-28T09:58:23
================================================================================
[2026-04-28T09:58:53.643+0000] {manager.py:879} INFO - 
================================================================================
DAG File Processing Stats

File Path                          PID    Runtime      # DAGs    # Errors  Last Runtime    Last Run
---------------------------------  -----  ---------  --------  ----------  --------------  -------------------
/opt/airflow/dags/pipeline_dag.py                           1           0  0.22s           2026-04-28T09:58:53
================================================================================
[2026-04-28T09:59:24.144+0000] {manager.py:879} INFO - 
================================================================================
DAG File Processing Stats

File Path                          PID    Runtime      # DAGs    # Errors  Last Runtime    Last Run
---------------------------------  -----  ---------  --------  ----------  --------------  -------------------
/opt/airflow/dags/pipeline_dag.py                           1           0  0.11s           2026-04-28T09:59:24
================================================================================
[2026-04-28T09:59:46.525+0000] {manager.py:738} INFO - Searching for files in /opt/airflow/dags
[2026-04-28T09:59:46.548+0000] {manager.py:741} INFO - There are 1 files in /opt/airflow/dags
[2026-04-28T09:59:54.657+0000] {manager.py:879} INFO - 
================================================================================
DAG File Processing Stats

File Path                          PID    Runtime      # DAGs    # Errors  Last Runtime    Last Run
---------------------------------  -----  ---------  --------  ----------  --------------  -------------------
/opt/airflow/dags/pipeline_dag.py                           1           0  0.21s           2026-04-28T09:59:54
================================================================================
[2026-04-28T10:00:24.874+0000] {manager.py:879} INFO - 
================================================================================
DAG File Processing Stats

File Path                          PID    Runtime      # DAGs    # Errors  Last Runtime    Last Run
---------------------------------  -----  ---------  --------  ----------  --------------  -------------------
/opt/airflow/dags/pipeline_dag.py                           1           0  0.21s           2026-04-28T10:00:24
================================================================================
[2026-04-28T10:00:55.200+0000] {manager.py:879} INFO - 
================================================================================
DAG File Processing Stats

File Path                          PID    Runtime      # DAGs    # Errors  Last Runtime    Last Run
---------------------------------  -----  ---------  --------  ----------  --------------  -------------------
/opt/airflow/dags/pipeline_dag.py                           1           0  0.20s           2026-04-28T10:00:55
================================================================================
[2026-04-28T10:01:51.210+0000] {manager.py:469} INFO - Processing files using up to 1 processes at a time 
[2026-04-28T10:01:51.211+0000] {manager.py:470} INFO - Process each file at most once every 30 seconds
[2026-04-28T10:01:51.212+0000] {manager.py:471} INFO - Checking for new files in /opt/airflow/dags every 300 seconds
[2026-04-28T10:01:51.212+0000] {manager.py:738} INFO - Searching for files in /opt/airflow/dags
[2026-04-28T10:01:51.218+0000] {manager.py:741} INFO - There are 1 files in /opt/airflow/dags
[2026-04-28T10:01:51.705+0000] {manager.py:879} INFO - 
================================================================================
DAG File Processing Stats

File Path                          PID    Runtime      # DAGs    # Errors  Last Runtime    Last Run
---------------------------------  -----  ---------  --------  ----------  --------------  -------------------
/opt/airflow/dags/pipeline_dag.py                           1           0  0.41s           2026-04-28T10:01:51
================================================================================
[2026-04-28T10:02:23.199+0000] {manager.py:879} INFO - 
================================================================================
DAG File Processing Stats

File Path                          PID    Runtime      # DAGs    # Errors  Last Runtime    Last Run
---------------------------------  -----  ---------  --------  ----------  --------------  -------------------
/opt/airflow/dags/pipeline_dag.py                           1           0  0.31s           2026-04-28T10:02:23
================================================================================
[2026-04-28T10:02:57.921+0000] {manager.py:879} INFO - 
================================================================================
DAG File Processing Stats

File Path                          PID    Runtime      # DAGs    # Errors  Last Runtime    Last Run
---------------------------------  -----  ---------  --------  ----------  --------------  -------------------
/opt/airflow/dags/pipeline_dag.py                           1           0  0.10s           2026-04-28T10:02:57
================================================================================
[2026-04-28T10:03:35.668+0000] {manager.py:879} INFO - 
================================================================================
DAG File Processing Stats

File Path                          PID    Runtime      # DAGs    # Errors  Last Runtime    Last Run
---------------------------------  -----  ---------  --------  ----------  --------------  -------------------
/opt/airflow/dags/pipeline_dag.py                           1           0  0.21s           2026-04-28T10:03:35
================================================================================
[2026-04-28T10:04:06.974+0000] {manager.py:879} INFO - 
================================================================================
DAG File Processing Stats

File Path                          PID    Runtime      # DAGs    # Errors  Last Runtime    Last Run
---------------------------------  -----  ---------  --------  ----------  --------------  -------------------
/opt/airflow/dags/pipeline_dag.py                           1           0  0.24s           2026-04-28T10:04:06
================================================================================
[2026-04-28T10:04:38.144+0000] {manager.py:879} INFO - 
================================================================================
DAG File Processing Stats

File Path                          PID    Runtime      # DAGs    # Errors  Last Runtime    Last Run
---------------------------------  -----  ---------  --------  ----------  --------------  -------------------
/opt/airflow/dags/pipeline_dag.py                           1           0  0.21s           2026-04-28T10:04:38
================================================================================
[2026-04-28T10:05:29.792+0000] {manager.py:469} INFO - Processing files using up to 1 processes at a time 
[2026-04-28T10:05:29.793+0000] {manager.py:470} INFO - Process each file at most once every 30 seconds
[2026-04-28T10:05:29.793+0000] {manager.py:471} INFO - Checking for new files in /opt/airflow/dags every 300 seconds
[2026-04-28T10:05:29.794+0000] {manager.py:738} INFO - Searching for files in /opt/airflow/dags
[2026-04-28T10:05:29.801+0000] {manager.py:741} INFO - There are 1 files in /opt/airflow/dags
[2026-04-28T10:05:30.348+0000] {manager.py:879} INFO - 
================================================================================
DAG File Processing Stats

File Path                          PID    Runtime      # DAGs    # Errors  Last Runtime    Last Run
---------------------------------  -----  ---------  --------  ----------  --------------  -------------------
/opt/airflow/dags/pipeline_dag.py                           1           0  0.42s           2026-04-28T10:05:30
================================================================================
[2026-04-28T10:06:01.491+0000] {manager.py:879} INFO - 
================================================================================
DAG File Processing Stats

File Path                          PID    Runtime      # DAGs    # Errors  Last Runtime    Last Run
---------------------------------  -----  ---------  --------  ----------  --------------  -------------------
/opt/airflow/dags/pipeline_dag.py                           1           0  0.42s           2026-04-28T10:06:01
================================================================================
[2026-04-28T10:07:03.186+0000] {manager.py:879} INFO - 
================================================================================
DAG File Processing Stats

File Path                          PID    Runtime      # DAGs    # Errors  Last Runtime    Last Run
---------------------------------  -----  ---------  --------  ----------  --------------  -------------------
/opt/airflow/dags/pipeline_dag.py                           1           0  0.21s           2026-04-28T10:07:03
================================================================================
[2026-04-28T10:07:34.519+0000] {manager.py:879} INFO - 
================================================================================
DAG File Processing Stats

File Path                          PID    Runtime      # DAGs    # Errors  Last Runtime    Last Run
---------------------------------  -----  ---------  --------  ----------  --------------  -------------------
/opt/airflow/dags/pipeline_dag.py                           1           0  0.42s           2026-04-28T10:07:34
================================================================================
[2026-04-28T10:08:05.677+0000] {manager.py:879} INFO - 
================================================================================
DAG File Processing Stats

File Path                          PID    Runtime      # DAGs    # Errors  Last Runtime    Last Run
---------------------------------  -----  ---------  --------  ----------  --------------  -------------------
/opt/airflow/dags/pipeline_dag.py                           1           0  0.57s           2026-04-28T10:08:05
================================================================================
[2026-04-28T10:08:36.918+0000] {manager.py:879} INFO - 
================================================================================
DAG File Processing Stats

File Path                          PID    Runtime      # DAGs    # Errors  Last Runtime    Last Run
---------------------------------  -----  ---------  --------  ----------  --------------  -------------------
/opt/airflow/dags/pipeline_dag.py                           1           0  0.21s           2026-04-28T10:08:36
================================================================================
[2026-04-28T10:09:07.340+0000] {manager.py:879} INFO - 
================================================================================
DAG File Processing Stats

File Path                          PID    Runtime      # DAGs    # Errors  Last Runtime    Last Run
---------------------------------  -----  ---------  --------  ----------  --------------  -------------------
/opt/airflow/dags/pipeline_dag.py                           1           0  0.21s           2026-04-28T10:09:07
================================================================================
[2026-04-28T10:09:37.839+0000] {manager.py:879} INFO - 
================================================================================
DAG File Processing Stats

File Path                          PID    Runtime      # DAGs    # Errors  Last Runtime    Last Run
---------------------------------  -----  ---------  --------  ----------  --------------  -------------------
/opt/airflow/dags/pipeline_dag.py                           1           0  0.21s           2026-04-28T10:09:37
================================================================================
[2026-04-28T10:10:16.198+0000] {manager.py:469} INFO - Processing files using up to 1 processes at a time 
[2026-04-28T10:10:16.200+0000] {manager.py:470} INFO - Process each file at most once every 30 seconds
[2026-04-28T10:10:16.201+0000] {manager.py:471} INFO - Checking for new files in /opt/airflow/dags every 300 seconds
[2026-04-28T10:10:16.203+0000] {manager.py:738} INFO - Searching for files in /opt/airflow/dags
[2026-04-28T10:10:16.225+0000] {manager.py:741} INFO - There are 1 files in /opt/airflow/dags
[2026-04-28T10:10:18.108+0000] {manager.py:879} INFO - 
================================================================================
DAG File Processing Stats

File Path                          PID    Runtime      # DAGs    # Errors  Last Runtime    Last Run
---------------------------------  -----  ---------  --------  ----------  --------------  -------------------
/opt/airflow/dags/pipeline_dag.py                           1           0  1.65s           2026-04-28T10:10:18
================================================================================
[2026-04-28T10:10:51.041+0000] {manager.py:879} INFO - 
================================================================================
DAG File Processing Stats

File Path                          PID    Runtime      # DAGs    # Errors  Last Runtime    Last Run
---------------------------------  -----  ---------  --------  ----------  --------------  -------------------
/opt/airflow/dags/pipeline_dag.py                           1           0  2.17s           2026-04-28T10:10:51
================================================================================
[2026-04-28T10:11:38.543+0000] {manager.py:879} INFO - 
================================================================================
DAG File Processing Stats

File Path                          PID    Runtime      # DAGs    # Errors  Last Runtime    Last Run
---------------------------------  -----  ---------  --------  ----------  --------------  -------------------
/opt/airflow/dags/pipeline_dag.py                           1           0  0.21s           2026-04-28T10:11:38
================================================================================
[2026-04-28T10:12:20.221+0000] {manager.py:879} INFO - 
================================================================================
DAG File Processing Stats

File Path                          PID    Runtime      # DAGs    # Errors  Last Runtime    Last Run
---------------------------------  -----  ---------  --------  ----------  --------------  -------------------
/opt/airflow/dags/pipeline_dag.py                           1           0  0.21s           2026-04-28T10:12:20
================================================================================
[2026-04-28T10:12:51.444+0000] {manager.py:879} INFO - 
================================================================================
DAG File Processing Stats

File Path                          PID    Runtime      # DAGs    # Errors  Last Runtime    Last Run
---------------------------------  -----  ---------  --------  ----------  --------------  -------------------
/opt/airflow/dags/pipeline_dag.py                           1           0  0.21s           2026-04-28T10:12:51
================================================================================
[2026-04-28T10:13:21.665+0000] {manager.py:879} INFO - 
================================================================================
DAG File Processing Stats

File Path                          PID    Runtime      # DAGs    # Errors  Last Runtime    Last Run
---------------------------------  -----  ---------  --------  ----------  --------------  -------------------
/opt/airflow/dags/pipeline_dag.py                           1           0  0.21s           2026-04-28T10:13:21
================================================================================
[2026-04-28T10:14:08.975+0000] {manager.py:879} INFO - 
================================================================================
DAG File Processing Stats

File Path                          PID    Runtime      # DAGs    # Errors  Last Runtime    Last Run
---------------------------------  -----  ---------  --------  ----------  --------------  -------------------
/opt/airflow/dags/pipeline_dag.py                           1           0  0.21s           2026-04-28T10:14:08
================================================================================
[2026-04-28T10:15:07.422+0000] {manager.py:451} INFO - Exiting gracefully upon receiving signal 15
[2026-04-28T10:15:08.285+0000] {manager.py:469} INFO - Processing files using up to 1 processes at a time 
[2026-04-28T10:15:08.286+0000] {manager.py:470} INFO - Process each file at most once every 30 seconds
[2026-04-28T10:15:08.286+0000] {manager.py:471} INFO - Checking for new files in /opt/airflow/dags every 300 seconds
[2026-04-28T10:15:08.287+0000] {manager.py:738} INFO - Searching for files in /opt/airflow/dags
[2026-04-28T10:15:08.297+0000] {manager.py:741} INFO - There are 1 files in /opt/airflow/dags
[2026-04-28T10:15:08.715+0000] {manager.py:879} INFO - 
================================================================================
DAG File Processing Stats

File Path                          PID    Runtime      # DAGs    # Errors  Last Runtime    Last Run
---------------------------------  -----  ---------  --------  ----------  --------------  -------------------
/opt/airflow/dags/pipeline_dag.py                           1           0  0.31s           2026-04-28T10:15:08
================================================================================
[2026-04-28T10:15:42.408+0000] {manager.py:879} INFO - 
================================================================================
DAG File Processing Stats

File Path                          PID    Runtime      # DAGs    # Errors  Last Runtime    Last Run
---------------------------------  -----  ---------  --------  ----------  --------------  -------------------
/opt/airflow/dags/pipeline_dag.py                           1           0  0.31s           2026-04-28T10:15:42
================================================================================
[2026-04-28T10:16:13.769+0000] {manager.py:879} INFO - 
================================================================================
DAG File Processing Stats

File Path                          PID    Runtime      # DAGs    # Errors  Last Runtime    Last Run
---------------------------------  -----  ---------  --------  ----------  --------------  -------------------
/opt/airflow/dags/pipeline_dag.py                           1           0  0.31s           2026-04-28T10:16:13
================================================================================
[2026-04-28T10:16:44.459+0000] {manager.py:879} INFO - 
================================================================================
DAG File Processing Stats

File Path                          PID    Runtime      # DAGs    # Errors  Last Runtime    Last Run
---------------------------------  -----  ---------  --------  ----------  --------------  -------------------
/opt/airflow/dags/pipeline_dag.py                           1           0  0.21s           2026-04-28T10:16:44
================================================================================
[2026-04-28T10:17:15.952+0000] {manager.py:879} INFO - 
================================================================================
DAG File Processing Stats

File Path                          PID    Runtime      # DAGs    # Errors  Last Runtime    Last Run
---------------------------------  -----  ---------  --------  ----------  --------------  -------------------
/opt/airflow/dags/pipeline_dag.py                           1           0  0.42s           2026-04-28T10:17:15
================================================================================
[2026-04-28T10:18:09.393+0000] {manager.py:879} INFO - 
================================================================================
DAG File Processing Stats

File Path                          PID    Runtime      # DAGs    # Errors  Last Runtime    Last Run
---------------------------------  -----  ---------  --------  ----------  --------------  -------------------
/opt/airflow/dags/pipeline_dag.py                           1           0  0.33s           2026-04-28T10:18:09
================================================================================
[2026-04-28T10:18:44.834+0000] {manager.py:879} INFO - 
================================================================================
DAG File Processing Stats

File Path                          PID    Runtime      # DAGs    # Errors  Last Runtime    Last Run
---------------------------------  -----  ---------  --------  ----------  --------------  -------------------
/opt/airflow/dags/pipeline_dag.py                           1           0  0.21s           2026-04-28T10:18:44
================================================================================
[2026-04-28T10:19:15.310+0000] {manager.py:879} INFO - 
================================================================================
DAG File Processing Stats

File Path                          PID    Runtime      # DAGs    # Errors  Last Runtime    Last Run
---------------------------------  -----  ---------  --------  ----------  --------------  -------------------
/opt/airflow/dags/pipeline_dag.py                           1           0  0.21s           2026-04-28T10:19:15
================================================================================
[2026-04-28T10:19:46.055+0000] {manager.py:879} INFO - 
================================================================================
DAG File Processing Stats

File Path                          PID    Runtime      # DAGs    # Errors  Last Runtime    Last Run
---------------------------------  -----  ---------  --------  ----------  --------------  -------------------
/opt/airflow/dags/pipeline_dag.py                           1           0  0.21s           2026-04-28T10:19:46
================================================================================
[2026-04-28T10:20:08.331+0000] {manager.py:738} INFO - Searching for files in /opt/airflow/dags
[2026-04-28T10:20:08.343+0000] {manager.py:741} INFO - There are 1 files in /opt/airflow/dags
[2026-04-28T10:20:16.954+0000] {manager.py:879} INFO - 
================================================================================
DAG File Processing Stats

File Path                          PID    Runtime      # DAGs    # Errors  Last Runtime    Last Run
---------------------------------  -----  ---------  --------  ----------  --------------  -------------------
/opt/airflow/dags/pipeline_dag.py                           1           0  0.33s           2026-04-28T10:20:16
================================================================================
[2026-04-28T10:20:47.543+0000] {manager.py:879} INFO - 
================================================================================
DAG File Processing Stats

File Path                          PID    Runtime      # DAGs    # Errors  Last Runtime    Last Run
---------------------------------  -----  ---------  --------  ----------  --------------  -------------------
/opt/airflow/dags/pipeline_dag.py                           1           0  0.21s           2026-04-28T10:20:47
================================================================================
[2026-04-28T10:21:17.967+0000] {manager.py:879} INFO - 
================================================================================
DAG File Processing Stats

File Path                          PID    Runtime      # DAGs    # Errors  Last Runtime    Last Run
---------------------------------  -----  ---------  --------  ----------  --------------  -------------------
/opt/airflow/dags/pipeline_dag.py                           1           0  0.21s           2026-04-28T10:21:17
================================================================================
[2026-04-28T10:21:48.621+0000] {manager.py:879} INFO - 
================================================================================
DAG File Processing Stats

File Path                          PID    Runtime      # DAGs    # Errors  Last Runtime    Last Run
---------------------------------  -----  ---------  --------  ----------  --------------  -------------------
/opt/airflow/dags/pipeline_dag.py                           1           0  0.43s           2026-04-28T10:21:48
================================================================================
[2026-04-28T10:22:19.117+0000] {manager.py:879} INFO - 
================================================================================
DAG File Processing Stats

File Path                          PID    Runtime      # DAGs    # Errors  Last Runtime    Last Run
---------------------------------  -----  ---------  --------  ----------  --------------  -------------------
/opt/airflow/dags/pipeline_dag.py                           1           0  0.21s           2026-04-28T10:22:19
================================================================================
[2026-04-28T10:22:49.504+0000] {manager.py:879} INFO - 
================================================================================
DAG File Processing Stats

File Path                          PID    Runtime      # DAGs    # Errors  Last Runtime    Last Run
---------------------------------  -----  ---------  --------  ----------  --------------  -------------------
/opt/airflow/dags/pipeline_dag.py                           1           0  0.21s           2026-04-28T10:22:49
================================================================================
[2026-04-28T10:23:19.886+0000] {manager.py:879} INFO - 
================================================================================
DAG File Processing Stats

File Path                          PID    Runtime      # DAGs    # Errors  Last Runtime    Last Run
---------------------------------  -----  ---------  --------  ----------  --------------  -------------------
/opt/airflow/dags/pipeline_dag.py                           1           0  0.21s           2026-04-28T10:23:19
================================================================================
[2026-04-28T10:24:21.605+0000] {manager.py:879} INFO - 
================================================================================
DAG File Processing Stats

File Path                          PID    Runtime      # DAGs    # Errors  Last Runtime    Last Run
---------------------------------  -----  ---------  --------  ----------  --------------  -------------------
/opt/airflow/dags/pipeline_dag.py                           1           0  0.21s           2026-04-28T10:24:21
================================================================================
[2026-04-28T10:25:07.689+0000] {manager.py:879} INFO - 
================================================================================
DAG File Processing Stats

File Path                          PID    Runtime      # DAGs    # Errors  Last Runtime    Last Run
---------------------------------  -----  ---------  --------  ----------  --------------  -------------------
/opt/airflow/dags/pipeline_dag.py                           1           0  0.21s           2026-04-28T10:25:07
================================================================================
[2026-04-28T10:25:20.019+0000] {manager.py:738} INFO - Searching for files in /opt/airflow/dags
[2026-04-28T10:25:20.042+0000] {manager.py:741} INFO - There are 1 files in /opt/airflow/dags
[2026-04-28T10:25:38.918+0000] {manager.py:879} INFO - 
================================================================================
DAG File Processing Stats

File Path                          PID    Runtime      # DAGs    # Errors  Last Runtime    Last Run
---------------------------------  -----  ---------  --------  ----------  --------------  -------------------
/opt/airflow/dags/pipeline_dag.py                           1           0  0.21s           2026-04-28T10:25:38
================================================================================
[2026-04-28T10:26:09.429+0000] {manager.py:879} INFO - 
================================================================================
DAG File Processing Stats

File Path                          PID    Runtime      # DAGs    # Errors  Last Runtime    Last Run
---------------------------------  -----  ---------  --------  ----------  --------------  -------------------
/opt/airflow/dags/pipeline_dag.py                           1           0  0.22s           2026-04-28T10:26:09
================================================================================
[2026-04-28T10:26:40.259+0000] {manager.py:879} INFO - 
================================================================================
DAG File Processing Stats

File Path                          PID    Runtime      # DAGs    # Errors  Last Runtime    Last Run
---------------------------------  -----  ---------  --------  ----------  --------------  -------------------
/opt/airflow/dags/pipeline_dag.py                           1           0  0.53s           2026-04-28T10:26:40
================================================================================
[2026-04-28T10:27:11.512+0000] {manager.py:879} INFO - 
================================================================================
DAG File Processing Stats

File Path                          PID    Runtime      # DAGs    # Errors  Last Runtime    Last Run
---------------------------------  -----  ---------  --------  ----------  --------------  -------------------
/opt/airflow/dags/pipeline_dag.py                           1           0  0.21s           2026-04-28T10:27:11
================================================================================
[2026-04-28T10:28:25.165+0000] {manager.py:879} INFO - 
================================================================================
DAG File Processing Stats

File Path                          PID    Runtime      # DAGs    # Errors  Last Runtime    Last Run
---------------------------------  -----  ---------  --------  ----------  --------------  -------------------
/opt/airflow/dags/pipeline_dag.py                           1           0  0.21s           2026-04-28T10:28:25
================================================================================
[2026-04-28T10:28:55.439+0000] {manager.py:879} INFO - 
================================================================================
DAG File Processing Stats

File Path                          PID    Runtime      # DAGs    # Errors  Last Runtime    Last Run
---------------------------------  -----  ---------  --------  ----------  --------------  -------------------
/opt/airflow/dags/pipeline_dag.py                           1           0  0.21s           2026-04-28T10:28:55
================================================================================
[2026-04-28T10:29:26.240+0000] {manager.py:879} INFO - 
================================================================================
DAG File Processing Stats

File Path                          PID    Runtime      # DAGs    # Errors  Last Runtime    Last Run
---------------------------------  -----  ---------  --------  ----------  --------------  -------------------
/opt/airflow/dags/pipeline_dag.py                           1           0  0.21s           2026-04-28T10:29:26
================================================================================
[2026-04-28T10:29:56.535+0000] {manager.py:879} INFO - 
================================================================================
DAG File Processing Stats

File Path                          PID    Runtime      # DAGs    # Errors  Last Runtime    Last Run
---------------------------------  -----  ---------  --------  ----------  --------------  -------------------
/opt/airflow/dags/pipeline_dag.py                           1           0  0.21s           2026-04-28T10:29:56
================================================================================
[2026-04-28T10:30:20.782+0000] {manager.py:738} INFO - Searching for files in /opt/airflow/dags
[2026-04-28T10:30:20.789+0000] {manager.py:741} INFO - There are 1 files in /opt/airflow/dags
[2026-04-28T10:30:27.389+0000] {manager.py:879} INFO - 
================================================================================
DAG File Processing Stats

File Path                          PID    Runtime      # DAGs    # Errors  Last Runtime    Last Run
---------------------------------  -----  ---------  --------  ----------  --------------  -------------------
/opt/airflow/dags/pipeline_dag.py                           1           0  0.21s           2026-04-28T10:30:27
================================================================================
[2026-04-28T10:30:57.666+0000] {manager.py:879} INFO - 
================================================================================
DAG File Processing Stats

File Path                          PID    Runtime      # DAGs    # Errors  Last Runtime    Last Run
---------------------------------  -----  ---------  --------  ----------  --------------  -------------------
/opt/airflow/dags/pipeline_dag.py                           1           0  0.21s           2026-04-28T10:30:57
================================================================================
[2026-04-28T10:31:28.729+0000] {manager.py:879} INFO - 
================================================================================
DAG File Processing Stats

File Path                          PID    Runtime      # DAGs    # Errors  Last Runtime    Last Run
---------------------------------  -----  ---------  --------  ----------  --------------  -------------------
/opt/airflow/dags/pipeline_dag.py                           1           0  0.34s           2026-04-28T10:31:28
================================================================================
[2026-04-28T10:31:59.539+0000] {manager.py:879} INFO - 
================================================================================
DAG File Processing Stats

File Path                          PID    Runtime      # DAGs    # Errors  Last Runtime    Last Run
---------------------------------  -----  ---------  --------  ----------  --------------  -------------------
/opt/airflow/dags/pipeline_dag.py                           1           0  0.21s           2026-04-28T10:31:59
================================================================================
[2026-04-28T10:32:30.219+0000] {manager.py:879} INFO - 
================================================================================
DAG File Processing Stats

File Path                          PID    Runtime      # DAGs    # Errors  Last Runtime    Last Run
---------------------------------  -----  ---------  --------  ----------  --------------  -------------------
/opt/airflow/dags/pipeline_dag.py                           1           0  0.21s           2026-04-28T10:32:30
================================================================================
[2026-04-28T10:33:00.790+0000] {manager.py:879} INFO - 
================================================================================
DAG File Processing Stats

File Path                          PID    Runtime      # DAGs    # Errors  Last Runtime    Last Run
---------------------------------  -----  ---------  --------  ----------  --------------  -------------------
/opt/airflow/dags/pipeline_dag.py                           1           0  0.32s           2026-04-28T10:33:00
================================================================================
[2026-04-28T10:33:31.089+0000] {manager.py:879} INFO - 
================================================================================
DAG File Processing Stats

File Path                          PID    Runtime      # DAGs    # Errors  Last Runtime    Last Run
---------------------------------  -----  ---------  --------  ----------  --------------  -------------------
/opt/airflow/dags/pipeline_dag.py                           1           0  0.21s           2026-04-28T10:33:31
================================================================================
[2026-04-28T10:34:04.716+0000] {manager.py:879} INFO - 
================================================================================
DAG File Processing Stats

File Path                          PID    Runtime      # DAGs    # Errors  Last Runtime    Last Run
---------------------------------  -----  ---------  --------  ----------  --------------  -------------------
/opt/airflow/dags/pipeline_dag.py                           1           0  0.21s           2026-04-28T10:34:04
================================================================================
[2026-04-28T10:34:35.028+0000] {manager.py:879} INFO - 
================================================================================
DAG File Processing Stats

File Path                          PID    Runtime      # DAGs    # Errors  Last Runtime    Last Run
---------------------------------  -----  ---------  --------  ----------  --------------  -------------------
/opt/airflow/dags/pipeline_dag.py                           1           0  0.21s           2026-04-28T10:34:35
================================================================================
[2026-04-28T10:35:22.657+0000] {manager.py:469} INFO - Processing files using up to 1 processes at a time 
[2026-04-28T10:35:22.659+0000] {manager.py:470} INFO - Process each file at most once every 30 seconds
[2026-04-28T10:35:22.660+0000] {manager.py:471} INFO - Checking for new files in /opt/airflow/dags every 300 seconds
[2026-04-28T10:35:22.663+0000] {manager.py:738} INFO - Searching for files in /opt/airflow/dags
[2026-04-28T10:35:22.675+0000] {manager.py:741} INFO - There are 1 files in /opt/airflow/dags
[2026-04-28T10:35:24.260+0000] {manager.py:879} INFO - 
================================================================================
DAG File Processing Stats

File Path                          PID    Runtime      # DAGs    # Errors  Last Runtime    Last Run
---------------------------------  -----  ---------  --------  ----------  --------------  -------------------
/opt/airflow/dags/pipeline_dag.py                           1           0  1.14s           2026-04-28T10:35:24
================================================================================
[2026-04-28T10:36:26.138+0000] {manager.py:469} INFO - Processing files using up to 1 processes at a time 
[2026-04-28T10:36:26.139+0000] {manager.py:470} INFO - Process each file at most once every 30 seconds
[2026-04-28T10:36:26.140+0000] {manager.py:471} INFO - Checking for new files in /opt/airflow/dags every 300 seconds
[2026-04-28T10:36:26.141+0000] {manager.py:738} INFO - Searching for files in /opt/airflow/dags
[2026-04-28T10:36:26.150+0000] {manager.py:741} INFO - There are 1 files in /opt/airflow/dags
[2026-04-28T10:36:26.682+0000] {manager.py:879} INFO - 
================================================================================
DAG File Processing Stats

File Path                          PID    Runtime      # DAGs    # Errors  Last Runtime    Last Run
---------------------------------  -----  ---------  --------  ----------  --------------  -------------------
/opt/airflow/dags/pipeline_dag.py                           1           0  0.41s           2026-04-28T10:36:26
================================================================================
[2026-04-28T10:36:59.042+0000] {manager.py:879} INFO - 
================================================================================
DAG File Processing Stats

File Path                          PID    Runtime      # DAGs    # Errors  Last Runtime    Last Run
---------------------------------  -----  ---------  --------  ----------  --------------  -------------------
/opt/airflow/dags/pipeline_dag.py                           1           0  0.52s           2026-04-28T10:36:59
================================================================================
[2026-04-28T10:37:29.610+0000] {manager.py:879} INFO - 
================================================================================
DAG File Processing Stats

File Path                          PID    Runtime      # DAGs    # Errors  Last Runtime    Last Run
---------------------------------  -----  ---------  --------  ----------  --------------  -------------------
/opt/airflow/dags/pipeline_dag.py                           1           0  0.31s           2026-04-28T10:37:29
================================================================================
[2026-04-28T10:38:00.107+0000] {manager.py:879} INFO - 
================================================================================
DAG File Processing Stats

File Path                          PID    Runtime      # DAGs    # Errors  Last Runtime    Last Run
---------------------------------  -----  ---------  --------  ----------  --------------  -------------------
/opt/airflow/dags/pipeline_dag.py                           1           0  0.21s           2026-04-28T10:38:00
================================================================================
[2026-04-28T10:38:30.633+0000] {manager.py:879} INFO - 
================================================================================
DAG File Processing Stats

File Path                          PID    Runtime      # DAGs    # Errors  Last Runtime    Last Run
---------------------------------  -----  ---------  --------  ----------  --------------  -------------------
/opt/airflow/dags/pipeline_dag.py                           1           0  0.31s           2026-04-28T10:38:30
================================================================================
[2026-04-28T10:39:01.076+0000] {manager.py:879} INFO - 
================================================================================
DAG File Processing Stats

File Path                          PID    Runtime      # DAGs    # Errors  Last Runtime    Last Run
---------------------------------  -----  ---------  --------  ----------  --------------  -------------------
/opt/airflow/dags/pipeline_dag.py                           1           0  0.21s           2026-04-28T10:39:01
================================================================================
[2026-04-28T10:40:04.604+0000] {manager.py:469} INFO - Processing files using up to 1 processes at a time 
[2026-04-28T10:40:04.605+0000] {manager.py:470} INFO - Process each file at most once every 30 seconds
[2026-04-28T10:40:04.606+0000] {manager.py:471} INFO - Checking for new files in /opt/airflow/dags every 300 seconds
[2026-04-28T10:40:04.609+0000] {manager.py:738} INFO - Searching for files in /opt/airflow/dags
[2026-04-28T10:40:04.617+0000] {manager.py:741} INFO - There are 1 files in /opt/airflow/dags
[2026-04-28T10:40:05.165+0000] {manager.py:879} INFO - 
================================================================================
DAG File Processing Stats

File Path                          PID    Runtime      # DAGs    # Errors  Last Runtime    Last Run
---------------------------------  -----  ---------  --------  ----------  --------------  -------------------
/opt/airflow/dags/pipeline_dag.py                           1           0  0.41s           2026-04-28T10:40:05
================================================================================
[2026-04-28T10:40:36.592+0000] {manager.py:879} INFO - 
================================================================================
DAG File Processing Stats

File Path                          PID    Runtime      # DAGs    # Errors  Last Runtime    Last Run
---------------------------------  -----  ---------  --------  ----------  --------------  -------------------
/opt/airflow/dags/pipeline_dag.py                           1           0  0.31s           2026-04-28T10:40:36
================================================================================
[2026-04-28T10:41:07.785+0000] {manager.py:879} INFO - 
================================================================================
DAG File Processing Stats

File Path                          PID    Runtime      # DAGs    # Errors  Last Runtime    Last Run
---------------------------------  -----  ---------  --------  ----------  --------------  -------------------
/opt/airflow/dags/pipeline_dag.py                           1           0  0.21s           2026-04-28T10:41:07
================================================================================
[2026-04-28T10:41:38.188+0000] {manager.py:879} INFO - 
================================================================================
DAG File Processing Stats

File Path                          PID    Runtime      # DAGs    # Errors  Last Runtime    Last Run
---------------------------------  -----  ---------  --------  ----------  --------------  -------------------
/opt/airflow/dags/pipeline_dag.py                           1           0  0.21s           2026-04-28T10:41:38
================================================================================
[2026-04-28T10:42:08.665+0000] {manager.py:879} INFO - 
================================================================================
DAG File Processing Stats

File Path                          PID    Runtime      # DAGs    # Errors  Last Runtime    Last Run
---------------------------------  -----  ---------  --------  ----------  --------------  -------------------
/opt/airflow/dags/pipeline_dag.py                           1           0  0.21s           2026-04-28T10:42:08
================================================================================
[2026-04-28T10:42:39.022+0000] {manager.py:879} INFO - 
================================================================================
DAG File Processing Stats

File Path                          PID    Runtime      # DAGs    # Errors  Last Runtime    Last Run
---------------------------------  -----  ---------  --------  ----------  --------------  -------------------
/opt/airflow/dags/pipeline_dag.py                           1           0  0.21s           2026-04-28T10:42:39
================================================================================
[2026-04-28T10:43:09.390+0000] {manager.py:879} INFO - 
================================================================================
DAG File Processing Stats

File Path                          PID    Runtime      # DAGs    # Errors  Last Runtime    Last Run
---------------------------------  -----  ---------  --------  ----------  --------------  -------------------
/opt/airflow/dags/pipeline_dag.py                           1           0  0.21s           2026-04-28T10:43:09
================================================================================
[2026-04-28T10:43:42.169+0000] {manager.py:469} INFO - Processing files using up to 1 processes at a time 
[2026-04-28T10:43:42.170+0000] {manager.py:470} INFO - Process each file at most once every 30 seconds
[2026-04-28T10:43:42.171+0000] {manager.py:471} INFO - Checking for new files in /opt/airflow/dags every 300 seconds
[2026-04-28T10:43:42.172+0000] {manager.py:738} INFO - Searching for files in /opt/airflow/dags
[2026-04-28T10:43:42.180+0000] {manager.py:741} INFO - There are 1 files in /opt/airflow/dags
[2026-04-28T10:43:42.732+0000] {manager.py:879} INFO - 
================================================================================
DAG File Processing Stats

File Path                          PID    Runtime      # DAGs    # Errors  Last Runtime    Last Run
---------------------------------  -----  ---------  --------  ----------  --------------  -------------------
/opt/airflow/dags/pipeline_dag.py                           1           0  0.41s           2026-04-28T10:43:42
================================================================================
[2026-04-28T10:44:14.484+0000] {manager.py:879} INFO - 
================================================================================
DAG File Processing Stats

File Path                          PID    Runtime      # DAGs    # Errors  Last Runtime    Last Run
---------------------------------  -----  ---------  --------  ----------  --------------  -------------------
/opt/airflow/dags/pipeline_dag.py                           1           0  0.41s           2026-04-28T10:44:14
================================================================================
[2026-04-28T10:44:45.843+0000] {manager.py:879} INFO - 
================================================================================
DAG File Processing Stats

File Path                          PID    Runtime      # DAGs    # Errors  Last Runtime    Last Run
---------------------------------  -----  ---------  --------  ----------  --------------  -------------------
/opt/airflow/dags/pipeline_dag.py                           1           0  0.53s           2026-04-28T10:44:45
================================================================================
[2026-04-28T10:45:21.762+0000] {manager.py:879} INFO - 
================================================================================
DAG File Processing Stats

File Path                          PID    Runtime      # DAGs    # Errors  Last Runtime    Last Run
---------------------------------  -----  ---------  --------  ----------  --------------  -------------------
/opt/airflow/dags/pipeline_dag.py                           1           0  0.21s           2026-04-28T10:45:21
================================================================================
[2026-04-28T10:46:04.630+0000] {manager.py:879} INFO - 
================================================================================
DAG File Processing Stats

File Path                          PID    Runtime      # DAGs    # Errors  Last Runtime    Last Run
---------------------------------  -----  ---------  --------  ----------  --------------  -------------------
/opt/airflow/dags/pipeline_dag.py                           1           0  0.21s           2026-04-28T10:46:04
================================================================================
[2026-04-28T10:50:28.706+0000] {manager.py:469} INFO - Processing files using up to 1 processes at a time 
[2026-04-28T10:50:28.707+0000] {manager.py:470} INFO - Process each file at most once every 30 seconds
[2026-04-28T10:50:28.708+0000] {manager.py:471} INFO - Checking for new files in /opt/airflow/dags every 300 seconds
[2026-04-28T10:50:28.709+0000] {manager.py:738} INFO - Searching for files in /opt/airflow/dags
[2026-04-28T10:50:28.717+0000] {manager.py:741} INFO - There are 1 files in /opt/airflow/dags
[2026-04-28T10:50:29.730+0000] {manager.py:879} INFO - 
================================================================================
DAG File Processing Stats

File Path                          PID    Runtime      # DAGs    # Errors  Last Runtime    Last Run
---------------------------------  -----  ---------  --------  ----------  --------------  -------------------
/opt/airflow/dags/pipeline_dag.py                           1           0  0.83s           2026-04-28T10:50:29
================================================================================
[2026-04-28T10:51:50.778+0000] {manager.py:469} INFO - Processing files using up to 1 processes at a time 
[2026-04-28T10:51:50.779+0000] {manager.py:470} INFO - Process each file at most once every 30 seconds
[2026-04-28T10:51:50.780+0000] {manager.py:471} INFO - Checking for new files in /opt/airflow/dags every 300 seconds
[2026-04-28T10:51:50.781+0000] {manager.py:738} INFO - Searching for files in /opt/airflow/dags
[2026-04-28T10:51:50.787+0000] {manager.py:741} INFO - There are 1 files in /opt/airflow/dags
[2026-04-28T10:51:51.333+0000] {manager.py:879} INFO - 
================================================================================
DAG File Processing Stats

File Path                          PID    Runtime      # DAGs    # Errors  Last Runtime    Last Run
---------------------------------  -----  ---------  --------  ----------  --------------  -------------------
/opt/airflow/dags/pipeline_dag.py                           1           0  0.41s           2026-04-28T10:51:51
================================================================================
[2026-04-28T10:52:24.481+0000] {manager.py:879} INFO - 
================================================================================
DAG File Processing Stats

File Path                          PID    Runtime      # DAGs    # Errors  Last Runtime    Last Run
---------------------------------  -----  ---------  --------  ----------  --------------  -------------------
/opt/airflow/dags/pipeline_dag.py                           1           0  0.83s           2026-04-28T10:52:24
================================================================================
[2026-04-28T10:53:40.796+0000] {manager.py:469} INFO - Processing files using up to 1 processes at a time 
[2026-04-28T10:53:40.799+0000] {manager.py:470} INFO - Process each file at most once every 30 seconds
[2026-04-28T10:53:40.800+0000] {manager.py:471} INFO - Checking for new files in /opt/airflow/dags every 300 seconds
[2026-04-28T10:53:40.801+0000] {manager.py:738} INFO - Searching for files in /opt/airflow/dags
[2026-04-28T10:53:40.815+0000] {manager.py:741} INFO - There are 1 files in /opt/airflow/dags
[2026-04-28T10:53:41.504+0000] {manager.py:879} INFO - 
================================================================================
DAG File Processing Stats

File Path                          PID    Runtime      # DAGs    # Errors  Last Runtime    Last Run
---------------------------------  -----  ---------  --------  ----------  --------------  -------------------
/opt/airflow/dags/pipeline_dag.py                           1           0  0.51s           2026-04-28T10:53:41
================================================================================
[2026-04-28T10:54:12.189+0000] {manager.py:879} INFO - 
================================================================================
DAG File Processing Stats

File Path                          PID    Runtime      # DAGs    # Errors  Last Runtime    Last Run
---------------------------------  -----  ---------  --------  ----------  --------------  -------------------
/opt/airflow/dags/pipeline_dag.py                           1           0  0.41s           2026-04-28T10:54:12
================================================================================
[2026-04-28T10:55:58.967+0000] {manager.py:451} INFO - Exiting gracefully upon receiving signal 15
[2026-04-28T10:56:00.269+0000] {manager.py:469} INFO - Processing files using up to 1 processes at a time 
[2026-04-28T10:56:00.270+0000] {manager.py:470} INFO - Process each file at most once every 30 seconds
[2026-04-28T10:56:00.271+0000] {manager.py:471} INFO - Checking for new files in /opt/airflow/dags every 300 seconds
[2026-04-28T10:56:00.272+0000] {manager.py:738} INFO - Searching for files in /opt/airflow/dags
[2026-04-28T10:56:00.284+0000] {manager.py:741} INFO - There are 1 files in /opt/airflow/dags
[2026-04-28T10:56:00.698+0000] {manager.py:879} INFO - 
================================================================================
DAG File Processing Stats

File Path                          PID    Runtime      # DAGs    # Errors  Last Runtime    Last Run
---------------------------------  -----  ---------  --------  ----------  --------------  -------------------
/opt/airflow/dags/pipeline_dag.py                           1           0  0.31s           2026-04-28T10:56:00
================================================================================
[2026-04-28T10:57:06.769+0000] {manager.py:451} INFO - Exiting gracefully upon receiving signal 15
[2026-04-28T10:57:07.349+0000] {manager.py:469} INFO - Processing files using up to 1 processes at a time 
[2026-04-28T10:57:07.350+0000] {manager.py:470} INFO - Process each file at most once every 30 seconds
[2026-04-28T10:57:07.351+0000] {manager.py:471} INFO - Checking for new files in /opt/airflow/dags every 300 seconds
[2026-04-28T10:57:07.352+0000] {manager.py:738} INFO - Searching for files in /opt/airflow/dags
[2026-04-28T10:57:07.358+0000] {manager.py:741} INFO - There are 1 files in /opt/airflow/dags
[2026-04-28T10:57:07.642+0000] {manager.py:879} INFO - 
================================================================================
DAG File Processing Stats

File Path                          PID    Runtime      # DAGs    # Errors  Last Runtime    Last Run
---------------------------------  -----  ---------  --------  ----------  --------------  -------------------
/opt/airflow/dags/pipeline_dag.py                           1           0  0.21s           2026-04-28T10:57:07
================================================================================
[2026-04-28T10:57:37.907+0000] {manager.py:879} INFO - 
================================================================================
DAG File Processing Stats

File Path                          PID    Runtime      # DAGs    # Errors  Last Runtime    Last Run
---------------------------------  -----  ---------  --------  ----------  --------------  -------------------
/opt/airflow/dags/pipeline_dag.py                           1           0  0.21s           2026-04-28T10:57:37
================================================================================
[2026-04-28T10:58:08.690+0000] {manager.py:879} INFO - 
================================================================================
DAG File Processing Stats

File Path                          PID    Runtime      # DAGs    # Errors  Last Runtime    Last Run
---------------------------------  -----  ---------  --------  ----------  --------------  -------------------
/opt/airflow/dags/pipeline_dag.py                           1           0  0.21s           2026-04-28T10:58:08
================================================================================
[2026-04-28T10:58:39.109+0000] {manager.py:879} INFO - 
================================================================================
DAG File Processing Stats

File Path                          PID    Runtime      # DAGs    # Errors  Last Runtime    Last Run
---------------------------------  -----  ---------  --------  ----------  --------------  -------------------
/opt/airflow/dags/pipeline_dag.py                           1           0  0.21s           2026-04-28T10:58:39
================================================================================
[2026-04-28T10:59:09.828+0000] {manager.py:879} INFO - 
================================================================================
DAG File Processing Stats

File Path                          PID    Runtime      # DAGs    # Errors  Last Runtime    Last Run
---------------------------------  -----  ---------  --------  ----------  --------------  -------------------
/opt/airflow/dags/pipeline_dag.py                           1           0  0.21s           2026-04-28T10:59:09
================================================================================
[2026-04-28T10:59:40.205+0000] {manager.py:879} INFO - 
================================================================================
DAG File Processing Stats

File Path                          PID    Runtime      # DAGs    # Errors  Last Runtime    Last Run
---------------------------------  -----  ---------  --------  ----------  --------------  -------------------
/opt/airflow/dags/pipeline_dag.py                           1           0  0.32s           2026-04-28T10:59:40
================================================================================
[2026-04-28T11:00:10.602+0000] {manager.py:879} INFO - 
================================================================================
DAG File Processing Stats

File Path                          PID    Runtime      # DAGs    # Errors  Last Runtime    Last Run
---------------------------------  -----  ---------  --------  ----------  --------------  -------------------
/opt/airflow/dags/pipeline_dag.py                           1           0  0.21s           2026-04-28T11:00:10
================================================================================
[2026-04-28T11:00:41.102+0000] {manager.py:879} INFO - 
================================================================================
DAG File Processing Stats

File Path                          PID    Runtime      # DAGs    # Errors  Last Runtime    Last Run
---------------------------------  -----  ---------  --------  ----------  --------------  -------------------
/opt/airflow/dags/pipeline_dag.py                           1           0  0.22s           2026-04-28T11:00:41
================================================================================
[2026-04-28T11:01:11.824+0000] {manager.py:879} INFO - 
================================================================================
DAG File Processing Stats

File Path                          PID    Runtime      # DAGs    # Errors  Last Runtime    Last Run
---------------------------------  -----  ---------  --------  ----------  --------------  -------------------
/opt/airflow/dags/pipeline_dag.py                           1           0  0.31s           2026-04-28T11:01:11
================================================================================
[2026-04-28T11:01:42.373+0000] {manager.py:879} INFO - 
================================================================================
DAG File Processing Stats

File Path                          PID    Runtime      # DAGs    # Errors  Last Runtime    Last Run
---------------------------------  -----  ---------  --------  ----------  --------------  -------------------
/opt/airflow/dags/pipeline_dag.py                           1           0  0.31s           2026-04-28T11:01:42
================================================================================
[2026-04-28T11:02:07.644+0000] {manager.py:738} INFO - Searching for files in /opt/airflow/dags
[2026-04-28T11:02:07.660+0000] {manager.py:741} INFO - There are 1 files in /opt/airflow/dags
[2026-04-28T11:02:12.841+0000] {manager.py:879} INFO - 
================================================================================
DAG File Processing Stats

File Path                          PID    Runtime      # DAGs    # Errors  Last Runtime    Last Run
---------------------------------  -----  ---------  --------  ----------  --------------  -------------------
/opt/airflow/dags/pipeline_dag.py                           1           0  0.21s           2026-04-28T11:02:12
================================================================================
[2026-04-28T11:02:47.997+0000] {manager.py:879} INFO - 
================================================================================
DAG File Processing Stats

File Path                          PID    Runtime      # DAGs    # Errors  Last Runtime    Last Run
---------------------------------  -----  ---------  --------  ----------  --------------  -------------------
/opt/airflow/dags/pipeline_dag.py                           1           0  0.21s           2026-04-28T11:02:47
================================================================================
[2026-04-28T11:03:18.357+0000] {manager.py:879} INFO - 
================================================================================
DAG File Processing Stats

File Path                          PID    Runtime      # DAGs    # Errors  Last Runtime    Last Run
---------------------------------  -----  ---------  --------  ----------  --------------  -------------------
/opt/airflow/dags/pipeline_dag.py                           1           0  0.21s           2026-04-28T11:03:18
================================================================================
[2026-04-28T11:03:49.554+0000] {manager.py:879} INFO - 
================================================================================
DAG File Processing Stats

File Path                          PID    Runtime      # DAGs    # Errors  Last Runtime    Last Run
---------------------------------  -----  ---------  --------  ----------  --------------  -------------------
/opt/airflow/dags/pipeline_dag.py                           1           0  0.32s           2026-04-28T11:03:49
================================================================================
[2026-04-28T11:04:20.724+0000] {manager.py:879} INFO - 
================================================================================
DAG File Processing Stats

File Path                          PID    Runtime      # DAGs    # Errors  Last Runtime    Last Run
---------------------------------  -----  ---------  --------  ----------  --------------  -------------------
/opt/airflow/dags/pipeline_dag.py                           1           0  0.21s           2026-04-28T11:04:20
================================================================================
[2026-04-28T11:04:50.961+0000] {manager.py:879} INFO - 
================================================================================
DAG File Processing Stats

File Path                          PID    Runtime      # DAGs    # Errors  Last Runtime    Last Run
---------------------------------  -----  ---------  --------  ----------  --------------  -------------------
/opt/airflow/dags/pipeline_dag.py                           1           0  0.21s           2026-04-28T11:04:50
================================================================================
[2026-04-28T11:05:21.246+0000] {manager.py:879} INFO - 
================================================================================
DAG File Processing Stats

File Path                          PID    Runtime      # DAGs    # Errors  Last Runtime    Last Run
---------------------------------  -----  ---------  --------  ----------  --------------  -------------------
/opt/airflow/dags/pipeline_dag.py                           1           0  0.21s           2026-04-28T11:05:21
================================================================================
[2026-04-28T11:05:51.986+0000] {manager.py:879} INFO - 
================================================================================
DAG File Processing Stats

File Path                          PID    Runtime      # DAGs    # Errors  Last Runtime    Last Run
---------------------------------  -----  ---------  --------  ----------  --------------  -------------------
/opt/airflow/dags/pipeline_dag.py                           1           0  0.21s           2026-04-28T11:05:51
================================================================================
[2026-04-28T11:06:22.302+0000] {manager.py:879} INFO - 
================================================================================
DAG File Processing Stats

File Path                          PID    Runtime      # DAGs    # Errors  Last Runtime    Last Run
---------------------------------  -----  ---------  --------  ----------  --------------  -------------------
/opt/airflow/dags/pipeline_dag.py                           1           0  0.21s           2026-04-28T11:06:22
================================================================================
[2026-04-28T11:06:52.661+0000] {manager.py:879} INFO - 
================================================================================
DAG File Processing Stats

File Path                          PID    Runtime      # DAGs    # Errors  Last Runtime    Last Run
---------------------------------  -----  ---------  --------  ----------  --------------  -------------------
/opt/airflow/dags/pipeline_dag.py                           1           0  0.21s           2026-04-28T11:06:52
================================================================================
[2026-04-28T11:07:07.728+0000] {manager.py:738} INFO - Searching for files in /opt/airflow/dags
[2026-04-28T11:07:07.737+0000] {manager.py:741} INFO - There are 1 files in /opt/airflow/dags
[2026-04-28T11:07:23.048+0000] {manager.py:879} INFO - 
================================================================================
DAG File Processing Stats

File Path                          PID    Runtime      # DAGs    # Errors  Last Runtime    Last Run
---------------------------------  -----  ---------  --------  ----------  --------------  -------------------
/opt/airflow/dags/pipeline_dag.py                           1           0  0.22s           2026-04-28T11:07:23
================================================================================
[2026-04-28T11:08:03.659+0000] {manager.py:879} INFO - 
================================================================================
DAG File Processing Stats

File Path                          PID    Runtime      # DAGs    # Errors  Last Runtime    Last Run
---------------------------------  -----  ---------  --------  ----------  --------------  -------------------
/opt/airflow/dags/pipeline_dag.py                           1           0  0.31s           2026-04-28T11:08:03
================================================================================
[2026-04-28T13:35:33.634+0000] {manager.py:469} INFO - Processing files using up to 1 processes at a time 
[2026-04-28T13:35:33.639+0000] {manager.py:470} INFO - Process each file at most once every 30 seconds
[2026-04-28T13:35:33.642+0000] {manager.py:471} INFO - Checking for new files in /opt/airflow/dags every 300 seconds
[2026-04-28T13:35:33.649+0000] {manager.py:738} INFO - Searching for files in /opt/airflow/dags
[2026-04-28T13:35:33.676+0000] {manager.py:741} INFO - There are 1 files in /opt/airflow/dags
[2026-04-28T13:35:40.089+0000] {manager.py:879} INFO - 
================================================================================
DAG File Processing Stats

File Path                          PID    Runtime      # DAGs    # Errors  Last Runtime    Last Run
---------------------------------  -----  ---------  --------  ----------  --------------  -------------------
/opt/airflow/dags/pipeline_dag.py                           1           0  5.69s           2026-04-28T13:35:40
================================================================================
[2026-04-28T13:36:13.420+0000] {manager.py:879} INFO - 
================================================================================
DAG File Processing Stats

File Path                          PID    Runtime      # DAGs    # Errors  Last Runtime    Last Run
---------------------------------  -----  ---------  --------  ----------  --------------  -------------------
/opt/airflow/dags/pipeline_dag.py                           1           0  2.85s           2026-04-28T13:36:13
================================================================================
[2026-04-28T13:38:24.957+0000] {manager.py:469} INFO - Processing files using up to 1 processes at a time 
[2026-04-28T13:38:24.960+0000] {manager.py:470} INFO - Process each file at most once every 30 seconds
[2026-04-28T13:38:24.962+0000] {manager.py:471} INFO - Checking for new files in /opt/airflow/dags every 300 seconds
[2026-04-28T13:38:24.965+0000] {manager.py:738} INFO - Searching for files in /opt/airflow/dags
[2026-04-28T13:38:24.985+0000] {manager.py:741} INFO - There are 1 files in /opt/airflow/dags
[2026-04-28T13:38:27.405+0000] {manager.py:879} INFO - 
================================================================================
DAG File Processing Stats

File Path                          PID    Runtime      # DAGs    # Errors  Last Runtime    Last Run
---------------------------------  -----  ---------  --------  ----------  --------------  -------------------
/opt/airflow/dags/pipeline_dag.py                           1           0  1.79s           2026-04-28T13:38:27
================================================================================
[2026-04-28T13:39:00.486+0000] {manager.py:879} INFO - 
================================================================================
DAG File Processing Stats

File Path                          PID    Runtime      # DAGs    # Errors  Last Runtime    Last Run
---------------------------------  -----  ---------  --------  ----------  --------------  -------------------
/opt/airflow/dags/pipeline_dag.py                           1           0  1.24s           2026-04-28T13:39:00
================================================================================
[2026-04-28T13:39:31.071+0000] {manager.py:879} INFO - 
================================================================================
DAG File Processing Stats

File Path                          PID    Runtime      # DAGs    # Errors  Last Runtime    Last Run
---------------------------------  -----  ---------  --------  ----------  --------------  -------------------
/opt/airflow/dags/pipeline_dag.py                           1           0  0.42s           2026-04-28T13:39:31
================================================================================
[2026-04-28T13:40:02.222+0000] {manager.py:879} INFO - 
================================================================================
DAG File Processing Stats

File Path                          PID    Runtime      # DAGs    # Errors  Last Runtime    Last Run
---------------------------------  -----  ---------  --------  ----------  --------------  -------------------
/opt/airflow/dags/pipeline_dag.py                           1           0  0.31s           2026-04-28T13:40:02
================================================================================
[2026-04-28T13:40:32.750+0000] {manager.py:879} INFO - 
================================================================================
DAG File Processing Stats

File Path                          PID    Runtime      # DAGs    # Errors  Last Runtime    Last Run
---------------------------------  -----  ---------  --------  ----------  --------------  -------------------
/opt/airflow/dags/pipeline_dag.py                           1           0  0.21s           2026-04-28T13:40:32
================================================================================
[2026-04-28T13:41:03.242+0000] {manager.py:879} INFO - 
================================================================================
DAG File Processing Stats

File Path                          PID    Runtime      # DAGs    # Errors  Last Runtime    Last Run
---------------------------------  -----  ---------  --------  ----------  --------------  -------------------
/opt/airflow/dags/pipeline_dag.py                           1           0  0.21s           2026-04-28T13:41:03
================================================================================
[2026-04-28T13:41:34.226+0000] {manager.py:879} INFO - 
================================================================================
DAG File Processing Stats

File Path                          PID    Runtime      # DAGs    # Errors  Last Runtime    Last Run
---------------------------------  -----  ---------  --------  ----------  --------------  -------------------
/opt/airflow/dags/pipeline_dag.py                           1           0  0.55s           2026-04-28T13:41:34
================================================================================
[2026-04-28T13:42:04.996+0000] {manager.py:879} INFO - 
================================================================================
DAG File Processing Stats

File Path                          PID    Runtime      # DAGs    # Errors  Last Runtime    Last Run
---------------------------------  -----  ---------  --------  ----------  --------------  -------------------
/opt/airflow/dags/pipeline_dag.py                           1           0  0.33s           2026-04-28T13:42:04
================================================================================
[2026-04-28T13:42:35.730+0000] {manager.py:879} INFO - 
================================================================================
DAG File Processing Stats

File Path                          PID    Runtime      # DAGs    # Errors  Last Runtime    Last Run
---------------------------------  -----  ---------  --------  ----------  --------------  -------------------
/opt/airflow/dags/pipeline_dag.py                           1           0  0.35s           2026-04-28T13:42:35
================================================================================
[2026-04-28T13:43:06.450+0000] {manager.py:879} INFO - 
================================================================================
DAG File Processing Stats

File Path                          PID    Runtime      # DAGs    # Errors  Last Runtime    Last Run
---------------------------------  -----  ---------  --------  ----------  --------------  -------------------
/opt/airflow/dags/pipeline_dag.py                           1           0  0.31s           2026-04-28T13:43:06
================================================================================
[2026-04-28T13:43:25.176+0000] {manager.py:738} INFO - Searching for files in /opt/airflow/dags
[2026-04-28T13:43:25.192+0000] {manager.py:741} INFO - There are 1 files in /opt/airflow/dags
[2026-04-28T13:43:37.070+0000] {manager.py:879} INFO - 
================================================================================
DAG File Processing Stats

File Path                          PID    Runtime      # DAGs    # Errors  Last Runtime    Last Run
---------------------------------  -----  ---------  --------  ----------  --------------  -------------------
/opt/airflow/dags/pipeline_dag.py                           1           0  0.22s           2026-04-28T13:43:37
================================================================================
[2026-04-28T13:44:07.726+0000] {manager.py:879} INFO - 
================================================================================
DAG File Processing Stats

File Path                          PID    Runtime      # DAGs    # Errors  Last Runtime    Last Run
---------------------------------  -----  ---------  --------  ----------  --------------  -------------------
/opt/airflow/dags/pipeline_dag.py                           1           0  0.22s           2026-04-28T13:44:07
================================================================================
[2026-04-28T13:44:38.391+0000] {manager.py:879} INFO - 
================================================================================
DAG File Processing Stats

File Path                          PID    Runtime      # DAGs    # Errors  Last Runtime    Last Run
---------------------------------  -----  ---------  --------  ----------  --------------  -------------------
/opt/airflow/dags/pipeline_dag.py                           1           0  0.24s           2026-04-28T13:44:38
================================================================================
[2026-04-28T13:45:09.133+0000] {manager.py:879} INFO - 
================================================================================
DAG File Processing Stats

File Path                          PID    Runtime      # DAGs    # Errors  Last Runtime    Last Run
---------------------------------  -----  ---------  --------  ----------  --------------  -------------------
/opt/airflow/dags/pipeline_dag.py                           1           0  0.32s           2026-04-28T13:45:09
================================================================================
[2026-04-28T13:45:39.768+0000] {manager.py:879} INFO - 
================================================================================
DAG File Processing Stats

File Path                          PID    Runtime      # DAGs    # Errors  Last Runtime    Last Run
---------------------------------  -----  ---------  --------  ----------  --------------  -------------------
/opt/airflow/dags/pipeline_dag.py                           1           0  0.21s           2026-04-28T13:45:39
================================================================================
[2026-04-28T13:46:10.384+0000] {manager.py:879} INFO - 
================================================================================
DAG File Processing Stats

File Path                          PID    Runtime      # DAGs    # Errors  Last Runtime    Last Run
---------------------------------  -----  ---------  --------  ----------  --------------  -------------------
/opt/airflow/dags/pipeline_dag.py                           1           0  0.22s           2026-04-28T13:46:10
================================================================================
[2026-04-28T13:46:41.498+0000] {manager.py:879} INFO - 
================================================================================
DAG File Processing Stats

File Path                          PID    Runtime      # DAGs    # Errors  Last Runtime    Last Run
---------------------------------  -----  ---------  --------  ----------  --------------  -------------------
/opt/airflow/dags/pipeline_dag.py                           1           0  0.75s           2026-04-28T13:46:41
================================================================================
[2026-04-28T13:47:11.918+0000] {manager.py:879} INFO - 
================================================================================
DAG File Processing Stats

File Path                          PID    Runtime      # DAGs    # Errors  Last Runtime    Last Run
---------------------------------  -----  ---------  --------  ----------  --------------  -------------------
/opt/airflow/dags/pipeline_dag.py                           1           0  0.22s           2026-04-28T13:47:11
================================================================================
[2026-04-28T13:47:42.292+0000] {manager.py:879} INFO - 
================================================================================
DAG File Processing Stats

File Path                          PID    Runtime      # DAGs    # Errors  Last Runtime    Last Run
---------------------------------  -----  ---------  --------  ----------  --------------  -------------------
/opt/airflow/dags/pipeline_dag.py                           1           0  0.22s           2026-04-28T13:47:42
================================================================================
[2026-04-28T13:48:12.639+0000] {manager.py:879} INFO - 
================================================================================
DAG File Processing Stats

File Path                          PID    Runtime      # DAGs    # Errors  Last Runtime    Last Run
---------------------------------  -----  ---------  --------  ----------  --------------  -------------------
/opt/airflow/dags/pipeline_dag.py                           1           0  0.21s           2026-04-28T13:48:12
================================================================================
[2026-04-28T13:48:25.309+0000] {manager.py:738} INFO - Searching for files in /opt/airflow/dags
[2026-04-28T13:48:25.313+0000] {manager.py:741} INFO - There are 1 files in /opt/airflow/dags
[2026-04-28T13:48:42.985+0000] {manager.py:879} INFO - 
================================================================================
DAG File Processing Stats

File Path                          PID    Runtime      # DAGs    # Errors  Last Runtime    Last Run
---------------------------------  -----  ---------  --------  ----------  --------------  -------------------
/opt/airflow/dags/pipeline_dag.py                           1           0  0.22s           2026-04-28T13:48:42
================================================================================
[2026-04-28T13:49:13.324+0000] {manager.py:879} INFO - 
================================================================================
DAG File Processing Stats

File Path                          PID    Runtime      # DAGs    # Errors  Last Runtime    Last Run
---------------------------------  -----  ---------  --------  ----------  --------------  -------------------
/opt/airflow/dags/pipeline_dag.py                           1           0  0.21s           2026-04-28T13:49:13
================================================================================
[2026-04-28T13:49:43.666+0000] {manager.py:879} INFO - 
================================================================================
DAG File Processing Stats

File Path                          PID    Runtime      # DAGs    # Errors  Last Runtime    Last Run
---------------------------------  -----  ---------  --------  ----------  --------------  -------------------
/opt/airflow/dags/pipeline_dag.py                           1           0  0.21s           2026-04-28T13:49:43
================================================================================
[2026-04-28T13:50:14.048+0000] {manager.py:879} INFO - 
================================================================================
DAG File Processing Stats

File Path                          PID    Runtime      # DAGs    # Errors  Last Runtime    Last Run
---------------------------------  -----  ---------  --------  ----------  --------------  -------------------
/opt/airflow/dags/pipeline_dag.py                           1           0  0.22s           2026-04-28T13:50:14
================================================================================
[2026-04-28T13:50:44.466+0000] {manager.py:879} INFO - 
================================================================================
DAG File Processing Stats

File Path                          PID    Runtime      # DAGs    # Errors  Last Runtime    Last Run
---------------------------------  -----  ---------  --------  ----------  --------------  -------------------
/opt/airflow/dags/pipeline_dag.py                           1           0  0.22s           2026-04-28T13:50:44
================================================================================
[2026-04-28T13:51:14.852+0000] {manager.py:879} INFO - 
================================================================================
DAG File Processing Stats

File Path                          PID    Runtime      # DAGs    # Errors  Last Runtime    Last Run
---------------------------------  -----  ---------  --------  ----------  --------------  -------------------
/opt/airflow/dags/pipeline_dag.py                           1           0  0.21s           2026-04-28T13:51:14
================================================================================
[2026-04-28T13:51:45.207+0000] {manager.py:879} INFO - 
================================================================================
DAG File Processing Stats

File Path                          PID    Runtime      # DAGs    # Errors  Last Runtime    Last Run
---------------------------------  -----  ---------  --------  ----------  --------------  -------------------
/opt/airflow/dags/pipeline_dag.py                           1           0  0.22s           2026-04-28T13:51:45
================================================================================
[2026-04-28T13:52:15.565+0000] {manager.py:879} INFO - 
================================================================================
DAG File Processing Stats

File Path                          PID    Runtime      # DAGs    # Errors  Last Runtime    Last Run
---------------------------------  -----  ---------  --------  ----------  --------------  -------------------
/opt/airflow/dags/pipeline_dag.py                           1           0  0.21s           2026-04-28T13:52:15
================================================================================
[2026-04-28T13:52:45.911+0000] {manager.py:879} INFO - 
================================================================================
DAG File Processing Stats

File Path                          PID    Runtime      # DAGs    # Errors  Last Runtime    Last Run
---------------------------------  -----  ---------  --------  ----------  --------------  -------------------
/opt/airflow/dags/pipeline_dag.py                           1           0  0.21s           2026-04-28T13:52:45
================================================================================
[2026-04-28T13:53:16.150+0000] {manager.py:879} INFO - 
================================================================================
DAG File Processing Stats

File Path                          PID    Runtime      # DAGs    # Errors  Last Runtime    Last Run
---------------------------------  -----  ---------  --------  ----------  --------------  -------------------
/opt/airflow/dags/pipeline_dag.py                           1           0  0.11s           2026-04-28T13:53:16
================================================================================
[2026-04-28T13:53:25.370+0000] {manager.py:738} INFO - Searching for files in /opt/airflow/dags
[2026-04-28T13:53:25.376+0000] {manager.py:741} INFO - There are 1 files in /opt/airflow/dags
[2026-04-28T13:53:46.480+0000] {manager.py:879} INFO - 
================================================================================
DAG File Processing Stats

File Path                          PID    Runtime      # DAGs    # Errors  Last Runtime    Last Run
---------------------------------  -----  ---------  --------  ----------  --------------  -------------------
/opt/airflow/dags/pipeline_dag.py                           1           0  0.21s           2026-04-28T13:53:46
================================================================================
[2026-04-28T13:54:16.694+0000] {manager.py:879} INFO - 
================================================================================
DAG File Processing Stats

File Path                          PID    Runtime      # DAGs    # Errors  Last Runtime    Last Run
---------------------------------  -----  ---------  --------  ----------  --------------  -------------------
/opt/airflow/dags/pipeline_dag.py                           1           0  0.11s           2026-04-28T13:54:16
================================================================================
[2026-04-28T13:54:46.987+0000] {manager.py:879} INFO - 
================================================================================
DAG File Processing Stats

File Path                          PID    Runtime      # DAGs    # Errors  Last Runtime    Last Run
---------------------------------  -----  ---------  --------  ----------  --------------  -------------------
/opt/airflow/dags/pipeline_dag.py                           1           0  0.21s           2026-04-28T13:54:46
================================================================================
[2026-04-28T13:55:17.178+0000] {manager.py:879} INFO - 
================================================================================
DAG File Processing Stats

File Path                          PID    Runtime      # DAGs    # Errors  Last Runtime    Last Run
---------------------------------  -----  ---------  --------  ----------  --------------  -------------------
/opt/airflow/dags/pipeline_dag.py                           1           0  0.11s           2026-04-28T13:55:17
================================================================================
[2026-04-28T13:55:47.476+0000] {manager.py:879} INFO - 
================================================================================
DAG File Processing Stats

File Path                          PID    Runtime      # DAGs    # Errors  Last Runtime    Last Run
---------------------------------  -----  ---------  --------  ----------  --------------  -------------------
/opt/airflow/dags/pipeline_dag.py                           1           0  0.21s           2026-04-28T13:55:47
================================================================================
[2026-04-28T13:56:17.781+0000] {manager.py:879} INFO - 
================================================================================
DAG File Processing Stats

File Path                          PID    Runtime      # DAGs    # Errors  Last Runtime    Last Run
---------------------------------  -----  ---------  --------  ----------  --------------  -------------------
/opt/airflow/dags/pipeline_dag.py                           1           0  0.21s           2026-04-28T13:56:17
================================================================================
[2026-04-28T13:56:48.082+0000] {manager.py:879} INFO - 
================================================================================
DAG File Processing Stats

File Path                          PID    Runtime      # DAGs    # Errors  Last Runtime    Last Run
---------------------------------  -----  ---------  --------  ----------  --------------  -------------------
/opt/airflow/dags/pipeline_dag.py                           1           0  0.21s           2026-04-28T13:56:48
================================================================================
[2026-04-28T13:57:18.383+0000] {manager.py:879} INFO - 
================================================================================
DAG File Processing Stats

File Path                          PID    Runtime      # DAGs    # Errors  Last Runtime    Last Run
---------------------------------  -----  ---------  --------  ----------  --------------  -------------------
/opt/airflow/dags/pipeline_dag.py                           1           0  0.21s           2026-04-28T13:57:18
================================================================================
[2026-04-28T13:57:48.691+0000] {manager.py:879} INFO - 
================================================================================
DAG File Processing Stats

File Path                          PID    Runtime      # DAGs    # Errors  Last Runtime    Last Run
---------------------------------  -----  ---------  --------  ----------  --------------  -------------------
/opt/airflow/dags/pipeline_dag.py                           1           0  0.22s           2026-04-28T13:57:48
================================================================================
[2026-04-28T13:58:19.136+0000] {manager.py:879} INFO - 
================================================================================
DAG File Processing Stats

File Path                          PID    Runtime      # DAGs    # Errors  Last Runtime    Last Run
---------------------------------  -----  ---------  --------  ----------  --------------  -------------------
/opt/airflow/dags/pipeline_dag.py                           1           0  0.32s           2026-04-28T13:58:19
================================================================================
[2026-04-28T13:58:25.443+0000] {manager.py:738} INFO - Searching for files in /opt/airflow/dags
[2026-04-28T13:58:25.451+0000] {manager.py:741} INFO - There are 1 files in /opt/airflow/dags
[2026-04-28T13:58:49.588+0000] {manager.py:879} INFO - 
================================================================================
DAG File Processing Stats

File Path                          PID    Runtime      # DAGs    # Errors  Last Runtime    Last Run
---------------------------------  -----  ---------  --------  ----------  --------------  -------------------
/opt/airflow/dags/pipeline_dag.py                           1           0  0.31s           2026-04-28T13:58:49
================================================================================
[2026-04-28T13:59:20.047+0000] {manager.py:879} INFO - 
================================================================================
DAG File Processing Stats

File Path                          PID    Runtime      # DAGs    # Errors  Last Runtime    Last Run
---------------------------------  -----  ---------  --------  ----------  --------------  -------------------
/opt/airflow/dags/pipeline_dag.py                           1           0  0.31s           2026-04-28T13:59:20
================================================================================
[2026-04-28T13:59:50.524+0000] {manager.py:879} INFO - 
================================================================================
DAG File Processing Stats

File Path                          PID    Runtime      # DAGs    # Errors  Last Runtime    Last Run
---------------------------------  -----  ---------  --------  ----------  --------------  -------------------
/opt/airflow/dags/pipeline_dag.py                           1           0  0.31s           2026-04-28T13:59:50
================================================================================
[2026-04-28T14:00:21.203+0000] {manager.py:879} INFO - 
================================================================================
DAG File Processing Stats

File Path                          PID    Runtime      # DAGs    # Errors  Last Runtime    Last Run
---------------------------------  -----  ---------  --------  ----------  --------------  -------------------
/opt/airflow/dags/pipeline_dag.py                           1           0  0.51s           2026-04-28T14:00:21
================================================================================
[2026-04-28T14:00:51.686+0000] {manager.py:879} INFO - 
================================================================================
DAG File Processing Stats

File Path                          PID    Runtime      # DAGs    # Errors  Last Runtime    Last Run
---------------------------------  -----  ---------  --------  ----------  --------------  -------------------
/opt/airflow/dags/pipeline_dag.py                           1           0  0.32s           2026-04-28T14:00:51
================================================================================
[2026-04-28T14:01:22.151+0000] {manager.py:879} INFO - 
================================================================================
DAG File Processing Stats

File Path                          PID    Runtime      # DAGs    # Errors  Last Runtime    Last Run
---------------------------------  -----  ---------  --------  ----------  --------------  -------------------
/opt/airflow/dags/pipeline_dag.py                           1           0  0.31s           2026-04-28T14:01:22
================================================================================
[2026-04-28T14:01:52.516+0000] {manager.py:879} INFO - 
================================================================================
DAG File Processing Stats

File Path                          PID    Runtime      # DAGs    # Errors  Last Runtime    Last Run
---------------------------------  -----  ---------  --------  ----------  --------------  -------------------
/opt/airflow/dags/pipeline_dag.py                           1           0  0.22s           2026-04-28T14:01:52
================================================================================
[2026-04-28T14:02:22.855+0000] {manager.py:879} INFO - 
================================================================================
DAG File Processing Stats

File Path                          PID    Runtime      # DAGs    # Errors  Last Runtime    Last Run
---------------------------------  -----  ---------  --------  ----------  --------------  -------------------
/opt/airflow/dags/pipeline_dag.py                           1           0  0.21s           2026-04-28T14:02:22
================================================================================
[2026-04-28T14:02:53.196+0000] {manager.py:879} INFO - 
================================================================================
DAG File Processing Stats

File Path                          PID    Runtime      # DAGs    # Errors  Last Runtime    Last Run
---------------------------------  -----  ---------  --------  ----------  --------------  -------------------
/opt/airflow/dags/pipeline_dag.py                           1           0  0.21s           2026-04-28T14:02:53
================================================================================
[2026-04-28T14:03:23.535+0000] {manager.py:879} INFO - 
================================================================================
DAG File Processing Stats

File Path                          PID    Runtime      # DAGs    # Errors  Last Runtime    Last Run
---------------------------------  -----  ---------  --------  ----------  --------------  -------------------
/opt/airflow/dags/pipeline_dag.py                           1           0  0.22s           2026-04-28T14:03:23
================================================================================
[2026-04-28T14:03:25.572+0000] {manager.py:738} INFO - Searching for files in /opt/airflow/dags
[2026-04-28T14:03:25.579+0000] {manager.py:741} INFO - There are 1 files in /opt/airflow/dags
[2026-04-28T14:03:53.869+0000] {manager.py:879} INFO - 
================================================================================
DAG File Processing Stats

File Path                          PID    Runtime      # DAGs    # Errors  Last Runtime    Last Run
---------------------------------  -----  ---------  --------  ----------  --------------  -------------------
/opt/airflow/dags/pipeline_dag.py                           1           0  0.21s           2026-04-28T14:03:53
================================================================================
[2026-04-28T14:04:24.192+0000] {manager.py:879} INFO - 
================================================================================
DAG File Processing Stats

File Path                          PID    Runtime      # DAGs    # Errors  Last Runtime    Last Run
---------------------------------  -----  ---------  --------  ----------  --------------  -------------------
/opt/airflow/dags/pipeline_dag.py                           1           0  0.21s           2026-04-28T14:04:24
================================================================================
[2026-04-28T14:04:54.526+0000] {manager.py:879} INFO - 
================================================================================
DAG File Processing Stats

File Path                          PID    Runtime      # DAGs    # Errors  Last Runtime    Last Run
---------------------------------  -----  ---------  --------  ----------  --------------  -------------------
/opt/airflow/dags/pipeline_dag.py                           1           0  0.22s           2026-04-28T14:04:54
================================================================================
[2026-04-28T14:05:24.856+0000] {manager.py:879} INFO - 
================================================================================
DAG File Processing Stats

File Path                          PID    Runtime      # DAGs    # Errors  Last Runtime    Last Run
---------------------------------  -----  ---------  --------  ----------  --------------  -------------------
/opt/airflow/dags/pipeline_dag.py                           1           0  0.21s           2026-04-28T14:05:24
================================================================================
[2026-04-28T14:05:55.182+0000] {manager.py:879} INFO - 
================================================================================
DAG File Processing Stats

File Path                          PID    Runtime      # DAGs    # Errors  Last Runtime    Last Run
---------------------------------  -----  ---------  --------  ----------  --------------  -------------------
/opt/airflow/dags/pipeline_dag.py                           1           0  0.21s           2026-04-28T14:05:55
================================================================================
[2026-04-28T14:06:25.443+0000] {manager.py:879} INFO - 
================================================================================
DAG File Processing Stats

File Path                          PID    Runtime      # DAGs    # Errors  Last Runtime    Last Run
---------------------------------  -----  ---------  --------  ----------  --------------  -------------------
/opt/airflow/dags/pipeline_dag.py                           1           0  0.21s           2026-04-28T14:06:25
================================================================================
[2026-04-28T14:06:55.767+0000] {manager.py:879} INFO - 
================================================================================
DAG File Processing Stats

File Path                          PID    Runtime      # DAGs    # Errors  Last Runtime    Last Run
---------------------------------  -----  ---------  --------  ----------  --------------  -------------------
/opt/airflow/dags/pipeline_dag.py                           1           0  0.21s           2026-04-28T14:06:55
================================================================================
[2026-04-28T14:07:26.088+0000] {manager.py:879} INFO - 
================================================================================
DAG File Processing Stats

File Path                          PID    Runtime      # DAGs    # Errors  Last Runtime    Last Run
---------------------------------  -----  ---------  --------  ----------  --------------  -------------------
/opt/airflow/dags/pipeline_dag.py                           1           0  0.21s           2026-04-28T14:07:26
================================================================================
[2026-04-28T14:07:56.515+0000] {manager.py:879} INFO - 
================================================================================
DAG File Processing Stats

File Path                          PID    Runtime      # DAGs    # Errors  Last Runtime    Last Run
---------------------------------  -----  ---------  --------  ----------  --------------  -------------------
/opt/airflow/dags/pipeline_dag.py                           1           0  0.31s           2026-04-28T14:07:56
================================================================================
[2026-04-28T14:08:25.669+0000] {manager.py:738} INFO - Searching for files in /opt/airflow/dags
[2026-04-28T14:08:25.676+0000] {manager.py:741} INFO - There are 1 files in /opt/airflow/dags
[2026-04-28T14:08:26.854+0000] {manager.py:879} INFO - 
================================================================================
DAG File Processing Stats

File Path                          PID    Runtime      # DAGs    # Errors  Last Runtime    Last Run
---------------------------------  -----  ---------  --------  ----------  --------------  -------------------
/opt/airflow/dags/pipeline_dag.py                           1           0  0.21s           2026-04-28T14:08:26
================================================================================
[2026-04-28T14:08:57.187+0000] {manager.py:879} INFO - 
================================================================================
DAG File Processing Stats

File Path                          PID    Runtime      # DAGs    # Errors  Last Runtime    Last Run
---------------------------------  -----  ---------  --------  ----------  --------------  -------------------
/opt/airflow/dags/pipeline_dag.py                           1           0  0.21s           2026-04-28T14:08:57
================================================================================
[2026-04-28T14:09:27.532+0000] {manager.py:879} INFO - 
================================================================================
DAG File Processing Stats

File Path                          PID    Runtime      # DAGs    # Errors  Last Runtime    Last Run
---------------------------------  -----  ---------  --------  ----------  --------------  -------------------
/opt/airflow/dags/pipeline_dag.py                           1           0  0.22s           2026-04-28T14:09:27
================================================================================
[2026-04-28T14:09:58.073+0000] {manager.py:879} INFO - 
================================================================================
DAG File Processing Stats

File Path                          PID    Runtime      # DAGs    # Errors  Last Runtime    Last Run
---------------------------------  -----  ---------  --------  ----------  --------------  -------------------
/opt/airflow/dags/pipeline_dag.py                           1           0  0.42s           2026-04-28T14:09:58
================================================================================
[2026-04-28T14:10:28.373+0000] {manager.py:879} INFO - 
================================================================================
DAG File Processing Stats

File Path                          PID    Runtime      # DAGs    # Errors  Last Runtime    Last Run
---------------------------------  -----  ---------  --------  ----------  --------------  -------------------
/opt/airflow/dags/pipeline_dag.py                           1           0  0.21s           2026-04-28T14:10:28
================================================================================
[2026-04-28T14:10:58.712+0000] {manager.py:879} INFO - 
================================================================================
DAG File Processing Stats

File Path                          PID    Runtime      # DAGs    # Errors  Last Runtime    Last Run
---------------------------------  -----  ---------  --------  ----------  --------------  -------------------
/opt/airflow/dags/pipeline_dag.py                           1           0  0.21s           2026-04-28T14:10:58
================================================================================
[2026-04-28T14:11:29.165+0000] {manager.py:879} INFO - 
================================================================================
DAG File Processing Stats

File Path                          PID    Runtime      # DAGs    # Errors  Last Runtime    Last Run
---------------------------------  -----  ---------  --------  ----------  --------------  -------------------
/opt/airflow/dags/pipeline_dag.py                           1           0  0.32s           2026-04-28T14:11:29
================================================================================
[2026-04-28T14:11:59.514+0000] {manager.py:879} INFO - 
================================================================================
DAG File Processing Stats

File Path                          PID    Runtime      # DAGs    # Errors  Last Runtime    Last Run
---------------------------------  -----  ---------  --------  ----------  --------------  -------------------
/opt/airflow/dags/pipeline_dag.py                           1           0  0.21s           2026-04-28T14:11:59
================================================================================
[2026-04-28T14:12:29.774+0000] {manager.py:879} INFO - 
================================================================================
DAG File Processing Stats

File Path                          PID    Runtime      # DAGs    # Errors  Last Runtime    Last Run
---------------------------------  -----  ---------  --------  ----------  --------------  -------------------
/opt/airflow/dags/pipeline_dag.py                           1           0  0.21s           2026-04-28T14:12:29
================================================================================
[2026-04-28T14:13:00.073+0000] {manager.py:879} INFO - 
================================================================================
DAG File Processing Stats

File Path                          PID    Runtime      # DAGs    # Errors  Last Runtime    Last Run
---------------------------------  -----  ---------  --------  ----------  --------------  -------------------
/opt/airflow/dags/pipeline_dag.py                           1           0  0.22s           2026-04-28T14:13:00
================================================================================
[2026-04-28T14:13:25.771+0000] {manager.py:738} INFO - Searching for files in /opt/airflow/dags
[2026-04-28T14:13:25.779+0000] {manager.py:741} INFO - There are 1 files in /opt/airflow/dags
[2026-04-28T14:13:30.417+0000] {manager.py:879} INFO - 
================================================================================
DAG File Processing Stats

File Path                          PID    Runtime      # DAGs    # Errors  Last Runtime    Last Run
---------------------------------  -----  ---------  --------  ----------  --------------  -------------------
/opt/airflow/dags/pipeline_dag.py                           1           0  0.22s           2026-04-28T14:13:30
================================================================================
[2026-04-28T14:14:00.889+0000] {manager.py:879} INFO - 
================================================================================
DAG File Processing Stats

File Path                          PID    Runtime      # DAGs    # Errors  Last Runtime    Last Run
---------------------------------  -----  ---------  --------  ----------  --------------  -------------------
/opt/airflow/dags/pipeline_dag.py                           1           0  0.31s           2026-04-28T14:14:00
================================================================================
[2026-04-28T14:14:31.434+0000] {manager.py:879} INFO - 
================================================================================
DAG File Processing Stats

File Path                          PID    Runtime      # DAGs    # Errors  Last Runtime    Last Run
---------------------------------  -----  ---------  --------  ----------  --------------  -------------------
/opt/airflow/dags/pipeline_dag.py                           1           0  0.41s           2026-04-28T14:14:31
================================================================================
[2026-04-28T14:15:01.767+0000] {manager.py:879} INFO - 
================================================================================
DAG File Processing Stats

File Path                          PID    Runtime      # DAGs    # Errors  Last Runtime    Last Run
---------------------------------  -----  ---------  --------  ----------  --------------  -------------------
/opt/airflow/dags/pipeline_dag.py                           1           0  0.21s           2026-04-28T14:15:01
================================================================================
[2026-04-28T14:15:32.104+0000] {manager.py:879} INFO - 
================================================================================
DAG File Processing Stats

File Path                          PID    Runtime      # DAGs    # Errors  Last Runtime    Last Run
---------------------------------  -----  ---------  --------  ----------  --------------  -------------------
/opt/airflow/dags/pipeline_dag.py                           1           0  0.22s           2026-04-28T14:15:32
================================================================================
[2026-04-28T14:16:02.439+0000] {manager.py:879} INFO - 
================================================================================
DAG File Processing Stats

File Path                          PID    Runtime      # DAGs    # Errors  Last Runtime    Last Run
---------------------------------  -----  ---------  --------  ----------  --------------  -------------------
/opt/airflow/dags/pipeline_dag.py                           1           0  0.21s           2026-04-28T14:16:02
================================================================================
[2026-04-28T14:16:32.762+0000] {manager.py:879} INFO - 
================================================================================
DAG File Processing Stats

File Path                          PID    Runtime      # DAGs    # Errors  Last Runtime    Last Run
---------------------------------  -----  ---------  --------  ----------  --------------  -------------------
/opt/airflow/dags/pipeline_dag.py                           1           0  0.21s           2026-04-28T14:16:32
================================================================================
[2026-04-28T14:17:03.090+0000] {manager.py:879} INFO - 
================================================================================
DAG File Processing Stats

File Path                          PID    Runtime      # DAGs    # Errors  Last Runtime    Last Run
---------------------------------  -----  ---------  --------  ----------  --------------  -------------------
/opt/airflow/dags/pipeline_dag.py                           1           0  0.21s           2026-04-28T14:17:03
================================================================================
[2026-04-28T14:17:33.415+0000] {manager.py:879} INFO - 
================================================================================
DAG File Processing Stats

File Path                          PID    Runtime      # DAGs    # Errors  Last Runtime    Last Run
---------------------------------  -----  ---------  --------  ----------  --------------  -------------------
/opt/airflow/dags/pipeline_dag.py                           1           0  0.21s           2026-04-28T14:17:33
================================================================================
[2026-04-28T14:18:03.734+0000] {manager.py:879} INFO - 
================================================================================
DAG File Processing Stats

File Path                          PID    Runtime      # DAGs    # Errors  Last Runtime    Last Run
---------------------------------  -----  ---------  --------  ----------  --------------  -------------------
/opt/airflow/dags/pipeline_dag.py                           1           0  0.21s           2026-04-28T14:18:03
================================================================================
[2026-04-28T14:18:25.880+0000] {manager.py:738} INFO - Searching for files in /opt/airflow/dags
[2026-04-28T14:18:25.890+0000] {manager.py:741} INFO - There are 1 files in /opt/airflow/dags
[2026-04-28T14:18:34.059+0000] {manager.py:879} INFO - 
================================================================================
DAG File Processing Stats

File Path                          PID    Runtime      # DAGs    # Errors  Last Runtime    Last Run
---------------------------------  -----  ---------  --------  ----------  --------------  -------------------
/opt/airflow/dags/pipeline_dag.py                           1           0  0.21s           2026-04-28T14:18:34
================================================================================
[2026-04-28T14:19:04.287+0000] {manager.py:879} INFO - 
================================================================================
DAG File Processing Stats

File Path                          PID    Runtime      # DAGs    # Errors  Last Runtime    Last Run
---------------------------------  -----  ---------  --------  ----------  --------------  -------------------
/opt/airflow/dags/pipeline_dag.py                           1           0  0.21s           2026-04-28T14:19:04
================================================================================
[2026-04-28T14:19:34.616+0000] {manager.py:879} INFO - 
================================================================================
DAG File Processing Stats

File Path                          PID    Runtime      # DAGs    # Errors  Last Runtime    Last Run
---------------------------------  -----  ---------  --------  ----------  --------------  -------------------
/opt/airflow/dags/pipeline_dag.py                           1           0  0.21s           2026-04-28T14:19:34
================================================================================
[2026-04-28T14:20:04.961+0000] {manager.py:879} INFO - 
================================================================================
DAG File Processing Stats

File Path                          PID    Runtime      # DAGs    # Errors  Last Runtime    Last Run
---------------------------------  -----  ---------  --------  ----------  --------------  -------------------
/opt/airflow/dags/pipeline_dag.py                           1           0  0.22s           2026-04-28T14:20:04
================================================================================
[2026-04-28T14:20:35.291+0000] {manager.py:879} INFO - 
================================================================================
DAG File Processing Stats

File Path                          PID    Runtime      # DAGs    # Errors  Last Runtime    Last Run
---------------------------------  -----  ---------  --------  ----------  --------------  -------------------
/opt/airflow/dags/pipeline_dag.py                           1           0  0.21s           2026-04-28T14:20:35
================================================================================
[2026-04-28T14:21:05.721+0000] {manager.py:879} INFO - 
================================================================================
DAG File Processing Stats

File Path                          PID    Runtime      # DAGs    # Errors  Last Runtime    Last Run
---------------------------------  -----  ---------  --------  ----------  --------------  -------------------
/opt/airflow/dags/pipeline_dag.py                           1           0  0.31s           2026-04-28T14:21:05
================================================================================
[2026-04-28T14:21:36.253+0000] {manager.py:879} INFO - 
================================================================================
DAG File Processing Stats

File Path                          PID    Runtime      # DAGs    # Errors  Last Runtime    Last Run
---------------------------------  -----  ---------  --------  ----------  --------------  -------------------
/opt/airflow/dags/pipeline_dag.py                           1           0  0.41s           2026-04-28T14:21:36
================================================================================
[2026-04-28T14:22:06.580+0000] {manager.py:879} INFO - 
================================================================================
DAG File Processing Stats

File Path                          PID    Runtime      # DAGs    # Errors  Last Runtime    Last Run
---------------------------------  -----  ---------  --------  ----------  --------------  -------------------
/opt/airflow/dags/pipeline_dag.py                           1           0  0.21s           2026-04-28T14:22:06
================================================================================
[2026-04-28T14:22:36.905+0000] {manager.py:879} INFO - 
================================================================================
DAG File Processing Stats

File Path                          PID    Runtime      # DAGs    # Errors  Last Runtime    Last Run
---------------------------------  -----  ---------  --------  ----------  --------------  -------------------
/opt/airflow/dags/pipeline_dag.py                           1           0  0.21s           2026-04-28T14:22:36
================================================================================
[2026-04-28T14:23:07.233+0000] {manager.py:879} INFO - 
================================================================================
DAG File Processing Stats

File Path                          PID    Runtime      # DAGs    # Errors  Last Runtime    Last Run
---------------------------------  -----  ---------  --------  ----------  --------------  -------------------
/opt/airflow/dags/pipeline_dag.py                           1           0  0.21s           2026-04-28T14:23:07
================================================================================
[2026-04-28T14:23:25.982+0000] {manager.py:738} INFO - Searching for files in /opt/airflow/dags
[2026-04-28T14:23:25.989+0000] {manager.py:741} INFO - There are 1 files in /opt/airflow/dags
[2026-04-28T14:23:37.569+0000] {manager.py:879} INFO - 
================================================================================
DAG File Processing Stats

File Path                          PID    Runtime      # DAGs    # Errors  Last Runtime    Last Run
---------------------------------  -----  ---------  --------  ----------  --------------  -------------------
/opt/airflow/dags/pipeline_dag.py                           1           0  0.21s           2026-04-28T14:23:37
================================================================================
[2026-04-28T14:24:07.906+0000] {manager.py:879} INFO - 
================================================================================
DAG File Processing Stats

File Path                          PID    Runtime      # DAGs    # Errors  Last Runtime    Last Run
---------------------------------  -----  ---------  --------  ----------  --------------  -------------------
/opt/airflow/dags/pipeline_dag.py                           1           0  0.21s           2026-04-28T14:24:07
================================================================================
[2026-04-28T14:24:38.238+0000] {manager.py:879} INFO - 
================================================================================
DAG File Processing Stats

File Path                          PID    Runtime      # DAGs    # Errors  Last Runtime    Last Run
---------------------------------  -----  ---------  --------  ----------  --------------  -------------------
/opt/airflow/dags/pipeline_dag.py                           1           0  0.21s           2026-04-28T14:24:38
================================================================================
[2026-04-28T14:25:08.569+0000] {manager.py:879} INFO - 
================================================================================
DAG File Processing Stats

File Path                          PID    Runtime      # DAGs    # Errors  Last Runtime    Last Run
---------------------------------  -----  ---------  --------  ----------  --------------  -------------------
/opt/airflow/dags/pipeline_dag.py                           1           0  0.21s           2026-04-28T14:25:08
================================================================================
[2026-04-28T14:25:38.898+0000] {manager.py:879} INFO - 
================================================================================
DAG File Processing Stats

File Path                          PID    Runtime      # DAGs    # Errors  Last Runtime    Last Run
---------------------------------  -----  ---------  --------  ----------  --------------  -------------------
/opt/airflow/dags/pipeline_dag.py                           1           0  0.21s           2026-04-28T14:25:38
================================================================================
[2026-04-28T14:26:09.270+0000] {manager.py:879} INFO - 
================================================================================
DAG File Processing Stats

File Path                          PID    Runtime      # DAGs    # Errors  Last Runtime    Last Run
---------------------------------  -----  ---------  --------  ----------  --------------  -------------------
/opt/airflow/dags/pipeline_dag.py                           1           0  0.22s           2026-04-28T14:26:09
================================================================================
[2026-04-28T14:26:39.639+0000] {manager.py:879} INFO - 
================================================================================
DAG File Processing Stats

File Path                          PID    Runtime      # DAGs    # Errors  Last Runtime    Last Run
---------------------------------  -----  ---------  --------  ----------  --------------  -------------------
/opt/airflow/dags/pipeline_dag.py                           1           0  0.21s           2026-04-28T14:26:39
================================================================================
[2026-04-28T14:27:09.984+0000] {manager.py:879} INFO - 
================================================================================
DAG File Processing Stats

File Path                          PID    Runtime      # DAGs    # Errors  Last Runtime    Last Run
---------------------------------  -----  ---------  --------  ----------  --------------  -------------------
/opt/airflow/dags/pipeline_dag.py                           1           0  0.21s           2026-04-28T14:27:09
================================================================================
[2026-04-28T14:27:40.321+0000] {manager.py:879} INFO - 
================================================================================
DAG File Processing Stats

File Path                          PID    Runtime      # DAGs    # Errors  Last Runtime    Last Run
---------------------------------  -----  ---------  --------  ----------  --------------  -------------------
/opt/airflow/dags/pipeline_dag.py                           1           0  0.21s           2026-04-28T14:27:40
================================================================================
[2026-04-28T14:28:10.584+0000] {manager.py:879} INFO - 
================================================================================
DAG File Processing Stats

File Path                          PID    Runtime      # DAGs    # Errors  Last Runtime    Last Run
---------------------------------  -----  ---------  --------  ----------  --------------  -------------------
/opt/airflow/dags/pipeline_dag.py                           1           0  0.21s           2026-04-28T14:28:10
================================================================================
[2026-04-28T14:28:26.086+0000] {manager.py:738} INFO - Searching for files in /opt/airflow/dags
[2026-04-28T14:28:26.095+0000] {manager.py:741} INFO - There are 1 files in /opt/airflow/dags
[2026-04-28T14:28:40.886+0000] {manager.py:879} INFO - 
================================================================================
DAG File Processing Stats

File Path                          PID    Runtime      # DAGs    # Errors  Last Runtime    Last Run
---------------------------------  -----  ---------  --------  ----------  --------------  -------------------
/opt/airflow/dags/pipeline_dag.py                           1           0  0.21s           2026-04-28T14:28:40
================================================================================
[2026-04-28T14:29:11.215+0000] {manager.py:879} INFO - 
================================================================================
DAG File Processing Stats

File Path                          PID    Runtime      # DAGs    # Errors  Last Runtime    Last Run
---------------------------------  -----  ---------  --------  ----------  --------------  -------------------
/opt/airflow/dags/pipeline_dag.py                           1           0  0.21s           2026-04-28T14:29:11
================================================================================
[2026-04-28T14:29:42.310+0000] {manager.py:879} INFO - 
================================================================================
DAG File Processing Stats

File Path                          PID    Runtime      # DAGs    # Errors  Last Runtime    Last Run
---------------------------------  -----  ---------  --------  ----------  --------------  -------------------
/opt/airflow/dags/pipeline_dag.py                           1           0  0.89s           2026-04-28T14:29:42
================================================================================
[2026-04-28T14:30:15.454+0000] {manager.py:879} INFO - 
================================================================================
DAG File Processing Stats

File Path                          PID    Runtime      # DAGs    # Errors  Last Runtime    Last Run
---------------------------------  -----  ---------  --------  ----------  --------------  -------------------
/opt/airflow/dags/pipeline_dag.py                           1           0  2.51s           2026-04-28T14:30:15
================================================================================
[2026-04-28T14:30:47.375+0000] {manager.py:879} INFO - 
================================================================================
DAG File Processing Stats

File Path                          PID    Runtime      # DAGs    # Errors  Last Runtime    Last Run
---------------------------------  -----  ---------  --------  ----------  --------------  -------------------
/opt/airflow/dags/pipeline_dag.py                           1           0  1.45s           2026-04-28T14:30:47
================================================================================
[2026-04-28T14:33:47.380+0000] {manager.py:469} INFO - Processing files using up to 1 processes at a time 
[2026-04-28T14:33:47.383+0000] {manager.py:470} INFO - Process each file at most once every 30 seconds
[2026-04-28T14:33:47.386+0000] {manager.py:471} INFO - Checking for new files in /opt/airflow/dags every 300 seconds
[2026-04-28T14:33:47.391+0000] {manager.py:738} INFO - Searching for files in /opt/airflow/dags
[2026-04-28T14:33:47.407+0000] {manager.py:741} INFO - There are 1 files in /opt/airflow/dags
[2026-04-28T14:33:52.389+0000] {manager.py:879} INFO - 
================================================================================
DAG File Processing Stats

File Path                          PID    Runtime      # DAGs    # Errors  Last Runtime    Last Run
---------------------------------  -----  ---------  --------  ----------  --------------  -------------------
/opt/airflow/dags/pipeline_dag.py                           1           0  3.79s           2026-04-28T14:33:52
================================================================================
[2026-04-28T14:34:25.982+0000] {manager.py:879} INFO - 
================================================================================
DAG File Processing Stats

File Path                          PID    Runtime      # DAGs    # Errors  Last Runtime    Last Run
---------------------------------  -----  ---------  --------  ----------  --------------  -------------------
/opt/airflow/dags/pipeline_dag.py                           1           0  2.78s           2026-04-28T14:34:25
================================================================================
[2026-04-28T14:34:57.731+0000] {manager.py:879} INFO - 
================================================================================
DAG File Processing Stats

File Path                          PID    Runtime      # DAGs    # Errors  Last Runtime    Last Run
---------------------------------  -----  ---------  --------  ----------  --------------  -------------------
/opt/airflow/dags/pipeline_dag.py                           1           0  1.33s           2026-04-28T14:34:57
================================================================================
[2026-04-28T14:36:32.763+0000] {manager.py:469} INFO - Processing files using up to 1 processes at a time 
[2026-04-28T14:36:32.765+0000] {manager.py:470} INFO - Process each file at most once every 30 seconds
[2026-04-28T14:36:32.766+0000] {manager.py:471} INFO - Checking for new files in /opt/airflow/dags every 300 seconds
[2026-04-28T14:36:32.767+0000] {manager.py:738} INFO - Searching for files in /opt/airflow/dags
[2026-04-28T14:36:32.779+0000] {manager.py:741} INFO - There are 1 files in /opt/airflow/dags
[2026-04-28T14:36:33.575+0000] {manager.py:879} INFO - 
================================================================================
DAG File Processing Stats

File Path                          PID    Runtime      # DAGs    # Errors  Last Runtime    Last Run
---------------------------------  -----  ---------  --------  ----------  --------------  -------------------
/opt/airflow/dags/pipeline_dag.py                           1           0  0.61s           2026-04-28T14:36:33
================================================================================
[2026-04-28T14:37:07.130+0000] {manager.py:879} INFO - 
================================================================================
DAG File Processing Stats

File Path                          PID    Runtime      # DAGs    # Errors  Last Runtime    Last Run
---------------------------------  -----  ---------  --------  ----------  --------------  -------------------
/opt/airflow/dags/pipeline_dag.py                           1           0  1.14s           2026-04-28T14:37:07
================================================================================
[2026-04-28T14:37:38.184+0000] {manager.py:879} INFO - 
================================================================================
DAG File Processing Stats

File Path                          PID    Runtime      # DAGs    # Errors  Last Runtime    Last Run
---------------------------------  -----  ---------  --------  ----------  --------------  -------------------
/opt/airflow/dags/pipeline_dag.py                           1           0  0.21s           2026-04-28T14:37:38
================================================================================
[2026-04-28T14:38:08.564+0000] {manager.py:879} INFO - 
================================================================================
DAG File Processing Stats

File Path                          PID    Runtime      # DAGs    # Errors  Last Runtime    Last Run
---------------------------------  -----  ---------  --------  ----------  --------------  -------------------
/opt/airflow/dags/pipeline_dag.py                           1           0  0.21s           2026-04-28T14:38:08
================================================================================
[2026-04-28T14:38:39.597+0000] {manager.py:879} INFO - 
================================================================================
DAG File Processing Stats

File Path                          PID    Runtime      # DAGs    # Errors  Last Runtime    Last Run
---------------------------------  -----  ---------  --------  ----------  --------------  -------------------
/opt/airflow/dags/pipeline_dag.py                           1           0  0.21s           2026-04-28T14:38:39
================================================================================
[2026-04-28T14:39:09.959+0000] {manager.py:879} INFO - 
================================================================================
DAG File Processing Stats

File Path                          PID    Runtime      # DAGs    # Errors  Last Runtime    Last Run
---------------------------------  -----  ---------  --------  ----------  --------------  -------------------
/opt/airflow/dags/pipeline_dag.py                           1           0  0.21s           2026-04-28T14:39:09
================================================================================
[2026-04-28T14:39:40.452+0000] {manager.py:879} INFO - 
================================================================================
DAG File Processing Stats

File Path                          PID    Runtime      # DAGs    # Errors  Last Runtime    Last Run
---------------------------------  -----  ---------  --------  ----------  --------------  -------------------
/opt/airflow/dags/pipeline_dag.py                           1           0  0.31s           2026-04-28T14:39:40
================================================================================
[2026-04-28T14:40:11.036+0000] {manager.py:879} INFO - 
================================================================================
DAG File Processing Stats

File Path                          PID    Runtime      # DAGs    # Errors  Last Runtime    Last Run
---------------------------------  -----  ---------  --------  ----------  --------------  -------------------
/opt/airflow/dags/pipeline_dag.py                           1           0  0.21s           2026-04-28T14:40:11
================================================================================
[2026-04-28T14:41:05.828+0000] {manager.py:469} INFO - Processing files using up to 1 processes at a time 
[2026-04-28T14:41:05.829+0000] {manager.py:470} INFO - Process each file at most once every 30 seconds
[2026-04-28T14:41:05.830+0000] {manager.py:471} INFO - Checking for new files in /opt/airflow/dags every 300 seconds
[2026-04-28T14:41:05.831+0000] {manager.py:738} INFO - Searching for files in /opt/airflow/dags
[2026-04-28T14:41:05.839+0000] {manager.py:741} INFO - There are 1 files in /opt/airflow/dags
[2026-04-28T14:41:06.568+0000] {manager.py:879} INFO - 
================================================================================
DAG File Processing Stats

File Path                          PID    Runtime      # DAGs    # Errors  Last Runtime    Last Run
---------------------------------  -----  ---------  --------  ----------  --------------  -------------------
/opt/airflow/dags/pipeline_dag.py                           1           0  0.52s           2026-04-28T14:41:06
================================================================================
[2026-04-28T14:41:37.951+0000] {manager.py:879} INFO - 
================================================================================
DAG File Processing Stats

File Path                          PID    Runtime      # DAGs    # Errors  Last Runtime    Last Run
---------------------------------  -----  ---------  --------  ----------  --------------  -------------------
/opt/airflow/dags/pipeline_dag.py                           1           0  0.43s           2026-04-28T14:41:37
================================================================================
[2026-04-28T14:42:08.958+0000] {manager.py:879} INFO - 
================================================================================
DAG File Processing Stats

File Path                          PID    Runtime      # DAGs    # Errors  Last Runtime    Last Run
---------------------------------  -----  ---------  --------  ----------  --------------  -------------------
/opt/airflow/dags/pipeline_dag.py                           1           0  0.21s           2026-04-28T14:42:08
================================================================================
[2026-04-28T14:42:39.351+0000] {manager.py:879} INFO - 
================================================================================
DAG File Processing Stats

File Path                          PID    Runtime      # DAGs    # Errors  Last Runtime    Last Run
---------------------------------  -----  ---------  --------  ----------  --------------  -------------------
/opt/airflow/dags/pipeline_dag.py                           1           0  0.21s           2026-04-28T14:42:39
================================================================================
[2026-04-28T14:43:09.721+0000] {manager.py:879} INFO - 
================================================================================
DAG File Processing Stats

File Path                          PID    Runtime      # DAGs    # Errors  Last Runtime    Last Run
---------------------------------  -----  ---------  --------  ----------  --------------  -------------------
/opt/airflow/dags/pipeline_dag.py                           1           0  0.21s           2026-04-28T14:43:09
================================================================================
[2026-04-28T14:43:40.070+0000] {manager.py:879} INFO - 
================================================================================
DAG File Processing Stats

File Path                          PID    Runtime      # DAGs    # Errors  Last Runtime    Last Run
---------------------------------  -----  ---------  --------  ----------  --------------  -------------------
/opt/airflow/dags/pipeline_dag.py                           1           0  0.21s           2026-04-28T14:43:40
================================================================================
[2026-04-28T14:44:10.423+0000] {manager.py:879} INFO - 
================================================================================
DAG File Processing Stats

File Path                          PID    Runtime      # DAGs    # Errors  Last Runtime    Last Run
---------------------------------  -----  ---------  --------  ----------  --------------  -------------------
/opt/airflow/dags/pipeline_dag.py                           1           0  0.21s           2026-04-28T14:44:10
================================================================================
[2026-04-28T14:44:40.744+0000] {manager.py:879} INFO - 
================================================================================
DAG File Processing Stats

File Path                          PID    Runtime      # DAGs    # Errors  Last Runtime    Last Run
---------------------------------  -----  ---------  --------  ----------  --------------  -------------------
/opt/airflow/dags/pipeline_dag.py                           1           0  0.21s           2026-04-28T14:44:40
================================================================================
[2026-04-28T15:09:03.688+0000] {manager.py:469} INFO - Processing files using up to 1 processes at a time 
[2026-04-28T15:09:03.690+0000] {manager.py:470} INFO - Process each file at most once every 30 seconds
[2026-04-28T15:09:03.692+0000] {manager.py:471} INFO - Checking for new files in /opt/airflow/dags every 300 seconds
[2026-04-28T15:09:03.694+0000] {manager.py:738} INFO - Searching for files in /opt/airflow/dags
[2026-04-28T15:09:03.715+0000] {manager.py:741} INFO - There are 1 files in /opt/airflow/dags
[2026-04-28T15:09:05.546+0000] {manager.py:879} INFO - 
================================================================================
DAG File Processing Stats

File Path                          PID    Runtime      # DAGs    # Errors  Last Runtime    Last Run
---------------------------------  -----  ---------  --------  ----------  --------------  -------------------
/opt/airflow/dags/pipeline_dag.py                           1           0  0.92s           2026-04-28T15:09:05
================================================================================
[2026-04-28T15:09:37.187+0000] {manager.py:879} INFO - 
================================================================================
DAG File Processing Stats

File Path                          PID    Runtime      # DAGs    # Errors  Last Runtime    Last Run
---------------------------------  -----  ---------  --------  ----------  --------------  -------------------
/opt/airflow/dags/pipeline_dag.py                           1           0  1.22s           2026-04-28T15:09:37
================================================================================
[2026-04-28T15:10:08.490+0000] {manager.py:879} INFO - 
================================================================================
DAG File Processing Stats

File Path                          PID    Runtime      # DAGs    # Errors  Last Runtime    Last Run
---------------------------------  -----  ---------  --------  ----------  --------------  -------------------
/opt/airflow/dags/pipeline_dag.py                           1           0  1.18s           2026-04-28T15:10:08
================================================================================
[2026-04-28T15:10:39.654+0000] {manager.py:879} INFO - 
================================================================================
DAG File Processing Stats

File Path                          PID    Runtime      # DAGs    # Errors  Last Runtime    Last Run
---------------------------------  -----  ---------  --------  ----------  --------------  -------------------
/opt/airflow/dags/pipeline_dag.py                           1           0  0.92s           2026-04-28T15:10:39
================================================================================
[2026-04-28T15:19:36.143+0000] {manager.py:469} INFO - Processing files using up to 1 processes at a time 
[2026-04-28T15:19:36.144+0000] {manager.py:470} INFO - Process each file at most once every 30 seconds
[2026-04-28T15:19:36.145+0000] {manager.py:471} INFO - Checking for new files in /opt/airflow/dags every 300 seconds
[2026-04-28T15:19:36.147+0000] {manager.py:738} INFO - Searching for files in /opt/airflow/dags
[2026-04-28T15:19:36.156+0000] {manager.py:741} INFO - There are 1 files in /opt/airflow/dags
[2026-04-28T15:19:37.634+0000] {manager.py:879} INFO - 
================================================================================
DAG File Processing Stats

File Path                          PID    Runtime      # DAGs    # Errors  Last Runtime    Last Run
---------------------------------  -----  ---------  --------  ----------  --------------  -------------------
/opt/airflow/dags/pipeline_dag.py                           1           0  1.23s           2026-04-28T15:19:37
================================================================================
[2026-04-28T15:23:18.477+0000] {manager.py:469} INFO - Processing files using up to 1 processes at a time 
[2026-04-28T15:23:18.481+0000] {manager.py:470} INFO - Process each file at most once every 30 seconds
[2026-04-28T15:23:18.483+0000] {manager.py:471} INFO - Checking for new files in /opt/airflow/dags every 300 seconds
[2026-04-28T15:23:18.487+0000] {manager.py:738} INFO - Searching for files in /opt/airflow/dags
[2026-04-28T15:23:18.519+0000] {manager.py:741} INFO - There are 1 files in /opt/airflow/dags
[2026-04-28T15:23:21.565+0000] {manager.py:879} INFO - 
================================================================================
DAG File Processing Stats

File Path                          PID    Runtime      # DAGs    # Errors  Last Runtime    Last Run
---------------------------------  -----  ---------  --------  ----------  --------------  -------------------
/opt/airflow/dags/pipeline_dag.py                           1           0  2.26s           2026-04-28T15:23:21
================================================================================
[2026-04-28T15:23:53.864+0000] {manager.py:879} INFO - 
================================================================================
DAG File Processing Stats

File Path                          PID    Runtime      # DAGs    # Errors  Last Runtime    Last Run
---------------------------------  -----  ---------  --------  ----------  --------------  -------------------
/opt/airflow/dags/pipeline_dag.py                           1           0  1.22s           2026-04-28T15:23:53
================================================================================
[2026-04-28T15:24:24.645+0000] {manager.py:879} INFO - 
================================================================================
DAG File Processing Stats

File Path                          PID    Runtime      # DAGs    # Errors  Last Runtime    Last Run
---------------------------------  -----  ---------  --------  ----------  --------------  -------------------
/opt/airflow/dags/pipeline_dag.py                           1           0  0.53s           2026-04-28T15:24:24
================================================================================
[2026-04-28T15:24:56.636+0000] {manager.py:879} INFO - 
================================================================================
DAG File Processing Stats

File Path                          PID    Runtime      # DAGs    # Errors  Last Runtime    Last Run
---------------------------------  -----  ---------  --------  ----------  --------------  -------------------
/opt/airflow/dags/pipeline_dag.py                           1           0  1.26s           2026-04-28T15:24:56
================================================================================
[2026-04-28T15:25:27.572+0000] {manager.py:879} INFO - 
================================================================================
DAG File Processing Stats

File Path                          PID    Runtime      # DAGs    # Errors  Last Runtime    Last Run
---------------------------------  -----  ---------  --------  ----------  --------------  -------------------
/opt/airflow/dags/pipeline_dag.py                           1           0  0.61s           2026-04-28T15:25:27
================================================================================
[2026-04-28T15:25:58.365+0000] {manager.py:879} INFO - 
================================================================================
DAG File Processing Stats

File Path                          PID    Runtime      # DAGs    # Errors  Last Runtime    Last Run
---------------------------------  -----  ---------  --------  ----------  --------------  -------------------
/opt/airflow/dags/pipeline_dag.py                           1           0  0.42s           2026-04-28T15:25:58
================================================================================
[2026-04-28T15:27:06.587+0000] {manager.py:469} INFO - Processing files using up to 1 processes at a time 
[2026-04-28T15:27:06.588+0000] {manager.py:470} INFO - Process each file at most once every 30 seconds
[2026-04-28T15:27:06.589+0000] {manager.py:471} INFO - Checking for new files in /opt/airflow/dags every 300 seconds
[2026-04-28T15:27:06.590+0000] {manager.py:738} INFO - Searching for files in /opt/airflow/dags
[2026-04-28T15:27:06.596+0000] {manager.py:741} INFO - There are 1 files in /opt/airflow/dags
[2026-04-28T15:27:07.221+0000] {manager.py:879} INFO - 
================================================================================
DAG File Processing Stats

File Path                          PID    Runtime      # DAGs    # Errors  Last Runtime    Last Run
---------------------------------  -----  ---------  --------  ----------  --------------  -------------------
/opt/airflow/dags/pipeline_dag.py                           1           0  0.51s           2026-04-28T15:27:07
================================================================================
[2026-04-28T15:27:40.383+0000] {manager.py:879} INFO - 
================================================================================
DAG File Processing Stats

File Path                          PID    Runtime      # DAGs    # Errors  Last Runtime    Last Run
---------------------------------  -----  ---------  --------  ----------  --------------  -------------------
/opt/airflow/dags/pipeline_dag.py                           1           0  0.83s           2026-04-28T15:27:40
================================================================================
[2026-04-28T15:28:11.710+0000] {manager.py:879} INFO - 
================================================================================
DAG File Processing Stats

File Path                          PID    Runtime      # DAGs    # Errors  Last Runtime    Last Run
---------------------------------  -----  ---------  --------  ----------  --------------  -------------------
/opt/airflow/dags/pipeline_dag.py                           1           0  1.22s           2026-04-28T15:28:11
================================================================================
[2026-04-28T15:28:42.148+0000] {manager.py:879} INFO - 
================================================================================
DAG File Processing Stats

File Path                          PID    Runtime      # DAGs    # Errors  Last Runtime    Last Run
---------------------------------  -----  ---------  --------  ----------  --------------  -------------------
/opt/airflow/dags/pipeline_dag.py                           1           0  0.24s           2026-04-28T15:28:42
================================================================================
[2026-04-28T15:29:12.513+0000] {manager.py:879} INFO - 
================================================================================
DAG File Processing Stats

File Path                          PID    Runtime      # DAGs    # Errors  Last Runtime    Last Run
---------------------------------  -----  ---------  --------  ----------  --------------  -------------------
/opt/airflow/dags/pipeline_dag.py                           1           0  0.23s           2026-04-28T15:29:12
================================================================================
[2026-04-28T15:29:42.827+0000] {manager.py:879} INFO - 
================================================================================
DAG File Processing Stats

File Path                          PID    Runtime      # DAGs    # Errors  Last Runtime    Last Run
---------------------------------  -----  ---------  --------  ----------  --------------  -------------------
/opt/airflow/dags/pipeline_dag.py                           1           0  0.23s           2026-04-28T15:29:42
================================================================================
[2026-04-28T15:30:13.505+0000] {manager.py:879} INFO - 
================================================================================
DAG File Processing Stats

File Path                          PID    Runtime      # DAGs    # Errors  Last Runtime    Last Run
---------------------------------  -----  ---------  --------  ----------  --------------  -------------------
/opt/airflow/dags/pipeline_dag.py                           1           0  0.52s           2026-04-28T15:30:13
================================================================================
[2026-04-28T15:30:44.408+0000] {manager.py:879} INFO - 
================================================================================
DAG File Processing Stats

File Path                          PID    Runtime      # DAGs    # Errors  Last Runtime    Last Run
---------------------------------  -----  ---------  --------  ----------  --------------  -------------------
/opt/airflow/dags/pipeline_dag.py                           1           0  0.21s           2026-04-28T15:30:44
================================================================================
[2026-04-28T15:31:15.000+0000] {manager.py:879} INFO - 
================================================================================
DAG File Processing Stats

File Path                          PID    Runtime      # DAGs    # Errors  Last Runtime    Last Run
---------------------------------  -----  ---------  --------  ----------  --------------  -------------------
/opt/airflow/dags/pipeline_dag.py                           1           0  0.21s           2026-04-28T15:31:14
================================================================================
[2026-04-28T15:31:45.692+0000] {manager.py:879} INFO - 
================================================================================
DAG File Processing Stats

File Path                          PID    Runtime      # DAGs    # Errors  Last Runtime    Last Run
---------------------------------  -----  ---------  --------  ----------  --------------  -------------------
/opt/airflow/dags/pipeline_dag.py                           1           0  0.31s           2026-04-28T15:31:45
================================================================================
[2026-04-28T15:32:06.652+0000] {manager.py:738} INFO - Searching for files in /opt/airflow/dags
[2026-04-28T15:32:06.692+0000] {manager.py:741} INFO - There are 1 files in /opt/airflow/dags
[2026-04-28T15:32:16.981+0000] {manager.py:879} INFO - 
================================================================================
DAG File Processing Stats

File Path                          PID    Runtime      # DAGs    # Errors  Last Runtime    Last Run
---------------------------------  -----  ---------  --------  ----------  --------------  -------------------
/opt/airflow/dags/pipeline_dag.py                           1           0  0.62s           2026-04-28T15:32:16
================================================================================
[2026-04-28T15:32:47.832+0000] {manager.py:879} INFO - 
================================================================================
DAG File Processing Stats

File Path                          PID    Runtime      # DAGs    # Errors  Last Runtime    Last Run
---------------------------------  -----  ---------  --------  ----------  --------------  -------------------
/opt/airflow/dags/pipeline_dag.py                           1           0  0.44s           2026-04-28T15:32:47
================================================================================
[2026-04-28T15:33:18.590+0000] {manager.py:879} INFO - 
================================================================================
DAG File Processing Stats

File Path                          PID    Runtime      # DAGs    # Errors  Last Runtime    Last Run
---------------------------------  -----  ---------  --------  ----------  --------------  -------------------
/opt/airflow/dags/pipeline_dag.py                           1           0  0.32s           2026-04-28T15:33:18
================================================================================
[2026-04-28T15:33:49.234+0000] {manager.py:879} INFO - 
================================================================================
DAG File Processing Stats

File Path                          PID    Runtime      # DAGs    # Errors  Last Runtime    Last Run
---------------------------------  -----  ---------  --------  ----------  --------------  -------------------
/opt/airflow/dags/pipeline_dag.py                           1           0  0.45s           2026-04-28T15:33:49
================================================================================
[2026-04-28T15:34:20.295+0000] {manager.py:879} INFO - 
================================================================================
DAG File Processing Stats

File Path                          PID    Runtime      # DAGs    # Errors  Last Runtime    Last Run
---------------------------------  -----  ---------  --------  ----------  --------------  -------------------
/opt/airflow/dags/pipeline_dag.py                           1           0  0.56s           2026-04-28T15:34:20
================================================================================
[2026-04-28T15:34:51.133+0000] {manager.py:879} INFO - 
================================================================================
DAG File Processing Stats

File Path                          PID    Runtime      # DAGs    # Errors  Last Runtime    Last Run
---------------------------------  -----  ---------  --------  ----------  --------------  -------------------
/opt/airflow/dags/pipeline_dag.py                           1           0  0.64s           2026-04-28T15:34:51
================================================================================
[2026-04-28T15:35:21.502+0000] {manager.py:879} INFO - 
================================================================================
DAG File Processing Stats

File Path                          PID    Runtime      # DAGs    # Errors  Last Runtime    Last Run
---------------------------------  -----  ---------  --------  ----------  --------------  -------------------
/opt/airflow/dags/pipeline_dag.py                           1           0  0.22s           2026-04-28T15:35:21
================================================================================
[2026-04-28T15:35:52.187+0000] {manager.py:879} INFO - 
================================================================================
DAG File Processing Stats

File Path                          PID    Runtime      # DAGs    # Errors  Last Runtime    Last Run
---------------------------------  -----  ---------  --------  ----------  --------------  -------------------
/opt/airflow/dags/pipeline_dag.py                           1           0  0.54s           2026-04-28T15:35:52
================================================================================
[2026-04-28T15:36:22.850+0000] {manager.py:879} INFO - 
================================================================================
DAG File Processing Stats

File Path                          PID    Runtime      # DAGs    # Errors  Last Runtime    Last Run
---------------------------------  -----  ---------  --------  ----------  --------------  -------------------
/opt/airflow/dags/pipeline_dag.py                           1           0  0.52s           2026-04-28T15:36:22
================================================================================
[2026-04-28T15:36:53.448+0000] {manager.py:879} INFO - 
================================================================================
DAG File Processing Stats

File Path                          PID    Runtime      # DAGs    # Errors  Last Runtime    Last Run
---------------------------------  -----  ---------  --------  ----------  --------------  -------------------
/opt/airflow/dags/pipeline_dag.py                           1           0  0.43s           2026-04-28T15:36:53
================================================================================
[2026-04-28T15:37:06.728+0000] {manager.py:738} INFO - Searching for files in /opt/airflow/dags
[2026-04-28T15:37:06.739+0000] {manager.py:741} INFO - There are 1 files in /opt/airflow/dags
[2026-04-28T15:37:24.011+0000] {manager.py:879} INFO - 
================================================================================
DAG File Processing Stats

File Path                          PID    Runtime      # DAGs    # Errors  Last Runtime    Last Run
---------------------------------  -----  ---------  --------  ----------  --------------  -------------------
/opt/airflow/dags/pipeline_dag.py                           1           0  0.33s           2026-04-28T15:37:24
================================================================================
[2026-04-28T15:37:54.487+0000] {manager.py:879} INFO - 
================================================================================
DAG File Processing Stats

File Path                          PID    Runtime      # DAGs    # Errors  Last Runtime    Last Run
---------------------------------  -----  ---------  --------  ----------  --------------  -------------------
/opt/airflow/dags/pipeline_dag.py                           1           0  0.32s           2026-04-28T15:37:54
================================================================================
[2026-04-28T15:38:25.201+0000] {manager.py:879} INFO - 
================================================================================
DAG File Processing Stats

File Path                          PID    Runtime      # DAGs    # Errors  Last Runtime    Last Run
---------------------------------  -----  ---------  --------  ----------  --------------  -------------------
/opt/airflow/dags/pipeline_dag.py                           1           0  0.53s           2026-04-28T15:38:25
================================================================================
[2026-04-28T15:38:55.558+0000] {manager.py:879} INFO - 
================================================================================
DAG File Processing Stats

File Path                          PID    Runtime      # DAGs    # Errors  Last Runtime    Last Run
---------------------------------  -----  ---------  --------  ----------  --------------  -------------------
/opt/airflow/dags/pipeline_dag.py                           1           0  0.21s           2026-04-28T15:38:55
================================================================================
[2026-04-28T15:39:25.910+0000] {manager.py:879} INFO - 
================================================================================
DAG File Processing Stats

File Path                          PID    Runtime      # DAGs    # Errors  Last Runtime    Last Run
---------------------------------  -----  ---------  --------  ----------  --------------  -------------------
/opt/airflow/dags/pipeline_dag.py                           1           0  0.22s           2026-04-28T15:39:25
================================================================================
[2026-04-28T15:39:56.269+0000] {manager.py:879} INFO - 
================================================================================
DAG File Processing Stats

File Path                          PID    Runtime      # DAGs    # Errors  Last Runtime    Last Run
---------------------------------  -----  ---------  --------  ----------  --------------  -------------------
/opt/airflow/dags/pipeline_dag.py                           1           0  0.21s           2026-04-28T15:39:56
================================================================================
[2026-04-28T15:40:26.479+0000] {manager.py:879} INFO - 
================================================================================
DAG File Processing Stats

File Path                          PID    Runtime      # DAGs    # Errors  Last Runtime    Last Run
---------------------------------  -----  ---------  --------  ----------  --------------  -------------------
/opt/airflow/dags/pipeline_dag.py                           1           0  0.12s           2026-04-28T15:40:26
================================================================================
[2026-04-28T15:40:56.770+0000] {manager.py:879} INFO - 
================================================================================
DAG File Processing Stats

File Path                          PID    Runtime      # DAGs    # Errors  Last Runtime    Last Run
---------------------------------  -----  ---------  --------  ----------  --------------  -------------------
/opt/airflow/dags/pipeline_dag.py                           1           0  0.21s           2026-04-28T15:40:56
================================================================================
[2026-04-28T15:41:27.062+0000] {manager.py:879} INFO - 
================================================================================
DAG File Processing Stats

File Path                          PID    Runtime      # DAGs    # Errors  Last Runtime    Last Run
---------------------------------  -----  ---------  --------  ----------  --------------  -------------------
/opt/airflow/dags/pipeline_dag.py                           1           0  0.21s           2026-04-28T15:41:27
================================================================================
[2026-04-28T15:41:57.033+0000] {manager.py:879} INFO - 
================================================================================
DAG File Processing Stats

File Path                          PID    Runtime      # DAGs    # Errors  Last Runtime    Last Run
---------------------------------  -----  ---------  --------  ----------  --------------  -------------------
/opt/airflow/dags/pipeline_dag.py                           1           0  0.21s           2026-04-28T15:41:27
================================================================================
[2026-04-28T15:42:06.915+0000] {manager.py:738} INFO - Searching for files in /opt/airflow/dags
[2026-04-28T15:42:06.919+0000] {manager.py:741} INFO - There are 1 files in /opt/airflow/dags
[2026-04-28T15:42:27.240+0000] {manager.py:879} INFO - 
================================================================================
DAG File Processing Stats

File Path                          PID    Runtime      # DAGs    # Errors  Last Runtime    Last Run
---------------------------------  -----  ---------  --------  ----------  --------------  -------------------
/opt/airflow/dags/pipeline_dag.py                           1           0  2.38s           2026-04-28T15:42:00
================================================================================
[2026-04-28T15:42:57.317+0000] {manager.py:879} INFO - 
================================================================================
DAG File Processing Stats

File Path                          PID    Runtime      # DAGs    # Errors  Last Runtime    Last Run
---------------------------------  -----  ---------  --------  ----------  --------------  -------------------
/opt/airflow/dags/pipeline_dag.py                           1           0  1.23s           2026-04-28T15:42:31
================================================================================
[2026-04-28T15:43:27.404+0000] {manager.py:879} INFO - 
================================================================================
DAG File Processing Stats

File Path                          PID    Runtime      # DAGs    # Errors  Last Runtime    Last Run
---------------------------------  -----  ---------  --------  ----------  --------------  -------------------
/opt/airflow/dags/pipeline_dag.py                           1           0  0.22s           2026-04-28T15:43:01
================================================================================
[2026-04-28T15:43:57.463+0000] {manager.py:879} INFO - 
================================================================================
DAG File Processing Stats

File Path                          PID    Runtime      # DAGs    # Errors  Last Runtime    Last Run
---------------------------------  -----  ---------  --------  ----------  --------------  -------------------
/opt/airflow/dags/pipeline_dag.py                           1           0  0.31s           2026-04-28T15:43:32
================================================================================
[2026-04-28T15:45:01.473+0000] {manager.py:469} INFO - Processing files using up to 1 processes at a time 
[2026-04-28T15:45:01.475+0000] {manager.py:470} INFO - Process each file at most once every 30 seconds
[2026-04-28T15:45:01.476+0000] {manager.py:471} INFO - Checking for new files in /opt/airflow/dags every 300 seconds
[2026-04-28T15:45:01.478+0000] {manager.py:738} INFO - Searching for files in /opt/airflow/dags
[2026-04-28T15:45:01.490+0000] {manager.py:741} INFO - There are 1 files in /opt/airflow/dags
[2026-04-28T15:45:02.857+0000] {manager.py:879} INFO - 
================================================================================
DAG File Processing Stats

File Path                          PID    Runtime      # DAGs    # Errors  Last Runtime    Last Run
---------------------------------  -----  ---------  --------  ----------  --------------  -------------------
/opt/airflow/dags/pipeline_dag.py                           1           0  1.03s           2026-04-28T15:45:02
================================================================================
[2026-04-28T15:45:33.971+0000] {manager.py:879} INFO - 
================================================================================
DAG File Processing Stats

File Path                          PID    Runtime      # DAGs    # Errors  Last Runtime    Last Run
---------------------------------  -----  ---------  --------  ----------  --------------  -------------------
/opt/airflow/dags/pipeline_dag.py                           1           0  0.71s           2026-04-28T15:45:33
================================================================================
[2026-04-28T15:46:05.449+0000] {manager.py:879} INFO - 
================================================================================
DAG File Processing Stats

File Path                          PID    Runtime      # DAGs    # Errors  Last Runtime    Last Run
---------------------------------  -----  ---------  --------  ----------  --------------  -------------------
/opt/airflow/dags/pipeline_dag.py                           1           0  1.03s           2026-04-28T15:46:05
================================================================================
[2026-04-28T15:46:36.078+0000] {manager.py:879} INFO - 
================================================================================
DAG File Processing Stats

File Path                          PID    Runtime      # DAGs    # Errors  Last Runtime    Last Run
---------------------------------  -----  ---------  --------  ----------  --------------  -------------------
/opt/airflow/dags/pipeline_dag.py                           1           0  0.31s           2026-04-28T15:46:36
================================================================================
[2026-04-28T15:47:06.411+0000] {manager.py:879} INFO - 
================================================================================
DAG File Processing Stats

File Path                          PID    Runtime      # DAGs    # Errors  Last Runtime    Last Run
---------------------------------  -----  ---------  --------  ----------  --------------  -------------------
/opt/airflow/dags/pipeline_dag.py                           1           0  0.31s           2026-04-28T15:47:06
================================================================================
[2026-04-28T15:47:36.662+0000] {manager.py:879} INFO - 
================================================================================
DAG File Processing Stats

File Path                          PID    Runtime      # DAGs    # Errors  Last Runtime    Last Run
---------------------------------  -----  ---------  --------  ----------  --------------  -------------------
/opt/airflow/dags/pipeline_dag.py                           1           0  0.21s           2026-04-28T15:47:36
================================================================================
[2026-04-28T15:48:07.460+0000] {manager.py:879} INFO - 
================================================================================
DAG File Processing Stats

File Path                          PID    Runtime      # DAGs    # Errors  Last Runtime    Last Run
---------------------------------  -----  ---------  --------  ----------  --------------  -------------------
/opt/airflow/dags/pipeline_dag.py                           1           0  0.72s           2026-04-28T15:48:07
================================================================================
[2026-04-28T15:48:38.639+0000] {manager.py:879} INFO - 
================================================================================
DAG File Processing Stats

File Path                          PID    Runtime      # DAGs    # Errors  Last Runtime    Last Run
---------------------------------  -----  ---------  --------  ----------  --------------  -------------------
/opt/airflow/dags/pipeline_dag.py                           1           0  0.54s           2026-04-28T15:48:38
================================================================================
[2026-04-28T15:49:09.693+0000] {manager.py:879} INFO - 
================================================================================
DAG File Processing Stats

File Path                          PID    Runtime      # DAGs    # Errors  Last Runtime    Last Run
---------------------------------  -----  ---------  --------  ----------  --------------  -------------------
/opt/airflow/dags/pipeline_dag.py                           1           0  0.42s           2026-04-28T15:49:09
================================================================================
[2026-04-28T15:49:40.204+0000] {manager.py:879} INFO - 
================================================================================
DAG File Processing Stats

File Path                          PID    Runtime      # DAGs    # Errors  Last Runtime    Last Run
---------------------------------  -----  ---------  --------  ----------  --------------  -------------------
/opt/airflow/dags/pipeline_dag.py                           1           0  0.22s           2026-04-28T15:49:40
================================================================================
[2026-04-28T15:50:01.688+0000] {manager.py:738} INFO - Searching for files in /opt/airflow/dags
[2026-04-28T15:50:01.693+0000] {manager.py:741} INFO - There are 1 files in /opt/airflow/dags
[2026-04-28T15:50:10.745+0000] {manager.py:879} INFO - 
================================================================================
DAG File Processing Stats

File Path                          PID    Runtime      # DAGs    # Errors  Last Runtime    Last Run
---------------------------------  -----  ---------  --------  ----------  --------------  -------------------
/opt/airflow/dags/pipeline_dag.py                           1           0  0.21s           2026-04-28T15:50:10
================================================================================
[2026-04-28T15:50:41.431+0000] {manager.py:879} INFO - 
================================================================================
DAG File Processing Stats

File Path                          PID    Runtime      # DAGs    # Errors  Last Runtime    Last Run
---------------------------------  -----  ---------  --------  ----------  --------------  -------------------
/opt/airflow/dags/pipeline_dag.py                           1           0  0.31s           2026-04-28T15:50:41
================================================================================
[2026-04-28T15:51:12.026+0000] {manager.py:879} INFO - 
================================================================================
DAG File Processing Stats

File Path                          PID    Runtime      # DAGs    # Errors  Last Runtime    Last Run
---------------------------------  -----  ---------  --------  ----------  --------------  -------------------
/opt/airflow/dags/pipeline_dag.py                           1           0  0.21s           2026-04-28T15:51:12
================================================================================
[2026-04-28T15:51:42.560+0000] {manager.py:879} INFO - 
================================================================================
DAG File Processing Stats

File Path                          PID    Runtime      # DAGs    # Errors  Last Runtime    Last Run
---------------------------------  -----  ---------  --------  ----------  --------------  -------------------
/opt/airflow/dags/pipeline_dag.py                           1           0  0.21s           2026-04-28T15:51:42
================================================================================
[2026-04-28T15:52:29.993+0000] {manager.py:469} INFO - Processing files using up to 1 processes at a time 
[2026-04-28T15:52:30.000+0000] {manager.py:470} INFO - Process each file at most once every 30 seconds
[2026-04-28T15:52:30.002+0000] {manager.py:471} INFO - Checking for new files in /opt/airflow/dags every 300 seconds
[2026-04-28T15:52:30.003+0000] {manager.py:738} INFO - Searching for files in /opt/airflow/dags
[2026-04-28T15:52:30.012+0000] {manager.py:741} INFO - There are 1 files in /opt/airflow/dags
[2026-04-28T15:52:30.998+0000] {manager.py:879} INFO - 
================================================================================
DAG File Processing Stats

File Path                          PID    Runtime      # DAGs    # Errors  Last Runtime    Last Run
---------------------------------  -----  ---------  --------  ----------  --------------  -------------------
/opt/airflow/dags/pipeline_dag.py                           1           0  0.82s           2026-04-28T15:52:30
================================================================================
[2026-04-28T15:53:28.265+0000] {manager.py:469} INFO - Processing files using up to 1 processes at a time 
[2026-04-28T15:53:28.267+0000] {manager.py:470} INFO - Process each file at most once every 30 seconds
[2026-04-28T15:53:28.267+0000] {manager.py:471} INFO - Checking for new files in /opt/airflow/dags every 300 seconds
[2026-04-28T15:53:28.268+0000] {manager.py:738} INFO - Searching for files in /opt/airflow/dags
[2026-04-28T15:53:28.272+0000] {manager.py:741} INFO - There are 1 files in /opt/airflow/dags
[2026-04-28T15:53:28.698+0000] {manager.py:879} INFO - 
================================================================================
DAG File Processing Stats

File Path                          PID    Runtime      # DAGs    # Errors  Last Runtime    Last Run
---------------------------------  -----  ---------  --------  ----------  --------------  -------------------
/opt/airflow/dags/pipeline_dag.py                           1           0  0.32s           2026-04-28T15:53:28
================================================================================
[2026-04-28T15:54:01.662+0000] {manager.py:879} INFO - 
================================================================================
DAG File Processing Stats

File Path                          PID    Runtime      # DAGs    # Errors  Last Runtime    Last Run
---------------------------------  -----  ---------  --------  ----------  --------------  -------------------
/opt/airflow/dags/pipeline_dag.py                           1           0  1.67s           2026-04-28T15:54:01
================================================================================
[2026-04-28T16:02:50.062+0000] {manager.py:469} INFO - Processing files using up to 1 processes at a time 
[2026-04-28T16:02:50.063+0000] {manager.py:470} INFO - Process each file at most once every 30 seconds
[2026-04-28T16:02:50.063+0000] {manager.py:471} INFO - Checking for new files in /opt/airflow/dags every 300 seconds
[2026-04-28T16:02:50.064+0000] {manager.py:738} INFO - Searching for files in /opt/airflow/dags
[2026-04-28T16:02:50.068+0000] {manager.py:741} INFO - There are 1 files in /opt/airflow/dags
[2026-04-28T16:02:50.847+0000] {manager.py:879} INFO - 
================================================================================
DAG File Processing Stats

File Path                          PID    Runtime      # DAGs    # Errors  Last Runtime    Last Run
---------------------------------  -----  ---------  --------  ----------  --------------  -------------------
/opt/airflow/dags/pipeline_dag.py                           1           0  0.65s           2026-04-28T16:02:50
================================================================================
[2026-04-28T16:03:22.387+0000] {manager.py:879} INFO - 
================================================================================
DAG File Processing Stats

File Path                          PID    Runtime      # DAGs    # Errors  Last Runtime    Last Run
---------------------------------  -----  ---------  --------  ----------  --------------  -------------------
/opt/airflow/dags/pipeline_dag.py                           1           0  0.41s           2026-04-28T16:03:22
================================================================================
[2026-04-28T16:03:53.083+0000] {manager.py:879} INFO - 
================================================================================
DAG File Processing Stats

File Path                          PID    Runtime      # DAGs    # Errors  Last Runtime    Last Run
---------------------------------  -----  ---------  --------  ----------  --------------  -------------------
/opt/airflow/dags/pipeline_dag.py                           1           0  0.21s           2026-04-28T16:03:53
================================================================================
[2026-04-28T16:04:23.434+0000] {manager.py:879} INFO - 
================================================================================
DAG File Processing Stats

File Path                          PID    Runtime      # DAGs    # Errors  Last Runtime    Last Run
---------------------------------  -----  ---------  --------  ----------  --------------  -------------------
/opt/airflow/dags/pipeline_dag.py                           1           0  0.21s           2026-04-28T16:04:23
================================================================================
[2026-04-28T16:04:54.152+0000] {manager.py:879} INFO - 
================================================================================
DAG File Processing Stats

File Path                          PID    Runtime      # DAGs    # Errors  Last Runtime    Last Run
---------------------------------  -----  ---------  --------  ----------  --------------  -------------------
/opt/airflow/dags/pipeline_dag.py                           1           0  0.43s           2026-04-28T16:04:54
================================================================================
[2026-04-28T16:05:25.375+0000] {manager.py:879} INFO - 
================================================================================
DAG File Processing Stats

File Path                          PID    Runtime      # DAGs    # Errors  Last Runtime    Last Run
---------------------------------  -----  ---------  --------  ----------  --------------  -------------------
/opt/airflow/dags/pipeline_dag.py                           1           0  0.22s           2026-04-28T16:05:25
================================================================================
[2026-04-28T16:05:55.890+0000] {manager.py:879} INFO - 
================================================================================
DAG File Processing Stats

File Path                          PID    Runtime      # DAGs    # Errors  Last Runtime    Last Run
---------------------------------  -----  ---------  --------  ----------  --------------  -------------------
/opt/airflow/dags/pipeline_dag.py                           1           0  0.44s           2026-04-28T16:05:55
================================================================================
[2026-04-28T16:07:10.628+0000] {manager.py:469} INFO - Processing files using up to 1 processes at a time 
[2026-04-28T16:07:10.629+0000] {manager.py:470} INFO - Process each file at most once every 30 seconds
[2026-04-28T16:07:10.630+0000] {manager.py:471} INFO - Checking for new files in /opt/airflow/dags every 300 seconds
[2026-04-28T16:07:10.630+0000] {manager.py:738} INFO - Searching for files in /opt/airflow/dags
[2026-04-28T16:07:10.634+0000] {manager.py:741} INFO - There are 1 files in /opt/airflow/dags
[2026-04-28T16:07:11.026+0000] {manager.py:879} INFO - 
================================================================================
DAG File Processing Stats

File Path                          PID    Runtime      # DAGs    # Errors  Last Runtime    Last Run
---------------------------------  -----  ---------  --------  ----------  --------------  -------------------
/opt/airflow/dags/pipeline_dag.py                           1           0  0.31s           2026-04-28T16:07:11
================================================================================
[2026-04-28T16:07:42.256+0000] {manager.py:879} INFO - 
================================================================================
DAG File Processing Stats

File Path                          PID    Runtime      # DAGs    # Errors  Last Runtime    Last Run
---------------------------------  -----  ---------  --------  ----------  --------------  -------------------
/opt/airflow/dags/pipeline_dag.py                           1           0  0.21s           2026-04-28T16:07:42
================================================================================
[2026-04-28T16:08:13.474+0000] {manager.py:879} INFO - 
================================================================================
DAG File Processing Stats

File Path                          PID    Runtime      # DAGs    # Errors  Last Runtime    Last Run
---------------------------------  -----  ---------  --------  ----------  --------------  -------------------
/opt/airflow/dags/pipeline_dag.py                           1           0  0.20s           2026-04-28T16:08:13
================================================================================
[2026-04-28T16:08:43.785+0000] {manager.py:879} INFO - 
================================================================================
DAG File Processing Stats

File Path                          PID    Runtime      # DAGs    # Errors  Last Runtime    Last Run
---------------------------------  -----  ---------  --------  ----------  --------------  -------------------
/opt/airflow/dags/pipeline_dag.py                           1           0  0.21s           2026-04-28T16:08:43
================================================================================
[2026-04-28T16:09:14.115+0000] {manager.py:879} INFO - 
================================================================================
DAG File Processing Stats

File Path                          PID    Runtime      # DAGs    # Errors  Last Runtime    Last Run
---------------------------------  -----  ---------  --------  ----------  --------------  -------------------
/opt/airflow/dags/pipeline_dag.py                           1           0  0.21s           2026-04-28T16:09:14
================================================================================
[2026-04-28T16:09:44.444+0000] {manager.py:879} INFO - 
================================================================================
DAG File Processing Stats

File Path                          PID    Runtime      # DAGs    # Errors  Last Runtime    Last Run
---------------------------------  -----  ---------  --------  ----------  --------------  -------------------
/opt/airflow/dags/pipeline_dag.py                           1           0  0.21s           2026-04-28T16:09:44
================================================================================
[2026-04-28T16:10:14.752+0000] {manager.py:879} INFO - 
================================================================================
DAG File Processing Stats

File Path                          PID    Runtime      # DAGs    # Errors  Last Runtime    Last Run
---------------------------------  -----  ---------  --------  ----------  --------------  -------------------
/opt/airflow/dags/pipeline_dag.py                           1           0  0.21s           2026-04-28T16:10:14
================================================================================
[2026-04-28T16:12:11.615+0000] {manager.py:469} INFO - Processing files using up to 1 processes at a time 
[2026-04-28T16:12:11.617+0000] {manager.py:470} INFO - Process each file at most once every 30 seconds
[2026-04-28T16:12:11.618+0000] {manager.py:471} INFO - Checking for new files in /opt/airflow/dags every 300 seconds
[2026-04-28T16:12:11.619+0000] {manager.py:738} INFO - Searching for files in /opt/airflow/dags
[2026-04-28T16:12:11.626+0000] {manager.py:741} INFO - There are 1 files in /opt/airflow/dags
[2026-04-28T16:12:12.059+0000] {manager.py:879} INFO - 
================================================================================
DAG File Processing Stats

File Path                          PID    Runtime      # DAGs    # Errors  Last Runtime    Last Run
---------------------------------  -----  ---------  --------  ----------  --------------  -------------------
/opt/airflow/dags/pipeline_dag.py                           1           0  0.31s           2026-04-28T16:12:12
================================================================================
[2026-04-28T16:12:44.301+0000] {manager.py:879} INFO - 
================================================================================
DAG File Processing Stats

File Path                          PID    Runtime      # DAGs    # Errors  Last Runtime    Last Run
---------------------------------  -----  ---------  --------  ----------  --------------  -------------------
/opt/airflow/dags/pipeline_dag.py                           1           0  0.72s           2026-04-28T16:12:44
================================================================================
[2026-04-28T16:13:16.898+0000] {manager.py:879} INFO - 
================================================================================
DAG File Processing Stats

File Path                          PID    Runtime      # DAGs    # Errors  Last Runtime    Last Run
---------------------------------  -----  ---------  --------  ----------  --------------  -------------------
/opt/airflow/dags/pipeline_dag.py                           1           0  2.40s           2026-04-28T16:13:16
================================================================================
[2026-04-28T16:13:47.912+0000] {manager.py:879} INFO - 
================================================================================
DAG File Processing Stats

File Path                          PID    Runtime      # DAGs    # Errors  Last Runtime    Last Run
---------------------------------  -----  ---------  --------  ----------  --------------  -------------------
/opt/airflow/dags/pipeline_dag.py                           1           0  0.93s           2026-04-28T16:13:47
================================================================================
[2026-04-28T16:14:18.707+0000] {manager.py:879} INFO - 
================================================================================
DAG File Processing Stats

File Path                          PID    Runtime      # DAGs    # Errors  Last Runtime    Last Run
---------------------------------  -----  ---------  --------  ----------  --------------  -------------------
/opt/airflow/dags/pipeline_dag.py                           1           0  0.43s           2026-04-28T16:14:18
================================================================================
[2026-04-28T16:14:49.236+0000] {manager.py:879} INFO - 
================================================================================
DAG File Processing Stats

File Path                          PID    Runtime      # DAGs    # Errors  Last Runtime    Last Run
---------------------------------  -----  ---------  --------  ----------  --------------  -------------------
/opt/airflow/dags/pipeline_dag.py                           1           0  0.21s           2026-04-28T16:14:49
================================================================================
[2026-04-28T16:15:19.992+0000] {manager.py:879} INFO - 
================================================================================
DAG File Processing Stats

File Path                          PID    Runtime      # DAGs    # Errors  Last Runtime    Last Run
---------------------------------  -----  ---------  --------  ----------  --------------  -------------------
/opt/airflow/dags/pipeline_dag.py                           1           0  0.41s           2026-04-28T16:15:19
================================================================================
[2026-04-28T16:15:50.771+0000] {manager.py:879} INFO - 
================================================================================
DAG File Processing Stats

File Path                          PID    Runtime      # DAGs    # Errors  Last Runtime    Last Run
---------------------------------  -----  ---------  --------  ----------  --------------  -------------------
/opt/airflow/dags/pipeline_dag.py                           1           0  0.41s           2026-04-28T16:15:50
================================================================================
[2026-04-28T16:16:21.274+0000] {manager.py:879} INFO - 
================================================================================
DAG File Processing Stats

File Path                          PID    Runtime      # DAGs    # Errors  Last Runtime    Last Run
---------------------------------  -----  ---------  --------  ----------  --------------  -------------------
/opt/airflow/dags/pipeline_dag.py                           1           0  0.21s           2026-04-28T16:16:21
================================================================================
[2026-04-28T16:16:51.908+0000] {manager.py:879} INFO - 
================================================================================
DAG File Processing Stats

File Path                          PID    Runtime      # DAGs    # Errors  Last Runtime    Last Run
---------------------------------  -----  ---------  --------  ----------  --------------  -------------------
/opt/airflow/dags/pipeline_dag.py                           1           0  0.31s           2026-04-28T16:16:51
================================================================================
[2026-04-28T16:17:11.683+0000] {manager.py:738} INFO - Searching for files in /opt/airflow/dags
[2026-04-28T16:17:11.688+0000] {manager.py:741} INFO - There are 1 files in /opt/airflow/dags
[2026-04-28T16:17:22.435+0000] {manager.py:879} INFO - 
================================================================================
DAG File Processing Stats

File Path                          PID    Runtime      # DAGs    # Errors  Last Runtime    Last Run
---------------------------------  -----  ---------  --------  ----------  --------------  -------------------
/opt/airflow/dags/pipeline_dag.py                           1           0  0.21s           2026-04-28T16:17:22
================================================================================
[2026-04-28T16:17:53.500+0000] {manager.py:879} INFO - 
================================================================================
DAG File Processing Stats

File Path                          PID    Runtime      # DAGs    # Errors  Last Runtime    Last Run
---------------------------------  -----  ---------  --------  ----------  --------------  -------------------
/opt/airflow/dags/pipeline_dag.py                           1           0  0.32s           2026-04-28T16:17:53
================================================================================
[2026-04-28T16:18:24.078+0000] {manager.py:879} INFO - 
================================================================================
DAG File Processing Stats

File Path                          PID    Runtime      # DAGs    # Errors  Last Runtime    Last Run
---------------------------------  -----  ---------  --------  ----------  --------------  -------------------
/opt/airflow/dags/pipeline_dag.py                           1           0  0.42s           2026-04-28T16:18:24
================================================================================
[2026-04-28T16:18:56.214+0000] {manager.py:879} INFO - 
================================================================================
DAG File Processing Stats

File Path                          PID    Runtime      # DAGs    # Errors  Last Runtime    Last Run
---------------------------------  -----  ---------  --------  ----------  --------------  -------------------
/opt/airflow/dags/pipeline_dag.py                           1           0  1.98s           2026-04-28T16:18:56
================================================================================
[2026-04-28T16:19:27.019+0000] {manager.py:879} INFO - 
================================================================================
DAG File Processing Stats

File Path                          PID    Runtime      # DAGs    # Errors  Last Runtime    Last Run
---------------------------------  -----  ---------  --------  ----------  --------------  -------------------
/opt/airflow/dags/pipeline_dag.py                           1           0  0.62s           2026-04-28T16:19:27
================================================================================
[2026-04-28T16:19:57.737+0000] {manager.py:879} INFO - 
================================================================================
DAG File Processing Stats

File Path                          PID    Runtime      # DAGs    # Errors  Last Runtime    Last Run
---------------------------------  -----  ---------  --------  ----------  --------------  -------------------
/opt/airflow/dags/pipeline_dag.py                           1           0  0.52s           2026-04-28T16:19:57
================================================================================
[2026-04-28T16:20:28.156+0000] {manager.py:879} INFO - 
================================================================================
DAG File Processing Stats

File Path                          PID    Runtime      # DAGs    # Errors  Last Runtime    Last Run
---------------------------------  -----  ---------  --------  ----------  --------------  -------------------
/opt/airflow/dags/pipeline_dag.py                           1           0  0.21s           2026-04-28T16:20:28
================================================================================
[2026-04-28T16:20:58.474+0000] {manager.py:879} INFO - 
================================================================================
DAG File Processing Stats

File Path                          PID    Runtime      # DAGs    # Errors  Last Runtime    Last Run
---------------------------------  -----  ---------  --------  ----------  --------------  -------------------
/opt/airflow/dags/pipeline_dag.py                           1           0  0.21s           2026-04-28T16:20:58
================================================================================
[2026-04-28T16:21:28.789+0000] {manager.py:879} INFO - 
================================================================================
DAG File Processing Stats

File Path                          PID    Runtime      # DAGs    # Errors  Last Runtime    Last Run
---------------------------------  -----  ---------  --------  ----------  --------------  -------------------
/opt/airflow/dags/pipeline_dag.py                           1           0  0.21s           2026-04-28T16:21:28
================================================================================
[2026-04-28T16:22:05.762+0000] {manager.py:469} INFO - Processing files using up to 1 processes at a time 
[2026-04-28T16:22:05.764+0000] {manager.py:470} INFO - Process each file at most once every 30 seconds
[2026-04-28T16:22:05.765+0000] {manager.py:471} INFO - Checking for new files in /opt/airflow/dags every 300 seconds
[2026-04-28T16:22:05.766+0000] {manager.py:738} INFO - Searching for files in /opt/airflow/dags
[2026-04-28T16:22:05.774+0000] {manager.py:741} INFO - There are 1 files in /opt/airflow/dags
[2026-04-28T16:22:06.703+0000] {manager.py:879} INFO - 
================================================================================
DAG File Processing Stats

File Path                          PID    Runtime      # DAGs    # Errors  Last Runtime    Last Run
---------------------------------  -----  ---------  --------  ----------  --------------  -------------------
/opt/airflow/dags/pipeline_dag.py                           1           0  0.71s           2026-04-28T16:22:06
================================================================================
[2026-04-28T16:22:38.116+0000] {manager.py:879} INFO - 
================================================================================
DAG File Processing Stats

File Path                          PID    Runtime      # DAGs    # Errors  Last Runtime    Last Run
---------------------------------  -----  ---------  --------  ----------  --------------  -------------------
/opt/airflow/dags/pipeline_dag.py                           1           0  0.41s           2026-04-28T16:22:38
================================================================================
[2026-04-28T16:23:09.097+0000] {manager.py:879} INFO - 
================================================================================
DAG File Processing Stats

File Path                          PID    Runtime      # DAGs    # Errors  Last Runtime    Last Run
---------------------------------  -----  ---------  --------  ----------  --------------  -------------------
/opt/airflow/dags/pipeline_dag.py                           1           0  0.21s           2026-04-28T16:23:09
================================================================================
[2026-04-28T16:23:39.425+0000] {manager.py:879} INFO - 
================================================================================
DAG File Processing Stats

File Path                          PID    Runtime      # DAGs    # Errors  Last Runtime    Last Run
---------------------------------  -----  ---------  --------  ----------  --------------  -------------------
/opt/airflow/dags/pipeline_dag.py                           1           0  0.22s           2026-04-28T16:23:39
================================================================================
[2026-04-28T16:24:09.717+0000] {manager.py:879} INFO - 
================================================================================
DAG File Processing Stats

File Path                          PID    Runtime      # DAGs    # Errors  Last Runtime    Last Run
---------------------------------  -----  ---------  --------  ----------  --------------  -------------------
/opt/airflow/dags/pipeline_dag.py                           1           0  0.21s           2026-04-28T16:24:09
================================================================================
[2026-04-28T16:25:17.673+0000] {manager.py:469} INFO - Processing files using up to 1 processes at a time 
[2026-04-28T16:25:17.674+0000] {manager.py:470} INFO - Process each file at most once every 30 seconds
[2026-04-28T16:25:17.675+0000] {manager.py:471} INFO - Checking for new files in /opt/airflow/dags every 300 seconds
[2026-04-28T16:25:17.676+0000] {manager.py:738} INFO - Searching for files in /opt/airflow/dags
[2026-04-28T16:25:17.686+0000] {manager.py:741} INFO - There are 1 files in /opt/airflow/dags
[2026-04-28T16:25:18.685+0000] {manager.py:879} INFO - 
================================================================================
DAG File Processing Stats

File Path                          PID    Runtime      # DAGs    # Errors  Last Runtime    Last Run
---------------------------------  -----  ---------  --------  ----------  --------------  -------------------
/opt/airflow/dags/pipeline_dag.py                           1           0  0.83s           2026-04-28T16:25:18
================================================================================
[2026-04-28T16:26:17.387+0000] {manager.py:469} INFO - Processing files using up to 1 processes at a time 
[2026-04-28T16:26:17.388+0000] {manager.py:470} INFO - Process each file at most once every 30 seconds
[2026-04-28T16:26:17.389+0000] {manager.py:471} INFO - Checking for new files in /opt/airflow/dags every 300 seconds
[2026-04-28T16:26:17.390+0000] {manager.py:738} INFO - Searching for files in /opt/airflow/dags
[2026-04-28T16:26:17.397+0000] {manager.py:741} INFO - There are 1 files in /opt/airflow/dags
[2026-04-28T16:26:17.963+0000] {manager.py:879} INFO - 
================================================================================
DAG File Processing Stats

File Path                          PID    Runtime      # DAGs    # Errors  Last Runtime    Last Run
---------------------------------  -----  ---------  --------  ----------  --------------  -------------------
/opt/airflow/dags/pipeline_dag.py                           1           0  0.43s           2026-04-28T16:26:17
================================================================================
[2026-04-28T16:26:48.999+0000] {manager.py:879} INFO - 
================================================================================
DAG File Processing Stats

File Path                          PID    Runtime      # DAGs    # Errors  Last Runtime    Last Run
---------------------------------  -----  ---------  --------  ----------  --------------  -------------------
/opt/airflow/dags/pipeline_dag.py                           1           0  0.68s           2026-04-28T16:26:48
================================================================================
[2026-04-28T16:27:19.960+0000] {manager.py:879} INFO - 
================================================================================
DAG File Processing Stats

File Path                          PID    Runtime      # DAGs    # Errors  Last Runtime    Last Run
---------------------------------  -----  ---------  --------  ----------  --------------  -------------------
/opt/airflow/dags/pipeline_dag.py                           1           0  0.47s           2026-04-28T16:27:19
================================================================================
[2026-04-28T16:27:50.800+0000] {manager.py:879} INFO - 
================================================================================
DAG File Processing Stats

File Path                          PID    Runtime      # DAGs    # Errors  Last Runtime    Last Run
---------------------------------  -----  ---------  --------  ----------  --------------  -------------------
/opt/airflow/dags/pipeline_dag.py                           1           0  0.51s           2026-04-28T16:27:50
================================================================================
[2026-04-28T16:28:21.505+0000] {manager.py:879} INFO - 
================================================================================
DAG File Processing Stats

File Path                          PID    Runtime      # DAGs    # Errors  Last Runtime    Last Run
---------------------------------  -----  ---------  --------  ----------  --------------  -------------------
/opt/airflow/dags/pipeline_dag.py                           1           0  0.41s           2026-04-28T16:28:21
================================================================================
[2026-04-28T16:28:52.210+0000] {manager.py:879} INFO - 
================================================================================
DAG File Processing Stats

File Path                          PID    Runtime      # DAGs    # Errors  Last Runtime    Last Run
---------------------------------  -----  ---------  --------  ----------  --------------  -------------------
/opt/airflow/dags/pipeline_dag.py                           1           0  0.31s           2026-04-28T16:28:52
================================================================================
[2026-04-28T16:29:22.665+0000] {manager.py:879} INFO - 
================================================================================
DAG File Processing Stats

File Path                          PID    Runtime      # DAGs    # Errors  Last Runtime    Last Run
---------------------------------  -----  ---------  --------  ----------  --------------  -------------------
/opt/airflow/dags/pipeline_dag.py                           1           0  0.22s           2026-04-28T16:29:22
================================================================================
[2026-04-28T16:29:53.199+0000] {manager.py:879} INFO - 
================================================================================
DAG File Processing Stats

File Path                          PID    Runtime      # DAGs    # Errors  Last Runtime    Last Run
---------------------------------  -----  ---------  --------  ----------  --------------  -------------------
/opt/airflow/dags/pipeline_dag.py                           1           0  0.21s           2026-04-28T16:29:53
================================================================================
[2026-04-28T16:30:23.894+0000] {manager.py:879} INFO - 
================================================================================
DAG File Processing Stats

File Path                          PID    Runtime      # DAGs    # Errors  Last Runtime    Last Run
---------------------------------  -----  ---------  --------  ----------  --------------  -------------------
/opt/airflow/dags/pipeline_dag.py                           1           0  0.32s           2026-04-28T16:30:23
================================================================================
[2026-04-28T16:31:21.840+0000] {manager.py:469} INFO - Processing files using up to 1 processes at a time 
[2026-04-28T16:31:21.841+0000] {manager.py:470} INFO - Process each file at most once every 30 seconds
[2026-04-28T16:31:21.841+0000] {manager.py:471} INFO - Checking for new files in /opt/airflow/dags every 300 seconds
[2026-04-28T16:31:21.842+0000] {manager.py:738} INFO - Searching for files in /opt/airflow/dags
[2026-04-28T16:31:21.848+0000] {manager.py:741} INFO - There are 1 files in /opt/airflow/dags
[2026-04-28T16:31:22.330+0000] {manager.py:879} INFO - 
================================================================================
DAG File Processing Stats

File Path                          PID    Runtime      # DAGs    # Errors  Last Runtime    Last Run
---------------------------------  -----  ---------  --------  ----------  --------------  -------------------
/opt/airflow/dags/pipeline_dag.py                           1           0  0.38s           2026-04-28T16:31:22
================================================================================
[2026-04-28T16:31:53.840+0000] {manager.py:879} INFO - 
================================================================================
DAG File Processing Stats

File Path                          PID    Runtime      # DAGs    # Errors  Last Runtime    Last Run
---------------------------------  -----  ---------  --------  ----------  --------------  -------------------
/opt/airflow/dags/pipeline_dag.py                           1           0  0.31s           2026-04-28T16:31:53
================================================================================
[2026-04-28T16:32:25.188+0000] {manager.py:879} INFO - 
================================================================================
DAG File Processing Stats

File Path                          PID    Runtime      # DAGs    # Errors  Last Runtime    Last Run
---------------------------------  -----  ---------  --------  ----------  --------------  -------------------
/opt/airflow/dags/pipeline_dag.py                           1           0  0.32s           2026-04-28T16:32:25
================================================================================
[2026-04-28T16:39:48.859+0000] {manager.py:469} INFO - Processing files using up to 1 processes at a time 
[2026-04-28T16:39:48.862+0000] {manager.py:470} INFO - Process each file at most once every 30 seconds
[2026-04-28T16:39:48.864+0000] {manager.py:471} INFO - Checking for new files in /opt/airflow/dags every 300 seconds
[2026-04-28T16:39:48.867+0000] {manager.py:738} INFO - Searching for files in /opt/airflow/dags
[2026-04-28T16:39:48.881+0000] {manager.py:741} INFO - There are 1 files in /opt/airflow/dags
[2026-04-28T16:39:50.745+0000] {manager.py:879} INFO - 
================================================================================
DAG File Processing Stats

File Path                          PID    Runtime      # DAGs    # Errors  Last Runtime    Last Run
---------------------------------  -----  ---------  --------  ----------  --------------  -------------------
/opt/airflow/dags/pipeline_dag.py                           1           0  1.44s           2026-04-28T16:39:50
================================================================================
[2026-04-28T16:40:26.417+0000] {manager.py:879} INFO - 
================================================================================
DAG File Processing Stats

File Path                          PID    Runtime      # DAGs    # Errors  Last Runtime    Last Run
---------------------------------  -----  ---------  --------  ----------  --------------  -------------------
/opt/airflow/dags/pipeline_dag.py                           1           0  1.97s           2026-04-28T16:40:26
================================================================================
[2026-04-28T16:40:57.855+0000] {manager.py:879} INFO - 
================================================================================
DAG File Processing Stats

File Path                          PID    Runtime      # DAGs    # Errors  Last Runtime    Last Run
---------------------------------  -----  ---------  --------  ----------  --------------  -------------------
/opt/airflow/dags/pipeline_dag.py                           1           0  0.96s           2026-04-28T16:40:57
================================================================================
[2026-04-28T16:41:29.346+0000] {manager.py:879} INFO - 
================================================================================
DAG File Processing Stats

File Path                          PID    Runtime      # DAGs    # Errors  Last Runtime    Last Run
---------------------------------  -----  ---------  --------  ----------  --------------  -------------------
/opt/airflow/dags/pipeline_dag.py                           1           0  1.13s           2026-04-28T16:41:29
================================================================================
[2026-04-28T16:42:00.113+0000] {manager.py:879} INFO - 
================================================================================
DAG File Processing Stats

File Path                          PID    Runtime      # DAGs    # Errors  Last Runtime    Last Run
---------------------------------  -----  ---------  --------  ----------  --------------  -------------------
/opt/airflow/dags/pipeline_dag.py                           1           0  0.43s           2026-04-28T16:42:00
================================================================================
[2026-04-28T16:42:30.916+0000] {manager.py:879} INFO - 
================================================================================
DAG File Processing Stats

File Path                          PID    Runtime      # DAGs    # Errors  Last Runtime    Last Run
---------------------------------  -----  ---------  --------  ----------  --------------  -------------------
/opt/airflow/dags/pipeline_dag.py                           1           0  0.64s           2026-04-28T16:42:30
================================================================================
[2026-04-28T16:43:01.378+0000] {manager.py:879} INFO - 
================================================================================
DAG File Processing Stats

File Path                          PID    Runtime      # DAGs    # Errors  Last Runtime    Last Run
---------------------------------  -----  ---------  --------  ----------  --------------  -------------------
/opt/airflow/dags/pipeline_dag.py                           1           0  0.31s           2026-04-28T16:43:01
================================================================================
[2026-04-28T16:43:31.760+0000] {manager.py:879} INFO - 
================================================================================
DAG File Processing Stats

File Path                          PID    Runtime      # DAGs    # Errors  Last Runtime    Last Run
---------------------------------  -----  ---------  --------  ----------  --------------  -------------------
/opt/airflow/dags/pipeline_dag.py                           1           0  0.23s           2026-04-28T16:43:31
================================================================================
[2026-04-28T16:44:02.167+0000] {manager.py:879} INFO - 
================================================================================
DAG File Processing Stats

File Path                          PID    Runtime      # DAGs    # Errors  Last Runtime    Last Run
---------------------------------  -----  ---------  --------  ----------  --------------  -------------------
/opt/airflow/dags/pipeline_dag.py                           1           0  0.24s           2026-04-28T16:44:02
================================================================================
[2026-04-28T16:44:33.459+0000] {manager.py:879} INFO - 
================================================================================
DAG File Processing Stats

File Path                          PID    Runtime      # DAGs    # Errors  Last Runtime    Last Run
---------------------------------  -----  ---------  --------  ----------  --------------  -------------------
/opt/airflow/dags/pipeline_dag.py                           1           0  1.06s           2026-04-28T16:44:33
================================================================================
[2026-04-28T16:44:49.031+0000] {manager.py:738} INFO - Searching for files in /opt/airflow/dags
[2026-04-28T16:44:49.044+0000] {manager.py:741} INFO - There are 1 files in /opt/airflow/dags
[2026-04-28T16:45:04.500+0000] {manager.py:879} INFO - 
================================================================================
DAG File Processing Stats

File Path                          PID    Runtime      # DAGs    # Errors  Last Runtime    Last Run
---------------------------------  -----  ---------  --------  ----------  --------------  -------------------
/opt/airflow/dags/pipeline_dag.py                           1           0  0.84s           2026-04-28T16:45:04
================================================================================
[2026-04-28T16:45:34.936+0000] {manager.py:879} INFO - 
================================================================================
DAG File Processing Stats

File Path                          PID    Runtime      # DAGs    # Errors  Last Runtime    Last Run
---------------------------------  -----  ---------  --------  ----------  --------------  -------------------
/opt/airflow/dags/pipeline_dag.py                           1           0  0.23s           2026-04-28T16:45:34
================================================================================
[2026-04-28T16:47:18.098+0000] {manager.py:469} INFO - Processing files using up to 1 processes at a time 
[2026-04-28T16:47:18.104+0000] {manager.py:470} INFO - Process each file at most once every 30 seconds
[2026-04-28T16:47:18.105+0000] {manager.py:471} INFO - Checking for new files in /opt/airflow/dags every 300 seconds
[2026-04-28T16:47:18.106+0000] {manager.py:738} INFO - Searching for files in /opt/airflow/dags
[2026-04-28T16:47:18.115+0000] {manager.py:741} INFO - There are 1 files in /opt/airflow/dags
[2026-04-28T16:47:19.415+0000] {manager.py:879} INFO - 
================================================================================
DAG File Processing Stats

File Path                          PID    Runtime      # DAGs    # Errors  Last Runtime    Last Run
---------------------------------  -----  ---------  --------  ----------  --------------  -------------------
/opt/airflow/dags/pipeline_dag.py                           1           0  0.94s           2026-04-28T16:47:19
================================================================================
[2026-04-28T16:47:50.498+0000] {manager.py:879} INFO - 
================================================================================
DAG File Processing Stats

File Path                          PID    Runtime      # DAGs    # Errors  Last Runtime    Last Run
---------------------------------  -----  ---------  --------  ----------  --------------  -------------------
/opt/airflow/dags/pipeline_dag.py                           1           0  0.41s           2026-04-28T16:47:50
================================================================================
[2026-04-28T16:48:21.830+0000] {manager.py:879} INFO - 
================================================================================
DAG File Processing Stats

File Path                          PID    Runtime      # DAGs    # Errors  Last Runtime    Last Run
---------------------------------  -----  ---------  --------  ----------  --------------  -------------------
/opt/airflow/dags/pipeline_dag.py                           1           0  0.55s           2026-04-28T16:48:21
================================================================================
[2026-04-28T16:48:53.598+0000] {manager.py:879} INFO - 
================================================================================
DAG File Processing Stats

File Path                          PID    Runtime      # DAGs    # Errors  Last Runtime    Last Run
---------------------------------  -----  ---------  --------  ----------  --------------  -------------------
/opt/airflow/dags/pipeline_dag.py                           1           0  0.73s           2026-04-28T16:48:53
================================================================================
[2026-04-28T16:49:24.350+0000] {manager.py:879} INFO - 
================================================================================
DAG File Processing Stats

File Path                          PID    Runtime      # DAGs    # Errors  Last Runtime    Last Run
---------------------------------  -----  ---------  --------  ----------  --------------  -------------------
/opt/airflow/dags/pipeline_dag.py                           1           0  0.33s           2026-04-28T16:49:24
================================================================================
[2026-04-28T16:49:55.433+0000] {manager.py:879} INFO - 
================================================================================
DAG File Processing Stats

File Path                          PID    Runtime      # DAGs    # Errors  Last Runtime    Last Run
---------------------------------  -----  ---------  --------  ----------  --------------  -------------------
/opt/airflow/dags/pipeline_dag.py                           1           0  0.21s           2026-04-28T16:49:55
================================================================================
[2026-04-28T16:50:26.200+0000] {manager.py:879} INFO - 
================================================================================
DAG File Processing Stats

File Path                          PID    Runtime      # DAGs    # Errors  Last Runtime    Last Run
---------------------------------  -----  ---------  --------  ----------  --------------  -------------------
/opt/airflow/dags/pipeline_dag.py                           1           0  0.42s           2026-04-28T16:50:26
================================================================================
[2026-04-28T16:50:56.919+0000] {manager.py:879} INFO - 
================================================================================
DAG File Processing Stats

File Path                          PID    Runtime      # DAGs    # Errors  Last Runtime    Last Run
---------------------------------  -----  ---------  --------  ----------  --------------  -------------------
/opt/airflow/dags/pipeline_dag.py                           1           0  0.42s           2026-04-28T16:50:56
================================================================================
[2026-04-28T16:51:27.564+0000] {manager.py:879} INFO - 
================================================================================
DAG File Processing Stats

File Path                          PID    Runtime      # DAGs    # Errors  Last Runtime    Last Run
---------------------------------  -----  ---------  --------  ----------  --------------  -------------------
/opt/airflow/dags/pipeline_dag.py                           1           0  0.32s           2026-04-28T16:51:27
================================================================================
[2026-04-28T16:51:58.319+0000] {manager.py:879} INFO - 
================================================================================
DAG File Processing Stats

File Path                          PID    Runtime      # DAGs    # Errors  Last Runtime    Last Run
---------------------------------  -----  ---------  --------  ----------  --------------  -------------------
/opt/airflow/dags/pipeline_dag.py                           1           0  0.41s           2026-04-28T16:51:58
================================================================================
[2026-04-28T16:52:18.239+0000] {manager.py:738} INFO - Searching for files in /opt/airflow/dags
[2026-04-28T16:52:18.244+0000] {manager.py:741} INFO - There are 1 files in /opt/airflow/dags
[2026-04-28T16:52:29.350+0000] {manager.py:879} INFO - 
================================================================================
DAG File Processing Stats

File Path                          PID    Runtime      # DAGs    # Errors  Last Runtime    Last Run
---------------------------------  -----  ---------  --------  ----------  --------------  -------------------
/opt/airflow/dags/pipeline_dag.py                           1           0  0.71s           2026-04-28T16:52:29
================================================================================
[2026-04-28T16:52:59.874+0000] {manager.py:879} INFO - 
================================================================================
DAG File Processing Stats

File Path                          PID    Runtime      # DAGs    # Errors  Last Runtime    Last Run
---------------------------------  -----  ---------  --------  ----------  --------------  -------------------
/opt/airflow/dags/pipeline_dag.py                           1           0  0.21s           2026-04-28T16:52:59
================================================================================
[2026-04-28T16:53:30.774+0000] {manager.py:879} INFO - 
================================================================================
DAG File Processing Stats

File Path                          PID    Runtime      # DAGs    # Errors  Last Runtime    Last Run
---------------------------------  -----  ---------  --------  ----------  --------------  -------------------
/opt/airflow/dags/pipeline_dag.py                           1           0  0.62s           2026-04-28T16:53:30
================================================================================
[2026-04-28T16:54:01.250+0000] {manager.py:879} INFO - 
================================================================================
DAG File Processing Stats

File Path                          PID    Runtime      # DAGs    # Errors  Last Runtime    Last Run
---------------------------------  -----  ---------  --------  ----------  --------------  -------------------
/opt/airflow/dags/pipeline_dag.py                           1           0  0.23s           2026-04-28T16:54:01
================================================================================
[2026-04-28T16:54:31.628+0000] {manager.py:879} INFO - 
================================================================================
DAG File Processing Stats

File Path                          PID    Runtime      # DAGs    # Errors  Last Runtime    Last Run
---------------------------------  -----  ---------  --------  ----------  --------------  -------------------
/opt/airflow/dags/pipeline_dag.py                           1           0  0.23s           2026-04-28T16:54:31
================================================================================
[2026-04-28T16:55:02.690+0000] {manager.py:879} INFO - 
================================================================================
DAG File Processing Stats

File Path                          PID    Runtime      # DAGs    # Errors  Last Runtime    Last Run
---------------------------------  -----  ---------  --------  ----------  --------------  -------------------
/opt/airflow/dags/pipeline_dag.py                           1           0  0.94s           2026-04-28T16:55:02
================================================================================
[2026-04-28T16:55:33.795+0000] {manager.py:879} INFO - 
================================================================================
DAG File Processing Stats

File Path                          PID    Runtime      # DAGs    # Errors  Last Runtime    Last Run
---------------------------------  -----  ---------  --------  ----------  --------------  -------------------
/opt/airflow/dags/pipeline_dag.py                           1           0  0.95s           2026-04-28T16:55:33
================================================================================
[2026-04-28T16:56:04.468+0000] {manager.py:879} INFO - 
================================================================================
DAG File Processing Stats

File Path                          PID    Runtime      # DAGs    # Errors  Last Runtime    Last Run
---------------------------------  -----  ---------  --------  ----------  --------------  -------------------
/opt/airflow/dags/pipeline_dag.py                           1           0  0.53s           2026-04-28T16:56:04
================================================================================
[2026-04-28T16:56:34.829+0000] {manager.py:879} INFO - 
================================================================================
DAG File Processing Stats

File Path                          PID    Runtime      # DAGs    # Errors  Last Runtime    Last Run
---------------------------------  -----  ---------  --------  ----------  --------------  -------------------
/opt/airflow/dags/pipeline_dag.py                           1           0  0.21s           2026-04-28T16:56:34
================================================================================
[2026-04-28T16:57:05.601+0000] {manager.py:879} INFO - 
================================================================================
DAG File Processing Stats

File Path                          PID    Runtime      # DAGs    # Errors  Last Runtime    Last Run
---------------------------------  -----  ---------  --------  ----------  --------------  -------------------
/opt/airflow/dags/pipeline_dag.py                           1           0  0.62s           2026-04-28T16:57:05
================================================================================
[2026-04-28T16:57:18.322+0000] {manager.py:738} INFO - Searching for files in /opt/airflow/dags
[2026-04-28T16:57:18.328+0000] {manager.py:741} INFO - There are 1 files in /opt/airflow/dags
[2026-04-28T16:57:36.761+0000] {manager.py:879} INFO - 
================================================================================
DAG File Processing Stats

File Path                          PID    Runtime      # DAGs    # Errors  Last Runtime    Last Run
---------------------------------  -----  ---------  --------  ----------  --------------  -------------------
/opt/airflow/dags/pipeline_dag.py                           1           0  1.05s           2026-04-28T16:57:36
================================================================================
[2026-04-28T16:58:07.483+0000] {manager.py:879} INFO - 
================================================================================
DAG File Processing Stats

File Path                          PID    Runtime      # DAGs    # Errors  Last Runtime    Last Run
---------------------------------  -----  ---------  --------  ----------  --------------  -------------------
/opt/airflow/dags/pipeline_dag.py                           1           0  0.62s           2026-04-28T16:58:07
================================================================================
[2026-04-28T16:58:37.899+0000] {manager.py:879} INFO - 
================================================================================
DAG File Processing Stats

File Path                          PID    Runtime      # DAGs    # Errors  Last Runtime    Last Run
---------------------------------  -----  ---------  --------  ----------  --------------  -------------------
/opt/airflow/dags/pipeline_dag.py                           1           0  0.31s           2026-04-28T16:58:37
================================================================================
[2026-04-28T16:59:08.345+0000] {manager.py:879} INFO - 
================================================================================
DAG File Processing Stats

File Path                          PID    Runtime      # DAGs    # Errors  Last Runtime    Last Run
---------------------------------  -----  ---------  --------  ----------  --------------  -------------------
/opt/airflow/dags/pipeline_dag.py                           1           0  0.32s           2026-04-28T16:59:08
================================================================================
[2026-04-28T16:59:38.842+0000] {manager.py:879} INFO - 
================================================================================
DAG File Processing Stats

File Path                          PID    Runtime      # DAGs    # Errors  Last Runtime    Last Run
---------------------------------  -----  ---------  --------  ----------  --------------  -------------------
/opt/airflow/dags/pipeline_dag.py                           1           0  0.41s           2026-04-28T16:59:38
================================================================================
[2026-04-28T17:00:09.182+0000] {manager.py:879} INFO - 
================================================================================
DAG File Processing Stats

File Path                          PID    Runtime      # DAGs    # Errors  Last Runtime    Last Run
---------------------------------  -----  ---------  --------  ----------  --------------  -------------------
/opt/airflow/dags/pipeline_dag.py                           1           0  0.23s           2026-04-28T17:00:09
================================================================================
[2026-04-28T17:00:40.231+0000] {manager.py:879} INFO - 
================================================================================
DAG File Processing Stats

File Path                          PID    Runtime      # DAGs    # Errors  Last Runtime    Last Run
---------------------------------  -----  ---------  --------  ----------  --------------  -------------------
/opt/airflow/dags/pipeline_dag.py                           1           0  0.94s           2026-04-28T17:00:40
================================================================================
[2026-04-28T17:01:10.558+0000] {manager.py:879} INFO - 
================================================================================
DAG File Processing Stats

File Path                          PID    Runtime      # DAGs    # Errors  Last Runtime    Last Run
---------------------------------  -----  ---------  --------  ----------  --------------  -------------------
/opt/airflow/dags/pipeline_dag.py                           1           0  0.22s           2026-04-28T17:01:10
================================================================================
[2026-04-28T17:01:41.078+0000] {manager.py:879} INFO - 
================================================================================
DAG File Processing Stats

File Path                          PID    Runtime      # DAGs    # Errors  Last Runtime    Last Run
---------------------------------  -----  ---------  --------  ----------  --------------  -------------------
/opt/airflow/dags/pipeline_dag.py                           1           0  0.41s           2026-04-28T17:01:41
================================================================================
[2026-04-28T17:02:11.831+0000] {manager.py:879} INFO - 
================================================================================
DAG File Processing Stats

File Path                          PID    Runtime      # DAGs    # Errors  Last Runtime    Last Run
---------------------------------  -----  ---------  --------  ----------  --------------  -------------------
/opt/airflow/dags/pipeline_dag.py                           1           0  0.61s           2026-04-28T17:02:11
================================================================================
[2026-04-28T17:02:18.397+0000] {manager.py:738} INFO - Searching for files in /opt/airflow/dags
[2026-04-28T17:02:18.404+0000] {manager.py:741} INFO - There are 1 files in /opt/airflow/dags
[2026-04-28T17:02:42.243+0000] {manager.py:879} INFO - 
================================================================================
DAG File Processing Stats

File Path                          PID    Runtime      # DAGs    # Errors  Last Runtime    Last Run
---------------------------------  -----  ---------  --------  ----------  --------------  -------------------
/opt/airflow/dags/pipeline_dag.py                           1           0  0.31s           2026-04-28T17:02:42
================================================================================
[2026-04-28T17:03:12.786+0000] {manager.py:879} INFO - 
================================================================================
DAG File Processing Stats

File Path                          PID    Runtime      # DAGs    # Errors  Last Runtime    Last Run
---------------------------------  -----  ---------  --------  ----------  --------------  -------------------
/opt/airflow/dags/pipeline_dag.py                           1           0  0.43s           2026-04-28T17:03:12
================================================================================
[2026-04-28T17:03:43.301+0000] {manager.py:879} INFO - 
================================================================================
DAG File Processing Stats

File Path                          PID    Runtime      # DAGs    # Errors  Last Runtime    Last Run
---------------------------------  -----  ---------  --------  ----------  --------------  -------------------
/opt/airflow/dags/pipeline_dag.py                           1           0  0.34s           2026-04-28T17:03:43
================================================================================
[2026-04-28T17:04:14.147+0000] {manager.py:879} INFO - 
================================================================================
DAG File Processing Stats

File Path                          PID    Runtime      # DAGs    # Errors  Last Runtime    Last Run
---------------------------------  -----  ---------  --------  ----------  --------------  -------------------
/opt/airflow/dags/pipeline_dag.py                           1           0  0.72s           2026-04-28T17:04:14
================================================================================
[2026-04-28T17:05:22.005+0000] {manager.py:451} INFO - Exiting gracefully upon receiving signal 15
[2026-04-28T17:05:23.560+0000] {manager.py:469} INFO - Processing files using up to 1 processes at a time 
[2026-04-28T17:05:23.560+0000] {manager.py:470} INFO - Process each file at most once every 30 seconds
[2026-04-28T17:05:23.561+0000] {manager.py:471} INFO - Checking for new files in /opt/airflow/dags every 300 seconds
[2026-04-28T17:05:23.563+0000] {manager.py:738} INFO - Searching for files in /opt/airflow/dags
[2026-04-28T17:05:23.573+0000] {manager.py:741} INFO - There are 1 files in /opt/airflow/dags
[2026-04-28T17:05:24.004+0000] {manager.py:879} INFO - 
================================================================================
DAG File Processing Stats

File Path                          PID    Runtime      # DAGs    # Errors  Last Runtime    Last Run
---------------------------------  -----  ---------  --------  ----------  --------------  -------------------
/opt/airflow/dags/pipeline_dag.py                           1           0  0.31s           2026-04-28T17:05:23
================================================================================
[2026-04-28T17:06:03.348+0000] {manager.py:879} INFO - 
================================================================================
DAG File Processing Stats

File Path                          PID    Runtime      # DAGs    # Errors  Last Runtime    Last Run
---------------------------------  -----  ---------  --------  ----------  --------------  -------------------
/opt/airflow/dags/pipeline_dag.py                           1           0  0.11s           2026-04-28T17:06:03
================================================================================
[2026-04-28T17:06:33.702+0000] {manager.py:879} INFO - 
================================================================================
DAG File Processing Stats

File Path                          PID    Runtime      # DAGs    # Errors  Last Runtime    Last Run
---------------------------------  -----  ---------  --------  ----------  --------------  -------------------
/opt/airflow/dags/pipeline_dag.py                           1           0  0.10s           2026-04-28T17:06:33
================================================================================
[2026-04-28T17:07:04.213+0000] {manager.py:879} INFO - 
================================================================================
DAG File Processing Stats

File Path                          PID    Runtime      # DAGs    # Errors  Last Runtime    Last Run
---------------------------------  -----  ---------  --------  ----------  --------------  -------------------
/opt/airflow/dags/pipeline_dag.py                           1           0  0.27s           2026-04-28T17:07:04
================================================================================
[2026-04-28T17:07:34.698+0000] {manager.py:879} INFO - 
================================================================================
DAG File Processing Stats

File Path                          PID    Runtime      # DAGs    # Errors  Last Runtime    Last Run
---------------------------------  -----  ---------  --------  ----------  --------------  -------------------
/opt/airflow/dags/pipeline_dag.py                           1           0  0.21s           2026-04-28T17:07:34
================================================================================
[2026-04-28T17:08:05.226+0000] {manager.py:879} INFO - 
================================================================================
DAG File Processing Stats

File Path                          PID    Runtime      # DAGs    # Errors  Last Runtime    Last Run
---------------------------------  -----  ---------  --------  ----------  --------------  -------------------
/opt/airflow/dags/pipeline_dag.py                           1           0  0.21s           2026-04-28T17:08:05
================================================================================
[2026-04-28T17:08:39.648+0000] {manager.py:879} INFO - 
================================================================================
DAG File Processing Stats

File Path                          PID    Runtime      # DAGs    # Errors  Last Runtime    Last Run
---------------------------------  -----  ---------  --------  ----------  --------------  -------------------
/opt/airflow/dags/pipeline_dag.py                           1           0  1.44s           2026-04-28T17:08:39
================================================================================
[2026-04-28T17:09:11.616+0000] {manager.py:879} INFO - 
================================================================================
DAG File Processing Stats

File Path                          PID    Runtime      # DAGs    # Errors  Last Runtime    Last Run
---------------------------------  -----  ---------  --------  ----------  --------------  -------------------
/opt/airflow/dags/pipeline_dag.py                           1           0  1.15s           2026-04-28T17:09:11
================================================================================
[2026-04-28T17:09:43.254+0000] {manager.py:879} INFO - 
================================================================================
DAG File Processing Stats

File Path                          PID    Runtime      # DAGs    # Errors  Last Runtime    Last Run
---------------------------------  -----  ---------  --------  ----------  --------------  -------------------
/opt/airflow/dags/pipeline_dag.py                           1           0  1.15s           2026-04-28T17:09:43
================================================================================
[2026-04-28T17:10:14.149+0000] {manager.py:879} INFO - 
================================================================================
DAG File Processing Stats

File Path                          PID    Runtime      # DAGs    # Errors  Last Runtime    Last Run
---------------------------------  -----  ---------  --------  ----------  --------------  -------------------
/opt/airflow/dags/pipeline_dag.py                           1           0  0.65s           2026-04-28T17:10:14
================================================================================
[2026-04-28T17:10:24.022+0000] {manager.py:738} INFO - Searching for files in /opt/airflow/dags
[2026-04-28T17:10:24.033+0000] {manager.py:741} INFO - There are 1 files in /opt/airflow/dags
[2026-04-28T17:10:44.618+0000] {manager.py:879} INFO - 
================================================================================
DAG File Processing Stats

File Path                          PID    Runtime      # DAGs    # Errors  Last Runtime    Last Run
---------------------------------  -----  ---------  --------  ----------  --------------  -------------------
/opt/airflow/dags/pipeline_dag.py                           1           0  0.33s           2026-04-28T17:10:44
================================================================================
[2026-04-28T17:11:14.886+0000] {manager.py:879} INFO - 
================================================================================
DAG File Processing Stats

File Path                          PID    Runtime      # DAGs    # Errors  Last Runtime    Last Run
---------------------------------  -----  ---------  --------  ----------  --------------  -------------------
/opt/airflow/dags/pipeline_dag.py                           1           0  0.21s           2026-04-28T17:11:14
================================================================================
[2026-04-28T17:11:45.897+0000] {manager.py:879} INFO - 
================================================================================
DAG File Processing Stats

File Path                          PID    Runtime      # DAGs    # Errors  Last Runtime    Last Run
---------------------------------  -----  ---------  --------  ----------  --------------  -------------------
/opt/airflow/dags/pipeline_dag.py                           1           0  0.21s           2026-04-28T17:11:45
================================================================================
[2026-04-28T17:12:16.321+0000] {manager.py:879} INFO - 
================================================================================
DAG File Processing Stats

File Path                          PID    Runtime      # DAGs    # Errors  Last Runtime    Last Run
---------------------------------  -----  ---------  --------  ----------  --------------  -------------------
/opt/airflow/dags/pipeline_dag.py                           1           0  0.13s           2026-04-28T17:12:16
================================================================================
[2026-04-28T17:12:46.837+0000] {manager.py:879} INFO - 
================================================================================
DAG File Processing Stats

File Path                          PID    Runtime      # DAGs    # Errors  Last Runtime    Last Run
---------------------------------  -----  ---------  --------  ----------  --------------  -------------------
/opt/airflow/dags/pipeline_dag.py                           1           0  0.21s           2026-04-28T17:12:46
================================================================================
[2026-04-28T17:13:17.242+0000] {manager.py:879} INFO - 
================================================================================
DAG File Processing Stats

File Path                          PID    Runtime      # DAGs    # Errors  Last Runtime    Last Run
---------------------------------  -----  ---------  --------  ----------  --------------  -------------------
/opt/airflow/dags/pipeline_dag.py                           1           0  0.21s           2026-04-28T17:13:17
================================================================================
[2026-04-28T17:13:47.648+0000] {manager.py:879} INFO - 
================================================================================
DAG File Processing Stats

File Path                          PID    Runtime      # DAGs    # Errors  Last Runtime    Last Run
---------------------------------  -----  ---------  --------  ----------  --------------  -------------------
/opt/airflow/dags/pipeline_dag.py                           1           0  0.21s           2026-04-28T17:13:47
================================================================================
[2026-04-28T17:14:18.030+0000] {manager.py:879} INFO - 
================================================================================
DAG File Processing Stats

File Path                          PID    Runtime      # DAGs    # Errors  Last Runtime    Last Run
---------------------------------  -----  ---------  --------  ----------  --------------  -------------------
/opt/airflow/dags/pipeline_dag.py                           1           0  0.21s           2026-04-28T17:14:18
================================================================================
[2026-04-28T17:14:48.471+0000] {manager.py:879} INFO - 
================================================================================
DAG File Processing Stats

File Path                          PID    Runtime      # DAGs    # Errors  Last Runtime    Last Run
---------------------------------  -----  ---------  --------  ----------  --------------  -------------------
/opt/airflow/dags/pipeline_dag.py                           1           0  0.21s           2026-04-28T17:14:48
================================================================================
[2026-04-28T17:15:18.924+0000] {manager.py:879} INFO - 
================================================================================
DAG File Processing Stats

File Path                          PID    Runtime      # DAGs    # Errors  Last Runtime    Last Run
---------------------------------  -----  ---------  --------  ----------  --------------  -------------------
/opt/airflow/dags/pipeline_dag.py                           1           0  0.21s           2026-04-28T17:15:18
================================================================================
[2026-04-28T17:15:24.962+0000] {manager.py:738} INFO - Searching for files in /opt/airflow/dags
[2026-04-28T17:15:24.967+0000] {manager.py:741} INFO - There are 1 files in /opt/airflow/dags
[2026-04-28T17:15:49.402+0000] {manager.py:879} INFO - 
================================================================================
DAG File Processing Stats

File Path                          PID    Runtime      # DAGs    # Errors  Last Runtime    Last Run
---------------------------------  -----  ---------  --------  ----------  --------------  -------------------
/opt/airflow/dags/pipeline_dag.py                           1           0  0.21s           2026-04-28T17:15:49
================================================================================
[2026-04-28T17:16:19.942+0000] {manager.py:879} INFO - 
================================================================================
DAG File Processing Stats

File Path                          PID    Runtime      # DAGs    # Errors  Last Runtime    Last Run
---------------------------------  -----  ---------  --------  ----------  --------------  -------------------
/opt/airflow/dags/pipeline_dag.py                           1           0  0.21s           2026-04-28T17:16:19
================================================================================
[2026-04-28T17:16:53.177+0000] {manager.py:879} INFO - 
================================================================================
DAG File Processing Stats

File Path                          PID    Runtime      # DAGs    # Errors  Last Runtime    Last Run
---------------------------------  -----  ---------  --------  ----------  --------------  -------------------
/opt/airflow/dags/pipeline_dag.py                           1           0  0.21s           2026-04-28T17:16:53
================================================================================
[2026-04-28T17:17:23.431+0000] {manager.py:879} INFO - 
================================================================================
DAG File Processing Stats

File Path                          PID    Runtime      # DAGs    # Errors  Last Runtime    Last Run
---------------------------------  -----  ---------  --------  ----------  --------------  -------------------
/opt/airflow/dags/pipeline_dag.py                           1           0  0.21s           2026-04-28T17:17:23
================================================================================
[2026-04-28T17:17:54.019+0000] {manager.py:879} INFO - 
================================================================================
DAG File Processing Stats

File Path                          PID    Runtime      # DAGs    # Errors  Last Runtime    Last Run
---------------------------------  -----  ---------  --------  ----------  --------------  -------------------
/opt/airflow/dags/pipeline_dag.py                           1           0  0.21s           2026-04-28T17:17:54
================================================================================
[2026-04-28T17:18:24.599+0000] {manager.py:879} INFO - 
================================================================================
DAG File Processing Stats

File Path                          PID    Runtime      # DAGs    # Errors  Last Runtime    Last Run
---------------------------------  -----  ---------  --------  ----------  --------------  -------------------
/opt/airflow/dags/pipeline_dag.py                           1           0  0.21s           2026-04-28T17:18:24
================================================================================
[2026-04-28T17:18:55.186+0000] {manager.py:879} INFO - 
================================================================================
DAG File Processing Stats

File Path                          PID    Runtime      # DAGs    # Errors  Last Runtime    Last Run
---------------------------------  -----  ---------  --------  ----------  --------------  -------------------
/opt/airflow/dags/pipeline_dag.py                           1           0  0.21s           2026-04-28T17:18:55
================================================================================
[2026-04-28T17:19:25.785+0000] {manager.py:879} INFO - 
================================================================================
DAG File Processing Stats

File Path                          PID    Runtime      # DAGs    # Errors  Last Runtime    Last Run
---------------------------------  -----  ---------  --------  ----------  --------------  -------------------
/opt/airflow/dags/pipeline_dag.py                           1           0  0.21s           2026-04-28T17:19:25
================================================================================
[2026-04-28T17:19:56.165+0000] {manager.py:879} INFO - 
================================================================================
DAG File Processing Stats

File Path                          PID    Runtime      # DAGs    # Errors  Last Runtime    Last Run
---------------------------------  -----  ---------  --------  ----------  --------------  -------------------
/opt/airflow/dags/pipeline_dag.py                           1           0  0.21s           2026-04-28T17:19:56
================================================================================
[2026-04-28T17:20:25.098+0000] {manager.py:738} INFO - Searching for files in /opt/airflow/dags
[2026-04-28T17:20:25.105+0000] {manager.py:741} INFO - There are 1 files in /opt/airflow/dags
[2026-04-28T17:20:26.395+0000] {manager.py:879} INFO - 
================================================================================
DAG File Processing Stats

File Path                          PID    Runtime      # DAGs    # Errors  Last Runtime    Last Run
---------------------------------  -----  ---------  --------  ----------  --------------  -------------------
/opt/airflow/dags/pipeline_dag.py                           1           0  0.21s           2026-04-28T17:20:26
================================================================================
[2026-04-28T17:20:57.167+0000] {manager.py:879} INFO - 
================================================================================
DAG File Processing Stats

File Path                          PID    Runtime      # DAGs    # Errors  Last Runtime    Last Run
---------------------------------  -----  ---------  --------  ----------  --------------  -------------------
/opt/airflow/dags/pipeline_dag.py                           1           0  0.21s           2026-04-28T17:20:57
================================================================================
[2026-04-28T17:21:27.712+0000] {manager.py:879} INFO - 
================================================================================
DAG File Processing Stats

File Path                          PID    Runtime      # DAGs    # Errors  Last Runtime    Last Run
---------------------------------  -----  ---------  --------  ----------  --------------  -------------------
/opt/airflow/dags/pipeline_dag.py                           1           0  0.21s           2026-04-28T17:21:27
================================================================================
[2026-04-28T17:21:58.309+0000] {manager.py:879} INFO - 
================================================================================
DAG File Processing Stats

File Path                          PID    Runtime      # DAGs    # Errors  Last Runtime    Last Run
---------------------------------  -----  ---------  --------  ----------  --------------  -------------------
/opt/airflow/dags/pipeline_dag.py                           1           0  0.21s           2026-04-28T17:21:58
================================================================================
[2026-04-28T17:22:28.925+0000] {manager.py:879} INFO - 
================================================================================
DAG File Processing Stats

File Path                          PID    Runtime      # DAGs    # Errors  Last Runtime    Last Run
---------------------------------  -----  ---------  --------  ----------  --------------  -------------------
/opt/airflow/dags/pipeline_dag.py                           1           0  0.21s           2026-04-28T17:22:28
================================================================================
[2026-04-28T17:22:59.184+0000] {manager.py:879} INFO - 
================================================================================
DAG File Processing Stats

File Path                          PID    Runtime      # DAGs    # Errors  Last Runtime    Last Run
---------------------------------  -----  ---------  --------  ----------  --------------  -------------------
/opt/airflow/dags/pipeline_dag.py                           1           0  0.21s           2026-04-28T17:22:59
================================================================================
[2026-04-28T17:23:29.904+0000] {manager.py:879} INFO - 
================================================================================
DAG File Processing Stats

File Path                          PID    Runtime      # DAGs    # Errors  Last Runtime    Last Run
---------------------------------  -----  ---------  --------  ----------  --------------  -------------------
/opt/airflow/dags/pipeline_dag.py                           1           0  0.22s           2026-04-28T17:23:29
================================================================================
[2026-04-28T17:24:00.494+0000] {manager.py:879} INFO - 
================================================================================
DAG File Processing Stats

File Path                          PID    Runtime      # DAGs    # Errors  Last Runtime    Last Run
---------------------------------  -----  ---------  --------  ----------  --------------  -------------------
/opt/airflow/dags/pipeline_dag.py                           1           0  0.21s           2026-04-28T17:24:00
================================================================================
[2026-04-28T17:24:31.113+0000] {manager.py:879} INFO - 
================================================================================
DAG File Processing Stats

File Path                          PID    Runtime      # DAGs    # Errors  Last Runtime    Last Run
---------------------------------  -----  ---------  --------  ----------  --------------  -------------------
/opt/airflow/dags/pipeline_dag.py                           1           0  0.22s           2026-04-28T17:24:31
================================================================================
[2026-04-28T17:25:01.722+0000] {manager.py:879} INFO - 
================================================================================
DAG File Processing Stats

File Path                          PID    Runtime      # DAGs    # Errors  Last Runtime    Last Run
---------------------------------  -----  ---------  --------  ----------  --------------  -------------------
/opt/airflow/dags/pipeline_dag.py                           1           0  0.21s           2026-04-28T17:25:01
================================================================================
[2026-04-28T17:25:25.627+0000] {manager.py:738} INFO - Searching for files in /opt/airflow/dags
[2026-04-28T17:25:25.633+0000] {manager.py:741} INFO - There are 1 files in /opt/airflow/dags
[2026-04-28T17:25:32.319+0000] {manager.py:879} INFO - 
================================================================================
DAG File Processing Stats

File Path                          PID    Runtime      # DAGs    # Errors  Last Runtime    Last Run
---------------------------------  -----  ---------  --------  ----------  --------------  -------------------
/opt/airflow/dags/pipeline_dag.py                           1           0  0.21s           2026-04-28T17:25:32
================================================================================
[2026-04-28T17:26:02.931+0000] {manager.py:879} INFO - 
================================================================================
DAG File Processing Stats

File Path                          PID    Runtime      # DAGs    # Errors  Last Runtime    Last Run
---------------------------------  -----  ---------  --------  ----------  --------------  -------------------
/opt/airflow/dags/pipeline_dag.py                           1           0  0.21s           2026-04-28T17:26:02
================================================================================
[2026-04-28T17:26:33.438+0000] {manager.py:879} INFO - 
================================================================================
DAG File Processing Stats

File Path                          PID    Runtime      # DAGs    # Errors  Last Runtime    Last Run
---------------------------------  -----  ---------  --------  ----------  --------------  -------------------
/opt/airflow/dags/pipeline_dag.py                           1           0  0.21s           2026-04-28T17:26:33
================================================================================
[2026-04-28T17:27:04.086+0000] {manager.py:879} INFO - 
================================================================================
DAG File Processing Stats

File Path                          PID    Runtime      # DAGs    # Errors  Last Runtime    Last Run
---------------------------------  -----  ---------  --------  ----------  --------------  -------------------
/opt/airflow/dags/pipeline_dag.py                           1           0  0.22s           2026-04-28T17:27:04
================================================================================
[2026-04-28T17:27:34.679+0000] {manager.py:879} INFO - 
================================================================================
DAG File Processing Stats

File Path                          PID    Runtime      # DAGs    # Errors  Last Runtime    Last Run
---------------------------------  -----  ---------  --------  ----------  --------------  -------------------
/opt/airflow/dags/pipeline_dag.py                           1           0  0.21s           2026-04-28T17:27:34
================================================================================
[2026-04-28T17:28:05.006+0000] {manager.py:879} INFO - 
================================================================================
DAG File Processing Stats

File Path                          PID    Runtime      # DAGs    # Errors  Last Runtime    Last Run
---------------------------------  -----  ---------  --------  ----------  --------------  -------------------
/opt/airflow/dags/pipeline_dag.py                           1           0  0.21s           2026-04-28T17:28:05
================================================================================
[2026-04-28T17:28:35.609+0000] {manager.py:879} INFO - 
================================================================================
DAG File Processing Stats

File Path                          PID    Runtime      # DAGs    # Errors  Last Runtime    Last Run
---------------------------------  -----  ---------  --------  ----------  --------------  -------------------
/opt/airflow/dags/pipeline_dag.py                           1           0  0.21s           2026-04-28T17:28:35
================================================================================
[2026-04-28T17:29:06.212+0000] {manager.py:879} INFO - 
================================================================================
DAG File Processing Stats

File Path                          PID    Runtime      # DAGs    # Errors  Last Runtime    Last Run
---------------------------------  -----  ---------  --------  ----------  --------------  -------------------
/opt/airflow/dags/pipeline_dag.py                           1           0  0.21s           2026-04-28T17:29:06
================================================================================
[2026-04-28T17:29:36.828+0000] {manager.py:879} INFO - 
================================================================================
DAG File Processing Stats

File Path                          PID    Runtime      # DAGs    # Errors  Last Runtime    Last Run
---------------------------------  -----  ---------  --------  ----------  --------------  -------------------
/opt/airflow/dags/pipeline_dag.py                           1           0  0.23s           2026-04-28T17:29:36
================================================================================
[2026-04-28T17:30:07.433+0000] {manager.py:879} INFO - 
================================================================================
DAG File Processing Stats

File Path                          PID    Runtime      # DAGs    # Errors  Last Runtime    Last Run
---------------------------------  -----  ---------  --------  ----------  --------------  -------------------
/opt/airflow/dags/pipeline_dag.py                           1           0  0.21s           2026-04-28T17:30:07
================================================================================
[2026-04-28T17:30:25.727+0000] {manager.py:738} INFO - Searching for files in /opt/airflow/dags
[2026-04-28T17:30:25.733+0000] {manager.py:741} INFO - There are 1 files in /opt/airflow/dags
[2026-04-28T17:30:38.035+0000] {manager.py:879} INFO - 
================================================================================
DAG File Processing Stats

File Path                          PID    Runtime      # DAGs    # Errors  Last Runtime    Last Run
---------------------------------  -----  ---------  --------  ----------  --------------  -------------------
/opt/airflow/dags/pipeline_dag.py                           1           0  0.21s           2026-04-28T17:30:38
================================================================================
[2026-04-28T17:31:08.703+0000] {manager.py:879} INFO - 
================================================================================
DAG File Processing Stats

File Path                          PID    Runtime      # DAGs    # Errors  Last Runtime    Last Run
---------------------------------  -----  ---------  --------  ----------  --------------  -------------------
/opt/airflow/dags/pipeline_dag.py                           1           0  0.22s           2026-04-28T17:31:08
================================================================================
[2026-04-28T17:31:39.311+0000] {manager.py:879} INFO - 
================================================================================
DAG File Processing Stats

File Path                          PID    Runtime      # DAGs    # Errors  Last Runtime    Last Run
---------------------------------  -----  ---------  --------  ----------  --------------  -------------------
/opt/airflow/dags/pipeline_dag.py                           1           0  0.21s           2026-04-28T17:31:39
================================================================================
[2026-04-28T17:32:09.899+0000] {manager.py:879} INFO - 
================================================================================
DAG File Processing Stats

File Path                          PID    Runtime      # DAGs    # Errors  Last Runtime    Last Run
---------------------------------  -----  ---------  --------  ----------  --------------  -------------------
/opt/airflow/dags/pipeline_dag.py                           1           0  0.21s           2026-04-28T17:32:09
================================================================================
[2026-04-28T17:32:40.490+0000] {manager.py:879} INFO - 
================================================================================
DAG File Processing Stats

File Path                          PID    Runtime      # DAGs    # Errors  Last Runtime    Last Run
---------------------------------  -----  ---------  --------  ----------  --------------  -------------------
/opt/airflow/dags/pipeline_dag.py                           1           0  0.21s           2026-04-28T17:32:40
================================================================================
[2026-04-28T17:33:11.106+0000] {manager.py:879} INFO - 
================================================================================
DAG File Processing Stats

File Path                          PID    Runtime      # DAGs    # Errors  Last Runtime    Last Run
---------------------------------  -----  ---------  --------  ----------  --------------  -------------------
/opt/airflow/dags/pipeline_dag.py                           1           0  0.21s           2026-04-28T17:33:11
================================================================================
[2026-04-28T17:33:41.571+0000] {manager.py:879} INFO - 
================================================================================
DAG File Processing Stats

File Path                          PID    Runtime      # DAGs    # Errors  Last Runtime    Last Run
---------------------------------  -----  ---------  --------  ----------  --------------  -------------------
/opt/airflow/dags/pipeline_dag.py                           1           0  0.21s           2026-04-28T17:33:41
================================================================================
[2026-04-28T17:34:11.927+0000] {manager.py:879} INFO - 
================================================================================
DAG File Processing Stats

File Path                          PID    Runtime      # DAGs    # Errors  Last Runtime    Last Run
---------------------------------  -----  ---------  --------  ----------  --------------  -------------------
/opt/airflow/dags/pipeline_dag.py                           1           0  0.21s           2026-04-28T17:34:11
================================================================================
[2026-04-28T17:34:42.249+0000] {manager.py:879} INFO - 
================================================================================
DAG File Processing Stats

File Path                          PID    Runtime      # DAGs    # Errors  Last Runtime    Last Run
---------------------------------  -----  ---------  --------  ----------  --------------  -------------------
/opt/airflow/dags/pipeline_dag.py                           1           0  0.21s           2026-04-28T17:34:42
================================================================================
[2026-04-28T17:35:12.589+0000] {manager.py:879} INFO - 
================================================================================
DAG File Processing Stats

File Path                          PID    Runtime      # DAGs    # Errors  Last Runtime    Last Run
---------------------------------  -----  ---------  --------  ----------  --------------  -------------------
/opt/airflow/dags/pipeline_dag.py                           1           0  0.23s           2026-04-28T17:35:12
================================================================================
[2026-04-28T17:35:26.560+0000] {manager.py:738} INFO - Searching for files in /opt/airflow/dags
[2026-04-28T17:35:26.566+0000] {manager.py:741} INFO - There are 1 files in /opt/airflow/dags
[2026-04-28T17:35:42.896+0000] {manager.py:879} INFO - 
================================================================================
DAG File Processing Stats

File Path                          PID    Runtime      # DAGs    # Errors  Last Runtime    Last Run
---------------------------------  -----  ---------  --------  ----------  --------------  -------------------
/opt/airflow/dags/pipeline_dag.py                           1           0  0.21s           2026-04-28T17:35:42
================================================================================
[2026-04-28T17:36:13.227+0000] {manager.py:879} INFO - 
================================================================================
DAG File Processing Stats

File Path                          PID    Runtime      # DAGs    # Errors  Last Runtime    Last Run
---------------------------------  -----  ---------  --------  ----------  --------------  -------------------
/opt/airflow/dags/pipeline_dag.py                           1           0  0.22s           2026-04-28T17:36:13
================================================================================
[2026-04-28T17:36:43.550+0000] {manager.py:879} INFO - 
================================================================================
DAG File Processing Stats

File Path                          PID    Runtime      # DAGs    # Errors  Last Runtime    Last Run
---------------------------------  -----  ---------  --------  ----------  --------------  -------------------
/opt/airflow/dags/pipeline_dag.py                           1           0  0.21s           2026-04-28T17:36:43
================================================================================
[2026-04-28T17:37:13.854+0000] {manager.py:879} INFO - 
================================================================================
DAG File Processing Stats

File Path                          PID    Runtime      # DAGs    # Errors  Last Runtime    Last Run
---------------------------------  -----  ---------  --------  ----------  --------------  -------------------
/opt/airflow/dags/pipeline_dag.py                           1           0  0.21s           2026-04-28T17:37:13
================================================================================
[2026-04-28T17:37:44.177+0000] {manager.py:879} INFO - 
================================================================================
DAG File Processing Stats

File Path                          PID    Runtime      # DAGs    # Errors  Last Runtime    Last Run
---------------------------------  -----  ---------  --------  ----------  --------------  -------------------
/opt/airflow/dags/pipeline_dag.py                           1           0  0.21s           2026-04-28T17:37:44
================================================================================
[2026-04-28T17:38:14.498+0000] {manager.py:879} INFO - 
================================================================================
DAG File Processing Stats

File Path                          PID    Runtime      # DAGs    # Errors  Last Runtime    Last Run
---------------------------------  -----  ---------  --------  ----------  --------------  -------------------
/opt/airflow/dags/pipeline_dag.py                           1           0  0.21s           2026-04-28T17:38:14
================================================================================
[2026-04-28T17:38:44.813+0000] {manager.py:879} INFO - 
================================================================================
DAG File Processing Stats

File Path                          PID    Runtime      # DAGs    # Errors  Last Runtime    Last Run
---------------------------------  -----  ---------  --------  ----------  --------------  -------------------
/opt/airflow/dags/pipeline_dag.py                           1           0  0.21s           2026-04-28T17:38:44
================================================================================
[2026-04-28T17:39:15.139+0000] {manager.py:879} INFO - 
================================================================================
DAG File Processing Stats

File Path                          PID    Runtime      # DAGs    # Errors  Last Runtime    Last Run
---------------------------------  -----  ---------  --------  ----------  --------------  -------------------
/opt/airflow/dags/pipeline_dag.py                           1           0  0.21s           2026-04-28T17:39:15
================================================================================
[2026-04-28T17:39:45.467+0000] {manager.py:879} INFO - 
================================================================================
DAG File Processing Stats

File Path                          PID    Runtime      # DAGs    # Errors  Last Runtime    Last Run
---------------------------------  -----  ---------  --------  ----------  --------------  -------------------
/opt/airflow/dags/pipeline_dag.py                           1           0  0.21s           2026-04-28T17:39:45
================================================================================
[2026-04-28T17:40:15.350+0000] {manager.py:879} INFO - 
================================================================================
DAG File Processing Stats

File Path                          PID    Runtime      # DAGs    # Errors  Last Runtime    Last Run
---------------------------------  -----  ---------  --------  ----------  --------------  -------------------
/opt/airflow/dags/pipeline_dag.py                           1           0  0.21s           2026-04-28T17:39:45
================================================================================
[2026-04-28T17:50:44.242+0000] {manager.py:738} INFO - Searching for files in /opt/airflow/dags
[2026-04-28T17:50:44.305+0000] {manager.py:741} INFO - There are 1 files in /opt/airflow/dags
[2026-04-28T17:50:45.224+0000] {manager.py:879} INFO - 
================================================================================
DAG File Processing Stats

File Path                          PID    Runtime      # DAGs    # Errors  Last Runtime    Last Run
---------------------------------  -----  ---------  --------  ----------  --------------  -------------------
/opt/airflow/dags/pipeline_dag.py                           1           0  0.73s           2026-04-28T17:50:45
================================================================================
[2026-04-28T17:51:16.347+0000] {manager.py:879} INFO - 
================================================================================
DAG File Processing Stats

File Path                          PID    Runtime      # DAGs    # Errors  Last Runtime    Last Run
---------------------------------  -----  ---------  --------  ----------  --------------  -------------------
/opt/airflow/dags/pipeline_dag.py                           1           0  0.32s           2026-04-28T17:51:16
================================================================================
[2026-04-28T17:51:46.735+0000] {manager.py:879} INFO - 
================================================================================
DAG File Processing Stats

File Path                          PID    Runtime      # DAGs    # Errors  Last Runtime    Last Run
---------------------------------  -----  ---------  --------  ----------  --------------  -------------------
/opt/airflow/dags/pipeline_dag.py                           1           0  0.22s           2026-04-28T17:51:46
================================================================================
[2026-04-28T17:52:17.053+0000] {manager.py:879} INFO - 
================================================================================
DAG File Processing Stats

File Path                          PID    Runtime      # DAGs    # Errors  Last Runtime    Last Run
---------------------------------  -----  ---------  --------  ----------  --------------  -------------------
/opt/airflow/dags/pipeline_dag.py                           1           0  0.21s           2026-04-28T17:52:17
================================================================================
[2026-04-28T17:52:47.397+0000] {manager.py:879} INFO - 
================================================================================
DAG File Processing Stats

File Path                          PID    Runtime      # DAGs    # Errors  Last Runtime    Last Run
---------------------------------  -----  ---------  --------  ----------  --------------  -------------------
/opt/airflow/dags/pipeline_dag.py                           1           0  0.21s           2026-04-28T17:52:47
================================================================================
[2026-04-28T17:53:17.761+0000] {manager.py:879} INFO - 
================================================================================
DAG File Processing Stats

File Path                          PID    Runtime      # DAGs    # Errors  Last Runtime    Last Run
---------------------------------  -----  ---------  --------  ----------  --------------  -------------------
/opt/airflow/dags/pipeline_dag.py                           1           0  0.23s           2026-04-28T17:53:17
================================================================================
[2026-04-28T17:53:48.092+0000] {manager.py:879} INFO - 
================================================================================
DAG File Processing Stats

File Path                          PID    Runtime      # DAGs    # Errors  Last Runtime    Last Run
---------------------------------  -----  ---------  --------  ----------  --------------  -------------------
/opt/airflow/dags/pipeline_dag.py                           1           0  0.22s           2026-04-28T17:53:48
================================================================================
[2026-04-28T17:54:18.410+0000] {manager.py:879} INFO - 
================================================================================
DAG File Processing Stats

File Path                          PID    Runtime      # DAGs    # Errors  Last Runtime    Last Run
---------------------------------  -----  ---------  --------  ----------  --------------  -------------------
/opt/airflow/dags/pipeline_dag.py                           1           0  0.21s           2026-04-28T17:54:18
================================================================================
[2026-04-28T17:54:48.767+0000] {manager.py:879} INFO - 
================================================================================
DAG File Processing Stats

File Path                          PID    Runtime      # DAGs    # Errors  Last Runtime    Last Run
---------------------------------  -----  ---------  --------  ----------  --------------  -------------------
/opt/airflow/dags/pipeline_dag.py                           1           0  0.22s           2026-04-28T17:54:48
================================================================================
[2026-04-28T17:55:19.091+0000] {manager.py:879} INFO - 
================================================================================
DAG File Processing Stats

File Path                          PID    Runtime      # DAGs    # Errors  Last Runtime    Last Run
---------------------------------  -----  ---------  --------  ----------  --------------  -------------------
/opt/airflow/dags/pipeline_dag.py                           1           0  0.22s           2026-04-28T17:55:19
================================================================================
[2026-04-28T17:55:44.483+0000] {manager.py:738} INFO - Searching for files in /opt/airflow/dags
[2026-04-28T17:55:44.495+0000] {manager.py:741} INFO - There are 1 files in /opt/airflow/dags
[2026-04-28T17:55:49.425+0000] {manager.py:879} INFO - 
================================================================================
DAG File Processing Stats

File Path                          PID    Runtime      # DAGs    # Errors  Last Runtime    Last Run
---------------------------------  -----  ---------  --------  ----------  --------------  -------------------
/opt/airflow/dags/pipeline_dag.py                           1           0  0.22s           2026-04-28T17:55:49
================================================================================
[2026-04-28T17:56:19.749+0000] {manager.py:879} INFO - 
================================================================================
DAG File Processing Stats

File Path                          PID    Runtime      # DAGs    # Errors  Last Runtime    Last Run
---------------------------------  -----  ---------  --------  ----------  --------------  -------------------
/opt/airflow/dags/pipeline_dag.py                           1           0  0.22s           2026-04-28T17:56:19
================================================================================
[2026-04-28T17:56:50.062+0000] {manager.py:879} INFO - 
================================================================================
DAG File Processing Stats

File Path                          PID    Runtime      # DAGs    # Errors  Last Runtime    Last Run
---------------------------------  -----  ---------  --------  ----------  --------------  -------------------
/opt/airflow/dags/pipeline_dag.py                           1           0  0.21s           2026-04-28T17:56:50
================================================================================
[2026-04-28T17:57:20.381+0000] {manager.py:879} INFO - 
================================================================================
DAG File Processing Stats

File Path                          PID    Runtime      # DAGs    # Errors  Last Runtime    Last Run
---------------------------------  -----  ---------  --------  ----------  --------------  -------------------
/opt/airflow/dags/pipeline_dag.py                           1           0  0.21s           2026-04-28T17:57:20
================================================================================
[2026-04-28T17:57:50.702+0000] {manager.py:879} INFO - 
================================================================================
DAG File Processing Stats

File Path                          PID    Runtime      # DAGs    # Errors  Last Runtime    Last Run
---------------------------------  -----  ---------  --------  ----------  --------------  -------------------
/opt/airflow/dags/pipeline_dag.py                           1           0  0.21s           2026-04-28T17:57:50
================================================================================
[2026-04-28T17:58:21.015+0000] {manager.py:879} INFO - 
================================================================================
DAG File Processing Stats

File Path                          PID    Runtime      # DAGs    # Errors  Last Runtime    Last Run
---------------------------------  -----  ---------  --------  ----------  --------------  -------------------
/opt/airflow/dags/pipeline_dag.py                           1           0  0.21s           2026-04-28T17:58:21
================================================================================
[2026-04-28T17:58:51.341+0000] {manager.py:879} INFO - 
================================================================================
DAG File Processing Stats

File Path                          PID    Runtime      # DAGs    # Errors  Last Runtime    Last Run
---------------------------------  -----  ---------  --------  ----------  --------------  -------------------
/opt/airflow/dags/pipeline_dag.py                           1           0  0.21s           2026-04-28T17:58:51
================================================================================
[2026-04-28T17:59:21.671+0000] {manager.py:879} INFO - 
================================================================================
DAG File Processing Stats

File Path                          PID    Runtime      # DAGs    # Errors  Last Runtime    Last Run
---------------------------------  -----  ---------  --------  ----------  --------------  -------------------
/opt/airflow/dags/pipeline_dag.py                           1           0  0.22s           2026-04-28T17:59:21
================================================================================
[2026-04-28T17:59:51.988+0000] {manager.py:879} INFO - 
================================================================================
DAG File Processing Stats

File Path                          PID    Runtime      # DAGs    # Errors  Last Runtime    Last Run
---------------------------------  -----  ---------  --------  ----------  --------------  -------------------
/opt/airflow/dags/pipeline_dag.py                           1           0  0.21s           2026-04-28T17:59:51
================================================================================
[2026-04-28T18:00:22.314+0000] {manager.py:879} INFO - 
================================================================================
DAG File Processing Stats

File Path                          PID    Runtime      # DAGs    # Errors  Last Runtime    Last Run
---------------------------------  -----  ---------  --------  ----------  --------------  -------------------
/opt/airflow/dags/pipeline_dag.py                           1           0  0.22s           2026-04-28T18:00:22
================================================================================
[2026-04-28T18:00:44.996+0000] {manager.py:738} INFO - Searching for files in /opt/airflow/dags
[2026-04-28T18:00:45.003+0000] {manager.py:741} INFO - There are 1 files in /opt/airflow/dags
[2026-04-28T18:00:52.633+0000] {manager.py:879} INFO - 
================================================================================
DAG File Processing Stats

File Path                          PID    Runtime      # DAGs    # Errors  Last Runtime    Last Run
---------------------------------  -----  ---------  --------  ----------  --------------  -------------------
/opt/airflow/dags/pipeline_dag.py                           1           0  0.21s           2026-04-28T18:00:52
================================================================================
[2026-04-28T18:01:22.946+0000] {manager.py:879} INFO - 
================================================================================
DAG File Processing Stats

File Path                          PID    Runtime      # DAGs    # Errors  Last Runtime    Last Run
---------------------------------  -----  ---------  --------  ----------  --------------  -------------------
/opt/airflow/dags/pipeline_dag.py                           1           0  0.21s           2026-04-28T18:01:22
================================================================================
[2026-04-28T18:01:53.261+0000] {manager.py:879} INFO - 
================================================================================
DAG File Processing Stats

File Path                          PID    Runtime      # DAGs    # Errors  Last Runtime    Last Run
---------------------------------  -----  ---------  --------  ----------  --------------  -------------------
/opt/airflow/dags/pipeline_dag.py                           1           0  0.21s           2026-04-28T18:01:53
================================================================================
[2026-04-28T18:02:23.482+0000] {manager.py:879} INFO - 
================================================================================
DAG File Processing Stats

File Path                          PID    Runtime      # DAGs    # Errors  Last Runtime    Last Run
---------------------------------  -----  ---------  --------  ----------  --------------  -------------------
/opt/airflow/dags/pipeline_dag.py                           1           0  0.21s           2026-04-28T18:02:23
================================================================================
[2026-04-28T18:02:53.801+0000] {manager.py:879} INFO - 
================================================================================
DAG File Processing Stats

File Path                          PID    Runtime      # DAGs    # Errors  Last Runtime    Last Run
---------------------------------  -----  ---------  --------  ----------  --------------  -------------------
/opt/airflow/dags/pipeline_dag.py                           1           0  0.21s           2026-04-28T18:02:53
================================================================================
[2026-04-28T18:03:24.093+0000] {manager.py:879} INFO - 
================================================================================
DAG File Processing Stats

File Path                          PID    Runtime      # DAGs    # Errors  Last Runtime    Last Run
---------------------------------  -----  ---------  --------  ----------  --------------  -------------------
/opt/airflow/dags/pipeline_dag.py                           1           0  0.21s           2026-04-28T18:03:24
================================================================================
[2026-04-28T18:03:54.637+0000] {manager.py:879} INFO - 
================================================================================
DAG File Processing Stats

File Path                          PID    Runtime      # DAGs    # Errors  Last Runtime    Last Run
---------------------------------  -----  ---------  --------  ----------  --------------  -------------------
/opt/airflow/dags/pipeline_dag.py                           1           0  0.41s           2026-04-28T18:03:54
================================================================================
[2026-04-28T18:04:24.951+0000] {manager.py:879} INFO - 
================================================================================
DAG File Processing Stats

File Path                          PID    Runtime      # DAGs    # Errors  Last Runtime    Last Run
---------------------------------  -----  ---------  --------  ----------  --------------  -------------------
/opt/airflow/dags/pipeline_dag.py                           1           0  0.21s           2026-04-28T18:04:24
================================================================================
[2026-04-28T18:04:55.267+0000] {manager.py:879} INFO - 
================================================================================
DAG File Processing Stats

File Path                          PID    Runtime      # DAGs    # Errors  Last Runtime    Last Run
---------------------------------  -----  ---------  --------  ----------  --------------  -------------------
/opt/airflow/dags/pipeline_dag.py                           1           0  0.21s           2026-04-28T18:04:55
================================================================================
[2026-04-28T18:05:25.580+0000] {manager.py:879} INFO - 
================================================================================
DAG File Processing Stats

File Path                          PID    Runtime      # DAGs    # Errors  Last Runtime    Last Run
---------------------------------  -----  ---------  --------  ----------  --------------  -------------------
/opt/airflow/dags/pipeline_dag.py                           1           0  0.21s           2026-04-28T18:05:25
================================================================================
[2026-04-28T18:05:45.690+0000] {manager.py:738} INFO - Searching for files in /opt/airflow/dags
[2026-04-28T18:05:45.698+0000] {manager.py:741} INFO - There are 1 files in /opt/airflow/dags
[2026-04-28T18:05:55.897+0000] {manager.py:879} INFO - 
================================================================================
DAG File Processing Stats

File Path                          PID    Runtime      # DAGs    # Errors  Last Runtime    Last Run
---------------------------------  -----  ---------  --------  ----------  --------------  -------------------
/opt/airflow/dags/pipeline_dag.py                           1           0  0.21s           2026-04-28T18:05:55
================================================================================
[2026-04-28T18:06:26.227+0000] {manager.py:879} INFO - 
================================================================================
DAG File Processing Stats

File Path                          PID    Runtime      # DAGs    # Errors  Last Runtime    Last Run
---------------------------------  -----  ---------  --------  ----------  --------------  -------------------
/opt/airflow/dags/pipeline_dag.py                           1           0  0.21s           2026-04-28T18:06:26
================================================================================
[2026-04-28T18:06:56.556+0000] {manager.py:879} INFO - 
================================================================================
DAG File Processing Stats

File Path                          PID    Runtime      # DAGs    # Errors  Last Runtime    Last Run
---------------------------------  -----  ---------  --------  ----------  --------------  -------------------
/opt/airflow/dags/pipeline_dag.py                           1           0  0.21s           2026-04-28T18:06:56
================================================================================
[2026-04-28T18:07:26.873+0000] {manager.py:879} INFO - 
================================================================================
DAG File Processing Stats

File Path                          PID    Runtime      # DAGs    # Errors  Last Runtime    Last Run
---------------------------------  -----  ---------  --------  ----------  --------------  -------------------
/opt/airflow/dags/pipeline_dag.py                           1           0  0.21s           2026-04-28T18:07:26
================================================================================
[2026-04-28T18:07:57.194+0000] {manager.py:879} INFO - 
================================================================================
DAG File Processing Stats

File Path                          PID    Runtime      # DAGs    # Errors  Last Runtime    Last Run
---------------------------------  -----  ---------  --------  ----------  --------------  -------------------
/opt/airflow/dags/pipeline_dag.py                           1           0  0.21s           2026-04-28T18:07:57
================================================================================
[2026-04-28T18:08:27.513+0000] {manager.py:879} INFO - 
================================================================================
DAG File Processing Stats

File Path                          PID    Runtime      # DAGs    # Errors  Last Runtime    Last Run
---------------------------------  -----  ---------  --------  ----------  --------------  -------------------
/opt/airflow/dags/pipeline_dag.py                           1           0  0.21s           2026-04-28T18:08:27
================================================================================
[2026-04-28T18:08:57.825+0000] {manager.py:879} INFO - 
================================================================================
DAG File Processing Stats

File Path                          PID    Runtime      # DAGs    # Errors  Last Runtime    Last Run
---------------------------------  -----  ---------  --------  ----------  --------------  -------------------
/opt/airflow/dags/pipeline_dag.py                           1           0  0.21s           2026-04-28T18:08:57
================================================================================
[2026-04-28T18:09:28.148+0000] {manager.py:879} INFO - 
================================================================================
DAG File Processing Stats

File Path                          PID    Runtime      # DAGs    # Errors  Last Runtime    Last Run
---------------------------------  -----  ---------  --------  ----------  --------------  -------------------
/opt/airflow/dags/pipeline_dag.py                           1           0  0.22s           2026-04-28T18:09:28
================================================================================
[2026-04-28T18:09:58.458+0000] {manager.py:879} INFO - 
================================================================================
DAG File Processing Stats

File Path                          PID    Runtime      # DAGs    # Errors  Last Runtime    Last Run
---------------------------------  -----  ---------  --------  ----------  --------------  -------------------
/opt/airflow/dags/pipeline_dag.py                           1           0  0.21s           2026-04-28T18:09:58
================================================================================
[2026-04-28T18:10:28.839+0000] {manager.py:879} INFO - 
================================================================================
DAG File Processing Stats

File Path                          PID    Runtime      # DAGs    # Errors  Last Runtime    Last Run
---------------------------------  -----  ---------  --------  ----------  --------------  -------------------
/opt/airflow/dags/pipeline_dag.py                           1           0  0.21s           2026-04-28T18:10:28
================================================================================
[2026-04-28T18:10:46.035+0000] {manager.py:738} INFO - Searching for files in /opt/airflow/dags
[2026-04-28T18:10:46.041+0000] {manager.py:741} INFO - There are 1 files in /opt/airflow/dags
[2026-04-28T18:10:59.187+0000] {manager.py:879} INFO - 
================================================================================
DAG File Processing Stats

File Path                          PID    Runtime      # DAGs    # Errors  Last Runtime    Last Run
---------------------------------  -----  ---------  --------  ----------  --------------  -------------------
/opt/airflow/dags/pipeline_dag.py                           1           0  0.21s           2026-04-28T18:10:59
================================================================================
